卡片ID	章节	处置	正面	原核心答案	现核心答案	边界	图片	来源块
CELL01-001	01_绪论	保留核心答案；更新格式与来源	胡克观察软木时所谓的“细胞”，主要对应什么结构？	死去植物细胞留下的细胞壁围成的小室，并非完整活细胞。	死去植物细胞留下的细胞壁围成的小室，并非完整活细胞。			CN01-S01
CELL01-002	01_绪论	保留核心答案；更新格式与来源	列文虎克的观察比胡克的软木观察增加了哪类证据？	直接观察多种活细胞和微生物，拓宽了细胞存在范围。	直接观察多种活细胞和微生物，拓宽了细胞存在范围。			CN01-S01
CELL01-003	01_绪论	保留核心答案；更新格式与来源	施莱登和施万的工作共同支持了什么核心命题？	植物与动物具有共同的细胞基础，细胞是生物体结构的基本单位。	植物与动物具有共同的细胞基础，细胞是生物体结构的基本单位。			CN01-S01
CELL01-004	01_绪论	保留核心答案；更新格式与来源	“细胞来自已有细胞”怎样修正了早期细胞起源观？	用已有细胞的分裂解释新细胞形成，否定细胞普遍由无细胞物质自发形成。	用已有细胞的分裂解释新细胞形成，否定细胞普遍由无细胞物质自发形成。			CN01-S01
CELL01-005	01_绪论	保留核心答案；更新格式与来源	细胞学说为什么能统一动物学和植物学？	两类生物的宏观形态不同，却共享细胞这一基本结构与功能单位。	两类生物的宏观形态不同，却共享细胞这一基本结构与功能单位。			CN01-S01
CELL01-006	01_绪论	保留核心答案；更新格式与来源	细胞学说中“细胞是基本单位”是否意味着细胞彼此完全独立？	否。多细胞生物的细胞依赖相互作用和分工，基本单位不等于孤立单位。	否。多细胞生物的细胞依赖相互作用和分工，基本单位不等于孤立单位。			CN01-S01
CELL01-007	01_绪论	保留核心答案；更新格式与来源	经典细胞学和实验细胞学的主要研究方式有什么差别？	前者侧重观察描述结构；后者用干预和实验检验功能与机制。	前者侧重观察描述结构；后者用干预和实验检验功能与机制。			CN01-S01
CELL01-008	01_绪论	保留核心答案；更新格式与来源	细胞遗传学如何把遗传现象与细胞结构联系起来？	研究染色体及其他细胞组分的传递、变化与遗传性状的关系。	研究染色体及其他细胞组分的传递、变化与遗传性状的关系。			CN01-S01
CELL01-009	01_绪论	保留核心答案；更新格式与来源	细胞生理学与细胞化学各主要回答什么问题？	前者研究细胞功能和活动；后者研究成分及其空间分布与反应。	前者研究细胞功能和活动；后者研究成分及其空间分布与反应。			CN01-S01
CELL01-010	01_绪论	保留核心答案；更新格式与来源	电子显微镜为什么推动细胞学向细胞生物学发展？	揭示光镜难以分辨的膜和细胞器超微结构，使结构与功能研究深入亚细胞层次。	揭示光镜难以分辨的膜和细胞器超微结构，使结构与功能研究深入亚细胞层次。			CN01-S01
CELL01-011	01_绪论	保留核心答案；更新格式与来源	细胞生物学为什么需要把分子研究放回细胞背景？	分子的定位、相互作用和调控依赖细胞区室与整体状态，离体活性不能完整解释细胞行为。	分子的定位、相互作用和调控依赖细胞区室与整体状态，离体活性不能完整解释细胞行为。			CN01-S01
CELL01-012	01_绪论	保留核心答案；更新格式与来源	形态、细胞、分子三个研究层次怎样互相支持？	形态提供表型；细胞层次确定位置与过程；分子层次解释物质基础和作用机制。	形态提供表型；细胞层次确定位置与过程；分子层次解释物质基础和作用机制。			CN01-S01
CELL01-013	01_绪论	保留核心答案；更新格式与来源	组织培养技术对细胞功能研究有什么贡献？	使细胞在可控制条件下存活，便于直接观察、干预和重复实验。	使细胞在可控制条件下存活，便于直接观察、干预和重复实验。			CN01-S01
CELL01-014	01_绪论	保留核心答案；更新格式与来源	发现某蛋白与细胞迁移相关，怎样把描述推进为功能研究？	进行功能干预并测迁移，再用恢复该蛋白的救援实验检验因果与特异性。	进行功能干预并测迁移，再用恢复该蛋白的救援实验检验因果与特异性。			CN01-S01
CELL01-015	01_绪论	保留核心答案；更新格式与来源	细胞结构与功能研究为何应结合静态和动态观察？	静态显示空间组织，动态显示形成、转变与相互作用；单一快照无法确定过程顺序。	静态显示空间组织，动态显示形成、转变与相互作用；单一快照无法确定过程顺序。			CN01-S01
CELL01-016	01_绪论	保留核心答案；更新格式与来源	典型细菌在细胞类型分类中属于哪一类？	原核细胞，属于细菌域。	原核细胞，属于细菌域。			CN01-S02
CELL01-017	01_绪论	保留核心答案；更新格式与来源	识别典型细菌时最关键的结构或生物学特征是什么？	无核被膜包围的细胞核，遗传物质集中于拟核。	无核被膜包围的细胞核，遗传物质集中于拟核。		CNFIG0022	CN01-S02
CELL01-018	01_绪论	保留核心答案；更新格式与来源	蓝细菌在细胞类型分类中属于哪一类？	细菌域中的原核光合生物。	细菌域中的原核光合生物。			CN01-S02
CELL01-019	01_绪论	保留核心答案；更新格式与来源	识别蓝细菌时最关键的结构或生物学特征是什么？	进行产氧光合作用，但没有叶绿体。	进行产氧光合作用，但没有叶绿体。		CNFIG0011	CN01-S02
CELL01-020	01_绪论	保留核心答案；更新格式与来源	古菌在细胞类型分类中属于哪一类？	古菌域，具有原核式细胞组织。	古菌域，具有原核式细胞组织。			CN01-S02
CELL01-021	01_绪论	保留核心答案；更新格式与来源	识别古菌时最关键的结构或生物学特征是什么？	膜脂和遗传信息表达系统与典型细菌明显不同。	膜脂和遗传信息表达系统与典型细菌明显不同。			CN01-S02
CELL01-022	01_绪论	保留核心答案；更新格式与来源	动物细胞在细胞类型分类中属于哪一类？	真核细胞。	真核细胞。			CN01-S02
CELL01-023	01_绪论	保留核心答案；更新格式与来源	识别动物细胞时最关键的结构或生物学特征是什么？	有细胞核及膜性细胞器，通常无细胞壁与叶绿体。	有细胞核及膜性细胞器，通常无细胞壁与叶绿体。			CN01-S02
CELL01-024	01_绪论	保留核心答案；更新格式与来源	植物细胞在细胞类型分类中属于哪一类？	真核细胞。	真核细胞。			CN01-S02
CELL01-025	01_绪论	保留核心答案；更新格式与来源	识别植物细胞时最关键的结构或生物学特征是什么？	有细胞壁和质体；成熟细胞常有大液泡。	有细胞壁和质体；成熟细胞常有大液泡。		CNFIG0013	CN01-S02
CELL01-026	01_绪论	保留核心答案；更新格式与来源	真菌细胞在细胞类型分类中属于哪一类？	真核细胞。	真核细胞。			CN01-S02
CELL01-027	01_绪论	保留核心答案；更新格式与来源	识别真菌细胞时最关键的结构或生物学特征是什么？	有细胞核和细胞壁，异养，细胞壁主要成分与植物不同。	有细胞核和细胞壁，异养，细胞壁主要成分与植物不同。			CN01-S02
CELL01-028	01_绪论	保留核心答案；更新格式与来源	支原体在细胞类型分类中属于哪一类？	细菌域中的原核生物。	细菌域中的原核生物。			CN01-S02
CELL01-029	01_绪论	保留核心答案；更新格式与来源	识别支原体时最关键的结构或生物学特征是什么？	缺乏细胞壁，不能据无细胞壁将其归为动物细胞。	缺乏细胞壁，不能据无细胞壁将其归为动物细胞。			CN01-S02
CELL01-030	01_绪论	保留核心答案；更新格式与来源	酵母在细胞类型分类中属于哪一类？	单细胞真菌，属于真核生物。	单细胞真菌，属于真核生物。			CN01-S02
CELL01-031	01_绪论	保留核心答案；更新格式与来源	识别酵母时最关键的结构或生物学特征是什么？	具有细胞核和膜性细胞器，单细胞生活不等于原核。	具有细胞核和膜性细胞器，单细胞生活不等于原核。			CN01-S02
CELL01-032	01_绪论	保留核心答案；更新格式与来源	细菌质粒在细胞类型分类中属于哪一类？	细胞内的遗传元件，通常为染色体外DNA。	细胞内的遗传元件，通常为染色体外DNA。			CN01-S02
CELL01-033	01_绪论	保留核心答案；更新格式与来源	识别细菌质粒时最关键的结构或生物学特征是什么？	可自主复制并携带特定性状，不能独立完成细胞生命活动。	可自主复制并携带特定性状，不能独立完成细胞生命活动。			CN01-S02
CELL01-034	01_绪论	保留核心答案；更新格式与来源	病毒在细胞类型分类中属于哪一类？	依赖宿主细胞增殖的非细胞实体。	依赖宿主细胞增殖的非细胞实体。			CN01-S02
CELL01-035	01_绪论	保留核心答案；更新格式与来源	识别病毒时最关键的结构或生物学特征是什么？	基因组可为DNA或RNA，不具备完整独立代谢和翻译装置。	基因组可为DNA或RNA，不具备完整独立代谢和翻译装置。		CNFIG0046	CN01-S02
CELL01-036	01_绪论	保留核心答案；更新格式与来源	线粒体在细胞类型分类中属于哪一类？	真核细胞的膜性细胞器。	真核细胞的膜性细胞器。			CN01-S02
CELL01-037	01_绪论	保留核心答案；更新格式与来源	识别线粒体时最关键的结构或生物学特征是什么？	具自身遗传系统但高度依赖核编码蛋白，不能作为独立细胞看待。	具自身遗传系统但高度依赖核编码蛋白，不能作为独立细胞看待。			CN01-S02
CELL01-038	01_绪论	保留核心答案；更新格式与来源	叶绿体在细胞类型分类中属于哪一类？	植物及某些藻类的质体。	植物及某些藻类的质体。			CN01-S02
CELL01-039	01_绪论	保留核心答案；更新格式与来源	识别叶绿体时最关键的结构或生物学特征是什么？	具有双层包膜和类囊体，自身基因组不足以支持独立生活。	具有双层包膜和类囊体，自身基因组不足以支持独立生活。			CN01-S02
CELL01-040	01_绪论	保留核心答案；更新格式与来源	细胞共同的化学组成体现在哪些主要分子类别？	核酸、蛋白质、脂质和糖类，主要以碳骨架构建。	核酸、蛋白质、脂质和糖类，主要以碳骨架构建。			CN01-S02
CELL01-041	01_绪论	保留核心答案；更新格式与来源	细胞质膜作为边界为什么不能完全封闭？	细胞必须交换营养、代谢产物和信息，需在隔离与选择性交换之间维持平衡。	细胞必须交换营养、代谢产物和信息，需在隔离与选择性交换之间维持平衡。			CN01-S02
CELL01-042	01_绪论	保留核心答案；更新格式与来源	细胞共同遗传信息流程的基本方向是什么？	DNA储存并复制信息，转录为RNA，RNA通过翻译指导蛋白质合成。	DNA储存并复制信息，转录为RNA，RNA通过翻译指导蛋白质合成。		CNFIG0012	CN01-S02
CELL01-043	01_绪论	保留核心答案；更新格式与来源	“细胞均有DNA和核糖体”用于细胞比较时应保留什么条件？	指细胞生命系统的一般特征；成熟哺乳动物红细胞等高度特化细胞可丢失这些结构。	指细胞生命系统的一般特征；成熟哺乳动物红细胞等高度特化细胞可丢失这些结构。			CN01-S02
CELL01-044	01_绪论	保留核心答案；更新格式与来源	为什么细胞体积增大可能使物质交换受到限制？	体积随线尺度立方增大，表面积随平方增大，单位体积可用交换面积降低。	体积随线尺度立方增大，表面积随平方增大，单位体积可用交换面积降低。			CN01-S02
CELL01-045	01_绪论	保留核心答案；更新格式与来源	大型细胞可通过哪些结构或运输方式缓解交换限制？	增大膜表面褶皱或突起，并利用胞内主动运输与细胞质流动缩短有效运输限制。	增大膜表面褶皱或突起，并利用胞内主动运输与细胞质流动缩短有效运输限制。			CN01-S02
CELL01-046	01_绪论	保留核心答案；更新格式与来源	生物体较大是否必然意味着其同类细胞更大？	否。体型常主要取决于细胞数目，细胞大小还受类型与功能限制。	否。体型常主要取决于细胞数目，细胞大小还受类型与功能限制。		CNFIG0045	CN01-S02
CELL01-047	01_绪论	保留核心答案；更新格式与来源	多细胞生物的生长发育为何不能只用细胞数量增加解释？	还需要分化、迁移、形态变化和细胞死亡，才能形成有组织的结构。	还需要分化、迁移、形态变化和细胞死亡，才能形成有组织的结构。		CNFIG0117	CN01-S02
CELL01-048	01_绪论	保留核心答案；更新格式与来源	细胞同一性与多样性如何同时成立？	共享基本分子装置与生命过程，但结构、表达谱、代谢和功能可显著不同。	共享基本分子装置与生命过程，但结构、表达谱、代谢和功能可显著不同。			CN01-S02
CELL01-049	01_绪论	保留核心答案；更新格式与来源	原核细胞缺乏膜性细胞器，是否意味着内部毫无组织？	否。可有拟核、骨架样蛋白和功能性空间组织，缺膜分隔不等于随机混合。	否。可有拟核、骨架样蛋白和功能性空间组织，缺膜分隔不等于随机混合。			CN01-S02
CELL01-050	01_绪论	保留核心答案；更新格式与来源	典型细菌进行呼吸时，电子传递系统主要位于哪里？	细胞质膜；细菌没有线粒体。	细胞质膜；细菌没有线粒体。			CN01-S02
CELL01-051	01_绪论	保留核心答案；更新格式与来源	细菌细胞壁中肽聚糖的主要意义是什么？	提供机械强度并抵抗渗透压；须限定于有肽聚糖细胞壁的细菌。	提供机械强度并抵抗渗透压；须限定于有肽聚糖细胞壁的细菌。			CN01-S02
CELL01-052	01_绪论	保留核心答案；更新格式与来源	革兰阳性菌和阴性菌包被结构最重要的比较是什么？	阳性菌通常肽聚糖较厚；阴性菌有外膜且肽聚糖较薄。	阳性菌通常肽聚糖较厚；阴性菌有外膜且肽聚糖较薄。			CN01-S02
CELL01-053	01_绪论	保留核心答案；更新格式与来源	古菌膜脂与典型细菌膜脂的关键连接方式有何区别？	古菌常为异戊二烯链与甘油的醚键；细菌主要为脂肪酸与甘油的酯键。	古菌常为异戊二烯链与甘油的醚键；细菌主要为脂肪酸与甘油的酯键。		CNFIG0027	CN01-S02
CELL01-054	01_绪论	保留核心答案；更新格式与来源	为何不能把“古菌”与“只生活在极端环境”画等号？	古菌也广泛存在于非极端环境，极端生境不是分类的充分标准。	古菌也广泛存在于非极端环境，极端生境不是分类的充分标准。			CN01-S02
CELL01-055	01_绪论	事实或边界修订	蓝细菌异形胞的主要功能及其与环境的联系是什么？	在缺乏可利用氮源时承担固氮，并形成保护固氮酶免受氧影响的环境。	部分丝状蓝细菌在缺少可利用氮源时分化异形胞以固氮；厚壁、降低产氧光合作用等机制维持低氧微环境，保护对氧敏感的固氮酶。不能推广为所有蓝细菌都具有异形胞。		ENFIG0022,CNFIG0125,CNFIG0056	CN01-S02
CELL01-056	01_绪论	保留核心答案；更新格式与来源	真核细胞的区室化怎样提高功能组织能力？	把特定酶、底物和反应条件集中于不同区室，兼顾效率与互不干扰。	把特定酶、底物和反应条件集中于不同区室，兼顾效率与互不干扰。			CN01-S02
CELL01-057	01_绪论	保留核心答案；更新格式与来源	病毒为何需要宿主的核糖体？	病毒没有完整翻译系统，必须借宿主核糖体合成病毒蛋白。	病毒没有完整翻译系统，必须借宿主核糖体合成病毒蛋白。			CN01-S02
CELL01-058	01_绪论	保留核心答案；更新格式与来源	病毒感染中的吸附和进入为什么与宿主范围有关？	必须有相容的受体及进入条件；后续复制还受细胞内部因素限制。	必须有相容的受体及进入条件；后续复制还受细胞内部因素限制。		CNFIG0086	CN01-S02
CELL01-059	01_绪论	保留核心答案；更新格式与来源	观察到三类生命共享许多遗传信息装置，能支持什么演化解释？	支持共同祖先与长期保守的基本机制；不等于证明所有现存细胞结构完全相同。	支持共同祖先与长期保守的基本机制；不等于证明所有现存细胞结构完全相同。			CN01-S02
CELL01-060	01_绪论	保留核心答案；更新格式与来源	两个球形细胞半径分别为r和2r，较大者表面积/体积比如何变化？	球体S/V=3/r；半径倍增后该比值减半。	球体S/V=3/r；半径倍增后该比值减半。			CN01-S02
CELL01-061	01_绪论	保留核心答案；更新格式与来源	假设细胞半径增大3倍，其表面积和体积分别增大多少倍？	表面积增大9倍，体积增大27倍，因此交换面积相对需求下降。	表面积增大9倍，体积增大27倍，因此交换面积相对需求下降。			CN01-S02
CELL01-062	01_绪论	保留核心答案；更新格式与来源	某单细胞有核被膜、线粒体和80S胞质核糖体，应归入哪类细胞？	真核细胞；单细胞这一生活形式不能否定真核身份。	真核细胞；单细胞这一生活形式不能否定真核身份。			CN01-S02
CELL01-063	01_绪论	保留核心答案；更新格式与来源	某光合微生物没有核被膜也没有叶绿体，能否因产氧光合归为植物细胞？	不能。光合能力不等于真核植物身份，蓝细菌符合这一情境。	不能。光合能力不等于真核植物身份，蓝细菌符合这一情境。			CN01-S02
CELL01-064	01_绪论	保留核心答案；更新格式与来源	青霉素处理支原体无明显效果，最直接的结构解释是什么？	支原体缺乏肽聚糖细胞壁，药物缺少该作用靶标。	支原体缺乏肽聚糖细胞壁，药物缺少该作用靶标。			CN01-S02
CELL01-065	01_绪论	保留核心答案；更新格式与来源	某粒子有RNA基因组，增殖依赖宿主翻译系统；能否因此推断它是细胞？	不能。该特征符合病毒，核酸存在不足以证明具备细胞组织和独立生命系统。	不能。该特征符合病毒，核酸存在不足以证明具备细胞组织和独立生命系统。			CN01-S02
CELL01-066	01_绪论	保留核心答案；更新格式与来源	取一个细胞的蛋白质混合物能够催化某反应，能否证明它能独立维持生命？	不能。单一反应活性不等于具有边界、持续代谢、遗传和自我维持的细胞系统。	不能。单一反应活性不等于具有边界、持续代谢、遗传和自我维持的细胞系统。			CN01-S02
CELL01-067	01_绪论	保留核心答案；更新格式与来源	拟核含环状DNA，能否据此断言所有细菌只有一条环状染色体？	不能。典型模式不能推广为无例外规律，细菌染色体数目和形态有多样性。	不能。典型模式不能推广为无例外规律，细菌染色体数目和形态有多样性。			CN01-S02
CELL01-068	01_绪论	保留核心答案；更新格式与来源	发现某动物细胞没有细胞核，分类时为何还要了解其分化来源？	成熟特化细胞可能丢失核；分类需要结合谱系与整体细胞特征。	成熟特化细胞可能丢失核；分类需要结合谱系与整体细胞特征。			CN01-S02
CELL01-069	01_绪论	保留核心答案；更新格式与来源	序列相似能支持共同祖先时，为什么不能仅凭一个短序列给出完整演化树？	短序列信息有限，并可能受保守性、随机相似或水平转移影响，需要多基因及其他证据。	短序列信息有限，并可能受保守性、随机相似或水平转移影响，需要多基因及其他证据。			CN01-S02
CELL01-070	01_绪论	保留核心答案；更新格式与来源	显微镜只见小颗粒时，怎样避免把细胞器误判成独立细胞？	结合边界、遗传、代谢和独立增殖能力检验；形状与大小不能单独判定。	结合边界、遗传、代谢和独立增殖能力检验；形状与大小不能单独判定。			CN01-S02
CELL01-E001	01_绪论	新增	图示生命树中真核生物与古菌的位置关系说明什么？		真核生物与古菌亲缘关系更近；图示把真核支系置于古菌相关支系中，支持真核起源涉及古菌宿主。	三域名称是分类术语；不能把细菌、古菌、真核简单理解为同时独立分叉的三条等距支系。内共生细节仍有不同模型。	ENFIG0005	EN01-H000-H030
CELL01-E002	01_绪论	新增	基因复制后，一份拷贝保持原功能，另一份获得新功能：为何有利于演化？		复制保留原有功能，降低创新对原功能的破坏风险；两份拷贝随后可发生序列和调控分化，形成旁系同源基因。	复制不必产生新功能，也可能失活或分担原功能；跨物种因物种分化产生的同源基因称直系同源。	ENFIG0028	EN01-H000-H030
CELL01-E003	01_绪论	新增	真核基因组变大，为什么不意味着蛋白编码基因按相同比例增加？		增加的 DNA 包含非编码调控区、内含子和重复序列等；编码基因数与基因组长度不成简单正比。	非编码不等于无功能；也不能假定所有非编码 DNA 都有已知功能。	ENFIG0042	EN01-H034-H038
CELL01-E004	01_绪论	新增	为什么单个非共价作用较弱，多点作用却能使蛋白复合体稳定而可逆？		多个接触共同贡献结合自由能，形成选择性较强的稳定结合；各作用仍可被热运动、浓度或修饰改变，允许可逆装配。	疏水效应与氢键、静电、范德华作用的物理来源不同，不能都画成同一种共价键。	ENFIG0093	EN02-H000-H008
CELL01-E005	01_绪论	新增	顺式不饱和脂肪酸为何通常提高膜流动性？		顺式双键使烃链出现弯折，减弱紧密堆积，通常降低相变温度。	比较需保持温度、链长与其他成分相近；不能把反式双键和顺式双键等同。	ENFIG0276	EN02-H042-H090
CELL01-E006	01_绪论	新增	图中的 PrP* 为什么可以扩增异常构象，却不需要复制自己的核酸？		异常构象作为模板促进正常 PrP 改变折叠并加入聚集体；增殖的是蛋白构象状态，底物是宿主合成的正常蛋白。	不能推广为所有蛋白聚集都可在人群间传染；许多淀粉样病的细胞间传播与感染性朊病毒病应区分。	ENFIG0420,ENFIG0423	EN03-H000-H028
CELL01-E007	01_绪论	新增	拆散核糖体后，只有最终成熟核糖体的组分，为什么不一定能自行重组？		成熟结构可能不包含组装时所需的伴侣、加工酶和暂时性装配因子；缺少这些因子或能量条件可阻断正确组装。	结构的最终组成与组装路径不是同一个问题。		EN03-H000-H028
CELL01-E008	01_绪论	新增	革兰阴性菌与革兰阳性菌的包被差异，如何影响对药物进入的理解？		阴性菌有外膜和较薄肽聚糖层，外膜及孔蛋白影响药物进入；阳性菌通常无这层外膜而有较厚肽聚糖层。	不能仅凭染色类别预测每种抗生素敏感性，还需考虑靶点、外排与耐药酶。	ENFIG2534	EN23-H000-H010
CELL01-E009	01_绪论	新增	胞外 EPEC 不进入宿主细胞，如何仍能重排宿主微丝？		Ⅲ型分泌系统把效应蛋白送入宿主；Tir 插入宿主膜并与细菌 intimin 结合，触发微丝聚合和基座形成。	细菌所在位置与其效应蛋白的作用位置应分开判断。	ENFIG2542	EN23-H013-H013
CELL01-E010	01_绪论	新增	抗生素处理后耐药菌比例升高，为什么不能直接说药物定向制造了所需突变？		原有或随机出现的耐药变异在药物选择压力下存活并扩增；耐药基因还可通过水平转移传播。	需区分变异产生与选择；某些压力可改变突变率，但不等于按需求定向改变序列。	ENFIG2577	EN23-H022-H030
CELL01-E011	01_绪论	新增	发现一种共生菌与疾病同时出现，怎样判断它是否是病因？		先排除疾病反过来改变菌群及共同环境因素；结合时间顺序、定植或去除实验、功能机制和适当对照检验因果。	菌群组成的关联不能独立证明致病或保护作用。		EN23-H022-H030
CELL01-E012	01_绪论	新增	教材将天然遗传密码与随机生成密码的抗突变能力比较。天然密码更耐错，能直接证明自然选择是唯一成因吗？		不能。结果与自然选择塑造密码的解释相容，但还需检验随机模型、历史约束、化学偏好等其他解释。	统计上少见不等于已排除所有替代机制；这是根据教材习题改写的推理题。		EN01-EXERCISES
CELL01-E013	01_绪论	新增	疾病病例在某水泵附近聚集，如何加强“由水传播”的推断？		比较不同水源使用者的发病率和暴露史，控制居住密度等混杂因素；停止使用可疑水源后观察病例变化，并寻找病原学证据。	地图聚集提示假说，单靠地图不能证明水中具体病原体或排除全部混杂。		EN23-EXERCISES
CELL01-E014	01_绪论	新增	用三组独立证据论述细胞生命的统一性，再解释病毒为何依赖宿主细胞。（闭卷 8—10 分钟，按 10 分自评）		膜和共同化学组成（2分）；DNA/RNA/蛋白的信息机制（2分）；保守的代谢、核糖体和基因同源性（2分）；病毒缺少完整独立翻译与代谢体系（2分）；说明多样性、例外和证据范围（2分）。	这是依据本章教材重组的练习，不标作上海大学真实历年考题；可先写提纲，再连成机制论述。		CN01-S02,EN01-H000-H030
CELL02-001	02_细胞生物学研究方法	保留核心答案；更新格式与来源	明场光镜提高图像对比或分辨的主要原理是什么？	利用样品吸收或散射光形成亮度差。	利用样品吸收或散射光形成亮度差。		CNFIG0044	CN02-S01
CELL02-002	02_细胞生物学研究方法	保留核心答案；更新格式与来源	明场光镜最适合解决哪类细胞观察问题？	观察经染色的组织和细胞总体形态。	观察经染色的组织和细胞总体形态。			CN02-S01
CELL02-003	02_细胞生物学研究方法	保留核心答案；更新格式与来源	明场光镜的图像解释需注意什么主要限制？	透明活细胞对比弱，染色与固定可改变结构。	透明活细胞对比弱，染色与固定可改变结构。			CN02-S01
CELL02-004	02_细胞生物学研究方法	保留核心答案；更新格式与来源	相差显微镜提高图像对比或分辨的主要原理是什么？	把样品引起的相位差转换为强度差。	把样品引起的相位差转换为强度差。		CNFIG0138	CN02-S01
CELL02-005	02_细胞生物学研究方法	保留核心答案；更新格式与来源	相差显微镜最适合解决哪类细胞观察问题？	观察不染色活细胞及其运动。	观察不染色活细胞及其运动。		CNFIG0107,CNFIG0030	CN02-S01
CELL02-006	02_细胞生物学研究方法	保留核心答案；更新格式与来源	相差显微镜的图像解释需注意什么主要限制？	有光晕，不能把所有亮度差直接当成成分含量差。	有光晕，不能把所有亮度差直接当成成分含量差。			CN02-S01
CELL02-007	02_细胞生物学研究方法	保留核心答案；更新格式与来源	微分干涉显微镜提高图像对比或分辨的主要原理是什么？	利用偏振光干涉显示光程梯度。	利用偏振光干涉显示光程梯度。			CN02-S01
CELL02-008	02_细胞生物学研究方法	保留核心答案；更新格式与来源	微分干涉显微镜最适合解决哪类细胞观察问题？	观察透明活细胞的形态和细节。	观察透明活细胞的形态和细节。			CN02-S01
CELL02-009	02_细胞生物学研究方法	保留核心答案；更新格式与来源	微分干涉显微镜的图像解释需注意什么主要限制？	浮雕感不等于真实三维表面高度图。	浮雕感不等于真实三维表面高度图。			CN02-S01
CELL02-010	02_细胞生物学研究方法	保留核心答案；更新格式与来源	荧光显微镜提高图像对比或分辨的主要原理是什么？	选择激发并检测特异标记物的发射光。	选择激发并检测特异标记物的发射光。		CNFIG0053,CNFIG0049	CN02-S01
CELL02-011	02_细胞生物学研究方法	保留核心答案；更新格式与来源	荧光显微镜最适合解决哪类细胞观察问题？	定位蛋白、核酸或离子探针。	定位蛋白、核酸或离子探针。			CN02-S01
CELL02-012	02_细胞生物学研究方法	保留核心答案；更新格式与来源	荧光显微镜的图像解释需注意什么主要限制？	背景、串色、漂白和光毒性影响结果。	背景、串色、漂白和光毒性影响结果。			CN02-S01
CELL02-013	02_细胞生物学研究方法	保留核心答案；更新格式与来源	共焦显微镜提高图像对比或分辨的主要原理是什么？	针孔抑制焦面外荧光，逐点扫描。	针孔抑制焦面外荧光，逐点扫描。		ENFIG1180,CNFIG0078	CN02-S01
CELL02-014	02_细胞生物学研究方法	保留核心答案；更新格式与来源	共焦显微镜最适合解决哪类细胞观察问题？	厚样品光学切片及三维重建。	厚样品光学切片及三维重建。		CNFIG0122,CNFIG0121	CN02-S01
CELL02-015	02_细胞生物学研究方法	保留核心答案；更新格式与来源	共焦显微镜的图像解释需注意什么主要限制？	不能因此宣称突破所有衍射限制；扫描可增加光损伤。	不能因此宣称突破所有衍射限制；扫描可增加光损伤。			CN02-S01
CELL02-016	02_细胞生物学研究方法	保留核心答案；更新格式与来源	TIRF显微镜提高图像对比或分辨的主要原理是什么？	全内反射产生浅层倏逝场，降低深层背景。	全内反射产生浅层倏逝场，降低深层背景。		ENFIG1211,CNFIG0064	CN02-S01
CELL02-017	02_细胞生物学研究方法	保留核心答案；更新格式与来源	TIRF显微镜最适合解决哪类细胞观察问题？	观察靠近玻片表面的膜事件。	观察靠近玻片表面的膜事件。			CN02-S01
CELL02-018	02_细胞生物学研究方法	保留核心答案；更新格式与来源	TIRF显微镜的图像解释需注意什么主要限制？	主要采样贴近表面的薄层，不能代表全细胞。	主要采样贴近表面的薄层，不能代表全细胞。			CN02-S01
CELL02-019	02_细胞生物学研究方法	保留核心答案；更新格式与来源	PALM/STORM提高图像对比或分辨的主要原理是什么？	稀疏激活单个荧光分子，定位后累积重建。	稀疏激活单个荧光分子，定位后累积重建。		ENFIG1203,CNFIG0008	CN02-S01
CELL02-020	02_细胞生物学研究方法	保留核心答案；更新格式与来源	PALM/STORM最适合解决哪类细胞观察问题？	定位密集分子结构的亚衍射分布。	定位密集分子结构的亚衍射分布。			CN02-S01
CELL02-021	02_细胞生物学研究方法	保留核心答案；更新格式与来源	PALM/STORM的图像解释需注意什么主要限制？	定位精度、标记密度和重建伪影共同影响有效分辨率。	定位精度、标记密度和重建伪影共同影响有效分辨率。			CN02-S01
CELL02-022	02_细胞生物学研究方法	保留核心答案；更新格式与来源	STED显微镜提高图像对比或分辨的主要原理是什么？	用受激发射耗尽限制可发荧光区域。	用受激发射耗尽限制可发荧光区域。		ENFIG1191	CN02-S01
CELL02-023	02_细胞生物学研究方法	保留核心答案；更新格式与来源	STED显微镜最适合解决哪类细胞观察问题？	获得小于常规衍射斑的有效成像区域。	获得小于常规衍射斑的有效成像区域。		CNFIG0119,CNFIG0047	CN02-S01
CELL02-024	02_细胞生物学研究方法	保留核心答案；更新格式与来源	STED显微镜的图像解释需注意什么主要限制？	高光强可能损伤样品，染料性质和扫描条件重要。	高光强可能损伤样品，染料性质和扫描条件重要。			CN02-S01
CELL02-025	02_细胞生物学研究方法	保留核心答案；更新格式与来源	SIM显微镜提高图像对比或分辨的主要原理是什么？	结构照明与样品相互作用，计算恢复高频信息。	结构照明与样品相互作用，计算恢复高频信息。			CN02-S01
CELL02-026	02_细胞生物学研究方法	保留核心答案；更新格式与来源	SIM显微镜最适合解决哪类细胞观察问题？	较温和地观察精细细胞结构。	较温和地观察精细细胞结构。		CNFIG0052,CNFIG0073	CN02-S01
CELL02-027	02_细胞生物学研究方法	保留核心答案；更新格式与来源	SIM显微镜的图像解释需注意什么主要限制？	重建依赖图像质量及模型，运动可造成伪影。	重建依赖图像质量及模型，运动可造成伪影。			CN02-S01
CELL02-028	02_细胞生物学研究方法	保留核心答案；更新格式与来源	透射电镜提高图像对比或分辨的主要原理是什么？	用透过薄样品的电子形成内部结构投影。	用透过薄样品的电子形成内部结构投影。		CNFIG0114	CN02-S01
CELL02-029	02_细胞生物学研究方法	保留核心答案；更新格式与来源	透射电镜最适合解决哪类细胞观察问题？	观察细胞器和膜的超微结构。	观察细胞器和膜的超微结构。		CNFIG0014	CN02-S01
CELL02-030	02_细胞生物学研究方法	保留核心答案；更新格式与来源	透射电镜的图像解释需注意什么主要限制？	固定、切片与投影可能造成伪影，常规制样不观察活细胞。	固定、切片与投影可能造成伪影，常规制样不观察活细胞。		CNFIG0084	CN02-S01
CELL02-031	02_细胞生物学研究方法	保留核心答案；更新格式与来源	扫描电镜提高图像对比或分辨的主要原理是什么？	检测扫描电子束作用表面产生的信号。	检测扫描电子束作用表面产生的信号。		CNFIG0100	CN02-S01
CELL02-032	02_细胞生物学研究方法	保留核心答案；更新格式与来源	扫描电镜最适合解决哪类细胞观察问题？	观察细胞或组织表面形貌。	观察细胞或组织表面形貌。			CN02-S01
CELL02-033	02_细胞生物学研究方法	保留核心答案；更新格式与来源	扫描电镜的图像解释需注意什么主要限制？	表面处理可改变形态，表面像不等于内部结构图。	表面处理可改变形态，表面像不等于内部结构图。			CN02-S01
CELL02-034	02_细胞生物学研究方法	保留核心答案；更新格式与来源	电镜负染色提高图像对比或分辨的主要原理是什么？	重金属主要包围样品，显现颗粒外形。	重金属主要包围样品，显现颗粒外形。		CNFIG0134	CN02-S01
CELL02-035	02_细胞生物学研究方法	保留核心答案；更新格式与来源	电镜负染色最适合解决哪类细胞观察问题？	观察纯化蛋白复合体或病毒颗粒。	观察纯化蛋白复合体或病毒颗粒。			CN02-S01
CELL02-036	02_细胞生物学研究方法	保留核心答案；更新格式与来源	电镜负染色的图像解释需注意什么主要限制？	干燥和染色可变形，不能等同于天然水合结构。	干燥和染色可变形，不能等同于天然水合结构。			CN02-S01
CELL02-037	02_细胞生物学研究方法	保留核心答案；更新格式与来源	冷冻断裂蚀刻提高图像对比或分辨的主要原理是什么？	冻裂后复型显示膜断裂面等结构。	冻裂后复型显示膜断裂面等结构。		CNFIG0062	CN02-S01
CELL02-038	02_细胞生物学研究方法	保留核心答案；更新格式与来源	冷冻断裂蚀刻最适合解决哪类细胞观察问题？	观察膜内颗粒及膜面组织。	观察膜内颗粒及膜面组织。			CN02-S01
CELL02-039	02_细胞生物学研究方法	保留核心答案；更新格式与来源	冷冻断裂蚀刻的图像解释需注意什么主要限制？	断裂面常在双层内部，并非细胞表面本身。	断裂面常在双层内部，并非细胞表面本身。			CN02-S01
CELL02-040	02_细胞生物学研究方法	保留核心答案；更新格式与来源	冷冻电镜单颗粒分析提高图像对比或分辨的主要原理是什么？	玻璃态冰保存水合颗粒，汇集多取向投影重建。	玻璃态冰保存水合颗粒，汇集多取向投影重建。			CN02-S01
CELL02-041	02_细胞生物学研究方法	保留核心答案；更新格式与来源	冷冻电镜单颗粒分析最适合解决哪类细胞观察问题？	解析纯化大分子复合体结构。	解析纯化大分子复合体结构。			CN02-S01
CELL02-042	02_细胞生物学研究方法	保留核心答案；更新格式与来源	冷冻电镜单颗粒分析的图像解释需注意什么主要限制？	样品异质性、取向偏好和颗粒质量限制重建。	样品异质性、取向偏好和颗粒质量限制重建。			CN02-S01
CELL02-043	02_细胞生物学研究方法	保留核心答案；更新格式与来源	电子断层成像提高图像对比或分辨的主要原理是什么？	获取同一样品不同倾角的投影并重建体积。	获取同一样品不同倾角的投影并重建体积。		CNFIG0007,CNFIG0090	CN02-S01
CELL02-044	02_细胞生物学研究方法	保留核心答案；更新格式与来源	电子断层成像最适合解决哪类细胞观察问题？	研究细胞内部三维超微结构。	研究细胞内部三维超微结构。			CN02-S01
CELL02-045	02_细胞生物学研究方法	保留核心答案；更新格式与来源	电子断层成像的图像解释需注意什么主要限制？	倾角范围和辐射损伤限制信息完整性。	倾角范围和辐射损伤限制信息完整性。			CN02-S01
CELL02-046	02_细胞生物学研究方法	保留核心答案；更新格式与来源	差速离心主要依据什么性质完成分离或检测？	组分大小和密度等决定的沉降速度差异。	组分大小和密度等决定的沉降速度差异。		CNFIG0003	CN02-S02
CELL02-047	02_细胞生物学研究方法	保留核心答案；更新格式与来源	差速离心的结果最容易与哪种结论混淆？	沉淀通常是富集物，不能直接视为纯细胞器。	沉淀通常是富集物，不能直接视为纯细胞器。			CN02-S02
CELL02-048	02_细胞生物学研究方法	保留核心答案；更新格式与来源	速率区带离心主要依据什么性质完成分离或检测？	有限时间内不同沉降速度形成区带。	有限时间内不同沉降速度形成区带。			CN02-S02
CELL02-049	02_细胞生物学研究方法	保留核心答案；更新格式与来源	速率区带离心的结果最容易与哪种结论混淆？	位置与大小、形状及密度有关，不能只按密度解释。	位置与大小、形状及密度有关，不能只按密度解释。			CN02-S02
CELL02-050	02_细胞生物学研究方法	保留核心答案；更新格式与来源	等密度离心主要依据什么性质完成分离或检测？	颗粒在密度梯度中移至浮力密度匹配位置。	颗粒在密度梯度中移至浮力密度匹配位置。			CN02-S02
CELL02-051	02_细胞生物学研究方法	保留核心答案；更新格式与来源	等密度离心的结果最容易与哪种结论混淆？	平衡位置主要反映浮力密度，而非简单反映颗粒大小。	平衡位置主要反映浮力密度，而非简单反映颗粒大小。			CN02-S02
CELL02-052	02_细胞生物学研究方法	保留核心答案；更新格式与来源	直接免疫荧光主要依据什么性质完成分离或检测？	带荧光的一抗直接结合目标抗原。	带荧光的一抗直接结合目标抗原。		CNFIG0080	CN02-S02
CELL02-053	02_细胞生物学研究方法	保留核心答案；更新格式与来源	直接免疫荧光的结果最容易与哪种结论混淆？	信号缺失还可能来自抗原遮蔽或标记失败。	信号缺失还可能来自抗原遮蔽或标记失败。			CN02-S02
CELL02-054	02_细胞生物学研究方法	保留核心答案；更新格式与来源	间接免疫荧光主要依据什么性质完成分离或检测？	二抗识别一抗并提供荧光信号。	二抗识别一抗并提供荧光信号。			CN02-S02
CELL02-055	02_细胞生物学研究方法	保留核心答案；更新格式与来源	间接免疫荧光的结果最容易与哪种结论混淆？	二抗背景和交叉反应可能产生假阳性。	二抗背景和交叉反应可能产生假阳性。			CN02-S02
CELL02-056	02_细胞生物学研究方法	保留核心答案；更新格式与来源	免疫胶体金电镜主要依据什么性质完成分离或检测？	抗体结合抗原，电子致密金颗粒提供位置标记。	抗体结合抗原，电子致密金颗粒提供位置标记。		CNFIG0063	CN02-S02
CELL02-057	02_细胞生物学研究方法	保留核心答案；更新格式与来源	免疫胶体金电镜的结果最容易与哪种结论混淆？	金粒位置存在抗体长度偏移，制样还影响抗原性。	金粒位置存在抗体长度偏移，制样还影响抗原性。			CN02-S02
CELL02-058	02_细胞生物学研究方法	保留核心答案；更新格式与来源	原位杂交主要依据什么性质完成分离或检测？	核酸探针与互补的DNA或RNA杂交。	核酸探针与互补的DNA或RNA杂交。		CNFIG0130	CN02-S02
CELL02-059	02_细胞生物学研究方法	保留核心答案；更新格式与来源	原位杂交的结果最容易与哪种结论混淆？	检测核酸位置或表达，不等于检测蛋白活性。	检测核酸位置或表达，不等于检测蛋白活性。			CN02-S02
CELL02-060	02_细胞生物学研究方法	保留核心答案；更新格式与来源	FISH主要依据什么性质完成分离或检测？	荧光标记核酸探针形成可观察杂交信号。	荧光标记核酸探针形成可观察杂交信号。			CN02-S02
CELL02-061	02_细胞生物学研究方法	保留核心答案；更新格式与来源	FISH的结果最容易与哪种结论混淆？	探针特异性和杂交条件影响定位可靠性。	探针特异性和杂交条件影响定位可靠性。			CN02-S02
CELL02-062	02_细胞生物学研究方法	保留核心答案；更新格式与来源	流式细胞术主要依据什么性质完成分离或检测？	单细胞通过光束时产生散射和荧光信号。	单细胞通过光束时产生散射和荧光信号。		CNFIG0136,CNFIG0067	CN02-S02,CN02-S03
CELL02-063	02_细胞生物学研究方法	保留核心答案；更新格式与来源	流式细胞术的结果最容易与哪种结论混淆？	荧光反映标记量，不能无条件换算成绝对分子数。	荧光反映标记量，不能无条件换算成绝对分子数。			CN02-S02
CELL02-064	02_细胞生物学研究方法	保留核心答案；更新格式与来源	FACS主要依据什么性质完成分离或检测？	按单细胞检测信号分类并实际分选。	按单细胞检测信号分类并实际分选。			CN02-S02
CELL02-065	02_细胞生物学研究方法	保留核心答案；更新格式与来源	FACS的结果最容易与哪种结论混淆？	分析得到分群不等于已经取得分选细胞。	分析得到分群不等于已经取得分选细胞。			CN02-S02
CELL02-066	02_细胞生物学研究方法	保留核心答案；更新格式与来源	SDS-PAGE主要依据什么性质完成分离或检测？	变性后蛋白主要按分子大小分离。	变性后蛋白主要按分子大小分离。		ENFIG0987	CN02-S02
CELL02-067	02_细胞生物学研究方法	保留核心答案；更新格式与来源	SDS-PAGE的结果最容易与哪种结论混淆？	条带迁移不等于天然构象或生物活性。	条带迁移不等于天然构象或生物活性。			CN02-S02
CELL02-068	02_细胞生物学研究方法	保留核心答案；更新格式与来源	Western blot主要依据什么性质完成分离或检测？	电泳转膜后用抗体检测特定蛋白。	电泳转膜后用抗体检测特定蛋白。		ENFIG0991	CN02-S02
CELL02-069	02_细胞生物学研究方法	保留核心答案；更新格式与来源	Western blot的结果最容易与哪种结论混淆？	条带变化需排除上样、转膜和抗体特异性差异。	条带变化需排除上样、转膜和抗体特异性差异。			CN02-S02
CELL02-070	02_细胞生物学研究方法	保留核心答案；更新格式与来源	共免疫沉淀主要依据什么性质完成分离或检测？	在保留复合体的条件下共富集关联蛋白。	在保留复合体的条件下共富集关联蛋白。			CN02-S02
CELL02-071	02_细胞生物学研究方法	保留核心答案；更新格式与来源	共免疫沉淀的结果最容易与哪种结论混淆？	共沉淀可由间接桥接造成，不足以证明直接结合。	共沉淀可由间接桥接造成，不足以证明直接结合。			CN02-S02
CELL02-072	02_细胞生物学研究方法	保留核心答案；更新格式与来源	蛋白质质谱主要依据什么性质完成分离或检测？	测量离子质荷比及碎片信息。	测量离子质荷比及碎片信息。			CN02-S02
CELL02-073	02_细胞生物学研究方法	保留核心答案；更新格式与来源	蛋白质质谱的结果最容易与哪种结论混淆？	鉴定到蛋白不等于证明其在该体系中的功能。	鉴定到蛋白不等于证明其在该体系中的功能。			CN02-S02
CELL02-074	02_细胞生物学研究方法	保留核心答案；更新格式与来源	差速离心的线粒体沉淀同时含溶酶体，进一步纯化可用什么方法？	密度梯度分离并检测各细胞器标志物；再评价纯度与回收率。	密度梯度分离并检测各细胞器标志物；再评价纯度与回收率。		CNFIG0058	CN02-S02
CELL02-075	02_细胞生物学研究方法	保留核心答案；更新格式与来源	免疫荧光实验为何设去掉一抗的对照？	检验二抗及其他步骤产生的非特异背景，不能替代全部一抗特异性验证。	检验二抗及其他步骤产生的非特异背景，不能替代全部一抗特异性验证。			CN02-S02
CELL02-076	02_细胞生物学研究方法	保留核心答案；更新格式与来源	抗体在目标基因敲除细胞中仍给强信号，最应警惕什么？	抗体非特异识别或背景信号；需核实敲除效果与抗体选择。	抗体非特异识别或背景信号；需核实敲除效果与抗体选择。			CN02-S02
CELL02-077	02_细胞生物学研究方法	保留核心答案；更新格式与来源	核酸原位杂交出现信号时，为何还要用错配或阴性探针对照？	检验非特异杂交与背景，确保信号依赖目标序列。	检验非特异杂交与背景，确保信号依赖目标序列。			CN02-S02
CELL02-078	02_细胞生物学研究方法	保留核心答案；更新格式与来源	流式分析双细胞黏连体为何要先排除？	两个细胞可产生叠加DNA或荧光信号，造成假分群。	两个细胞可产生叠加DNA或荧光信号，造成假分群。			CN02-S02
CELL02-079	02_细胞生物学研究方法	保留核心答案；更新格式与来源	比较两组Western结果时，上样对照需要满足什么条件？	能反映可比上样量且不受处理显著改变，并处于检测线性范围。	能反映可比上样量且不受处理显著改变，并处于检测线性范围。			CN02-S02
CELL02-080	02_细胞生物学研究方法	保留核心答案；更新格式与来源	用两种标志酶评价细胞器组分，怎样判断纯化有效？	目标标志物富集且污染标志物相对下降，同时考虑样品回收量。	目标标志物富集且污染标志物相对下降，同时考虑样品回收量。			CN02-S02
CELL02-081	02_细胞生物学研究方法	保留核心答案；更新格式与来源	原代培养的基本含义或操作是什么？	直接从组织分离后首次建立的细胞培养。	直接从组织分离后首次建立的细胞培养。			CN02-S03
CELL02-082	02_细胞生物学研究方法	保留核心答案；更新格式与来源	原代培养需要保留什么条件或解释边界？	仍会受分离与培养条件选择，不能完全等同体内状态。	仍会受分离与培养条件选择，不能完全等同体内状态。			CN02-S03
CELL02-083	02_细胞生物学研究方法	保留核心答案；更新格式与来源	传代培养的基本含义或操作是什么？	把已培养细胞分出部分继续培养。	把已培养细胞分出部分继续培养。			CN02-S03
CELL02-084	02_细胞生物学研究方法	保留核心答案；更新格式与来源	传代培养需要保留什么条件或解释边界？	传代次数增加可能引起选择、漂移和衰老。	传代次数增加可能引起选择、漂移和衰老。			CN02-S03
CELL02-085	02_细胞生物学研究方法	保留核心答案；更新格式与来源	有限细胞系的基本含义或操作是什么？	可传若干代但最终出现增殖限制的培养细胞。	可传若干代但最终出现增殖限制的培养细胞。			CN02-S03
CELL02-086	02_细胞生物学研究方法	保留核心答案；更新格式与来源	有限细胞系需要保留什么条件或解释边界？	有限寿命不同于能持续增殖的连续细胞系。	有限寿命不同于能持续增殖的连续细胞系。			CN02-S03
CELL02-087	02_细胞生物学研究方法	保留核心答案；更新格式与来源	连续细胞系的基本含义或操作是什么？	具长期持续增殖能力的细胞群。	具长期持续增殖能力的细胞群。			CN02-S03
CELL02-088	02_细胞生物学研究方法	保留核心答案；更新格式与来源	连续细胞系需要保留什么条件或解释边界？	不意味着遗传稳定或代表正常组织。	不意味着遗传稳定或代表正常组织。			CN02-S03
CELL02-089	02_细胞生物学研究方法	保留核心答案；更新格式与来源	细胞克隆的基本含义或操作是什么？	单个细胞增殖形成的后代群体。	单个细胞增殖形成的后代群体。			CN02-S03
CELL02-090	02_细胞生物学研究方法	保留核心答案；更新格式与来源	细胞克隆需要保留什么条件或解释边界？	克隆来源一致仍可在扩增中发生新变异。	克隆来源一致仍可在扩增中发生新变异。			CN02-S03
CELL02-091	02_细胞生物学研究方法	保留核心答案；更新格式与来源	贴壁培养的基本含义或操作是什么？	细胞黏附培养表面后生长。	细胞黏附培养表面后生长。			CN02-S03
CELL02-092	02_细胞生物学研究方法	保留核心答案；更新格式与来源	贴壁培养需要保留什么条件或解释边界？	基质、机械环境和密度可改变细胞表型。	基质、机械环境和密度可改变细胞表型。			CN02-S03
CELL02-093	02_细胞生物学研究方法	保留核心答案；更新格式与来源	接触抑制的基本含义或操作是什么？	某些正常培养细胞密集接触后降低增殖。	某些正常培养细胞密集接触后降低增殖。			CN02-S03
CELL02-094	02_细胞生物学研究方法	保留核心答案；更新格式与来源	接触抑制需要保留什么条件或解释边界？	不是所有细胞均如此，不能单独判断恶性程度。	不是所有细胞均如此，不能单独判断恶性程度。			CN02-S03
CELL02-095	02_细胞生物学研究方法	保留核心答案；更新格式与来源	植物原生质体的基本含义或操作是什么？	去除细胞壁而仍有质膜的植物细胞。	去除细胞壁而仍有质膜的植物细胞。			CN02-S03
CELL02-096	02_细胞生物学研究方法	保留核心答案；更新格式与来源	植物原生质体需要保留什么条件或解释边界？	需维持适当渗透压，缺壁时易损伤。	需维持适当渗透压，缺壁时易损伤。			CN02-S03
CELL02-097	02_细胞生物学研究方法	保留核心答案；更新格式与来源	愈伤组织的基本含义或操作是什么？	外植体培养产生的增殖细胞组织。	外植体培养产生的增殖细胞组织。			CN02-S03
CELL02-098	02_细胞生物学研究方法	保留核心答案；更新格式与来源	愈伤组织需要保留什么条件或解释边界？	再分化取决于激素、培养条件及细胞状态。	再分化取决于激素、培养条件及细胞状态。			CN02-S03
CELL02-099	02_细胞生物学研究方法	保留核心答案；更新格式与来源	杂交瘤的基本含义或操作是什么？	抗体产生B细胞与可持续增殖的骨髓瘤细胞融合后筛得细胞。	抗体产生B细胞与可持续增殖的骨髓瘤细胞融合后筛得细胞。			CN02-S03
CELL02-100	02_细胞生物学研究方法	保留核心答案；更新格式与来源	杂交瘤需要保留什么条件或解释边界？	融合后还要筛选抗体特异性并单克隆化。	融合后还要筛选抗体特异性并单克隆化。			CN02-S03
CELL02-101	02_细胞生物学研究方法	保留核心答案；更新格式与来源	体细胞核移植的基本含义或操作是什么？	把供体细胞核移入去核卵细胞并诱导发育。	把供体细胞核移入去核卵细胞并诱导发育。		CNFIG0017	CN02-S03
CELL02-102	02_细胞生物学研究方法	保留核心答案；更新格式与来源	体细胞核移植需要保留什么条件或解释边界？	核重编程常不完全，不能保证发育成功。	核重编程常不完全，不能保证发育成功。			CN02-S03
CELL02-103	02_细胞生物学研究方法	事实或边界修订	杂交瘤HAT选择中，氨基蝶呤为何使补救合成途径变得关键？	它阻断从头核苷酸合成；细胞需用次黄嘌呤和胸腺嘧啶补救合成。	氨基蝶呤抑制二氢叶酸还原酶，使依赖还原型叶酸的从头嘌呤和胸苷酸合成受阻；细胞需利用次黄嘌呤和胸腺嘧啶核苷（thymidine）走补救途径。HAT 中的 T 不是游离胸腺嘧啶。		CNFIG0132	CN02-S03
CELL02-104	02_细胞生物学研究方法	保留核心答案；更新格式与来源	HAT培养为何不能让未融合的HGPRT缺陷骨髓瘤长期存活？	从头合成被阻断且嘌呤补救受损，无法维持核苷酸供应。	从头合成被阻断且嘌呤补救受损，无法维持核苷酸供应。			CN02-S03
CELL02-105	02_细胞生物学研究方法	保留核心答案；更新格式与来源	未融合B细胞能用补救途径，为何不能替代杂交瘤长期产抗体？	正常B细胞在该体外体系寿命与增殖有限；杂交瘤兼有补救能力和持续增殖能力。	正常B细胞在该体外体系寿命与增殖有限；杂交瘤兼有补救能力和持续增殖能力。			CN02-S03
CELL02-106	02_细胞生物学研究方法	保留核心答案；更新格式与来源	FRAP主要测量什么？	漂白区域荧光随时间恢复的速度和程度。	漂白区域荧光随时间恢复的速度和程度。		CNFIG0018,ENFIG1300,ENFIG1301	CN02-S04,EN10-H022-H026
CELL02-107	02_细胞生物学研究方法	保留核心答案；更新格式与来源	FRAP能否直接给出完整作用机制？为什么？	不能；恢复可反映扩散或交换等过程，需结合模型和对照。	不能；恢复可反映扩散或交换等过程，需结合模型和对照。		ENFIG1298	CN02-S04,EN10-H022-H026
CELL02-108	02_细胞生物学研究方法	保留核心答案；更新格式与来源	FRET主要测量什么？	供体向受体非辐射能量转移，反映纳米尺度接近。	供体向受体非辐射能量转移，反映纳米尺度接近。		CNFIG0050	CN02-S04
CELL02-109	02_细胞生物学研究方法	保留核心答案；更新格式与来源	FRET能否直接给出完整作用机制？为什么？	不能；距离、取向和标记影响信号，接近不必然证明直接结合。	不能；距离、取向和标记影响信号，接近不必然证明直接结合。			CN02-S04
CELL02-110	02_细胞生物学研究方法	保留核心答案；更新格式与来源	酵母双杂交主要测量什么？	诱饵和猎物使转录因子两部分功能重组后激活报告基因。	诱饵和猎物使转录因子两部分功能重组后激活报告基因。		CNFIG0093	CN02-S04
CELL02-111	02_细胞生物学研究方法	保留核心答案；更新格式与来源	酵母双杂交能否直接给出完整作用机制？为什么？	不能；存在自激活、定位和非生理相互作用等限制。	不能；存在自激活、定位和非生理相互作用等限制。			CN02-S04
CELL02-112	02_细胞生物学研究方法	保留核心答案；更新格式与来源	脉冲追踪主要测量什么？	短时标记一批分子，再观察其位置或状态随时间改变。	短时标记一批分子，再观察其位置或状态随时间改变。			CN02-S04
CELL02-113	02_细胞生物学研究方法	保留核心答案；更新格式与来源	脉冲追踪能否直接给出完整作用机制？为什么？	不能；需区分转运、加工、降解和新生标记的影响。	不能；需区分转运、加工、降解和新生标记的影响。			CN02-S04
CELL02-114	02_细胞生物学研究方法	保留核心答案；更新格式与来源	放射自显影主要测量什么？	放射标记在样品中产生的银粒分布。	放射标记在样品中产生的银粒分布。		CNFIG0005	CN02-S04
CELL02-115	02_细胞生物学研究方法	保留核心答案；更新格式与来源	放射自显影能否直接给出完整作用机制？为什么？	不能；银粒是标记位置的间接读出，分辨率和背景有限。	不能；银粒是标记位置的间接读出，分辨率和背景有限。			CN02-S04
CELL02-116	02_细胞生物学研究方法	保留核心答案；更新格式与来源	GFP融合追踪主要测量什么？	融合蛋白在活细胞中的位置和动态。	融合蛋白在活细胞中的位置和动态。			CN02-S04
CELL02-117	02_细胞生物学研究方法	保留核心答案；更新格式与来源	GFP融合追踪能否直接给出完整作用机制？为什么？	不能；标签可能改变蛋白功能、表达量或定位。	不能；标签可能改变蛋白功能、表达量或定位。			CN02-S04
CELL02-118	02_细胞生物学研究方法	保留核心答案；更新格式与来源	荧光钙探针主要测量什么？	与胞内Ca²⁺相关的荧光变化。	与胞内Ca²⁺相关的荧光变化。			CN02-S04
CELL02-119	02_细胞生物学研究方法	保留核心答案；更新格式与来源	荧光钙探针能否直接给出完整作用机制？为什么？	不能；信号受校准、探针负载与细胞环境影响。	不能；信号受校准、探针负载与细胞环境影响。			CN02-S04
CELL02-120	02_细胞生物学研究方法	保留核心答案；更新格式与来源	活细胞延时成像主要测量什么？	同一细胞随时间发生的形态或定位变化。	同一细胞随时间发生的形态或定位变化。			CN02-S04
CELL02-121	02_细胞生物学研究方法	保留核心答案；更新格式与来源	活细胞延时成像能否直接给出完整作用机制？为什么？	不能；时间顺序提供线索，仍需干预检验因果。	不能；时间顺序提供线索，仍需干预检验因果。			CN02-S04
CELL02-122	02_细胞生物学研究方法	保留核心答案；更新格式与来源	光激活标记主要测量什么？	选定区域分子被激活后的迁移与交换。	选定区域分子被激活后的迁移与交换。			CN02-S04
CELL02-123	02_细胞生物学研究方法	保留核心答案；更新格式与来源	光激活标记能否直接给出完整作用机制？为什么？	不能；标记运动反映群体行为，需排除光照和激活范围影响。	不能；标记运动反映群体行为，需排除光照和激活范围影响。			CN02-S04
CELL02-124	02_细胞生物学研究方法	保留核心答案；更新格式与来源	体外重构主要测量什么？	纯化组分在定义条件下产生的过程或活性。	纯化组分在定义条件下产生的过程或活性。			CN02-S04
CELL02-125	02_细胞生物学研究方法	保留核心答案；更新格式与来源	体外重构能否直接给出完整作用机制？为什么？	不能；证明特定条件下的能力，不保证体内必要性与完整性。	不能；证明特定条件下的能力，不保证体内必要性与完整性。			CN02-S04
CELL02-126	02_细胞生物学研究方法	保留核心答案；更新格式与来源	FRAP恢复速度相近但平台较低，通常首先提示哪个性质改变？	可移动分子比例降低；在相同测量与模型条件下解释。	可移动分子比例降低；在相同测量与模型条件下解释。			CN02-S04
CELL02-127	02_细胞生物学研究方法	保留核心答案；更新格式与来源	FRAP恢复变慢时，为何不能直接断言蛋白分子变大？	扩散、结合交换、膜屏障和测量几何均可影响恢复，需要区分机制。	扩散、结合交换、膜屏障和测量几何均可影响恢复，需要区分机制。			CN02-S04
CELL02-128	02_细胞生物学研究方法	保留核心答案；更新格式与来源	FRET实验为何设置只有供体和只有受体的样品？	校正供体串色与受体直接激发，避免把光谱背景当作能量转移。	校正供体串色与受体直接激发，避免把光谱背景当作能量转移。			CN02-S04
CELL02-129	02_细胞生物学研究方法	保留核心答案；更新格式与来源	两种蛋白光镜共定位，为什么不能据此判定有直接分子接触？	光镜分辨尺度远大于分子间接触距离，同一结构内可有许多未直接接触的分子。	光镜分辨尺度远大于分子间接触距离，同一结构内可有许多未直接接触的分子。			CN02-S04
CELL02-130	02_细胞生物学研究方法	保留核心答案；更新格式与来源	双杂交诱饵单独激活报告基因时，该实验应先解决什么问题？	诱饵自激活；否则无法把报告信号归因于诱饵—猎物作用。	诱饵自激活；否则无法把报告信号归因于诱饵—猎物作用。			CN02-S04
CELL02-131	02_细胞生物学研究方法	保留核心答案；更新格式与来源	双杂交阴性为何不能充分否定两蛋白在细胞内相互作用？	可能缺少修饰或辅助组分，或者融合蛋白折叠、定位不合适。	可能缺少修饰或辅助组分，或者融合蛋白折叠、定位不合适。			CN02-S04
CELL02-132	02_细胞生物学研究方法	保留核心答案；更新格式与来源	用³H胸腺嘧啶脱氧核苷脉冲主要标记哪类新合成大分子？	DNA；需考虑所用前体的特异性与实验体系。	DNA；需考虑所用前体的特异性与实验体系。			CN02-S04
CELL02-133	02_细胞生物学研究方法	保留核心答案；更新格式与来源	用标记氨基酸追踪分泌蛋白，为何先短脉冲再加入未标记前体？	限定标记分子出生时间，再追踪同一批分子的转运和加工。	限定标记分子出生时间，再追踪同一批分子的转运和加工。			CN02-S04
CELL02-134	02_细胞生物学研究方法	保留核心答案；更新格式与来源	脉冲标记先见内质网后见高尔基体，支持什么结论？	支持标记蛋白依次经过这些区室；需排除标记扩散与取样偏差。	支持标记蛋白依次经过这些区室；需排除标记扩散与取样偏差。			CN02-S04
CELL02-135	02_细胞生物学研究方法	保留核心答案；更新格式与来源	总荧光下降时，怎样区分蛋白降解和荧光漂白？	加入不同照射频率及生化蛋白量检测等对照，比较荧光损失是否依赖成像。	加入不同照射频率及生化蛋白量检测等对照，比较荧光损失是否依赖成像。			CN02-S04
CELL02-136	02_细胞生物学研究方法	保留核心答案；更新格式与来源	GFP融合蛋白定位正常，是否已证明标签不影响其功能？	否。还需功能测量或救援原蛋白缺失等验证。	否。还需功能测量或救援原蛋白缺失等验证。			CN02-S04
CELL02-137	02_细胞生物学研究方法	保留核心答案；更新格式与来源	研究蛋白迁移时，为什么内源表达标记通常优于强过表达？	更接近生理剂量，减少饱和结合位点、异常聚集和错误定位。	更接近生理剂量，减少饱和结合位点、异常聚集和错误定位。			CN02-S04
CELL02-138	02_细胞生物学研究方法	保留核心答案；更新格式与来源	观察到A先变化后B变化，怎样检验A是否驱动B？	干预A并测B，结合救援和其他路径对照，检验必要性及特异性。	干预A并测B，结合救援和其他路径对照，检验必要性及特异性。			CN02-S04
CELL02-139	02_细胞生物学研究方法	保留核心答案；更新格式与来源	固定细胞信号与活细胞信号不一致，首先应考虑什么实验因素？	固定、通透化、探针、采样时点可能改变或丢失目标信号。	固定、通透化、探针、采样时点可能改变或丢失目标信号。			CN02-S04
CELL02-140	02_细胞生物学研究方法	保留核心答案；更新格式与来源	两个实验都检测蛋白作用，为什么共沉淀和FRET应结合解释？	两者测量尺度和限制不同，互补证据可提高解释可信度，仍需功能验证。	两者测量尺度和限制不同，互补证据可提高解释可信度，仍需功能验证。			CN02-S04
CELL02-141	02_细胞生物学研究方法	保留核心答案；更新格式与来源	大肠杆菌模型在细胞功能研究中的主要用途是什么？	研究基本遗传、代谢和原核细胞过程。	研究基本遗传、代谢和原核细胞过程。			CN02-S05
CELL02-142	02_细胞生物学研究方法	保留核心答案；更新格式与来源	大肠杆菌模型结果向目标问题推广时需注意什么？	不能直接代替真核区室和多细胞组织机制。	不能直接代替真核区室和多细胞组织机制。			CN02-S05
CELL02-143	02_细胞生物学研究方法	保留核心答案；更新格式与来源	酵母模型在细胞功能研究中的主要用途是什么？	结合遗传操作研究保守真核细胞机制。	结合遗传操作研究保守真核细胞机制。			CN02-S05
CELL02-144	02_细胞生物学研究方法	保留核心答案；更新格式与来源	酵母模型结果向目标问题推广时需注意什么？	缺少动物组织环境，保守机制与物种特性需区分。	缺少动物组织环境，保守机制与物种特性需区分。			CN02-S05
CELL02-145	02_细胞生物学研究方法	保留核心答案；更新格式与来源	果蝇模型在细胞功能研究中的主要用途是什么？	研究发育、遗传与组织层次细胞行为。	研究发育、遗传与组织层次细胞行为。			CN02-S05
CELL02-146	02_细胞生物学研究方法	保留核心答案；更新格式与来源	果蝇模型结果向目标问题推广时需注意什么？	表型推广到人需核对同源基因与调控背景。	表型推广到人需核对同源基因与调控背景。			CN02-S05
CELL02-147	02_细胞生物学研究方法	保留核心答案；更新格式与来源	秀丽隐杆线虫模型在细胞功能研究中的主要用途是什么？	研究细胞谱系、发育及程序性死亡。	研究细胞谱系、发育及程序性死亡。			CN02-S05
CELL02-148	02_细胞生物学研究方法	保留核心答案；更新格式与来源	秀丽隐杆线虫模型结果向目标问题推广时需注意什么？	固定谱系等特性未必适用于所有动物。	固定谱系等特性未必适用于所有动物。			CN02-S05
CELL02-149	02_细胞生物学研究方法	保留核心答案；更新格式与来源	小鼠模型在细胞功能研究中的主要用途是什么？	研究哺乳动物组织、发育和疾病相关机制。	研究哺乳动物组织、发育和疾病相关机制。			CN02-S05
CELL02-150	02_细胞生物学研究方法	保留核心答案；更新格式与来源	小鼠模型结果向目标问题推广时需注意什么？	小鼠结果需经人体或相关系统验证。	小鼠结果需经人体或相关系统验证。			CN02-S05
CELL02-151	02_细胞生物学研究方法	保留核心答案；更新格式与来源	拟南芥模型在细胞功能研究中的主要用途是什么？	研究植物发育、细胞壁和植物信号。	研究植物发育、细胞壁和植物信号。			CN02-S05
CELL02-152	02_细胞生物学研究方法	保留核心答案；更新格式与来源	拟南芥模型结果向目标问题推广时需注意什么？	植物特有机制不能无条件用于动物细胞。	植物特有机制不能无条件用于动物细胞。			CN02-S05
CELL02-153	02_细胞生物学研究方法	保留核心答案；更新格式与来源	基因敲除在细胞功能研究中的主要用途是什么？	检验特定基因缺失的表型和必要性。	检验特定基因缺失的表型和必要性。			CN02-S05
CELL02-154	02_细胞生物学研究方法	保留核心答案；更新格式与来源	基因敲除结果向目标问题推广时需注意什么？	代偿、发育间接效应和残余表达会影响解释。	代偿、发育间接效应和残余表达会影响解释。			CN02-S05
CELL02-155	02_细胞生物学研究方法	保留核心答案；更新格式与来源	基因过表达在细胞功能研究中的主要用途是什么？	检验增加基因产物是否足以改变表型。	检验增加基因产物是否足以改变表型。			CN02-S05
CELL02-156	02_细胞生物学研究方法	保留核心答案；更新格式与来源	基因过表达结果向目标问题推广时需注意什么？	非生理剂量可产生假象，不能替代必要性实验。	非生理剂量可产生假象，不能替代必要性实验。			CN02-S05
CELL02-157	02_细胞生物学研究方法	保留核心答案；更新格式与来源	功能救援在细胞功能研究中的主要用途是什么？	重建目标基因或功能检验表型能否恢复。	重建目标基因或功能检验表型能否恢复。			CN02-S05
CELL02-158	02_细胞生物学研究方法	保留核心答案；更新格式与来源	功能救援结果向目标问题推广时需注意什么？	表达水平、位置和构建体功能需要适当控制。	表达水平、位置和构建体功能需要适当控制。			CN02-S05
CELL02-159	02_细胞生物学研究方法	保留核心答案；更新格式与来源	CRISPR基因编辑在细胞功能研究中的主要用途是什么？	利用向导RNA指导核酸酶等系统改变目标序列。	利用向导RNA指导核酸酶等系统改变目标序列。			CN02-S05
CELL02-160	02_细胞生物学研究方法	保留核心答案；更新格式与来源	CRISPR基因编辑结果向目标问题推广时需注意什么？	需核实实际编辑、脱靶及多个独立克隆或重复。	需核实实际编辑、脱靶及多个独立克隆或重复。			CN02-S05
CELL02-E001	02_细胞生物学研究方法	新增	研究早期胚胎细胞迁移时，为什么不能只按“与人亲缘最近”选择模式生物？		应同时考虑目标过程的保守性、胚胎可观察性、遗传操作、发育速度和成本；透明且体外发育的斑马鱼等可能更适合动态成像。	模式选择服务于具体问题，随后应在相关物种或人源系统验证结论。		EN01-H039-H053
CELL02-E002	02_细胞生物学研究方法	新增	HAT 选择中，为什么融合细胞可持续生长，而未融合的两类亲本不能？		缺失补救途径酶的骨髓瘤细胞在从头合成受阻后不能存活；正常 B 细胞有补救途径但寿命有限；杂交瘤兼得补救能力和持续增殖能力。	HAT 不是直接筛选抗体特异性的步骤；还需单克隆化和检测目标抗体。T 指胸腺嘧啶核苷。	CNFIG0132	EN08-H000-H006
CELL02-E003	02_细胞生物学研究方法	新增	图中速率区带离心和等密度离心，最终分离依据有什么不同？		速率区带主要比较沉降速率，受质量、形状和介质影响，并需及时停止；等密度离心达到平衡时按浮力密度定位。	等密度需要梯度覆盖样品密度且达到平衡；不能把“较大”统一解释为两种方法都更靠底。	ENFIG0980	EN08-H007-H021
CELL02-E004	02_细胞生物学研究方法	新增	纯化后总活性减少而比活性提高，是否说明纯化失败？		不一定。比活性＝总活性/总蛋白；去除杂蛋白可提高纯度，同时伴随部分目标蛋白损失。应分别计算纯化倍数和活性回收率。	总活性下降也可能来自失活；纯度、产率与活性保持是不同指标。		EN08-H007-H021
CELL02-E005	02_细胞生物学研究方法	新增	1∶1 结合且游离配体远过量时，占有率为 1/2 的游离配体浓度与 Kd 有什么关系？		θ＝[L]free/(Kd＋[L]free)，故 θ＝1/2 时 [L]free＝Kd；Kd 越小，在相同游离浓度下结合越紧。	若配体明显耗竭，不能直接把加入的总配体浓度代替游离浓度；协同结合也不适用这一简单公式。	ENFIG0996	EN08-H022-H022
CELL02-E006	02_细胞生物学研究方法	新增	Sanger 测序中加入 ddNTP 为什么能得到不同长度的终止产物？		ddNTP 缺少形成下一条磷酸二酯键所需的 3′-OH；在不同位置被掺入时终止延伸，经长度分离和末端标记可读取序列。	读出的新生链为 5′→3′，需注意与模板链的互补关系。	ENFIG1029,ENFIG1030	EN08-H023-H041
CELL02-E007	02_细胞生物学研究方法	新增	两个隐性突变个体的杂交后代恢复正常，通常支持什么结论？		通常支持突变位于不同基因，两条同源染色体分别提供对方缺失的正常基因产物，发生互补。	结论依赖隐性、产物可互补等条件；显性负效应、基因内互补等是例外。	ENFIG1042,ENFIG1046	EN08-H042-H072
CELL02-E008	02_细胞生物学研究方法	新增	A 突变使分泌货物停在 ER，B 突变使货物停在 Golgi，双突变停在 ER。如何推断步骤顺序？		在线性运输路径且阻断充分的前提下，A 对应的步骤先于 B；上游阻断使货物到不了下游，所以双突变表现为 ER 积累。	遗传上位关系要结合通路性质解释；信号通路的抑制节点不能直接套用这一路径规则。	ENFIG1051	EN08-H042-H072
CELL02-E009	02_细胞生物学研究方法	新增	两样品 qPCR 扩增效率相同且每轮加倍，校正内参后的 ΔΔCt＝−3，目标 RNA 相对变化是多少？		相对量＝2^(−ΔΔCt)＝2³＝8，表示相对于对照升高约 8 倍。	需有可靠内参、相近扩增效率和无逆转录对照；不能用原始 Ct 差直接排除起始 RNA 量差异。	ENFIG1070	EN08-H042-H072
CELL02-E010	02_细胞生物学研究方法	新增	RNA-seq 信号不变，核糖体足迹增加，可以直接断定蛋白合成速率提高吗？		不能直接断定。足迹反映核糖体占据；增加可能来自起始增强，也可能来自延伸变慢或停滞。应结合新生肽标记等测真实产出。	可用足迹/RNA 比值估计翻译效率的变化，但解释需满足实验与归一化条件。	ENFIG1076	EN08-H042-H072
CELL02-E011	02_细胞生物学研究方法	新增	相干前馈回路要求直接和间接激活同时到位，为什么能够过滤短输入脉冲？		直接支路先到，间接支路积累较慢，使短脉冲引起的输出受到削弱或延迟；在具有阈值并要求同时激活的模型中，短输入可不足以启动明显输出。持续输入更容易使两支路同时到位。	具体延迟依调控阈值、蛋白寿命和逻辑门；不是所有相干前馈回路都自动具有同样响应。	ENFIG1119,ENFIG1120,ENFIG1121	EN08-H073-H090
CELL02-E012	02_细胞生物学研究方法	新增	用 λ＝550 nm、NA＝1.40 估算横向分辨距离 d＝0.61λ/NA，应得到多少？		d≈0.61×550/1.40≈240 nm，即 0.24 μm。	这是常规衍射限估算，受光学条件影响；增加放大倍数本身不会减小 d。	CNFIG0095,CNFIG0096	EN09-H000-H008,CN02-S01
CELL02-E013	02_细胞生物学研究方法	新增	GFP 融合蛋白定位漂亮且亮度高，为什么还应做功能救援实验？		标签或过量表达可能改变折叠、相互作用与定位；若融合蛋白能在合适表达量下救援缺失突变，才更有力支持其保留目标功能。	救援也需匹配表达水平与表型，并不能验证所有分子性质完全不变。		EN09-H009-H010
CELL02-E014	02_细胞生物学研究方法	新增	图示 FRAP 曲线最终未恢复到漂白前水平，通常如何解释？		在校正背景、持续漂白与区域大小等因素后，可提示该观察时间尺度内存在不交换或极慢交换组分；恢复速度反映移动/交换动力学。	不能把所有未恢复分数直接等同永久固定分数；观测窗口、结合与运输也会影响曲线。	ENFIG1168	EN09-H011-H012
CELL02-E015	02_细胞生物学研究方法	新增	FRET 生物传感器信号下降，是否一概意味着细胞内目标分子浓度下降？		不是。结合目标后可因距离或偶极取向变化使 FRET 增强，也可减弱；应依据该传感器结构和校准曲线解释信号方向。	还需排除串色、直接激发、表达量和光漂白；相近或共定位不等于已证明直接结合。	ENFIG1171,ENFIG1174	EN09-H011-H012
CELL02-E016	02_细胞生物学研究方法	新增	单颗粒冷冻电镜如何由二维投影得到三维结构？		快速玻璃化冻结保留颗粒；收集大量不同取向的二维投影，校正、分类、估计取向并重构三维密度。	重构是颗粒群体的结构推断，需处理异质性和取向偏好；分辨率不能只凭图像看起来清楚判断。	ENFIG1230,ENFIG1231,CNFIG0094	EN09-H013-H034,CN03-S01
CELL02-E017	02_细胞生物学研究方法	新增	93 kDa 的原肌球蛋白沉降比 65 kDa 血红蛋白慢，为什么不矛盾？		沉降系数同时取决于浮力质量和摩擦阻力；长杆形原肌球蛋白的水动力摩擦可大于较紧凑的血红蛋白，抵消质量较大的影响。	不能把沉降系数 S 直接当成分子量的可加单位。		EN08-EXERCISES
CELL02-E018	02_细胞生物学研究方法	新增	油镜为何通常提高分辨率，而不只是增加亮度？		浸油提高物方折射率并减少玻片至物镜之间的折射损失，可提高数值孔径 NA＝n sinθ，从而减小分辨距离。	依赖正确的物镜设计与浸油操作；不会自动消除所有像差或突破衍射限。		EN09-EXERCISES
CELL02-E019	02_细胞生物学研究方法	新增	要判断蛋白 A 是否直接结合 B 并影响 B 的活性，请设计相互补充的实验与对照。（闭卷 8—10 分钟，按 10 分自评）		细胞中 co-IP 或合适定位/近距离方法（2分）；纯化组分定量结合，排除第三方桥接（2分）；单独测 B 活性与 A 剂量关系（2分）；空载体/同型抗体/失活或结合缺失突变对照（2分）；救援、表达量及因果界限（2分）。	这是依据本章教材重组的练习，不标作上海大学真实历年考题；可先写提纲，再连成机制论述。		CN02-S02,CN02-S04,EN08-H022-H022
CELL03-001	03_细胞质膜	保留核心答案；更新格式与来源	脂双层模型关于膜结构的核心主张是什么？	两亲膜脂形成双层，疏水尾朝内。	两亲膜脂形成双层，疏水尾朝内。			CN03-S01
CELL03-002	03_细胞质膜	保留核心答案；更新格式与来源	脂双层模型对应的主要证据或限制是什么？	红细胞膜脂铺展面积约为细胞表面两倍支持双层，但实验有测量限制。	红细胞膜脂铺展面积约为细胞表面两倍支持双层，但实验有测量限制。			CN03-S01
CELL03-003	03_细胞质膜	保留核心答案；更新格式与来源	三明治模型关于膜结构的核心主张是什么？	脂双层两侧被连续蛋白层覆盖。	脂双层两侧被连续蛋白层覆盖。			CN03-S01
CELL03-004	03_细胞质膜	保留核心答案；更新格式与来源	三明治模型对应的主要证据或限制是什么？	不能解释膜蛋白跨膜嵌入及多种膜功能。	不能解释膜蛋白跨膜嵌入及多种膜功能。			CN03-S01
CELL03-005	03_细胞质膜	保留核心答案；更新格式与来源	单位膜模型关于膜结构的核心主张是什么？	强调膜共有的电镜三层外观。	强调膜共有的电镜三层外观。		CNFIG0111	CN03-S01
CELL03-006	03_细胞质膜	保留核心答案；更新格式与来源	单位膜模型对应的主要证据或限制是什么？	三层染色外观不能直接证明连续蛋白包覆。	三层染色外观不能直接证明连续蛋白包覆。			CN03-S01
CELL03-007	03_细胞质膜	保留核心答案；更新格式与来源	流动镶嵌模型关于膜结构的核心主张是什么？	脂双层为流动基质，蛋白嵌入或关联其间。	脂双层为流动基质，蛋白嵌入或关联其间。		CNFIG0031,ENFIG1252	CN03-S01,EN10-H000-H004
CELL03-008	03_细胞质膜	保留核心答案；更新格式与来源	流动镶嵌模型对应的主要证据或限制是什么？	需结合不对称性、骨架限制和膜域解释实际组织。	需结合不对称性、骨架限制和膜域解释实际组织。			CN03-S01
CELL03-009	03_细胞质膜	保留核心答案；更新格式与来源	脂筏概念关于膜结构的核心主张是什么？	膜内某些脂质及蛋白形成动态有序微域。	膜内某些脂质及蛋白形成动态有序微域。		CNFIG0077,ENFIG1274	CN03-S01,EN10-H005-H010
CELL03-010	03_细胞质膜	保留核心答案；更新格式与来源	脂筏概念对应的主要证据或限制是什么？	小而动态，实验操作可能改变膜域，不能当成固定大平台。	小而动态，实验操作可能改变膜域，不能当成固定大平台。		ENFIG1272,ENFIG1273	CN03-S01,EN10-H005-H010
CELL03-011	03_细胞质膜	保留核心答案；更新格式与来源	甘油磷脂的主要结构特征是什么？	甘油连接两条疏水链及含磷酸极性头。	甘油连接两条疏水链及含磷酸极性头。		ENFIG1256,CNFIG0075	CN03-S01
CELL03-012	03_细胞质膜	保留核心答案；更新格式与来源	甘油磷脂与膜性质或细胞功能有什么联系？	两亲性使其构成许多生物膜的双层基础。	两亲性使其构成许多生物膜的双层基础。			CN03-S01
CELL03-013	03_细胞质膜	保留核心答案；更新格式与来源	磷脂酰胆碱的主要结构特征是什么？	头部含胆碱的甘油磷脂。	头部含胆碱的甘油磷脂。		ENFIG1257	CN03-S01,EN10-H000-H004
CELL03-014	03_细胞质膜	保留核心答案；更新格式与来源	磷脂酰胆碱与膜性质或细胞功能有什么联系？	常为外小叶重要组分，参与膜双层构建。	常为外小叶重要组分，参与膜双层构建。			CN03-S01
CELL03-015	03_细胞质膜	保留核心答案；更新格式与来源	磷脂酰乙醇胺的主要结构特征是什么？	头部含乙醇胺，头基相对较小。	头部含乙醇胺，头基相对较小。		ENFIG1257	CN03-S01,EN10-H000-H004
CELL03-016	03_细胞质膜	保留核心答案；更新格式与来源	磷脂酰乙醇胺与膜性质或细胞功能有什么联系？	可影响膜曲率和双层堆积。	可影响膜曲率和双层堆积。			CN03-S01
CELL03-017	03_细胞质膜	保留核心答案；更新格式与来源	磷脂酰丝氨酸的主要结构特征是什么？	头部含丝氨酸，通常带负电。	头部含丝氨酸，通常带负电。		ENFIG1257	CN03-S01,EN10-H000-H004
CELL03-018	03_细胞质膜	保留核心答案；更新格式与来源	磷脂酰丝氨酸与膜性质或细胞功能有什么联系？	胞质侧富集有助蛋白招募；外翻可成为死亡细胞识别信号。	胞质侧富集有助蛋白招募；外翻可成为死亡细胞识别信号。			CN03-S01
CELL03-019	03_细胞质膜	保留核心答案；更新格式与来源	磷脂酰肌醇的主要结构特征是什么？	头部含肌醇并可被不同位点磷酸化。	头部含肌醇并可被不同位点磷酸化。		ENFIG1524	CN03-S01,EN13-H000-H018
CELL03-020	03_细胞质膜	保留核心答案；更新格式与来源	磷脂酰肌醇与膜性质或细胞功能有什么联系？	不同磷酸肌醇参与膜身份、蛋白招募及信号。	不同磷酸肌醇参与膜身份、蛋白招募及信号。			CN03-S01
CELL03-021	03_细胞质膜	保留核心答案；更新格式与来源	鞘磷脂的主要结构特征是什么？	含神经酰胺骨架和磷酸胆碱头。	含神经酰胺骨架和磷酸胆碱头。		ENFIG1257	CN03-S01,EN10-H000-H004
CELL03-022	03_细胞质膜	保留核心答案；更新格式与来源	鞘磷脂与膜性质或细胞功能有什么联系？	常富集于质膜外小叶并与有序膜域相关。	常富集于质膜外小叶并与有序膜域相关。			CN03-S01
CELL03-023	03_细胞质膜	保留核心答案；更新格式与来源	糖鞘脂的主要结构特征是什么？	神经酰胺连接糖链。	神经酰胺连接糖链。			CN03-S01
CELL03-024	03_细胞质膜	保留核心答案；更新格式与来源	糖鞘脂与膜性质或细胞功能有什么联系？	糖链朝非胞质侧，参与识别和表面保护。	糖链朝非胞质侧，参与识别和表面保护。			CN03-S01
CELL03-025	03_细胞质膜	保留核心答案；更新格式与来源	脑苷脂的主要结构特征是什么？	神经酰胺连接单个糖残基。	神经酰胺连接单个糖残基。		ENFIG1253	CN03-S01,EN10-H005-H010
CELL03-026	03_细胞质膜	保留核心答案；更新格式与来源	脑苷脂与膜性质或细胞功能有什么联系？	属于较简单糖鞘脂，不能与含磷酸头的鞘磷脂混同。	属于较简单糖鞘脂，不能与含磷酸头的鞘磷脂混同。			CN03-S01
CELL03-027	03_细胞质膜	保留核心答案；更新格式与来源	神经节苷脂的主要结构特征是什么？	糖链含唾液酸的复杂糖鞘脂。	糖链含唾液酸的复杂糖鞘脂。		ENFIG1254,ENFIG1255	CN03-S01,EN10-H005-H010
CELL03-028	03_细胞质膜	保留核心答案；更新格式与来源	神经节苷脂与膜性质或细胞功能有什么联系？	参与表面识别，可作某些毒素结合位点。	参与表面识别，可作某些毒素结合位点。			CN03-S01
CELL03-029	03_细胞质膜	保留核心答案；更新格式与来源	胆固醇的主要结构特征是什么？	刚性多环骨架加小极性羟基。	刚性多环骨架加小极性羟基。		ENFIG1259	CN03-S01,EN10-H000-H004
CELL03-030	03_细胞质膜	保留核心答案；更新格式与来源	胆固醇与膜性质或细胞功能有什么联系？	调节脂质堆积、流动性和小分子通透性。	调节脂质堆积、流动性和小分子通透性。		ENFIG1260	CN03-S01,EN10-H000-H004
CELL03-031	03_细胞质膜	保留核心答案；更新格式与来源	脂质体的主要结构特征是什么？	人工制备的封闭脂双层囊泡。	人工制备的封闭脂双层囊泡。		CNFIG0069,ENFIG1264,ENFIG1265	CN03-S01,EN10-H005-H010
CELL03-032	03_细胞质膜	保留核心答案；更新格式与来源	脂质体与膜性质或细胞功能有什么联系？	可封装物质或重构膜蛋白，用于膜功能实验与递送。	可封装物质或重构膜蛋白，用于膜功能实验与递送。			CN03-S01
CELL03-033	03_细胞质膜	保留核心答案；更新格式与来源	膜脂的侧向扩散具体指哪种运动？	分子在同一膜小叶平面内移动。	分子在同一膜小叶平面内移动。		ENFIG1270	CN03-S01,EN10-H005-H010
CELL03-034	03_细胞质膜	保留核心答案；更新格式与来源	膜脂的侧向扩散与其他运动相比，有何关键特点？	通常较快，不能直接改变内外小叶身份。	通常较快，不能直接改变内外小叶身份。			CN03-S01
CELL03-035	03_细胞质膜	保留核心答案；更新格式与来源	膜脂的轴向旋转具体指哪种运动？	分子绕自身长轴转动。	分子绕自身长轴转动。		ENFIG1270	CN03-S01,EN10-H005-H010
CELL03-036	03_细胞质膜	保留核心答案；更新格式与来源	膜脂的轴向旋转与其他运动相比，有何关键特点？	改变取向而不要求跨越双层核心。	改变取向而不要求跨越双层核心。			CN03-S01
CELL03-037	03_细胞质膜	保留核心答案；更新格式与来源	膜脂的尾链摆动具体指哪种运动？	疏水链局部构象波动。	疏水链局部构象波动。		ENFIG1270	CN03-S01,EN10-H005-H010
CELL03-038	03_细胞质膜	保留核心答案；更新格式与来源	膜脂的尾链摆动与其他运动相比，有何关键特点？	影响堆积与局部自由度，不等于整个分子翻转。	影响堆积与局部自由度，不等于整个分子翻转。			CN03-S01
CELL03-039	03_细胞质膜	保留核心答案；更新格式与来源	膜脂的跨小叶翻转具体指哪种运动？	膜脂从一个小叶移到另一小叶。	膜脂从一个小叶移到另一小叶。		ENFIG1270	CN03-S01,EN10-H005-H010
CELL03-040	03_细胞质膜	保留核心答案；更新格式与来源	膜脂的跨小叶翻转与其他运动相比，有何关键特点？	极性头跨疏水核心能垒高，自发发生通常很慢。	极性头跨疏水核心能垒高，自发发生通常很慢。			CN03-S01
CELL03-041	03_细胞质膜	保留核心答案；更新格式与来源	周边膜蛋白与膜结合的主要方式是什么？	靠非共价作用结合膜蛋白或脂头部，不深插疏水核心。	靠非共价作用结合膜蛋白或脂头部，不深插疏水核心。		ENFIG1277	CN03-S01,EN10-H011-H021
CELL03-042	03_细胞质膜	保留核心答案；更新格式与来源	实验分离周边膜蛋白时通常依据什么特点？	改变盐浓度或pH可释放部分周边蛋白。	改变盐浓度或pH可释放部分周边蛋白。			CN03-S01
CELL03-043	03_细胞质膜	保留核心答案；更新格式与来源	跨膜整合蛋白与膜结合的主要方式是什么？	疏水跨膜区插入脂双层核心。	疏水跨膜区插入脂双层核心。		CNFIG0124,CNFIG0070,ENFIG1277	CN03-S01,EN10-H011-H021
CELL03-044	03_细胞质膜	保留核心答案；更新格式与来源	实验分离跨膜整合蛋白时通常依据什么特点？	通常需去垢剂破坏膜脂环境后溶出。	通常需去垢剂破坏膜脂环境后溶出。		ENFIG1291	CN03-S01,EN10-H011-H021
CELL03-045	03_细胞质膜	保留核心答案；更新格式与来源	脂锚定蛋白与膜结合的主要方式是什么？	蛋白共价连接的脂基插入膜。	蛋白共价连接的脂基插入膜。		CNFIG0129,ENFIG1277	CN03-S01,EN10-H011-H021
CELL03-046	03_细胞质膜	保留核心答案；更新格式与来源	实验分离脂锚定蛋白时通常依据什么特点？	去除或切断相应脂锚可改变膜结合。	去除或切断相应脂锚可改变膜结合。			CN03-S01
CELL03-047	03_细胞质膜	保留核心答案；更新格式与来源	GPI锚定蛋白与膜结合的主要方式是什么？	经糖基磷脂酰肌醇锚定于非胞质侧。	经糖基磷脂酰肌醇锚定于非胞质侧。			CN03-S01
CELL03-048	03_细胞质膜	保留核心答案；更新格式与来源	实验分离GPI锚定蛋白时通常依据什么特点？	某些可由特定磷脂酶切断锚而释放。	某些可由特定磷脂酶切断锚而释放。			CN03-S01
CELL03-049	03_细胞质膜	保留核心答案；更新格式与来源	脂酰化胞质侧蛋白与膜结合的主要方式是什么？	脂肪酸修饰帮助蛋白贴附胞质小叶。	脂肪酸修饰帮助蛋白贴附胞质小叶。		ENFIG1278	CN03-S01,EN10-H011-H021
CELL03-050	03_细胞质膜	保留核心答案；更新格式与来源	实验分离脂酰化胞质侧蛋白时通常依据什么特点？	其膜结合还可依赖其他脂锚或蛋白作用。	其膜结合还可依赖其他脂锚或蛋白作用。			CN03-S01
CELL03-051	03_细胞质膜	保留核心答案；更新格式与来源	跨膜α螺旋与膜结合的主要方式是什么？	疏水侧链朝向膜脂，螺旋骨架内部氢键。	疏水侧链朝向膜脂，螺旋骨架内部氢键。		ENFIG1281	CN03-S01,EN10-H011-H021
CELL03-052	03_细胞质膜	事实或边界修订	实验分离跨膜α螺旋时通常依据什么特点？	疏水序列可提示跨膜区，但需验证拓扑。	跨膜 α 螺旋的疏水侧链与脂双层核心接触，通常需适当去垢剂溶出；盐或 pH 改变一般不足以释放整合膜蛋白。疏水性图只提示候选跨膜区，最终拓扑需实验验证。			CN03-S01
CELL03-053	03_细胞质膜	保留核心答案；更新格式与来源	跨膜β桶与膜结合的主要方式是什么？	β链围成桶，外侧与膜脂接触。	β链围成桶，外侧与膜脂接触。		ENFIG1284	CN03-S01,EN10-H011-H021
CELL03-054	03_细胞质膜	事实或边界修订	实验分离跨膜β桶时通常依据什么特点？	常见于细菌及部分细胞器外膜，不能套用所有膜。	跨膜 β 桶外侧的疏水残基与膜脂接触，通常也需适当去垢剂溶出；不能按周边膜蛋白的盐洗方法处理。β 桶常见于革兰阴性菌外膜及线粒体、叶绿体外膜。			CN03-S01
CELL03-055	03_细胞质膜	保留核心答案；更新格式与来源	SDS处理膜蛋白的主要特点是什么？	可溶膜并强烈破坏蛋白非共价结构。	可溶膜并强烈破坏蛋白非共价结构。		ENFIG1288	CN03-S01,EN10-H011-H021
CELL03-056	03_细胞质膜	保留核心答案；更新格式与来源	SDS用于功能研究时需注意什么？	适于变性分析，通常不利于保留天然活性。	适于变性分析，通常不利于保留天然活性。			CN03-S01
CELL03-057	03_细胞质膜	保留核心答案；更新格式与来源	非离子去垢剂处理膜蛋白的主要特点是什么？	可溶解膜，作用通常较温和。	可溶解膜，作用通常较温和。		ENFIG1289	CN03-S01
CELL03-058	03_细胞质膜	保留核心答案；更新格式与来源	非离子去垢剂用于功能研究时需注意什么？	温和不等于绝对不改变活性，仍需实测。	温和不等于绝对不改变活性，仍需实测。			CN03-S01
CELL03-059	03_细胞质膜	保留核心答案；更新格式与来源	临界胶束浓度CMC是什么？	表面活性剂开始大量形成胶束的浓度范围；依种类及溶液条件而变。	表面活性剂开始大量形成胶束的浓度范围；依种类及溶液条件而变。		ENFIG1290	CN03-S01,EN10-H011-H021
CELL03-060	03_细胞质膜	保留核心答案；更新格式与来源	溶解或重构膜蛋白时，为何要考虑去垢剂的临界胶束浓度？	浓度与胶束形成影响脂膜溶解和蛋白周围环境，不能只按加入总量判断作用。	浓度与胶束形成影响脂膜溶解和蛋白周围环境，不能只按加入总量判断作用。		CNFIG0126	CN03-S01
CELL03-061	03_细胞质膜	保留核心答案；更新格式与来源	磷脂在水中形成双层而非把疏水尾暴露在外，驱动力是什么？	疏水效应减少非极性链与水接触，极性头与水相接。	疏水效应减少非极性链与水接触，极性头与水相接。		ENFIG1261,ENFIG1262	CN03-S01,EN10-H000-H004
CELL03-062	03_细胞质膜	保留核心答案；更新格式与来源	膜双层为何倾向封闭成囊泡而不是长期保持裸露边缘？	裸露边缘暴露疏水核心，封闭可降低自由能。	裸露边缘暴露疏水核心，封闭可降低自由能。			CN03-S01
CELL03-063	03_细胞质膜	保留核心答案；更新格式与来源	膜蛋白跨膜α螺旋为何常含约20个疏水残基？	螺旋长度需匹配膜疏水核心厚度，疏水侧链适配脂链环境。	螺旋长度需匹配膜疏水核心厚度，疏水侧链适配脂链环境。			CN03-S01
CELL03-064	03_细胞质膜	保留核心答案；更新格式与来源	脂滴表面为何是磷脂单层而不是典型脂双层？	内部是中性脂质而非水相，疏水尾可朝脂滴核心。	内部是中性脂质而非水相，疏水尾可朝脂滴核心。			CN03-S01
CELL03-065	03_细胞质膜	保留核心答案；更新格式与来源	重构脂质体实验显示蛋白可运输底物，能支持什么结论？	在所用脂质及条件下，该蛋白具运输能力；尚不能证明体内唯一或必需途径。	在所用脂质及条件下，该蛋白具运输能力；尚不能证明体内唯一或必需途径。		ENFIG1292	CN03-S01,EN10-H011-H021
CELL03-066	03_细胞质膜	保留核心答案；更新格式与来源	在其他条件相同下，脂链缩短通常如何影响膜流动性？	通常增加流动性。	通常增加流动性。			CN03-S02
CELL03-067	03_细胞质膜	保留核心答案；更新格式与来源	脂链缩短影响膜流动性或侧向扩散的机制是什么？	链间作用范围降低，紧密堆积减弱。	链间作用范围降低，紧密堆积减弱。			CN03-S02
CELL03-068	03_细胞质膜	保留核心答案；更新格式与来源	在其他条件相同下，顺式双键增加通常如何影响膜流动性？	通常增加流动性。	通常增加流动性。			CN03-S02
CELL03-069	03_细胞质膜	保留核心答案；更新格式与来源	顺式双键增加影响膜流动性或侧向扩散的机制是什么？	链弯折妨碍规则堆积。	链弯折妨碍规则堆积。		ENFIG1269	CN03-S02,EN10-H005-H010
CELL03-070	03_细胞质膜	保留核心答案；更新格式与来源	在其他条件相同下，饱和长链增加通常如何影响膜流动性？	通常降低流动性并提高相变温度。	通常降低流动性并提高相变温度。			CN03-S02
CELL03-071	03_细胞质膜	保留核心答案；更新格式与来源	饱和长链增加影响膜流动性或侧向扩散的机制是什么？	较易紧密排列并形成较强链间作用。	较易紧密排列并形成较强链间作用。			CN03-S02
CELL03-072	03_细胞质膜	保留核心答案；更新格式与来源	在其他条件相同下，温度升高至非损伤范围通常如何影响膜流动性？	通常增加脂质运动。	通常增加脂质运动。			CN03-S02
CELL03-073	03_细胞质膜	保留核心答案；更新格式与来源	温度升高至非损伤范围影响膜流动性或侧向扩散的机制是什么？	热运动增强，但不可跨条件绝对推广。	热运动增强，但不可跨条件绝对推广。			CN03-S02
CELL03-074	03_细胞质膜	保留核心答案；更新格式与来源	在其他条件相同下，低温下增加胆固醇通常如何影响膜流动性？	可抑制脂链紧密结晶，防止过度凝固。	可抑制脂链紧密结晶，防止过度凝固。			CN03-S02
CELL03-075	03_细胞质膜	保留核心答案；更新格式与来源	低温下增加胆固醇影响膜流动性或侧向扩散的机制是什么？	胆固醇打乱规则脂链排列。	胆固醇打乱规则脂链排列。			CN03-S02
CELL03-076	03_细胞质膜	保留核心答案；更新格式与来源	在其他条件相同下，较高温下增加胆固醇通常如何影响膜流动性？	可限制邻近脂链运动，缓冲流动性。	可限制邻近脂链运动，缓冲流动性。			CN03-S02
CELL03-077	03_细胞质膜	保留核心答案；更新格式与来源	较高温下增加胆固醇影响膜流动性或侧向扩散的机制是什么？	刚性环结构约束链段活动。	刚性环结构约束链段活动。		ENFIG1258	CN03-S02,EN10-H000-H004
CELL03-078	03_细胞质膜	保留核心答案；更新格式与来源	在其他条件相同下，增强膜蛋白与骨架连接通常如何影响膜流动性？	常降低被连接蛋白的侧向移动范围。	常降低被连接蛋白的侧向移动范围。			CN03-S02
CELL03-079	03_细胞质膜	保留核心答案；更新格式与来源	增强膜蛋白与骨架连接影响膜流动性或侧向扩散的机制是什么？	锚定与围栏限制扩散，不必改变全部膜脂运动。	锚定与围栏限制扩散，不必改变全部膜脂运动。		ENFIG1308	CN03-S02,EN10-H022-H026
CELL03-080	03_细胞质膜	保留核心答案；更新格式与来源	在其他条件相同下，形成有序膜域通常如何影响膜流动性？	使局部运动与周边膜区域不同。	使局部运动与周边膜区域不同。			CN03-S02
CELL03-081	03_细胞质膜	保留核心答案；更新格式与来源	形成有序膜域影响膜流动性或侧向扩散的机制是什么？	脂质组成、堆积和蛋白相互作用具有空间异质性。	脂质组成、堆积和蛋白相互作用具有空间异质性。			CN03-S02
CELL03-082	03_细胞质膜	保留核心答案；更新格式与来源	ES面在膜不对称性中指什么？	膜接触非胞质水相的表面。	膜接触非胞质水相的表面。			CN03-S02
CELL03-083	03_细胞质膜	保留核心答案；更新格式与来源	ES面应如何避免拓扑混淆？	质膜对应胞外，内膜对应细胞器腔侧。	质膜对应胞外，内膜对应细胞器腔侧。			CN03-S02
CELL03-084	03_细胞质膜	保留核心答案；更新格式与来源	PS面在膜不对称性中指什么？	膜接触胞质的表面。	膜接触胞质的表面。			CN03-S02
CELL03-085	03_细胞质膜	保留核心答案；更新格式与来源	PS面应如何避免拓扑混淆？	不是所有细胞器内部水相都可叫胞质。	不是所有细胞器内部水相都可叫胞质。			CN03-S02
CELL03-086	03_细胞质膜	保留核心答案；更新格式与来源	EF面在膜不对称性中指什么？	冷冻断裂显露的外小叶内部断裂面。	冷冻断裂显露的外小叶内部断裂面。		CNFIG0110	CN03-S02
CELL03-087	03_细胞质膜	保留核心答案；更新格式与来源	EF面应如何避免拓扑混淆？	断裂面不是ES表面。	断裂面不是ES表面。			CN03-S02
CELL03-088	03_细胞质膜	保留核心答案；更新格式与来源	PF面在膜不对称性中指什么？	冷冻断裂显露的胞质小叶内部断裂面。	冷冻断裂显露的胞质小叶内部断裂面。			CN03-S02
CELL03-089	03_细胞质膜	保留核心答案；更新格式与来源	PF面应如何避免拓扑混淆？	断裂面不是PS表面。	断裂面不是PS表面。			CN03-S02
CELL03-090	03_细胞质膜	保留核心答案；更新格式与来源	膜糖链取向在膜不对称性中指什么？	糖蛋白和糖脂糖链通常朝非胞质侧。	糖蛋白和糖脂糖链通常朝非胞质侧。		ENFIG1285	CN03-S02,EN10-H011-H021
CELL03-091	03_细胞质膜	保留核心答案；更新格式与来源	膜糖链取向应如何避免拓扑混淆？	ER腔侧经过分泌运输后对应细胞外侧。	ER腔侧经过分泌运输后对应细胞外侧。			CN03-S02
CELL03-092	03_细胞质膜	保留核心答案；更新格式与来源	磷脂分布不对称在膜不对称性中指什么？	同一膜脂在两小叶含量不同。	同一膜脂在两小叶含量不同。		CNFIG0097,ENFIG1276	CN03-S02,EN10-H005-H010
CELL03-093	03_细胞质膜	保留核心答案；更新格式与来源	磷脂分布不对称应如何避免拓扑混淆？	需区分脂质组成差异和膜蛋白固定取向。	需区分脂质组成差异和膜蛋白固定取向。			CN03-S02
CELL03-094	03_细胞质膜	保留核心答案；更新格式与来源	红细胞膜系统中的血影蛋白主要承担什么作用？	形成柔性膜下网架。	形成柔性膜下网架。		ENFIG1314	CN03-S02
CELL03-095	03_细胞质膜	保留核心答案；更新格式与来源	红细胞膜系统中血影蛋白与哪些组分的连接最关键？	与短肌动蛋白丝及相关连接蛋白构成网络。	与短肌动蛋白丝及相关连接蛋白构成网络。		ENFIG1316	CN03-S02,EN10-H022-H026
CELL03-096	03_细胞质膜	保留核心答案；更新格式与来源	红细胞膜系统中的锚蛋白主要承担什么作用？	把膜骨架连接到膜整合蛋白。	把膜骨架连接到膜整合蛋白。			CN03-S02
CELL03-097	03_细胞质膜	保留核心答案；更新格式与来源	红细胞膜系统中锚蛋白与哪些组分的连接最关键？	连接血影蛋白与带3蛋白等。	连接血影蛋白与带3蛋白等。		ENFIG1316	CN03-S02,EN10-H022-H026
CELL03-098	03_细胞质膜	保留核心答案；更新格式与来源	红细胞膜系统中的带3蛋白主要承担什么作用？	介导Cl⁻/HCO₃⁻交换并参与骨架锚定。	介导Cl⁻/HCO₃⁻交换并参与骨架锚定。			CN03-S02
CELL03-099	03_细胞质膜	保留核心答案；更新格式与来源	红细胞膜系统中带3蛋白与哪些组分的连接最关键？	其胞质侧关联锚蛋白与膜骨架。	其胞质侧关联锚蛋白与膜骨架。			CN03-S02
CELL03-100	03_细胞质膜	保留核心答案；更新格式与来源	红细胞膜系统中的带4.1蛋白主要承担什么作用？	稳定膜骨架节点并协助膜连接。	稳定膜骨架节点并协助膜连接。			CN03-S02
CELL03-101	03_细胞质膜	保留核心答案；更新格式与来源	红细胞膜系统中带4.1蛋白与哪些组分的连接最关键？	加强血影蛋白—肌动蛋白节点及相关膜连接。	加强血影蛋白—肌动蛋白节点及相关膜连接。		ENFIG1316	CN03-S02,EN10-H022-H026
CELL03-102	03_细胞质膜	保留核心答案；更新格式与来源	红细胞膜系统中的短肌动蛋白丝主要承担什么作用？	作为膜骨架网络连接节点。	作为膜骨架网络连接节点。			CN03-S02
CELL03-103	03_细胞质膜	保留核心答案；更新格式与来源	红细胞膜系统中短肌动蛋白丝与哪些组分的连接最关键？	与血影蛋白及稳定节点的蛋白结合。	与血影蛋白及稳定节点的蛋白结合。			CN03-S02
CELL03-104	03_细胞质膜	保留核心答案；更新格式与来源	人鼠细胞融合后两种表面蛋白标记逐渐混合，支持什么膜性质？	支持所标记蛋白可侧向移动；不能推出所有膜蛋白同样自由扩散。	支持所标记蛋白可侧向移动；不能推出所有膜蛋白同样自由扩散。		ENFIG1299	CN03-S02
CELL03-105	03_细胞质膜	事实或边界修订	红细胞骨架连接缺陷时，为什么细胞可能更易变形并溶血？	膜的机械支撑与稳定连接减弱，难以承受循环中的应力。	膜骨架支撑或锚定受损会降低膜稳定性，促进膜面积丢失和溶血；例如遗传性球形红细胞可因表面积/体积比下降而更难变形、更易在脾脏滞留。题干的“更易变形”不能作为所有骨架缺陷的共同结论。			CN03-S02
CELL03-106	03_细胞质膜	保留核心答案；更新格式与来源	脂质翻转酶失活时，为什么不能只凭总磷脂量正常就判断膜正常？	总量正常仍可能丢失两小叶不对称性，影响信号与膜形态。	总量正常仍可能丢失两小叶不对称性，影响信号与膜形态。			CN03-S02
CELL03-107	03_细胞质膜	保留核心答案；更新格式与来源	糖链朝向内质网腔的膜蛋白运到质膜后，糖链面向哪里？	细胞外；囊泡出芽和融合保持非胞质侧拓扑。	细胞外；囊泡出芽和融合保持非胞质侧拓扑。		CNFIG0082	CN03-S02
CELL03-108	03_细胞质膜	保留核心答案；更新格式与来源	红细胞形成血影标本后为何仍可研究膜骨架？	去除血红蛋白等可溶内容物，仍保留膜及关联骨架。	去除血红蛋白等可溶内容物，仍保留膜及关联骨架。		CNFIG0033,CNFIG0038,CNFIG0015	CN03-S02
CELL03-109	03_细胞质膜	保留核心答案；更新格式与来源	去垢剂不溶部分富集某蛋白，能否仅凭此证明它位于天然脂筏？	不能。去垢剂可能重排膜，需结合活细胞及独立证据。	不能。去垢剂可能重排膜，需结合活细胞及独立证据。			CN03-S02
CELL03-110	03_细胞质膜	保留核心答案；更新格式与来源	受体仍能结合配体但膜下锚定改变，为什么功能仍可能异常？	定位、聚集、力学连接和下游组装可能改变，配体结合只是功能的一部分。	定位、聚集、力学连接和下游组装可能改变，配体结合只是功能的一部分。			CN03-S02
CELL03-E001	03_细胞质膜	新增	一张脂双层膜片在水中为何倾向闭合成囊泡？		开放边缘暴露疏水烃链，具有较高自由能；闭合可消除边缘并把疏水部分埋藏在双层内部。	曲率、脂质组成和蛋白可影响具体形态；不是每个实际膜结构都成为球形。	ENFIG1263,ENFIG1266,ENFIG1267,ENFIG1268	EN10-H000-H004,EN10-H005-H010
CELL03-E002	03_细胞质膜	新增	脂滴表面为何是磷脂单层，而不是包住水相的磷脂双层？		脂滴核心是三酰甘油和胆固醇酯等中性脂质；磷脂的疏水尾朝向核心、亲水头朝向胞质，一层即可分隔这两种环境。	脂滴与内膜系统相关，但不能把核心称为与 ER 腔等价的水相腔室。	ENFIG1275	EN10-H005-H010
CELL03-E003	03_细胞质膜	新增	两条疏水性图分别出现约 1 个和 7 个宽的疏水峰，可提出什么拓扑假说？		可分别提出单次和多次跨膜 α 螺旋的候选拓扑；峰应有足够长度，并结合序列和其他证据判断。	疏水性图不能独立确定朝向、信号肽是否被切除或 β 桶结构；需蛋白酶保护、糖基化等实验。	ENFIG1279,ENFIG1280	EN10-H011-H021
CELL03-E004	03_细胞质膜	新增	同一膜蛋白在短时单粒子追踪中被限制，长时又可远距离移动，如何解释？		皮质骨架与锚定蛋白形成膜内围栏，分子可在小区域扩散，偶尔跨越围栏发生跳跃式迁移。	实际还可受聚集和结合影响；短时受限不等于蛋白在膜上完全固定。	ENFIG1317	EN10-H022-H026
CELL03-E005	03_细胞质膜	新增	“没有转位酶，磷脂绝不可能跨小叶翻转”为什么表述过强？		磷脂亲水头穿过疏水核心有较高能垒，所以自发翻转通常很慢；转位酶显著加速，并不意味着自发速率严格为零。	不同脂质翻转速率不同，不能把胆固醇等与多数磷脂统一比较。		EN10-EXERCISES
CELL03-E006	03_细胞质膜	新增	设计实验验证一个膜蛋白的跨膜次数、朝向和侧向运动，并说明各测量的限制。（闭卷 8—10 分钟，按 10 分自评）		疏水性预测提供候选区域（2分）；糖基化或蛋白酶保护验证腔/胞质侧（2分）；通透化与膜完整性对照（2分）；FRAP/单粒子追踪测移动及受限组分（2分）；区分预测、定位与动力学结论（2分）。	这是依据本章教材重组的练习，不标作上海大学真实历年考题；可先写提纲，再连成机制论述。		CN03-S01,CN03-S02,EN10-H011-H021
CELL04-001	04_物质的跨膜运输	保留核心答案；更新格式与来源	简单扩散依赖何种运输结构？	溶质直接穿脂双层。	溶质直接穿脂双层。		CNFIG0043	CN04-S01
CELL04-002	04_物质的跨膜运输	保留核心答案；更新格式与来源	简单扩散的直接驱动力是什么？	溶质化学势差。	溶质化学势差。			CN04-S01
CELL04-003	04_物质的跨膜运输	保留核心答案；更新格式与来源	简单扩散与相似运输方式的关键区别是什么？	不需要特异转运蛋白。	不需要特异转运蛋白。		CNFIG0123	CN04-S01
CELL04-004	04_物质的跨膜运输	保留核心答案；更新格式与来源	载体介导易化扩散依赖何种运输结构？	具有交替开放构象的载体。	具有交替开放构象的载体。		CNFIG0112,CNFIG0072	CN04-S01
CELL04-005	04_物质的跨膜运输	保留核心答案；更新格式与来源	载体介导易化扩散的直接驱动力是什么？	溶质顺电化学梯度运动。	溶质顺电化学梯度运动。			CN04-S01
CELL04-006	04_物质的跨膜运输	保留核心答案；更新格式与来源	载体介导易化扩散与相似运输方式的关键区别是什么？	可饱和且有选择性，但不主动积累溶质。	可饱和且有选择性，但不主动积累溶质。			CN04-S01
CELL04-007	04_物质的跨膜运输	保留核心答案；更新格式与来源	通道介导运输依赖何种运输结构？	开放的跨膜亲水通道。	开放的跨膜亲水通道。			CN04-S01
CELL04-008	04_物质的跨膜运输	保留核心答案；更新格式与来源	通道介导运输的直接驱动力是什么？	离子或水顺相应势差运动。	离子或水顺相应势差运动。			CN04-S01
CELL04-009	04_物质的跨膜运输	保留核心答案；更新格式与来源	通道介导运输与相似运输方式的关键区别是什么？	开启后连续通行，不需每个离子伴完整载体循环。	开启后连续通行，不需每个离子伴完整载体循环。			CN04-S01
CELL04-010	04_物质的跨膜运输	保留核心答案；更新格式与来源	原发主动运输依赖何种运输结构？	直接与能量输入偶联的转运系统。	直接与能量输入偶联的转运系统。		CNFIG0088	CN04-S01
CELL04-011	04_物质的跨膜运输	保留核心答案；更新格式与来源	原发主动运输的直接驱动力是什么？	ATP水解、光能等直接能量来源。	ATP水解、光能等直接能量来源。			CN04-S01
CELL04-012	04_物质的跨膜运输	保留核心答案；更新格式与来源	原发主动运输与相似运输方式的关键区别是什么？	直接利用能源，而非先借另一溶质梯度。	直接利用能源，而非先借另一溶质梯度。			CN04-S01
CELL04-013	04_物质的跨膜运输	保留核心答案；更新格式与来源	继发主动运输依赖何种运输结构？	把两种或多种溶质运动偶联的载体。	把两种或多种溶质运动偶联的载体。			CN04-S01
CELL04-014	04_物质的跨膜运输	保留核心答案；更新格式与来源	继发主动运输的直接驱动力是什么？	其中一种溶质顺电化学梯度的自由能。	其中一种溶质顺电化学梯度的自由能。			CN04-S01
CELL04-015	04_物质的跨膜运输	保留核心答案；更新格式与来源	继发主动运输与相似运输方式的关键区别是什么？	载体本身可不水解ATP，但整体仍依赖能量。	载体本身可不水解ATP，但整体仍依赖能量。			CN04-S01
CELL04-016	04_物质的跨膜运输	保留核心答案；更新格式与来源	同向协同运输依赖何种运输结构？	偶联载体。	偶联载体。		ENFIG1336	CN04-S01
CELL04-017	04_物质的跨膜运输	事实或边界修订	同向协同运输的直接驱动力是什么？	一个组分的有利运动推动另一组分。	由被偶联溶质的总自由能变化决定；在典型继发主动运输中，一种溶质顺电化学梯度运动驱动另一种逆梯度。同向仅说明运动方向相同，本身不能判定是否主动运输。			CN04-S01
CELL04-018	04_物质的跨膜运输	保留核心答案；更新格式与来源	同向协同运输与相似运输方式的关键区别是什么？	被偶联组分跨膜方向相同。	被偶联组分跨膜方向相同。			CN04-S01
CELL04-019	04_物质的跨膜运输	保留核心答案；更新格式与来源	反向协同运输依赖何种运输结构？	交换型偶联载体。	交换型偶联载体。			CN04-S01
CELL04-020	04_物质的跨膜运输	事实或边界修订	反向协同运输的直接驱动力是什么？	一个组分的有利运动推动另一组分。	由被偶联溶质的总自由能变化决定；一种溶质的有利运动可驱动另一种溶质的交换。反向仅说明方向相反，并不保证每个交换体系均执行继发主动运输。			CN04-S01
CELL04-021	04_物质的跨膜运输	保留核心答案；更新格式与来源	反向协同运输与相似运输方式的关键区别是什么？	被偶联组分跨膜方向相反。	被偶联组分跨膜方向相反。			CN04-S01
CELL04-022	04_物质的跨膜运输	保留核心答案；更新格式与来源	单向转运依赖何种运输结构？	一次转运一类溶质的系统。	一次转运一类溶质的系统。			CN04-S01
CELL04-023	04_物质的跨膜运输	保留核心答案；更新格式与来源	单向转运的直接驱动力是什么？	具体取决于系统是否与能源偶联。	具体取决于系统是否与能源偶联。			CN04-S01
CELL04-024	04_物质的跨膜运输	保留核心答案；更新格式与来源	单向转运与相似运输方式的关键区别是什么？	单向描述组分数，不自动等同于主动运输。	单向描述组分数，不自动等同于主动运输。			CN04-S01
CELL04-025	04_物质的跨膜运输	保留核心答案；更新格式与来源	电压门控通道的开关主要响应什么？	膜电位变化。	膜电位变化。		CNFIG0037	CN04-S01
CELL04-026	04_物质的跨膜运输	保留核心答案；更新格式与来源	电压门控通道的开放怎样影响离子流？	改变开放概率，流向仍由电化学驱动力决定。	改变开放概率，流向仍由电化学驱动力决定。			CN04-S01
CELL04-027	04_物质的跨膜运输	保留核心答案；更新格式与来源	胞外配体门控通道的开关主要响应什么？	胞外配体结合。	胞外配体结合。			CN04-S01
CELL04-028	04_物质的跨膜运输	保留核心答案；更新格式与来源	胞外配体门控通道的开放怎样影响离子流？	可迅速改变特定离子通透性，不必经过激酶级联。	可迅速改变特定离子通透性，不必经过激酶级联。			CN04-S01
CELL04-029	04_物质的跨膜运输	保留核心答案；更新格式与来源	胞内配体门控通道的开关主要响应什么？	胞内第二信使或其他配体。	胞内第二信使或其他配体。			CN04-S01
CELL04-030	04_物质的跨膜运输	保留核心答案；更新格式与来源	胞内配体门控通道的开放怎样影响离子流？	把胞内化学信号转成通透性变化。	把胞内化学信号转成通透性变化。			CN04-S01
CELL04-031	04_物质的跨膜运输	保留核心答案；更新格式与来源	机械门控通道的开关主要响应什么？	膜张力或机械连接变化。	膜张力或机械连接变化。			CN04-S01
CELL04-032	04_物质的跨膜运输	保留核心答案；更新格式与来源	机械门控通道的开放怎样影响离子流？	可把机械刺激转成离子流与细胞反应。	可把机械刺激转成离子流与细胞反应。			CN04-S01
CELL04-033	04_物质的跨膜运输	保留核心答案；更新格式与来源	钾渗漏通道的开关主要响应什么？	在相关条件下具有背景开放活性。	在相关条件下具有背景开放活性。			CN04-S01
CELL04-034	04_物质的跨膜运输	保留核心答案；更新格式与来源	钾渗漏通道的开放怎样影响离子流？	使静息电位接近钾平衡电位，具体取决于其他通透性。	使静息电位接近钾平衡电位，具体取决于其他通透性。			CN04-S01
CELL04-035	04_物质的跨膜运输	保留核心答案；更新格式与来源	水孔蛋白的开关主要响应什么？	结构及调控状态决定水通透性。	结构及调控状态决定水通透性。			CN04-S01
CELL04-036	04_物质的跨膜运输	事实或边界修订	水孔蛋白的开放怎样影响离子流？	加快水的被动流动，不逆渗透驱动力泵水。	水孔蛋白通常不直接传导离子；它主要加快水沿渗透驱动力的被动跨膜流动，不能逆渗透势差泵水。		CNFIG0060	CN04-S01
CELL04-037	04_物质的跨膜运输	保留核心答案；更新格式与来源	离子运输为何不能只看膜两侧浓度？	离子还受膜电位作用，应合并化学梯度与电势差。	离子还受膜电位作用，应合并化学梯度与电势差。			CN04-S01
CELL04-038	04_物质的跨膜运输	保留核心答案；更新格式与来源	钾通道为什么可排斥更小的钠离子？	选择性滤器对脱水离子的配位与能量补偿具有选择性，孔径不是唯一因素。	选择性滤器对脱水离子的配位与能量补偿具有选择性，孔径不是唯一因素。			CN04-S01
CELL04-039	04_物质的跨膜运输	保留核心答案；更新格式与来源	水孔蛋白通常如何避免把水通道变成质子泄漏通道？	通道结构与电场使水分子取向等受限，打断连续质子传递条件。	通道结构与电场使水分子取向等受限，打断连续质子传递条件。		ENFIG1283	CN04-S01,EN10-H011-H021
CELL04-040	04_物质的跨膜运输	保留核心答案；更新格式与来源	运输速率随底物浓度出现平台，最直接提示什么？	有限运输位点或过程达到最大速率，仍需排除其他限制。	有限运输位点或过程达到最大速率，仍需排除其他限制。			CN04-S01
CELL04-041	04_物质的跨膜运输	保留核心答案；更新格式与来源	载体为何需要交替开放而非同时向两侧大开？	避免持续漏通道，把底物结合、构象转换与定向运输偶联。	避免持续漏通道，把底物结合、构象转换与定向运输偶联。			CN04-S01
CELL04-042	04_物质的跨膜运输	保留核心答案；更新格式与来源	某中性溶质由高浓度到低浓度且无蛋白参与，如何归类？	简单扩散；不能仅凭顺梯度区分所有被动运输。	简单扩散；不能仅凭顺梯度区分所有被动运输。			CN04-S01
CELL04-043	04_物质的跨膜运输	保留核心答案；更新格式与来源	某中性溶质顺梯度运输可被竞争性底物抑制，首先支持哪类系统？	支持特异载体参与的易化运输；需进一步验证机制。	支持特异载体参与的易化运输；需进一步验证机制。			CN04-S01
CELL04-044	04_物质的跨膜运输	保留核心答案；更新格式与来源	带正电离子从外向内运动时，胞内负电位怎样影响驱动力？	电力促进正离子内流，需再与浓度项合并判断。	电力促进正离子内流，需再与浓度项合并判断。			CN04-S01
CELL04-045	04_物质的跨膜运输	保留核心答案；更新格式与来源	带负电离子从外向内运动时，胞内负电位怎样影响驱动力？	电力抵抗阴离子内流，不能只按浓度项预测。	电力抵抗阴离子内流，不能只按浓度项预测。			CN04-S01
CELL04-046	04_物质的跨膜运输	保留核心答案；更新格式与来源	两侧某离子浓度相等但有膜电位，该离子是否必无净流？	否。有开放通道时电势差仍可驱动净流。	否。有开放通道时电势差仍可驱动净流。			CN04-S01
CELL04-047	04_物质的跨膜运输	保留核心答案；更新格式与来源	两侧中性溶质浓度相等且无其他驱动力，能否出现分子交换？	可以双向随机交换，但平衡时无净运输。	可以双向随机交换，但平衡时无净运输。			CN04-S01
CELL04-048	04_物质的跨膜运输	保留核心答案；更新格式与来源	通道被打开后，能否仅凭“打开”预测离子流向？	不能。要知道浓度、膜电位及离子价态。	不能。要知道浓度、膜电位及离子价态。			CN04-S01
CELL04-049	04_物质的跨膜运输	保留核心答案；更新格式与来源	固定条件下提高通道数量，通道单个开放概率不变，整体电导通常如何改变？	整体电导通常增大，近似随可用通道数增加。	整体电导通常增大，近似随可用通道数增加。			CN04-S01
CELL04-050	04_物质的跨膜运输	保留核心答案；更新格式与来源	在无其他变化时消除钠梯度，钠驱动葡萄糖积累将怎样？	驱动力减弱或丧失，方向取决于新的总体自由能。	驱动力减弱或丧失，方向取决于新的总体自由能。			CN04-S01
CELL04-051	04_物质的跨膜运输	保留核心答案；更新格式与来源	转运载体不直接水解ATP，能否据此判为被动运输？	不能。可利用由其他泵建立的梯度进行继发主动运输。	不能。可利用由其他泵建立的梯度进行继发主动运输。			CN04-S01
CELL04-052	04_物质的跨膜运输	保留核心答案；更新格式与来源	只提高AQP表达而不改变渗透差，为什么平衡细胞体积未必改变？	通道主要改变达到平衡的速率，平衡由溶质和机械约束决定。	通道主要改变达到平衡的速率，平衡由溶质和机械约束决定。			CN04-S01
CELL04-053	04_物质的跨膜运输	保留核心答案；更新格式与来源	小分子疏水性相近但膜厚度增加，简单通透率按P=KD/t如何变化？	其他参数不变时降低，与厚度成反比。	其他参数不变时降低，与厚度成反比。			CN04-S01
CELL04-054	04_物质的跨膜运输	保留核心答案；更新格式与来源	若K不变，扩散系数D增加2倍而膜厚t增加2倍，P如何变化？	P=KD/t，两变化抵消，P不变。	P=KD/t，两变化抵消，P不变。			CN04-S01
CELL04-055	04_物质的跨膜运输	保留核心答案；更新格式与来源	运输发生在不同上皮膜域，怎样验证定位对净吸收的作用？	分别定位并抑制相关载体，测跨上皮净通量，设置屏障完整性对照。	分别定位并抑制相关载体，测跨上皮净通量，设置屏障完整性对照。			CN04-S01
CELL04-056	04_物质的跨膜运输	保留核心答案；更新格式与来源	P型ATP酶的关键能量偶联方式是什么？	运输循环形成催化性磷酸化中间体。	运输循环形成催化性磷酸化中间体。			CN04-S02
CELL04-057	04_物质的跨膜运输	保留核心答案；更新格式与来源	P型ATP酶在细胞中的典型功能或位置是什么？	建立特定离子梯度。	建立特定离子梯度。			CN04-S02
CELL04-058	04_物质的跨膜运输	保留核心答案；更新格式与来源	P型ATP酶与其他ATP相关运输系统有何关键区别？	P指磷酸化中间体，不能把所有亚基数目统一。	P指磷酸化中间体，不能把所有亚基数目统一。			CN04-S02
CELL04-059	04_物质的跨膜运输	保留核心答案；更新格式与来源	Na⁺/K⁺-ATP酶的关键能量偶联方式是什么？	每典型循环水解1ATP，3Na⁺外排、2K⁺内运。	每典型循环水解1ATP，3Na⁺外排、2K⁺内运。		CNFIG0051	CN04-S02
CELL04-060	04_物质的跨膜运输	保留核心答案；更新格式与来源	Na⁺/K⁺-ATP酶在细胞中的典型功能或位置是什么？	动物质膜维持Na⁺和K⁺梯度。	动物质膜维持Na⁺和K⁺梯度。			CN04-S02
CELL04-061	04_物质的跨膜运输	保留核心答案；更新格式与来源	Na⁺/K⁺-ATP酶与其他ATP相关运输系统有何关键区别？	两离子都逆梯度，属于原发主动运输。	两离子都逆梯度，属于原发主动运输。			CN04-S02
CELL04-062	04_物质的跨膜运输	保留核心答案；更新格式与来源	SERCA的关键能量偶联方式是什么？	利用ATP把Ca²⁺从胞质泵入内质网或肌质网。	利用ATP把Ca²⁺从胞质泵入内质网或肌质网。		CNFIG0133	CN04-S02
CELL04-063	04_物质的跨膜运输	保留核心答案；更新格式与来源	SERCA在细胞中的典型功能或位置是什么？	补充内质网Ca²⁺库并降低胞质Ca²⁺。	补充内质网Ca²⁺库并降低胞质Ca²⁺。			CN04-S02
CELL04-064	04_物质的跨膜运输	保留核心答案；更新格式与来源	SERCA与其他ATP相关运输系统有何关键区别？	主要作用于胞内储库，不是直接排到细胞外。	主要作用于胞内储库，不是直接排到细胞外。			CN04-S02
CELL04-065	04_物质的跨膜运输	保留核心答案；更新格式与来源	PMCA的关键能量偶联方式是什么？	利用ATP将胞质Ca²⁺排到细胞外。	利用ATP将胞质Ca²⁺排到细胞外。			CN04-S02
CELL04-066	04_物质的跨膜运输	保留核心答案；更新格式与来源	PMCA在细胞中的典型功能或位置是什么？	质膜维持低胞质Ca²⁺。	质膜维持低胞质Ca²⁺。			CN04-S02
CELL04-067	04_物质的跨膜运输	保留核心答案；更新格式与来源	PMCA与其他ATP相关运输系统有何关键区别？	与SERCA位置和调节特点不同。	与SERCA位置和调节特点不同。			CN04-S02
CELL04-068	04_物质的跨膜运输	保留核心答案；更新格式与来源	植物质膜H⁺-ATP酶的关键能量偶联方式是什么？	ATP驱动H⁺排向胞外。	ATP驱动H⁺排向胞外。			CN04-S02
CELL04-069	04_物质的跨膜运输	保留核心答案；更新格式与来源	植物质膜H⁺-ATP酶在细胞中的典型功能或位置是什么？	建立H⁺梯度，参与膜电位和营养吸收。	建立H⁺梯度，参与膜电位和营养吸收。			CN04-S02
CELL04-070	04_物质的跨膜运输	保留核心答案；更新格式与来源	植物质膜H⁺-ATP酶与其他ATP相关运输系统有何关键区别？	不应套用动物Na⁺梯度驱动的全部模式。	不应套用动物Na⁺梯度驱动的全部模式。			CN04-S02
CELL04-071	04_物质的跨膜运输	保留核心答案；更新格式与来源	V型H⁺-ATP酶的关键能量偶联方式是什么？	水解ATP驱动质子运输。	水解ATP驱动质子运输。			CN04-S02
CELL04-072	04_物质的跨膜运输	保留核心答案；更新格式与来源	V型H⁺-ATP酶在细胞中的典型功能或位置是什么？	内体、溶酶体等酸化。	内体、溶酶体等酸化。			CN04-S02
CELL04-073	04_物质的跨膜运输	保留核心答案；更新格式与来源	V型H⁺-ATP酶与其他ATP相关运输系统有何关键区别？	不形成P型催化磷酸化中间体。	不形成P型催化磷酸化中间体。			CN04-S02
CELL04-074	04_物质的跨膜运输	保留核心答案；更新格式与来源	F型ATP合酶的关键能量偶联方式是什么？	生理合成方向利用质子动力势。	生理合成方向利用质子动力势。			CN04-S02
CELL04-075	04_物质的跨膜运输	保留核心答案；更新格式与来源	F型ATP合酶在细胞中的典型功能或位置是什么？	线粒体内膜、类囊体膜及细菌质膜。	线粒体内膜、类囊体膜及细菌质膜。			CN04-S02
CELL04-076	04_物质的跨膜运输	保留核心答案；更新格式与来源	F型ATP合酶与其他ATP相关运输系统有何关键区别？	不是通常靠ATP水解建立梯度的酸化泵。	不是通常靠ATP水解建立梯度的酸化泵。			CN04-S02
CELL04-077	04_物质的跨膜运输	保留核心答案；更新格式与来源	ABC转运蛋白的关键能量偶联方式是什么？	ATP结合及水解与构象变化偶联。	ATP结合及水解与构象变化偶联。		CNFIG0061,CNFIG0034	CN04-S02
CELL04-078	04_物质的跨膜运输	保留核心答案；更新格式与来源	ABC转运蛋白在细胞中的典型功能或位置是什么？	运输多种小分子，部分用于药物外排。	运输多种小分子，部分用于药物外排。			CN04-S02
CELL04-079	04_物质的跨膜运输	保留核心答案；更新格式与来源	ABC转运蛋白与其他ATP相关运输系统有何关键区别？	底物谱和方向依成员而异，不可统一为外排泵。	底物谱和方向依成员而异，不可统一为外排泵。		CNFIG0087	CN04-S02
CELL04-080	04_物质的跨膜运输	保留核心答案；更新格式与来源	MDR/P糖蛋白的关键能量偶联方式是什么？	ATP驱动特定药物外排。	ATP驱动特定药物外排。			CN04-S02
CELL04-081	04_物质的跨膜运输	保留核心答案；更新格式与来源	MDR/P糖蛋白在细胞中的典型功能或位置是什么？	降低某些药物在细胞内的积累。	降低某些药物在细胞内的积累。			CN04-S02
CELL04-082	04_物质的跨膜运输	保留核心答案；更新格式与来源	MDR/P糖蛋白与其他ATP相关运输系统有何关键区别？	多药抗性不能解释为所有药物都被排出。	多药抗性不能解释为所有药物都被排出。			CN04-S02
CELL04-083	04_物质的跨膜运输	保留核心答案；更新格式与来源	CFTR的关键能量偶联方式是什么？	ATP参与通道门控并受磷酸化调节。	ATP参与通道门控并受磷酸化调节。			CN04-S02
CELL04-084	04_物质的跨膜运输	保留核心答案；更新格式与来源	CFTR在细胞中的典型功能或位置是什么？	上皮阴离子通道，参与盐和水分泌。	上皮阴离子通道，参与盐和水分泌。			CN04-S02
CELL04-085	04_物质的跨膜运输	保留核心答案；更新格式与来源	CFTR与其他ATP相关运输系统有何关键区别？	虽属ABC家族，但离子流通过通道且顺电化学梯度。	虽属ABC家族，但离子流通过通道且顺电化学梯度。			CN04-S02
CELL04-086	04_物质的跨膜运输	保留核心答案；更新格式与来源	Na⁺/Ca²⁺交换体的关键能量偶联方式是什么？	利用Na⁺电化学梯度驱动Ca²⁺交换。	利用Na⁺电化学梯度驱动Ca²⁺交换。			CN04-S02
CELL04-087	04_物质的跨膜运输	保留核心答案；更新格式与来源	Na⁺/Ca²⁺交换体在细胞中的典型功能或位置是什么？	常参与胞质Ca²⁺清除。	常参与胞质Ca²⁺清除。			CN04-S02
CELL04-088	04_物质的跨膜运输	保留核心答案；更新格式与来源	Na⁺/Ca²⁺交换体与其他ATP相关运输系统有何关键区别？	是继发运输，条件改变时可逆向。	是继发运输，条件改变时可逆向。			CN04-S02
CELL04-089	04_物质的跨膜运输	保留核心答案；更新格式与来源	Na⁺/K⁺泵的电生性为什么重要？	每循环净移出一个正电荷，可直接贡献膜电位。	每循环净移出一个正电荷，可直接贡献膜电位。		ENFIG1327	CN04-S02
CELL04-090	04_物质的跨膜运输	保留核心答案；更新格式与来源	Na⁺/K⁺泵的电生性怎样与相关概念区分？	静息电位通常还主要由离子通透性决定，不全由泵电流产生。	静息电位通常还主要由离子通透性决定，不全由泵电流产生。			CN04-S02
CELL04-091	04_物质的跨膜运输	保留核心答案；更新格式与来源	泵与渗漏协作为什么重要？	泵维持远离平衡的梯度，通道允许持续被动流。	泵维持远离平衡的梯度，通道允许持续被动流。			CN04-S02
CELL04-092	04_物质的跨膜运输	保留核心答案；更新格式与来源	泵与渗漏协作怎样与相关概念区分？	稳定状态有通量，不等于热力学平衡无净通量。	稳定状态有通量，不等于热力学平衡无净通量。			CN04-S02
CELL04-093	04_物质的跨膜运输	保留核心答案；更新格式与来源	渗透稳态为什么重要？	限制胞内可渗透溶质的净积累，防止过度吸水。	限制胞内可渗透溶质的净积累，防止过度吸水。			CN04-S02
CELL04-094	04_物质的跨膜运输	保留核心答案；更新格式与来源	渗透稳态怎样与相关概念区分？	不能解释为少量细胞显著耗尽整个培养液Na⁺。	不能解释为少量细胞显著耗尽整个培养液Na⁺。			CN04-S02
CELL04-095	04_物质的跨膜运输	保留核心答案；更新格式与来源	电化学平衡为什么重要？	电势项抵消浓度项时该离子无净驱动力。	电势项抵消浓度项时该离子无净驱动力。			CN04-S02
CELL04-096	04_物质的跨膜运输	保留核心答案；更新格式与来源	电化学平衡怎样与相关概念区分？	浓度可不相等，且其他离子未必平衡。	浓度可不相等，且其他离子未必平衡。			CN04-S02
CELL04-097	04_物质的跨膜运输	保留核心答案；更新格式与来源	膜电荷分离为什么重要？	膜两侧薄层少量电荷差即可建立电位。	膜两侧薄层少量电荷差即可建立电位。			CN04-S02
CELL04-098	04_物质的跨膜运输	保留核心答案；更新格式与来源	膜电荷分离怎样与相关概念区分？	细胞整体及主体溶液通常近似电中性。	细胞整体及主体溶液通常近似电中性。			CN04-S02
CELL04-099	04_物质的跨膜运输	保留核心答案；更新格式与来源	Nernst电位为什么重要？	表示一种离子的跨膜电化学平衡电位。	表示一种离子的跨膜电化学平衡电位。			CN04-S02
CELL04-100	04_物质的跨膜运输	保留核心答案；更新格式与来源	Nernst电位怎样与相关概念区分？	不能无条件直接代替多离子通透膜的实际电位。	不能无条件直接代替多离子通透膜的实际电位。			CN04-S02
CELL04-101	04_物质的跨膜运输	事实或边界修订	去极化为什么重要？	膜电位向较不负方向移动。	去极化指膜内相对膜外的电位变得较不负；它可提高某些电压门控通道的开放概率，并在可兴奋细胞中触发后续响应，但不必跨过 0 mV。			CN04-S02
CELL04-102	04_物质的跨膜运输	保留核心答案；更新格式与来源	去极化怎样与相关概念区分？	不一定跨过0mV，也不必然产生完整动作电位。	不一定跨过0mV，也不必然产生完整动作电位。			CN04-S02
CELL04-103	04_物质的跨膜运输	事实或边界修订	超极化为什么重要？	膜内电位变得更负。	超极化指膜内相对膜外的电位变得更负；在常见兴奋性情境中可使电位远离动作电位阈值，从而降低兴奋概率。具体作用取决于通道及细胞背景。			CN04-S02
CELL04-104	04_物质的跨膜运输	保留核心答案；更新格式与来源	超极化怎样与相关概念区分？	应相对原电位定义，不是某个固定数值。	应相对原电位定义，不是某个固定数值。			CN04-S02
CELL04-105	04_物质的跨膜运输	事实或边界修订	动作电位阈值为什么重要？	足够去极化可启动再生性通道开放。	达到阈值时，内向电流引起的去极化可再生性地增强电压门控通道开放，从而启动动作电位；阈值随细胞状态改变，不是固定通用数值。		CNFIG0028	CN04-S02
CELL04-106	04_物质的跨膜运输	保留核心答案；更新格式与来源	动作电位阈值怎样与相关概念区分？	阈值与细胞状态有关，不是所有刺激都有动作电位。	阈值与细胞状态有关，不是所有刺激都有动作电位。			CN04-S02
CELL04-107	04_物质的跨膜运输	事实或边界修订	Na⁺通道失活为什么重要？	开通后进入暂不可激活状态。	电压门控 Na⁺ 通道开通后进入失活状态，暂时不能再次激活；这有助于终止内向电流并形成绝对不应期。失活与静息关闭不同，需恢复后才能再开。		ENFIG1377,CNFIG0076,CNFIG0106,CNFIG0104,CNFIG0102	CN04-S02
CELL04-108	04_物质的跨膜运输	保留核心答案；更新格式与来源	Na⁺通道失活怎样与相关概念区分？	与静息关闭不同，需恢复才能再开。	与静息关闭不同，需恢复才能再开。			CN04-S02
CELL04-109	04_物质的跨膜运输	事实或边界修订	不应期为什么重要？	通道失活与复极过程限制再次兴奋。	Na⁺ 通道失活形成绝对不应期，未完全恢复和持续 K⁺ 电导可参与相对不应期；它们限制放电频率，并有助于正常动作电位向前传播。		CNFIG0135	CN04-S02
CELL04-110	04_物质的跨膜运输	保留核心答案；更新格式与来源	不应期怎样与相关概念区分？	有助单向传播，不能解释为Na⁺/K⁺泵暂时停工。	有助单向传播，不能解释为Na⁺/K⁺泵暂时停工。			CN04-S02
CELL04-111	04_物质的跨膜运输	事实或边界修订	膜片钳为什么重要？	测局部通道或全细胞电流以分析电导。	膜片钳在控制膜电位和离子条件下测单通道或全细胞电流，可分析通道开放、单通道电导及门控动力学；解释需校正漏电与串联电阻等因素。		ENFIG1385	CN04-S02
CELL04-112	04_物质的跨膜运输	保留核心答案；更新格式与来源	膜片钳怎样与相关概念区分？	电流是功能读出，需控制电压、离子条件与漏电。	电流是功能读出，需控制电压、离子条件与漏电。			CN04-S02
CELL04-113	04_物质的跨膜运输	保留核心答案；更新格式与来源	37℃时一价阳离子外/内浓度比为10，按E=61.5log₁₀(外/内)mV求E。	E=+61.5mV；以膜内相对外为电位定义。	E=+61.5mV；以膜内相对外为电位定义。			CN04-S02
CELL04-114	04_物质的跨膜运输	保留核心答案；更新格式与来源	37℃时一价阳离子外/内浓度比为0.1，平衡电位是多少？	E=61.5log₁₀0.1=-61.5mV。	E=61.5log₁₀0.1=-61.5mV。			CN04-S02
CELL04-115	04_物质的跨膜运输	保留核心答案；更新格式与来源	只增加胞外K⁺且胞内K⁺基本不变，EK如何改变？	外/内比增大，EK变得较不负，常促使膜去极化。	外/内比增大，EK变得较不负，常促使膜去极化。			CN04-S02
CELL04-116	04_物质的跨膜运输	保留核心答案；更新格式与来源	阻断SERCA后胞质Ca²⁺清除及内质网储库怎样受影响？	胞质清除受限，储库再充填受损；实际程度取决于其他清除途径。	胞质清除受限，储库再充填受损；实际程度取决于其他清除途径。			CN04-S02
CELL04-117	04_物质的跨膜运输	保留核心答案；更新格式与来源	抑制V型泵后，为什么溶酶体降解能力可能降低？	腔内酸化受损，使依赖酸性环境的水解与相关运输异常。	腔内酸化受损，使依赖酸性环境的水解与相关运输异常。			CN04-S02
CELL04-118	04_物质的跨膜运输	保留核心答案；更新格式与来源	某ABC外排泵过表达时，怎样验证其造成药物抗性？	测胞内药物积累及敏感性，结合泵抑制、敲低或救援与存活对照。	测胞内药物积累及敏感性，结合泵抑制、敲低或救援与存活对照。			CN04-S02
CELL04-119	04_物质的跨膜运输	保留核心答案；更新格式与来源	抑制Na⁺/K⁺泵后，钠驱动营养吸收为何可延迟下降？	原有梯度需时间耗散；载体不直接用ATP，最先变化可能不是其蛋白数量。	原有梯度需时间耗散；载体不直接用ATP，最先变化可能不是其蛋白数量。			CN04-S02
CELL04-120	04_物质的跨膜运输	保留核心答案；更新格式与来源	典型神经动作电位时，整个细胞Na⁺浓度会瞬间接近胞外浓度吗？	通常不会。改变膜电位只需少量离子跨膜，主体浓度变化相对小。	通常不会。改变膜电位只需少量离子跨膜，主体浓度变化相对小。			CN04-S02
CELL04-121	04_物质的跨膜运输	保留核心答案；更新格式与来源	吞噬作用摄取或释放物质的主要方式是什么？	围绕较大颗粒形成吞噬体。	围绕较大颗粒形成吞噬体。		CNFIG0039	CN04-S03
CELL04-122	04_物质的跨膜运输	保留核心答案；更新格式与来源	吞噬作用与其他膜运输事件的关键区别是什么？	依赖识别及骨架重塑，常见于专业吞噬细胞。	依赖识别及骨架重塑，常见于专业吞噬细胞。			CN04-S03
CELL04-123	04_物质的跨膜运输	保留核心答案；更新格式与来源	胞饮作用摄取或释放物质的主要方式是什么？	以膜囊泡摄取胞外液及其中物质。	以膜囊泡摄取胞外液及其中物质。			CN04-S03
CELL04-124	04_物质的跨膜运输	保留核心答案；更新格式与来源	胞饮作用与其他膜运输事件的关键区别是什么？	通常摄取尺度和货物不同于吞噬大型颗粒。	通常摄取尺度和货物不同于吞噬大型颗粒。		CNFIG0137	CN04-S03
CELL04-125	04_物质的跨膜运输	保留核心答案；更新格式与来源	受体介导内吞摄取或释放物质的主要方式是什么？	特定配体被表面受体富集后内化。	特定配体被表面受体富集后内化。			CN04-S03
CELL04-126	04_物质的跨膜运输	保留核心答案；更新格式与来源	受体介导内吞与其他膜运输事件的关键区别是什么？	能选择并浓缩货物，不等于完全不摄取液体。	能选择并浓缩货物，不等于完全不摄取液体。			CN04-S03
CELL04-127	04_物质的跨膜运输	保留核心答案；更新格式与来源	网格蛋白依赖内吞摄取或释放物质的主要方式是什么？	包被与适配系统组织内吞囊泡。	包被与适配系统组织内吞囊泡。		CNFIG0042	CN04-S03
CELL04-128	04_物质的跨膜运输	保留核心答案；更新格式与来源	网格蛋白依赖内吞与其他膜运输事件的关键区别是什么？	网格蛋白帮助组装，货物识别还依赖适配蛋白。	网格蛋白帮助组装，货物识别还依赖适配蛋白。			CN04-S03
CELL04-129	04_物质的跨膜运输	保留核心答案；更新格式与来源	小窝相关内吞摄取或释放物质的主要方式是什么？	小窝蛋白等参与特定膜凹陷与内化。	小窝蛋白等参与特定膜凹陷与内化。			CN04-S03
CELL04-130	04_物质的跨膜运输	保留核心答案；更新格式与来源	小窝相关内吞与其他膜运输事件的关键区别是什么？	不是所有胞饮都走网格蛋白途径。	不是所有胞饮都走网格蛋白途径。			CN04-S03
CELL04-131	04_物质的跨膜运输	保留核心答案；更新格式与来源	大胞饮摄取或释放物质的主要方式是什么？	膜皱褶包围较大体积液体。	膜皱褶包围较大体积液体。			CN04-S03
CELL04-132	04_物质的跨膜运输	保留核心答案；更新格式与来源	大胞饮与其他膜运输事件的关键区别是什么？	与大颗粒受体驱动的吞噬需区分。	与大颗粒受体驱动的吞噬需区分。			CN04-S03
CELL04-133	04_物质的跨膜运输	保留核心答案；更新格式与来源	组成型胞吐摄取或释放物质的主要方式是什么？	持续把分泌货物及膜送到表面。	持续把分泌货物及膜送到表面。			CN04-S03
CELL04-134	04_物质的跨膜运输	保留核心答案；更新格式与来源	组成型胞吐与其他膜运输事件的关键区别是什么？	通常不需储存后由特定瞬时信号触发。	通常不需储存后由特定瞬时信号触发。			CN04-S03
CELL04-135	04_物质的跨膜运输	保留核心答案；更新格式与来源	调节型胞吐摄取或释放物质的主要方式是什么？	货物储于分泌颗粒，特定信号触发释放。	货物储于分泌颗粒，特定信号触发释放。			CN04-S03
CELL04-136	04_物质的跨膜运输	保留核心答案；更新格式与来源	调节型胞吐与其他膜运输事件的关键区别是什么？	可快速放出预先合成的货物。	可快速放出预先合成的货物。			CN04-S03
CELL04-137	04_物质的跨膜运输	保留核心答案；更新格式与来源	吞噬体成熟摄取或释放物质的主要方式是什么？	吞噬体与内体、溶酶体途径协作。	吞噬体与内体、溶酶体途径协作。			CN04-S03
CELL04-138	04_物质的跨膜运输	保留核心答案；更新格式与来源	吞噬体成熟与其他膜运输事件的关键区别是什么？	吞噬颗粒不等于已经完成降解。	吞噬颗粒不等于已经完成降解。			CN04-S03
CELL04-139	04_物质的跨膜运输	保留核心答案；更新格式与来源	跨胞转运摄取或释放物质的主要方式是什么？	货物从一个膜域内吞后送到另一膜域释放。	货物从一个膜域内吞后送到另一膜域释放。			CN04-S03
CELL04-140	04_物质的跨膜运输	保留核心答案；更新格式与来源	跨胞转运与其他膜运输事件的关键区别是什么？	穿过细胞而非沿细胞间隙通过。	穿过细胞而非沿细胞间隙通过。			CN04-S03
CELL04-141	04_物质的跨膜运输	保留核心答案；更新格式与来源	LDL受体在内吞途径中的主要作用或命运是什么？	结合LDL后内吞并常回收到细胞表面。	结合LDL后内吞并常回收到细胞表面。		CNFIG0041	CN04-S03
CELL04-142	04_物质的跨膜运输	保留核心答案；更新格式与来源	LDL受体对应的分选逻辑是什么？	酸性内体促配体分离，受体和货物可分流。	酸性内体促配体分离，受体和货物可分流。			CN04-S03
CELL04-143	04_物质的跨膜运输	保留核心答案；更新格式与来源	LDL货物在内吞途径中的主要作用或命运是什么？	进入降解途径释放可用胆固醇。	进入降解途径释放可用胆固醇。			CN04-S03
CELL04-144	04_物质的跨膜运输	保留核心答案；更新格式与来源	LDL货物对应的分选逻辑是什么？	配体去溶酶体不代表受体必同时被降解。	配体去溶酶体不代表受体必同时被降解。			CN04-S03
CELL04-145	04_物质的跨膜运输	保留核心答案；更新格式与来源	早期内体在内吞途径中的主要作用或命运是什么？	接受新内吞货物并承担初步分选。	接受新内吞货物并承担初步分选。			CN04-S03
CELL04-146	04_物质的跨膜运输	保留核心答案；更新格式与来源	早期内体对应的分选逻辑是什么？	依据受体、标记和膜域决定回收或继续成熟。	依据受体、标记和膜域决定回收或继续成熟。			CN04-S03
CELL04-147	04_物质的跨膜运输	保留核心答案；更新格式与来源	回收内体在内吞途径中的主要作用或命运是什么？	把部分膜蛋白和膜送回表面。	把部分膜蛋白和膜送回表面。			CN04-S03
CELL04-148	04_物质的跨膜运输	保留核心答案；更新格式与来源	回收内体对应的分选逻辑是什么？	回收路线可与降解路线分离。	回收路线可与降解路线分离。			CN04-S03
CELL04-149	04_物质的跨膜运输	保留核心答案；更新格式与来源	晚期内体在内吞途径中的主要作用或命运是什么？	进一步酸化和成熟，接近溶酶体途径。	进一步酸化和成熟，接近溶酶体途径。			CN04-S03
CELL04-150	04_物质的跨膜运输	保留核心答案；更新格式与来源	晚期内体对应的分选逻辑是什么？	并非所有进入早期内体的货物都到晚期内体。	并非所有进入早期内体的货物都到晚期内体。			CN04-S03
CELL04-151	04_物质的跨膜运输	保留核心答案；更新格式与来源	多泡内体在内吞途径中的主要作用或命运是什么？	具有腔内囊泡，可收纳特定膜蛋白。	具有腔内囊泡，可收纳特定膜蛋白。			CN04-S03
CELL04-152	04_物质的跨膜运输	保留核心答案；更新格式与来源	多泡内体对应的分选逻辑是什么？	进入腔内囊泡有利于终止信号并送去降解。	进入腔内囊泡有利于终止信号并送去降解。			CN04-S03
CELL04-153	04_物质的跨膜运输	保留核心答案；更新格式与来源	泛素化受体在内吞途径中的主要作用或命运是什么？	某些受体获得分选信号进入降解途径。	某些受体获得分选信号进入降解途径。			CN04-S03
CELL04-154	04_物质的跨膜运输	保留核心答案；更新格式与来源	泛素化受体对应的分选逻辑是什么？	泛素化效果依位置、链型与读取系统，不能一概而论。	泛素化效果依位置、链型与读取系统，不能一概而论。			CN04-S03
CELL04-155	04_物质的跨膜运输	保留核心答案；更新格式与来源	EGF受体下调在内吞途径中的主要作用或命运是什么？	活化后内吞并可进入溶酶体降解。	活化后内吞并可进入溶酶体降解。			CN04-S03
CELL04-156	04_物质的跨膜运输	保留核心答案；更新格式与来源	EGF受体下调对应的分选逻辑是什么？	减少表面和总受体数量，但内体也可保留部分信号。	减少表面和总受体数量，但内体也可保留部分信号。			CN04-S03
CELL04-157	04_物质的跨膜运输	保留核心答案；更新格式与来源	转铁蛋白循环在内吞途径中的主要作用或命运是什么？	受体—配体经内体完成铁释放并回收。	受体—配体经内体完成铁释放并回收。			CN04-S03
CELL04-158	04_物质的跨膜运输	保留核心答案；更新格式与来源	转铁蛋白循环对应的分选逻辑是什么？	低pH时脱铁配体仍可留在受体上，回表面后释放。	低pH时脱铁配体仍可留在受体上，回表面后释放。			CN04-S03
CELL04-159	04_物质的跨膜运输	保留核心答案；更新格式与来源	LDL不能内吞但仍能结合表面受体，缺陷可能位于哪类步骤？	受体聚集、适配识别或囊泡形成等内化步骤；不能只据此定位唯一蛋白。	受体聚集、适配识别或囊泡形成等内化步骤；不能只据此定位唯一蛋白。			CN04-S03
CELL04-160	04_物质的跨膜运输	保留核心答案；更新格式与来源	阻止内体酸化，为何LDL受体循环可能异常？	影响配体解离及分选，受体与货物的正常分流受阻。	影响配体解离及分选，受体与货物的正常分流受阻。			CN04-S03
CELL04-161	04_物质的跨膜运输	保留核心答案；更新格式与来源	受体内吞后总量不变而表面量降低，首先支持什么命运？	支持受体暂时进入胞内储存或循环，而非已发生大量降解。	支持受体暂时进入胞内储存或循环，而非已发生大量降解。			CN04-S03
CELL04-162	04_物质的跨膜运输	保留核心答案；更新格式与来源	受体内吞后总量降低且溶酶体抑制可阻止下降，支持什么？	支持受体经溶酶体途径降解，仍需排除抑制剂间接作用。	支持受体经溶酶体途径降解，仍需排除抑制剂间接作用。			CN04-S03
CELL04-163	04_物质的跨膜运输	保留核心答案；更新格式与来源	为什么EGFR内吞不一定立刻完全终止信号？	部分受体在内体膜仍可与胞质信号组分作用，分选命运和时间重要。	部分受体在内体膜仍可与胞质信号组分作用，分选命运和时间重要。			CN04-S03
CELL04-164	04_物质的跨膜运输	保留核心答案；更新格式与来源	调节型胞吐如何实现秒级释放而无需先完成新蛋白合成？	预先合成并储存货物，信号触发已有颗粒融合。	预先合成并储存货物，信号触发已有颗粒融合。			CN04-S03
CELL04-165	04_物质的跨膜运输	保留核心答案；更新格式与来源	调节型分泌中升高Ca²⁺通常影响哪个直接阶段？	促进相关分泌囊泡融合与释放，效果依细胞及融合装置。	促进相关分泌囊泡融合与释放，效果依细胞及融合装置。			CN04-S03
CELL04-166	04_物质的跨膜运输	保留核心答案；更新格式与来源	脉冲标记分泌蛋白后，怎样区分转运受阻与合成减少？	比较初始标记量及各区室积累、胞外出现时间，配合合成和细胞状态对照。	比较初始标记量及各区室积累、胞外出现时间，配合合成和细胞状态对照。			CN04-S03
CELL04-167	04_物质的跨膜运输	保留核心答案；更新格式与来源	胞吐为何会改变质膜面积？	囊泡膜并入质膜，增加膜面积；内吞等途径参与平衡。	囊泡膜并入质膜，增加膜面积；内吞等途径参与平衡。			CN04-S03
CELL04-168	04_物质的跨膜运输	保留核心答案；更新格式与来源	长期强胞吐而不补偿内吞，可能怎样影响膜稳态？	导致膜面积和组分失衡，具体表现依其他膜回收途径。	导致膜面积和组分失衡，具体表现依其他膜回收途径。			CN04-S03
CELL04-169	04_物质的跨膜运输	保留核心答案；更新格式与来源	内吞质膜蛋白的胞质尾进入囊泡后朝向哪里？	仍朝胞质，不自动翻到囊泡腔内。	仍朝胞质，不自动翻到囊泡腔内。			CN04-S03
CELL04-170	04_物质的跨膜运输	保留核心答案；更新格式与来源	吞噬粒子进入细胞后，怎样证明其被降解而非仅被包裹？	随时间检测货物分解，并结合成熟或溶酶体标志与功能干预。	随时间检测货物分解，并结合成熟或溶酶体标志与功能干预。			CN04-S03
CELL04-171	04_物质的跨膜运输	保留核心答案；更新格式与来源	吞噬实验为什么要区分表面黏附与真正内化？	两者都可给荧光信号，需外部淬灭、洗脱或空间成像等区分。	两者都可给荧光信号，需外部淬灭、洗脱或空间成像等区分。			CN04-S03
CELL04-172	04_物质的跨膜运输	保留核心答案；更新格式与来源	配体内吞速率提高，能否断言受体亲和力也提高？	不能。内化速率与结合亲和力是不同参数，需要分别测量。	不能。内化速率与结合亲和力是不同参数，需要分别测量。			CN04-S03
CELL04-173	04_物质的跨膜运输	保留核心答案；更新格式与来源	阻止受体回收但不改变其降解，表面受体可能怎样变化？	随内化逐渐减少，重新响应配体的能力可能下降。	随内化逐渐减少，重新响应配体的能力可能下降。			CN04-S03
CELL04-174	04_物质的跨膜运输	保留核心答案；更新格式与来源	细胞摄取液相标记物是否能单独证明受体介导内吞？	不能。非特异胞饮也摄取液体，需要竞争和受体依赖性证据。	不能。非特异胞饮也摄取液体，需要竞争和受体依赖性证据。			CN04-S03
CELL04-175	04_物质的跨膜运输	保留核心答案；更新格式与来源	用大量未标记配体竞争后摄取下降，首先支持什么？	支持可竞争的特异结合或摄取组分，不足以单独判定全部内吞路线。	支持可竞争的特异结合或摄取组分，不足以单独判定全部内吞路线。			CN04-S03
CELL04-176	04_物质的跨膜运输	保留核心答案；更新格式与来源	自编比较实验怎样区分组成型分泌与调节型分泌？	比较无刺激时持续释放与刺激后快速释放，同时测胞内储存及合成量。	比较无刺激时持续释放与刺激后快速释放，同时测胞内储存及合成量。			CN04-S03
CELL04-177	04_物质的跨膜运输	保留核心答案；更新格式与来源	阻断肌动蛋白重塑，为什么大颗粒吞噬可能比小分子易化扩散更受影响？	吞噬需皮层和膜的大尺度重塑，易化扩散主要由转运蛋白完成。	吞噬需皮层和膜的大尺度重塑，易化扩散主要由转运蛋白完成。			CN04-S03
CELL04-178	04_物质的跨膜运输	保留核心答案；更新格式与来源	受体内吞与信号增强能否同时发生？	可以。内吞可组织信号平台或促进必要加工，不只有下调功能。	可以。内吞可组织信号平台或促进必要加工，不只有下调功能。			CN04-S03
CELL04-179	04_物质的跨膜运输	保留核心答案；更新格式与来源	为什么观察到囊泡数增多不能直接解释为内吞速率升高？	形成增加或后续融合、回收受阻都可使囊泡积累。	形成增加或后续融合、回收受阻都可使囊泡积累。			CN04-S03
CELL04-180	04_物质的跨膜运输	闭卷评分补充	概述受体介导内吞研究中三个应分开测量的阶段。	表面结合；真正内化；胞内分选及降解或回收。	表面结合；真正内化；胞内分选及降解或回收。	"这是综合答题结构卡。复习时说全核心连接；完整展开请另做本章闭卷练习。

展开作答参考评分（10 分）：
1. 先在抑制内化的条件下测表面配体结合，比较特异结合及竞争对照。（2分）
2. 允许内化后用合适的酸洗/蛋白酶等去除表面信号，区分表面结合与真正入胞。（2分）
3. 用时间追踪及内体/溶酶体标志检查胞内分选，避免静态共定位代替运输证据。（2分）
4. 分别测货物降解和受体/货物回收，排除荧光淬灭或信号丢失的混淆。（2分）
5. 控制温度、细胞活性与配体标记的功能，并把三个阶段结果分别解释。（2分）"		CN04-S03
CELL04-E001	04_物质的跨膜运输	新增	把同向转运体在膜中整体倒置，会自动把它变成反向转运体吗？		不会。整体倒置同时改变两种溶质相对细胞的进出朝向，但两者仍同向耦联；同向/反向描述的是两种溶质之间的相对运动。	净运输方向还依赖电化学梯度；拓扑朝向与能量驱动应分开判断。		EN11-H000-H008,EN11-EXERCISES
CELL04-E002	04_物质的跨膜运输	新增	P 型 Ca²⁺ 泵为什么能交替向两侧开放，而不是形成持续贯通通道？		离子结合、ATP 依赖的保守 Asp 磷酸化与去磷酸化驱动构象转换，改变结合位点亲和性及暴露侧；两侧通路交替开闭。	泵的交替开放有助于把离子转移与能量偶联；不能理解为 ATP 仅让普通孔保持打开。	ENFIG1326	EN11-H009-H013
CELL04-E003	04_物质的跨膜运输	新增	水孔蛋白允许水单列通过，为何仍能阻断质子沿连续水链传递？		孔内特定残基和静电环境改变水分子的取向，打断适于质子接力的氢键排列；狭窄区域也影响离子通行。	通水不等于让所有小离子通过；具体选择性取决于水孔蛋白家族成员。	ENFIG1346,ENFIG1347,ENFIG1348	EN11-H014-H016
CELL04-E004	04_物质的跨膜运输	新增	K⁺ 通道为何能排斥裸离子更小的 Na⁺？		选择性滤器的羰基氧排列能补偿 K⁺ 脱水的能量代价；较小 Na⁺ 难以得到合适配位，脱水代价不能被同样补偿。	选择性不是单纯按裸离子直径筛孔；不同离子通道的滤器机制也不同。	ENFIG1367,ENFIG1369	EN11-H014-H016,EN11-H017-H039
CELL04-E005	04_物质的跨膜运输	新增	37℃ 时 [K⁺]外＝5 mM、内＝140 mM，取 E_K＝61.5 log10(外/内) mV，E_K 约是多少？		E_K＝61.5 log10(5/140)≈−89 mV（膜内相对膜外）。	这是 K⁺ 的平衡电位，不必等于实际静息膜电位；公式中的符号约定、温度和离子价数必须明确。		EN11-H017-H039
CELL04-E006	04_物质的跨膜运输	新增	为什么同一电压阶跃下单通道轨迹不同，而大量通道平均电流较平滑？		单通道开放与关闭具有随机性；重复或多通道平均反映随时间变化的平均开放概率，从而得到平滑的宏观电流。	不能把某次单通道的开放时长当成每个通道严格相同的程序。	ENFIG1384	EN11-H017-H039
CELL04-E007	04_物质的跨膜运输	新增	若 TGN 中溶酶体酶、调节性分泌蛋白和其他分泌蛋白混在一起，细胞怎样使它们去不同目的地？		借助货物的分选信息与受体/接头识别，分别进入内体-溶酶体路线、储存待刺激释放的分泌颗粒及组成型分泌路线。	极性细胞的组成型运输仍有顶端/基底侧分选，不是所有无 M6P 货物都同样去任一表面。		EN13-H032-H033
CELL04-E008	04_物质的跨膜运输	新增	受体进入内体的腔内小泡后，为什么其胞质侧信号结构域更难继续向胞质传信？		内陷将原来面向胞质的结构域封闭在腔内小泡内部，隔离于胞质效应蛋白，并为后续溶酶体降解提供条件。	受体仅进入内体限制膜时仍可能传信；应区分限制膜与腔内小泡的拓扑。	ENFIG1603	EN13-H036-H054
CELL04-E009	04_物质的跨膜运输	新增	巨胞饮和吞噬为什么都依赖微丝重排，却不能只靠“大囊泡”将二者等同？		巨胞饮常由膜褶皱闭合非选择性摄入周围液体；吞噬通常由颗粒与受体结合触发围绕颗粒的摄取，囊泡尺度受颗粒大小影响。	特征需结合货物、受体与形成过程判断，不能只看一个静态截面。	ENFIG1617	EN13-H060-H062
CELL04-E010	04_物质的跨膜运输	新增	同样被吞入细胞，胞内细菌为何可能进入不同的生存环境？		有的抑制吞噬体成熟或与溶酶体融合，有的逃到胞质，有的在特定膜性区室内生存；这些策略改变其暴露于宿主杀菌系统的程度。	不能把所有胞内病原体都写成逃逸到胞质。	ENFIG2561	EN23-H014-H020
CELL04-E011	04_物质的跨膜运输	新增	吞噬细胞的“呼吸爆发”为什么不能简单等同线粒体增加 ATP 产量？		其关键是 NADPH 氧化酶把电子传给 O₂，产生超氧阴离子等活性氧用于杀菌；这是吞噬区室相关的氧化反应。	杀菌还依赖酸化、水解酶等，活性氧也可能损伤宿主。		EN24-H006-H006
CELL04-E012	04_物质的跨膜运输	新增	以小肠上皮吸收葡萄糖为例，论述载体、ATP 驱动泵、膜极性和紧密连接如何协同。（闭卷 8—10 分钟，按 10 分自评）		顶端 Na⁺-葡萄糖同向运输（2分）；基底侧 GLUT 顺梯度输出（2分）；Na⁺/K⁺ 泵用 ATP 维持 Na⁺ 驱动力（2分）；紧密连接保持膜域并限制旁细胞回漏（2分）；按电化学梯度而非“同向”判定能量方向（2分）。	这是依据本章教材重组的练习，不标作上海大学真实历年考题；可先写提纲，再连成机制论述。	CNFIG0116	CN04-S01,EN11-H000-H008,EN19-H005-H015,CN04-S02
CELL05-001	05_细胞质基质与内膜系统	保留核心答案；更新格式与来源	细胞质基质的直接作用或含义是什么？	细胞质中除可辨细胞器之外的基质部分，包含多种分子与组织结构。	细胞质中除可辨细胞器之外的基质部分，包含多种分子与组织结构。			CN05-S01
CELL05-002	05_细胞质基质与内膜系统	保留核心答案；更新格式与来源	细胞质基质解释蛋白稳态时需注意什么？	不是单纯稀溶液，拥挤、相互作用及骨架影响反应。	不是单纯稀溶液，拥挤、相互作用及骨架影响反应。			CN05-S01
CELL05-003	05_细胞质基质与内膜系统	保留核心答案；更新格式与来源	分子拥挤的直接作用或含义是什么？	大分子占据空间，改变扩散和有效相互作用。	大分子占据空间，改变扩散和有效相互作用。			CN05-S01
CELL05-004	05_细胞质基质与内膜系统	保留核心答案；更新格式与来源	分子拥挤解释蛋白稳态时需注意什么？	离体稀溶液参数不能无条件代表胞内情况。	离体稀溶液参数不能无条件代表胞内情况。			CN05-S01
CELL05-005	05_细胞质基质与内膜系统	保留核心答案；更新格式与来源	分子伴侣的直接作用或含义是什么？	帮助折叠或抑制非生产性聚集。	帮助折叠或抑制非生产性聚集。			CN05-S01
CELL05-006	05_细胞质基质与内膜系统	保留核心答案；更新格式与来源	分子伴侣解释蛋白稳态时需注意什么？	通常不提供蛋白最终折叠结构的序列信息。	通常不提供蛋白最终折叠结构的序列信息。			CN05-S01
CELL05-007	05_细胞质基质与内膜系统	保留核心答案；更新格式与来源	Hsp70的直接作用或含义是什么？	结合暴露的疏水肽段并随ATP循环调节结合。	结合暴露的疏水肽段并随ATP循环调节结合。			CN05-S01
CELL05-008	05_细胞质基质与内膜系统	保留核心答案；更新格式与来源	Hsp70解释蛋白稳态时需注意什么？	折叠、转运及质量控制中的具体作用依定位而异。	折叠、转运及质量控制中的具体作用依定位而异。			CN05-S01
CELL05-009	05_细胞质基质与内膜系统	保留核心答案；更新格式与来源	伴侣蛋白复合体的直接作用或含义是什么？	为部分蛋白折叠提供相对受保护的环境。	为部分蛋白折叠提供相对受保护的环境。			CN05-S01
CELL05-010	05_细胞质基质与内膜系统	保留核心答案；更新格式与来源	伴侣蛋白复合体解释蛋白稳态时需注意什么？	不是所有蛋白都需同一种伴侣系统。	不是所有蛋白都需同一种伴侣系统。			CN05-S01
CELL05-011	05_细胞质基质与内膜系统	保留核心答案；更新格式与来源	蛋白激酶的直接作用或含义是什么？	把磷酸基转移到特定底物。	把磷酸基转移到特定底物。			CN05-S01
CELL05-012	05_细胞质基质与内膜系统	保留核心答案；更新格式与来源	蛋白激酶解释蛋白稳态时需注意什么？	磷酸化可激活或抑制底物，不能统一为激活。	磷酸化可激活或抑制底物，不能统一为激活。			CN05-S01
CELL05-013	05_细胞质基质与内膜系统	保留核心答案；更新格式与来源	蛋白磷酸酶的直接作用或含义是什么？	去除蛋白上的特定磷酸基。	去除蛋白上的特定磷酸基。			CN05-S01
CELL05-014	05_细胞质基质与内膜系统	保留核心答案；更新格式与来源	蛋白磷酸酶解释蛋白稳态时需注意什么？	去磷酸化效果依底物位点和功能背景。	去磷酸化效果依底物位点和功能背景。			CN05-S01
CELL05-015	05_细胞质基质与内膜系统	保留核心答案；更新格式与来源	O-GlcNAc修饰的直接作用或含义是什么？	向部分胞质或核蛋白加单个N-乙酰葡糖胺。	向部分胞质或核蛋白加单个N-乙酰葡糖胺。			CN05-S01
CELL05-016	05_细胞质基质与内膜系统	保留核心答案；更新格式与来源	O-GlcNAc修饰解释蛋白稳态时需注意什么？	与分泌途径的复杂糖链加工不同。	与分泌途径的复杂糖链加工不同。			CN05-S01
CELL05-017	05_细胞质基质与内膜系统	保留核心答案；更新格式与来源	蛋白酰基化的直接作用或含义是什么？	共价连接酰基，可改变膜结合或其他性质。	共价连接酰基，可改变膜结合或其他性质。			CN05-S01
CELL05-018	05_细胞质基质与内膜系统	保留核心答案；更新格式与来源	蛋白酰基化解释蛋白稳态时需注意什么？	影响依修饰位点与酰基类型而定。	影响依修饰位点与酰基类型而定。			CN05-S01
CELL05-019	05_细胞质基质与内膜系统	保留核心答案；更新格式与来源	泛素的直接作用或含义是什么？	可共价连接底物或形成不同类型链的小蛋白。	可共价连接底物或形成不同类型链的小蛋白。			CN05-S01
CELL05-020	05_细胞质基质与内膜系统	保留核心答案；更新格式与来源	泛素解释蛋白稳态时需注意什么？	泛素化不一概等于蛋白酶体降解。	泛素化不一概等于蛋白酶体降解。			CN05-S01
CELL05-021	05_细胞质基质与内膜系统	保留核心答案；更新格式与来源	E1的直接作用或含义是什么？	ATP依赖地活化泛素。	ATP依赖地活化泛素。		ENFIG0474	CN05-S01
CELL05-022	05_细胞质基质与内膜系统	保留核心答案；更新格式与来源	E1解释蛋白稳态时需注意什么？	不是主要决定每个底物特异性的步骤。	不是主要决定每个底物特异性的步骤。			CN05-S01
CELL05-023	05_细胞质基质与内膜系统	保留核心答案；更新格式与来源	E2的直接作用或含义是什么？	接受活化泛素并参与向底物转移。	接受活化泛素并参与向底物转移。			CN05-S01
CELL05-024	05_细胞质基质与内膜系统	保留核心答案；更新格式与来源	E2解释蛋白稳态时需注意什么？	需与相关E3等协作。	需与相关E3等协作。			CN05-S01
CELL05-025	05_细胞质基质与内膜系统	保留核心答案；更新格式与来源	E3的直接作用或含义是什么？	识别底物并促进泛素连接。	识别底物并促进泛素连接。			CN05-S01
CELL05-026	05_细胞质基质与内膜系统	保留核心答案；更新格式与来源	E3解释蛋白稳态时需注意什么？	底物选择是调控蛋白寿命的重要节点。	底物选择是调控蛋白寿命的重要节点。			CN05-S01
CELL05-027	05_细胞质基质与内膜系统	保留核心答案；更新格式与来源	26S蛋白酶体的直接作用或含义是什么？	识别并降解许多标记的胞质及核蛋白。	识别并降解许多标记的胞质及核蛋白。		ENFIG0819	CN05-S01
CELL05-028	05_细胞质基质与内膜系统	保留核心答案；更新格式与来源	26S蛋白酶体解释蛋白稳态时需注意什么？	需区分识别、展开与核心蛋白水解。	需区分识别、展开与核心蛋白水解。			CN05-S01
CELL05-029	05_细胞质基质与内膜系统	保留核心答案；更新格式与来源	降解信号的直接作用或含义是什么？	提高蛋白被特定降解系统识别的序列或状态。	提高蛋白被特定降解系统识别的序列或状态。			CN05-S01
CELL05-030	05_细胞质基质与内膜系统	保留核心答案；更新格式与来源	降解信号解释蛋白稳态时需注意什么？	寿命还受修饰、折叠和相互作用调节。	寿命还受修饰、折叠和相互作用调节。			CN05-S01
CELL05-031	05_细胞质基质与内膜系统	保留核心答案；更新格式与来源	为何错误折叠蛋白容易聚集？	通常暴露本应埋藏的疏水区域，促进异常分子间结合。	通常暴露本应埋藏的疏水区域，促进异常分子间结合。			CN05-S01
CELL05-032	05_细胞质基质与内膜系统	保留核心答案；更新格式与来源	提高伴侣表达为何能缓冲蛋白质合成负荷？	增加防聚集及折叠处理能力，减少非生产性相互作用。	增加防聚集及折叠处理能力，减少非生产性相互作用。			CN05-S01
CELL05-033	05_细胞质基质与内膜系统	保留核心答案；更新格式与来源	抑制蛋白酶体后泛素化底物为何可能积累？	标记仍发生但清除下降，需同时考虑合成和其他降解途径。	标记仍发生但清除下降，需同时考虑合成和其他降解途径。		CNFIG0032	CN05-S01
CELL05-034	05_细胞质基质与内膜系统	保留核心答案；更新格式与来源	某蛋白总量增加，为什么不能直接推断其转录增强？	可由翻译增加或降解减少造成，需要分别测mRNA、合成和寿命。	可由翻译增加或降解减少造成，需要分别测mRNA、合成和寿命。			CN05-S01
CELL05-035	05_细胞质基质与内膜系统	保留核心答案；更新格式与来源	脉冲追踪中蛋白量随时间衰减可用于估计什么？	所标记蛋白群的降解或消失速率；需控制转运及标记稀释。	所标记蛋白群的降解或消失速率；需控制转运及标记稀释。			CN05-S01
CELL05-036	05_细胞质基质与内膜系统	保留核心答案；更新格式与来源	若蛋白按一级降解且半衰期2小时，8小时后约剩初始量多少？	经过4个半衰期，剩(1/2)⁴=1/16，约6.25%。	经过4个半衰期，剩(1/2)⁴=1/16，约6.25%。			CN05-S01
CELL05-037	05_细胞质基质与内膜系统	保留核心答案；更新格式与来源	蛋白酶体为何通常要先展开底物？	核心入口狭窄，展开后多肽才能进入蛋白水解腔。	核心入口狭窄，展开后多肽才能进入蛋白水解腔。			CN05-S01
CELL05-038	05_细胞质基质与内膜系统	保留核心答案；更新格式与来源	蛋白酶体与溶酶体在典型底物范围上有何区别？	前者主要处理单个胞质/核蛋白；后者可处理膜货物、大分子和细胞器。	前者主要处理单个胞质/核蛋白；后者可处理膜货物、大分子和细胞器。			CN05-S01
CELL05-039	05_细胞质基质与内膜系统	保留核心答案；更新格式与来源	某酶磷酸化增加同时活性下降，应如何评价？	磷酸化可能是抑制性修饰，需检验具体位点和因果，不能套用“磷酸化必激活”。	磷酸化可能是抑制性修饰，需检验具体位点和因果，不能套用“磷酸化必激活”。			CN05-S01
CELL05-040	05_细胞质基质与内膜系统	闭卷评分补充	概述蛋白稳态的三个互相配合环节。	合成与加工；折叠及质量控制；选择性清除和再利用。	合成与加工；折叠及质量控制；选择性清除和再利用。	"这是综合答题结构卡。复习时说全核心连接；完整展开请另做本章闭卷练习。

展开作答参考评分（10 分）：
1. 说明合成量和加工决定进入蛋白库的数量与形式。（2分）
2. 说明伴侣帮助折叠、避免聚集，不改变序列编码的最终折叠信息。（2分）
3. 说明质量控制检查错误构象并采取再折叠、滞留或降解等措施。（2分）
4. 区分蛋白酶体与溶酶体/自噬等清除路线及其典型货物。（2分）
5. 把合成、折叠和降解联系成动态平衡；说明稳态丰度不等于周转速率不变。（2分）"		CN05-S01
CELL05-041	05_细胞质基质与内膜系统	保留核心答案；更新格式与来源	粗面内质网的典型结构或位置是什么？	胞质面结合核糖体的膜网，常呈扁囊。	胞质面结合核糖体的膜网，常呈扁囊。		CNFIG0120	CN05-S02
CELL05-042	05_细胞质基质与内膜系统	保留核心答案；更新格式与来源	粗面内质网的组织方式如何服务于功能？	支持分泌与膜蛋白合成及进入腔内加工。	支持分泌与膜蛋白合成及进入腔内加工。		CNFIG0081	CN05-S02,CN05-S00
CELL05-043	05_细胞质基质与内膜系统	保留核心答案；更新格式与来源	光面内质网的典型结构或位置是什么？	无大量附着核糖体的管状膜区域。	无大量附着核糖体的管状膜区域。		CNFIG0010	CN05-S02
CELL05-044	05_细胞质基质与内膜系统	保留核心答案；更新格式与来源	光面内质网的组织方式如何服务于功能？	参与脂质合成、解毒和Ca²⁺调节，随细胞类型变化。	参与脂质合成、解毒和Ca²⁺调节，随细胞类型变化。			CN05-S02
CELL05-045	05_细胞质基质与内膜系统	保留核心答案；更新格式与来源	肌质网的典型结构或位置是什么？	肌细胞特化的内质网。	肌细胞特化的内质网。			CN05-S02
CELL05-046	05_细胞质基质与内膜系统	保留核心答案；更新格式与来源	肌质网的组织方式如何服务于功能？	储存并释放Ca²⁺参与收缩—舒张调节。	储存并释放Ca²⁺参与收缩—舒张调节。			CN05-S02
CELL05-047	05_细胞质基质与内膜系统	保留核心答案；更新格式与来源	内质网腔的典型结构或位置是什么？	膜包围的非胞质区室。	膜包围的非胞质区室。			CN05-S02
CELL05-048	05_细胞质基质与内膜系统	保留核心答案；更新格式与来源	内质网腔的组织方式如何服务于功能？	提供折叠、二硫键和糖基化等加工环境。	提供折叠、二硫键和糖基化等加工环境。			CN05-S02
CELL05-049	05_细胞质基质与内膜系统	保留核心答案；更新格式与来源	微粒体的典型结构或位置是什么？	匀浆时破碎内质网等重新封闭形成的小囊泡。	匀浆时破碎内质网等重新封闭形成的小囊泡。			CN05-S02
CELL05-050	05_细胞质基质与内膜系统	保留核心答案；更新格式与来源	微粒体的组织方式如何服务于功能？	可用于体外转运实验，不是活细胞原有独立细胞器。	可用于体外转运实验，不是活细胞原有独立细胞器。			CN05-S02
CELL05-051	05_细胞质基质与内膜系统	保留核心答案；更新格式与来源	内质网出芽位点的典型结构或位置是什么？	内质网上组织输出囊泡的区域。	内质网上组织输出囊泡的区域。			CN05-S02
CELL05-052	05_细胞质基质与内膜系统	保留核心答案；更新格式与来源	内质网出芽位点的组织方式如何服务于功能？	集中货物和包被组装，帮助选择性输出。	集中货物和包被组装，帮助选择性输出。			CN05-S02
CELL05-053	05_细胞质基质与内膜系统	保留核心答案；更新格式与来源	膜接触位点的典型结构或位置是什么？	两个细胞器膜近距离接触而通常不融合。	两个细胞器膜近距离接触而通常不融合。		ENFIG1464	CN05-S02
CELL05-054	05_细胞质基质与内膜系统	保留核心答案；更新格式与来源	膜接触位点的组织方式如何服务于功能？	支持脂质、Ca²⁺等交换及信号联系。	支持脂质、Ca²⁺等交换及信号联系。			CN05-S02
CELL05-055	05_细胞质基质与内膜系统	保留核心答案；更新格式与来源	信号肽切除在内质网加工中的直接作用是什么？	切除某些进入ER蛋白的N端信号肽。	切除某些进入ER蛋白的N端信号肽。			CN05-S02
CELL05-056	05_细胞质基质与内膜系统	保留核心答案；更新格式与来源	信号肽切除怎样帮助蛋白成熟或质量控制？	形成成熟序列，是否切除取决于信号类型。	形成成熟序列，是否切除取决于信号类型。			CN05-S02
CELL05-057	05_细胞质基质与内膜系统	保留核心答案；更新格式与来源	N-连接糖基化在内质网加工中的直接作用是什么？	把预组装糖链连接到特定Asn残基。	把预组装糖链连接到特定Asn残基。		ENFIG1453,CNFIG0040,CNFIG0048	CN05-S02
CELL05-058	05_细胞质基质与内膜系统	保留核心答案；更新格式与来源	N-连接糖基化怎样帮助蛋白成熟或质量控制？	帮助折叠和分选，并可参与质量控制。	帮助折叠和分选，并可参与质量控制。			CN05-S02
CELL05-059	05_细胞质基质与内膜系统	解释补充	Asn-X-Ser/Thr序列在内质网加工中的直接作用是什么？	典型N-糖基化识别序列，X通常不为Pro。	典型N-糖基化识别序列，X通常不为Pro。	典型序列为 Asn-X-Ser/Thr，X 通常不能是 Pro；需要位点进入 ER 腔侧并可被寡糖转移酶接近，序列存在不保证必然糖基化。		CN05-S02
CELL05-060	05_细胞质基质与内膜系统	保留核心答案；更新格式与来源	Asn-X-Ser/Thr序列怎样帮助蛋白成熟或质量控制？	序列存在不保证所有位点均被糖基化。	序列存在不保证所有位点均被糖基化。			CN05-S02
CELL05-061	05_细胞质基质与内膜系统	保留核心答案；更新格式与来源	磷酸多萜醇载体在内质网加工中的直接作用是什么？	在ER膜上承载组装中的糖链前体。	在ER膜上承载组装中的糖链前体。			CN05-S02
CELL05-062	05_细胞质基质与内膜系统	保留核心答案；更新格式与来源	磷酸多萜醇载体怎样帮助蛋白成熟或质量控制？	使糖链组装和转移过程空间有序。	使糖链组装和转移过程空间有序。			CN05-S02
CELL05-063	05_细胞质基质与内膜系统	保留核心答案；更新格式与来源	寡糖转移酶在内质网加工中的直接作用是什么？	把预组装寡糖转移到新生蛋白。	把预组装寡糖转移到新生蛋白。		CNFIG0074	CN05-S02
CELL05-064	05_细胞质基质与内膜系统	保留核心答案；更新格式与来源	寡糖转移酶怎样帮助蛋白成熟或质量控制？	糖链添加可与进入ER的过程相联系。	糖链添加可与进入ER的过程相联系。			CN05-S02
CELL05-065	05_细胞质基质与内膜系统	保留核心答案；更新格式与来源	BiP在内质网加工中的直接作用是什么？	ER腔内Hsp70家族伴侣。	ER腔内Hsp70家族伴侣。			CN05-S02
CELL05-066	05_细胞质基质与内膜系统	保留核心答案；更新格式与来源	BiP怎样帮助蛋白成熟或质量控制？	结合未正确折叠蛋白，抑制聚集并帮助加工。	结合未正确折叠蛋白，抑制聚集并帮助加工。			CN05-S02
CELL05-067	05_细胞质基质与内膜系统	保留核心答案；更新格式与来源	蛋白二硫键异构酶在内质网加工中的直接作用是什么？	催化二硫键形成及重排。	催化二硫键形成及重排。		ENFIG1451	CN05-S02
CELL05-068	05_细胞质基质与内膜系统	保留核心答案；更新格式与来源	蛋白二硫键异构酶怎样帮助蛋白成熟或质量控制？	纠正错误配对，促进适当折叠。	纠正错误配对，促进适当折叠。			CN05-S02
CELL05-069	05_细胞质基质与内膜系统	保留核心答案；更新格式与来源	钙联蛋白/钙网蛋白在内质网加工中的直接作用是什么？	识别特定糖链状态的ER伴侣。	识别特定糖链状态的ER伴侣。			CN05-S02
CELL05-070	05_细胞质基质与内膜系统	保留核心答案；更新格式与来源	钙联蛋白/钙网蛋白怎样帮助蛋白成熟或质量控制？	把糖链加工与折叠检查联系起来。	把糖链加工与折叠检查联系起来。			CN05-S02
CELL05-071	05_细胞质基质与内膜系统	保留核心答案；更新格式与来源	ER相关降解ERAD在内质网加工中的直接作用是什么？	把某些异常蛋白送至胞质降解系统。	把某些异常蛋白送至胞质降解系统。			CN05-S02
CELL05-072	05_细胞质基质与内膜系统	保留核心答案；更新格式与来源	ER相关降解ERAD怎样帮助蛋白成熟或质量控制？	清除持续错误折叠货物，避免只在ER内积累。	清除持续错误折叠货物，避免只在ER内积累。			CN05-S02
CELL05-073	05_细胞质基质与内膜系统	保留核心答案；更新格式与来源	内质网质量控制在内质网加工中的直接作用是什么？	限制未成熟或未组装蛋白继续输出。	限制未成熟或未组装蛋白继续输出。			CN05-S02
CELL05-074	05_细胞质基质与内膜系统	保留核心答案；更新格式与来源	内质网质量控制怎样帮助蛋白成熟或质量控制？	保证输出货物质量，但过度负荷可导致应激。	保证输出货物质量，但过度负荷可导致应激。			CN05-S02
CELL05-075	05_细胞质基质与内膜系统	保留核心答案；更新格式与来源	哺乳动物UPR中的IRE1怎样被转为应答信号？	应激促其活化，具有激酶及核酸内切酶活性。	应激促其活化，具有激酶及核酸内切酶活性。			CN05-S02
CELL05-076	05_细胞质基质与内膜系统	保留核心答案；更新格式与来源	哺乳动物UPR中IRE1的关键下游反应是什么？	剪接XBP1 mRNA形成活性转录调节因子。	剪接XBP1 mRNA形成活性转录调节因子。		ENFIG1457	CN05-S02
CELL05-077	05_细胞质基质与内膜系统	保留核心答案；更新格式与来源	哺乳动物UPR中IRE1为何有助缓解ER负荷？	提高折叠和质量控制等能力。	提高折叠和质量控制等能力。			CN05-S02
CELL05-078	05_细胞质基质与内膜系统	保留核心答案；更新格式与来源	哺乳动物UPR中的PERK怎样被转为应答信号？	ER应激激活其激酶功能。	ER应激激活其激酶功能。		ENFIG1456	CN05-S02
CELL05-079	05_细胞质基质与内膜系统	解释补充	哺乳动物UPR中PERK的关键下游反应是什么？	磷酸化eIF2α，降低总体翻译并保留应激选择性表达。	磷酸化eIF2α，降低总体翻译并保留应激选择性表达。	PERK-eIF2α 支路抑制总体翻译，但可通过上游开放阅读框等机制促进 ATF4 等特定应激蛋白翻译；总体下降不等于所有 mRNA 同幅度下降。	CNFIG0127	CN05-S02
CELL05-080	05_细胞质基质与内膜系统	保留核心答案；更新格式与来源	哺乳动物UPR中PERK为何有助缓解ER负荷？	减轻进入ER的新生蛋白负荷。	减轻进入ER的新生蛋白负荷。			CN05-S02
CELL05-081	05_细胞质基质与内膜系统	保留核心答案；更新格式与来源	哺乳动物UPR中的ATF6怎样被转为应答信号？	应激时由ER转至高尔基体并受控切割。	应激时由ER转至高尔基体并受控切割。			CN05-S02
CELL05-082	05_细胞质基质与内膜系统	保留核心答案；更新格式与来源	哺乳动物UPR中ATF6的关键下游反应是什么？	释放胞质转录因子片段进入核。	释放胞质转录因子片段进入核。			CN05-S02
CELL05-083	05_细胞质基质与内膜系统	保留核心答案；更新格式与来源	哺乳动物UPR中ATF6为何有助缓解ER负荷？	增加伴侣及相关加工能力。	增加伴侣及相关加工能力。			CN05-S02
CELL05-084	05_细胞质基质与内膜系统	保留核心答案；更新格式与来源	固醇调节中的SREBP起什么作用？	受控切割后产生调节脂质相关基因的转录因子。	受控切割后产生调节脂质相关基因的转录因子。			CN05-S02
CELL05-085	05_细胞质基质与内膜系统	保留核心答案；更新格式与来源	固醇调节中SREBP与哪个细胞区室事件相联系？	膜结合前体由ER送到高尔基体加工。	膜结合前体由ER送到高尔基体加工。			CN05-S02
CELL05-086	05_细胞质基质与内膜系统	保留核心答案；更新格式与来源	固醇调节中的SREBP怎样参与负反馈？	低固醇时释放促进合成/摄取，高固醇时限制激活。	低固醇时释放促进合成/摄取，高固醇时限制激活。			CN05-S02
CELL05-087	05_细胞质基质与内膜系统	保留核心答案；更新格式与来源	固醇调节中的SCAP起什么作用？	协助感知固醇状态并运输SREBP。	协助感知固醇状态并运输SREBP。			CN05-S02
CELL05-088	05_细胞质基质与内膜系统	保留核心答案；更新格式与来源	固醇调节中SCAP与哪个细胞区室事件相联系？	调节ER输出与高尔基体加工衔接。	调节ER输出与高尔基体加工衔接。			CN05-S02
CELL05-089	05_细胞质基质与内膜系统	保留核心答案；更新格式与来源	固醇调节中的SCAP怎样参与负反馈？	固醇充足时相关保留作用抑制输出。	固醇充足时相关保留作用抑制输出。			CN05-S02
CELL05-090	05_细胞质基质与内膜系统	保留核心答案；更新格式与来源	固醇调节中的Insig起什么作用？	参与ER中固醇依赖的保留控制。	参与ER中固醇依赖的保留控制。			CN05-S02
CELL05-091	05_细胞质基质与内膜系统	保留核心答案；更新格式与来源	固醇调节中Insig与哪个细胞区室事件相联系？	与SCAP等共同限制SREBP前体输出。	与SCAP等共同限制SREBP前体输出。		CNFIG0164	CN05-S02
CELL05-092	05_细胞质基质与内膜系统	保留核心答案；更新格式与来源	固醇调节中的Insig怎样参与负反馈？	使细胞避免在固醇充足时继续过度激活合成。	使细胞避免在固醇充足时继续过度激活合成。			CN05-S02
CELL05-093	05_细胞质基质与内膜系统	保留核心答案；更新格式与来源	顺面网络CGN在高尔基体中的主要位置或功能是什么？	接受来自ER的货物并参与回收分选。	接受来自ER的货物并参与回收分选。			CN05-S02
CELL05-094	05_细胞质基质与内膜系统	保留核心答案；更新格式与来源	顺面网络CGN怎样体现高尔基体的极性？	输入端不同于末端输出分选站。	输入端不同于末端输出分选站。		CNFIG0167	CN05-S02
CELL05-095	05_细胞质基质与内膜系统	保留核心答案；更新格式与来源	中间膜囊在高尔基体中的主要位置或功能是什么？	完成一系列糖链加工等反应。	完成一系列糖链加工等反应。			CN05-S02
CELL05-096	05_细胞质基质与内膜系统	保留核心答案；更新格式与来源	中间膜囊怎样体现高尔基体的极性？	酶的分布有空间顺序，货物逐步成熟。	酶的分布有空间顺序，货物逐步成熟。			CN05-S02
CELL05-097	05_细胞质基质与内膜系统	保留核心答案；更新格式与来源	反面网络TGN在高尔基体中的主要位置或功能是什么？	组织送往表面、内体等不同路线的货物。	组织送往表面、内体等不同路线的货物。		CNFIG0257,CNFIG0268	CN05-S02
CELL05-098	05_细胞质基质与内膜系统	保留核心答案；更新格式与来源	反面网络TGN怎样体现高尔基体的极性？	末端按目的地分流而非全部统一分泌。	末端按目的地分流而非全部统一分泌。			CN05-S02
CELL05-099	05_细胞质基质与内膜系统	保留核心答案；更新格式与来源	膜囊成熟模型在高尔基体中的主要位置或功能是什么？	膜囊逐渐改变身份，货物随成熟前移。	膜囊逐渐改变身份，货物随成熟前移。			CN05-S02
CELL05-100	05_细胞质基质与内膜系统	保留核心答案；更新格式与来源	膜囊成熟模型怎样体现高尔基体的极性？	加工酶等可经逆向回收保持区域身份。	加工酶等可经逆向回收保持区域身份。			CN05-S02
CELL05-101	05_细胞质基质与内膜系统	保留核心答案；更新格式与来源	囊泡运输模型在高尔基体中的主要位置或功能是什么？	货物可在相对稳定膜囊间由载体转运。	货物可在相对稳定膜囊间由载体转运。		CNFIG0250	CN05-S02
CELL05-102	05_细胞质基质与内膜系统	保留核心答案；更新格式与来源	囊泡运输模型怎样体现高尔基体的极性？	实际运输可能结合多种机制，不能视为唯一固定方案。	实际运输可能结合多种机制，不能视为唯一固定方案。			CN05-S02
CELL05-103	05_细胞质基质与内膜系统	保留核心答案；更新格式与来源	酸性水解酶在溶酶体途径中起什么作用？	在酸性环境下分解多种大分子。	在酸性环境下分解多种大分子。			CN05-S02
CELL05-104	05_细胞质基质与内膜系统	保留核心答案；更新格式与来源	酸性水解酶与溶酶体功能异常有何联系？	某酶缺失可导致特定底物积累。	某酶缺失可导致特定底物积累。			CN05-S02
CELL05-105	05_细胞质基质与内膜系统	保留核心答案；更新格式与来源	溶酶体膜糖蛋白在溶酶体途径中起什么作用？	保护腔面并参与膜功能。	保护腔面并参与膜功能。			CN05-S02
CELL05-106	05_细胞质基质与内膜系统	保留核心答案；更新格式与来源	溶酶体膜糖蛋白与溶酶体功能异常有何联系？	膜保护和运输缺陷均可损伤降解稳态。	膜保护和运输缺陷均可损伤降解稳态。			CN05-S02
CELL05-107	05_细胞质基质与内膜系统	保留核心答案；更新格式与来源	溶酶体小分子转运体在溶酶体途径中起什么作用？	把降解产物送回胞质。	把降解产物送回胞质。			CN05-S02
CELL05-108	05_细胞质基质与内膜系统	保留核心答案；更新格式与来源	溶酶体小分子转运体与溶酶体功能异常有何联系？	降解完成不等于回收可用，转运受阻也可积累。	降解完成不等于回收可用，转运受阻也可积累。			CN05-S02
CELL05-109	05_细胞质基质与内膜系统	保留核心答案；更新格式与来源	M6P标记在溶酶体途径中起什么作用？	标记许多可溶性溶酶体水解酶。	标记许多可溶性溶酶体水解酶。			CN05-S02
CELL05-110	05_细胞质基质与内膜系统	保留核心答案；更新格式与来源	M6P标记与溶酶体功能异常有何联系？	缺失可使酶错误分泌，溶酶体缺酶。	缺失可使酶错误分泌，溶酶体缺酶。			CN05-S02
CELL05-111	05_细胞质基质与内膜系统	保留核心答案；更新格式与来源	GlcNAc磷酸转移酶在溶酶体途径中起什么作用？	识别相关酶并启动M6P标签形成。	识别相关酶并启动M6P标签形成。			CN05-S02
CELL05-112	05_细胞质基质与内膜系统	保留核心答案；更新格式与来源	GlcNAc磷酸转移酶与溶酶体功能异常有何联系？	其缺陷可影响多种水解酶分选。	其缺陷可影响多种水解酶分选。			CN05-S02
CELL05-113	05_细胞质基质与内膜系统	保留核心答案；更新格式与来源	M6P受体在溶酶体途径中起什么作用？	识别带标记的货物并组织进入内体途径。	识别带标记的货物并组织进入内体途径。		ENFIG1576,CNFIG0175	CN05-S02
CELL05-114	05_细胞质基质与内膜系统	保留核心答案；更新格式与来源	M6P受体与溶酶体功能异常有何联系？	受体回收使分选可反复进行。	受体回收使分选可反复进行。			CN05-S02
CELL05-115	05_细胞质基质与内膜系统	事实或边界修订	溶酶体贮积在溶酶体途径中起什么作用？	难以降解或运出的物质积累。	溶酶体贮积是降解或产物外运受损后的异常结果，而不是正常分选步骤：未能及时清除的底物在溶酶体内积累，进而影响细胞功能。			CN05-S02
CELL05-116	05_细胞质基质与内膜系统	保留核心答案；更新格式与来源	溶酶体贮积与溶酶体功能异常有何联系？	并非所有病例都由同一个酶或相同步骤缺陷引起。	并非所有病例都由同一个酶或相同步骤缺陷引起。			CN05-S02
CELL05-117	05_细胞质基质与内膜系统	保留核心答案；更新格式与来源	巨自噬以什么方式处理胞内材料？	分离膜包围货物形成双层自噬体，再交给溶酶体。	分离膜包围货物形成双层自噬体，再交给溶酶体。			CN05-S02
CELL05-118	05_细胞质基质与内膜系统	保留核心答案；更新格式与来源	巨自噬理解自噬时需避免什么混淆？	自噬体增多可来自形成增多或降解受阻。	自噬体增多可来自形成增多或降解受阻。			CN05-S02
CELL05-119	05_细胞质基质与内膜系统	保留核心答案；更新格式与来源	微自噬以什么方式处理胞内材料？	通过相关降解区室膜内陷等方式摄入胞质材料。	通过相关降解区室膜内陷等方式摄入胞质材料。			CN05-S02
CELL05-120	05_细胞质基质与内膜系统	保留核心答案；更新格式与来源	微自噬理解自噬时需避免什么混淆？	不必先形成典型双层自噬体。	不必先形成典型双层自噬体。			CN05-S02
CELL05-121	05_细胞质基质与内膜系统	保留核心答案；更新格式与来源	伴侣介导自噬以什么方式处理胞内材料？	某些蛋白被伴侣识别并经溶酶体膜转移。	某些蛋白被伴侣识别并经溶酶体膜转移。			CN05-S02
CELL05-122	05_细胞质基质与内膜系统	保留核心答案；更新格式与来源	伴侣介导自噬理解自噬时需避免什么混淆？	具有底物选择性，不能泛指所有自噬。	具有底物选择性，不能泛指所有自噬。			CN05-S02
CELL05-123	05_细胞质基质与内膜系统	保留核心答案；更新格式与来源	分离膜以什么方式处理胞内材料？	延伸并包围货物的自噬前体膜。	延伸并包围货物的自噬前体膜。			CN05-S02
CELL05-124	05_细胞质基质与内膜系统	保留核心答案；更新格式与来源	分离膜理解自噬时需避免什么混淆？	与已经闭合的自噬体区别。	与已经闭合的自噬体区别。			CN05-S02
CELL05-125	05_细胞质基质与内膜系统	保留核心答案；更新格式与来源	自噬体以什么方式处理胞内材料？	双层膜包围待处理胞内货物。	双层膜包围待处理胞内货物。			CN05-S02
CELL05-126	05_细胞质基质与内膜系统	保留核心答案；更新格式与来源	自噬体理解自噬时需避免什么混淆？	不是已经完成酸性水解的终点。	不是已经完成酸性水解的终点。			CN05-S02
CELL05-127	05_细胞质基质与内膜系统	保留核心答案；更新格式与来源	自噬溶酶体以什么方式处理胞内材料？	自噬体与溶酶体途径融合后的降解区室。	自噬体与溶酶体途径融合后的降解区室。		CNFIG0214	CN05-S02
CELL05-128	05_细胞质基质与内膜系统	保留核心答案；更新格式与来源	自噬溶酶体理解自噬时需避免什么混淆？	形成和降解两部分共同决定稳态数量。	形成和降解两部分共同决定稳态数量。			CN05-S02
CELL05-129	05_细胞质基质与内膜系统	保留核心答案；更新格式与来源	线粒体自噬以什么方式处理胞内材料？	选择性清除部分线粒体。	选择性清除部分线粒体。		ENFIG1621	CN05-S02
CELL05-130	05_细胞质基质与内膜系统	保留核心答案；更新格式与来源	线粒体自噬理解自噬时需避免什么混淆？	是细胞器质量控制，不代表所有线粒体必须整体同时降解。	是细胞器质量控制，不代表所有线粒体必须整体同时降解。			CN05-S02
CELL05-131	05_细胞质基质与内膜系统	保留核心答案；更新格式与来源	氧化酶在过氧化物酶体中有什么典型作用？	氧化底物并可产生H₂O₂。	氧化底物并可产生H₂O₂。			CN05-S02
CELL05-132	05_细胞质基质与内膜系统	保留核心答案；更新格式与来源	氧化酶与溶酶体降解有什么区别？	采用氧化反应而非以酸性水解为共同原理。	采用氧化反应而非以酸性水解为共同原理。			CN05-S02
CELL05-133	05_细胞质基质与内膜系统	保留核心答案；更新格式与来源	过氧化氢酶在过氧化物酶体中有什么典型作用？	分解H₂O₂并参与相关氧化解毒。	分解H₂O₂并参与相关氧化解毒。			CN05-S02
CELL05-134	05_细胞质基质与内膜系统	保留核心答案；更新格式与来源	过氧化氢酶与溶酶体降解有什么区别？	标志酶及反应环境与溶酶体不同。	标志酶及反应环境与溶酶体不同。			CN05-S02
CELL05-135	05_细胞质基质与内膜系统	保留核心答案；更新格式与来源	超长链脂肪酸处理在过氧化物酶体中有什么典型作用？	参与部分脂肪酸β氧化。	参与部分脂肪酸β氧化。			CN05-S02
CELL05-136	05_细胞质基质与内膜系统	保留核心答案；更新格式与来源	超长链脂肪酸处理与溶酶体降解有什么区别？	产能与产物去向不能套用线粒体全过程。	产能与产物去向不能套用线粒体全过程。			CN05-S02
CELL05-137	05_细胞质基质与内膜系统	保留核心答案；更新格式与来源	乙醛酸循环相关微体在过氧化物酶体中有什么典型作用？	某些植物组织中参与脂质碳向糖前体转化。	某些植物组织中参与脂质碳向糖前体转化。		ENFIG1470	CN05-S02,EN12-H032-H041
CELL05-138	05_细胞质基质与内膜系统	保留核心答案；更新格式与来源	乙醛酸循环相关微体与溶酶体降解有什么区别？	功能有物种与组织限制，不是所有动物微体功能。	功能有物种与组织限制，不是所有动物微体功能。			CN05-S02
CELL05-139	05_细胞质基质与内膜系统	保留核心答案；更新格式与来源	过氧化物酶体生物发生在过氧化物酶体中有什么典型作用？	依赖核编码蛋白及Pex等系统。	依赖核编码蛋白及Pex等系统。		CNFIG0243,ENFIG1471	CN05-S02,EN12-H032-H041
CELL05-140	05_细胞质基质与内膜系统	保留核心答案；更新格式与来源	过氧化物酶体生物发生与溶酶体降解有什么区别？	不依赖自身基因组，也不能视为溶酶体的另一名称。	不依赖自身基因组，也不能视为溶酶体的另一名称。			CN05-S02
CELL05-141	05_细胞质基质与内膜系统	保留核心答案；更新格式与来源	为什么ER腔有利于许多分泌蛋白二硫键形成？	腔内相对氧化环境及催化系统促进二硫键形成，与还原性胞质不同。	腔内相对氧化环境及催化系统促进二硫键形成，与还原性胞质不同。		ENFIG1285	CN05-S02,EN10-H011-H021
CELL05-142	05_细胞质基质与内膜系统	保留核心答案；更新格式与来源	N-糖基化与典型高尔基体O-糖基化的连接残基有何区别？	N型连接Asn；典型O型连接Ser或Thr的羟基，存在其他特定O型体系。	N型连接Asn；典型O型连接Ser或Thr的羟基，存在其他特定O型体系。			CN05-S02
CELL05-143	05_细胞质基质与内膜系统	保留核心答案；更新格式与来源	同一蛋白进入高尔基体后分子量改变，如何判断是否来自糖链加工？	结合糖苷酶处理、糖基化干预和蛋白主链检测，排除蛋白水解等原因。	结合糖苷酶处理、糖基化干预和蛋白主链检测，排除蛋白水解等原因。			CN05-S02
CELL05-144	05_细胞质基质与内膜系统	保留核心答案；更新格式与来源	分泌蛋白缺陷导致ER内积累，为什么细胞可能启动UPR？	折叠负荷超过处理能力，激活感受与应答系统以降低输入并提高处理能力。	折叠负荷超过处理能力，激活感受与应答系统以降低输入并提高处理能力。			CN05-S02
CELL05-145	05_细胞质基质与内膜系统	保留核心答案；更新格式与来源	短时UPR与长期无法缓解的ER应激，其细胞结局为何不同？	短时可恢复稳态，持续严重应激可转向损伤和死亡反应。	短时可恢复稳态，持续严重应激可转向损伤和死亡反应。			CN05-S02
CELL05-146	05_细胞质基质与内膜系统	保留核心答案；更新格式与来源	抑制PERK后总体翻译未适当降低，ER应激可能怎样？	输入负荷难以下降，可能加重折叠压力；其他UPR支路仍可能补偿。	输入负荷难以下降，可能加重折叠压力；其他UPR支路仍可能补偿。			CN05-S02
CELL05-147	05_细胞质基质与内膜系统	保留核心答案；更新格式与来源	IRE1支路受阻，怎样检验XBP1加工确实受影响？	区分剪接与未剪接mRNA或检测相应蛋白，并设应激及基础对照。	区分剪接与未剪接mRNA或检测相应蛋白，并设应激及基础对照。			CN05-S02
CELL05-148	05_细胞质基质与内膜系统	保留核心答案；更新格式与来源	ATF6不能进入高尔基体时，哪一步应答直接受影响？	受控切割和活性核内片段生成受阻。	受控切割和活性核内片段生成受阻。			CN05-S02
CELL05-149	05_细胞质基质与内膜系统	保留核心答案；更新格式与来源	低固醇细胞仍不激活SREBP，可检查哪类区室步骤？	ER输出、高尔基体切割及活性片段核转位，不能仅查总前体量。	ER输出、高尔基体切割及活性片段核转位，不能仅查总前体量。			CN05-S02
CELL05-150	05_细胞质基质与内膜系统	保留核心答案；更新格式与来源	ER膜脂合成在一侧发生，如何保证双层两小叶都扩展？	通过脂质跨小叶转移等机制分配新脂，避免单侧失衡。	通过脂质跨小叶转移等机制分配新脂，避免单侧失衡。			CN05-S02
CELL05-151	05_细胞质基质与内膜系统	保留核心答案；更新格式与来源	膜接触位点提供脂质交换，为何不要求两膜融合？	脂质转移蛋白等可跨近距离传递，区室仍保留各自边界。	脂质转移蛋白等可跨近距离传递，区室仍保留各自边界。		CNFIG0101	CN05-S02
CELL05-152	05_细胞质基质与内膜系统	保留核心答案；更新格式与来源	加工酶分布于不同高尔基体区域，对糖链成熟有什么意义？	使货物顺序接触不同酶，形成有组织的连续加工。	使货物顺序接触不同酶，形成有组织的连续加工。			CN05-S02
CELL05-153	05_细胞质基质与内膜系统	保留核心答案；更新格式与来源	大体积货物如何挑战“全部靠小囊泡运输”的解释？	货物尺寸可能超过典型囊泡，需要膜囊成熟或更大载体等机制。	货物尺寸可能超过典型囊泡，需要膜囊成熟或更大载体等机制。			CN05-S02
CELL05-154	05_细胞质基质与内膜系统	保留核心答案；更新格式与来源	同一种多肽前体为何能在不同细胞产生不同成熟产物？	细胞表达不同加工酶和调控系统，切割与修饰路径不同。	细胞表达不同加工酶和调控系统，切割与修饰路径不同。			CN05-S02
CELL05-155	05_细胞质基质与内膜系统	保留核心答案；更新格式与来源	溶酶体水解酶为何不能简单按“全在高尔基体合成”理解？	多肽由ER相关核糖体合成，之后在高尔基体加工和分选。	多肽由ER相关核糖体合成，之后在高尔基体加工和分选。			CN05-S02
CELL05-156	05_细胞质基质与内膜系统	保留核心答案；更新格式与来源	M6P形成缺陷时，细胞外水解酶升高与胞内底物积累如何联系？	酶误入分泌途径，溶酶体缺乏多种酶而降解受损。	酶误入分泌途径，溶酶体缺乏多种酶而降解受损。			CN05-S02
CELL05-157	05_细胞质基质与内膜系统	保留核心答案；更新格式与来源	补充外源M6P标记酶能被某些细胞摄取，体现什么补救逻辑？	表面受体可内吞并送入降解途径，能补部分分选缺陷；不代表所有缺陷可救。	表面受体可内吞并送入降解途径，能补部分分选缺陷；不代表所有缺陷可救。			CN05-S02
CELL05-158	05_细胞质基质与内膜系统	保留核心答案；更新格式与来源	溶酶体破裂为何可能造成损伤但不必等同所有酶在胞质完全高活性？	释放可损伤细胞，但酶活性依pH与底物，胞质环境不同。	释放可损伤细胞，但酶活性依pH与底物，胞质环境不同。			CN05-S02
CELL05-159	05_细胞质基质与内膜系统	保留核心答案；更新格式与来源	自噬囊泡数量升高时，怎样区分自噬增强和末端降解受阻？	检测通量并比较溶酶体阻断前后标记变化，结合货物降解。	检测通量并比较溶酶体阻断前后标记变化，结合货物降解。			CN05-S02
CELL05-160	05_细胞质基质与内膜系统	保留核心答案；更新格式与来源	自噬通量实验为什么要考虑检测时间？	形成与清除是动态过程，单一时点无法代表过程速率。	形成与清除是动态过程，单一时点无法代表过程速率。			CN05-S02
CELL05-161	05_细胞质基质与内膜系统	保留核心答案；更新格式与来源	饥饿时自噬为何可能有利于存活？	回收胞内材料提供底物，并清除受损结构以维持基本功能。	回收胞内材料提供底物，并清除受损结构以维持基本功能。			CN05-S02
CELL05-162	05_细胞质基质与内膜系统	保留核心答案；更新格式与来源	抑制溶酶体后自噬体积累，能否证明自噬起始增强？	不能。末端清除下降已足以造成积累。	不能。末端清除下降已足以造成积累。			CN05-S02
CELL05-163	05_细胞质基质与内膜系统	保留核心答案；更新格式与来源	受损线粒体未被及时清除，可能怎样影响蛋白和氧化稳态？	异常产生活性氧等压力，扩大损伤；需在具体体系验证。	异常产生活性氧等压力，扩大损伤；需在具体体系验证。			CN05-S02
CELL05-164	05_细胞质基质与内膜系统	保留核心答案；更新格式与来源	过氧化物酶体有氧化酶，为何还需有效清除H₂O₂？	H₂O₂过量可造成氧化损伤，产生和清除需协调。	H₂O₂过量可造成氧化损伤，产生和清除需协调。			CN05-S02
CELL05-165	05_细胞质基质与内膜系统	保留核心答案；更新格式与来源	过氧化氢酶活性下降时，总氧化酶活性正常是否意味着功能正常？	否。H₂O₂清除受损可打破氧化稳态。	否。H₂O₂清除受损可打破氧化稳态。			CN05-S02
CELL05-166	05_细胞质基质与内膜系统	保留核心答案；更新格式与来源	如何用生化标志区分大小相近的溶酶体和过氧化物酶体？	比较酸性水解酶与过氧化氢酶等标志，结合形态和纯度检测。	比较酸性水解酶与过氧化氢酶等标志，结合形态和纯度检测。		CNFIG0189	CN05-S02
CELL05-167	05_细胞质基质与内膜系统	保留核心答案；更新格式与来源	过氧化物酶体蛋白为何主要来自胞质合成？	缺少自身基因组和核糖体，主要依赖核编码蛋白输入。	缺少自身基因组和核糖体，主要依赖核编码蛋白输入。			CN05-S02
CELL05-168	05_细胞质基质与内膜系统	保留核心答案；更新格式与来源	细胞匀浆出现粗面微粒体，为什么不能把囊泡数当成原细胞ER数量？	微粒体由破碎与重新封闭生成，数量取决于匀浆条件。	微粒体由破碎与重新封闭生成，数量取决于匀浆条件。			CN05-S02
CELL05-169	05_细胞质基质与内膜系统	闭卷评分补充	用分泌蛋白的完整旅程组织一个简答提纲。	ER进入和加工；质量控制；高尔基体成熟与分选；载体运输并释放。	ER进入和加工；质量控制；高尔基体成熟与分选；载体运输并释放。	"这是综合答题结构卡。复习时说全核心连接；完整展开请另做本章闭卷练习。

展开作答参考评分（10 分）：
1. 以典型可溶性分泌蛋白为例，说明信号识别、SRP/受体与 ER 转位。（2分）
2. 说明 ER 腔侧折叠及适用的糖基化/二硫键加工；并非所有货物具有每种修饰。（2分）
3. 说明质量检查决定放行或 ERAD，错误货物不能只按正常路径继续运输。（2分）
4. 说明 ER 输出、Golgi 加工及 TGN 分选，保持膜蛋白/腔面拓扑。（2分）
5. 说明载体识别靶膜、SNARE 融合与胞吐释放，并指出脉冲追踪可检验路径。（2分）"	CNFIG0231,CNFIG0155	CN05-S02,CN06-S01,CN06-S02
CELL05-170	05_细胞质基质与内膜系统	闭卷评分补充	比较细胞质、ER、溶酶体三处蛋白质量控制的主要分工。	胞质伴侣与蛋白酶体处理蛋白；ER检查分泌途径货物；溶酶体处理多种膜货物及自噬材料。	胞质伴侣与蛋白酶体处理蛋白；ER检查分泌途径货物；溶酶体处理多种膜货物及自噬材料。	"这是综合答题结构卡。复习时说全核心连接；完整展开请另做本章闭卷练习。

展开作答参考评分（10 分）：
1. 胞质以伴侣再折叠、抑制聚集，并由蛋白酶体处理许多可溶性异常蛋白。（2分）
2. ER 检查分泌途径货物，可由 BiP、钙联蛋白等参与折叠/滞留。（2分）
3. 持续失败的 ER 货物可通过 ERAD 逆转位后在胞质降解，体现区室协作。（2分）
4. 溶酶体处理内吞膜货物和自噬递送的胞内材料，依赖酸性环境与水解酶。（2分）
5. 区分稳态积累与降解通量，并以货物来源、大小/聚集状态选择验证指标。（2分）"		CN05-S02
CELL05-E001	05_细胞质基质与内膜系统	新增	反应 ΔG 为正，加入更多酶为何不能独立使该反应变成热力学有利？		酶降低活化能并加快正反应和逆反应，不改变同一条件下的 ΔG 与平衡位置；需改变浓度或与有利反应真实偶联。	速率与反应方向的热力学驱动力不是同一指标。	ENFIG0437	EN03-H029-H058
CELL05-E002	05_细胞质基质与内膜系统	新增	看到细胞内圆形斑点会融合且 FRAP 恢复，能否单独证明发生了液-液相分离？		不能单独证明。现象支持流动和分子交换，但应结合浓度阈值、分配、可逆性、多价作用干预和替代机制排除。	凝聚体可呈液态、凝胶态或其他状态；形态相似不等于物理机制相同。	ENFIG0486	EN03-H059-H074,EN12-H000-H007
CELL05-E003	05_细胞质基质与内膜系统	新增	Hsp70 的 ATP 水解和核苷酸交换怎样使防聚集作用具有循环性？		ATP 状态相对开放、底物交换较快；水解后 ADP 状态较紧地抓住暴露疏水片段；核苷酸交换后重新释放，底物获得再次折叠机会。	辅伴侣调节循环；Hsp70 不决定蛋白最终结构序列。	ENFIG0813	EN06-H047-H052
CELL05-E004	05_细胞质基质与内膜系统	新增	为什么 ER 腔中朝向腔面的糖链，经囊泡运输后会出现在细胞外？		出芽和融合保持膜两小叶与蛋白朝向；ER/Golgi/分泌囊泡腔与胞外在拓扑上等价，胞吐时腔面成为外表面。	拓扑等价不意味着这些腔彼此连续，或具有相同 pH 与成分。	ENFIG0036	EN12-H000-H007
CELL05-E005	05_细胞质基质与内膜系统	新增	等密度离心所得“光面微粒体”为什么不保证全部来自光面 ER？		缺少附着核糖体的膜碎片可能还来自 Golgi、质膜等；需用区室标志、形态与纯度指标确认来源。	微粒体是匀浆产生的重封闭膜囊泡，名称描述分离产物，不是活细胞中的独立细胞器。		EN12-H012-H013
CELL05-E006	05_细胞质基质与内膜系统	新增	钙联蛋白循环如何让未折叠糖蛋白反复接受检查，而已折叠蛋白离开？		单葡萄糖糖链被钙联蛋白/钙网蛋白识别；去葡萄糖后释放；UGGT 优先识别未正确折叠蛋白并重新加葡萄糖，使其回到循环。	糖链是折叠检查的标记之一；持续失败的货物还可能进入 ERAD。	ENFIG1454	EN12-H021-H031
CELL05-E007	05_细胞质基质与内膜系统	新增	用大货物追踪高尔基体运输，怎样区分货物跨膜囊转移和膜囊自身成熟？		同时标记货物与顺/反面驻留酶：货物换到另一固定身份膜囊支持转移；同一货物所在膜囊逐步更换身份标记支持膜囊成熟。	可能多种机制并存；需足够时间和空间分辨率，不可把静态位置变化当成直接机制证据。	ENFIG1570,ENFIG1571	EN13-H025-H031
CELL05-E008	05_细胞质基质与内膜系统	新增	GlcNAc 磷酸转移酶怎样避免给所有 N-糖蛋白都加上溶酶体标记？		识别位点结合溶酶体水解酶特有的三维信号斑，催化位点再修饰其糖链；随后去除 GlcNAc，暴露 M6P。	不是只要有甘露糖就被分选；M6P 主要适用于许多可溶性酶，溶酶体膜蛋白另有分选信息。	ENFIG1576	EN13-H034-H035
CELL05-E009	05_细胞质基质与内膜系统	新增	抑制溶酶体 V-ATPase 后，水解酶数量正常为何仍可能降解不足？		腔内酸化下降会影响酸性水解酶活性、货物处理和相关运输；酶蛋白存在不等于处于合适的催化环境。	还需分别检测 pH、酶活与货物通量；药物影响需有相应对照。	ENFIG1612	EN13-H055-H059
CELL05-E010	05_细胞质基质与内膜系统	新增	LC3 阳性小泡变多，如何设计实验判断形成增多还是降解受阻？		在有/无末端溶酶体阻断条件下比较 LC3-II 动态增量，并结合 p62 或具体货物降解、串联荧光报告等测通量。	LC3 与 p62 本身也受表达调控；单个时点或单一标记不能独立决定通量。	ENFIG1620	EN13-H063-H067
CELL05-E011	05_细胞质基质与内膜系统	新增	拉伸含多个 Ig 结构域的 titin 片段出现锯齿状力-伸长曲线，支持什么机制？		每个力峰可对应一个折叠结构域克服能垒后展开，展开突然释放链长，使力下降；继续拉伸到下一域展开形成下一峰。	尿素预先展开后峰消失、交联限制展开等对照可加强解释；单靠一条曲线仍需排除非特异黏着。	ENFIG0500	EN03-EXERCISES
CELL05-E012	05_细胞质基质与内膜系统	新增	某分泌糖蛋白积累在 ER、细胞外量下降。提出三类原因，并设计可区分的检测。（闭卷 8—10 分钟，按 10 分自评）		导入/折叠与糖链加工异常（2分）；ER 输出/分选异常（2分）；运输后降解等替代原因（2分）；脉冲追踪、糖苷酶敏感性与区室标记（2分）；UPR/ERAD、通量和救援对照（2分）。	这是依据本章教材重组的练习，不标作上海大学真实历年考题；可先写提纲，再连成机制论述。		CN05-S02,EN12-H021-H031
CELL06-001	06_蛋白质分选与膜泡运输	保留核心答案；更新格式与来源	典型ER可切信号肽主要把蛋白指向哪个目的地？	分泌途径起点内质网。	分泌途径起点内质网。			CN06-S01
CELL06-002	06_蛋白质分选与膜泡运输	保留核心答案；更新格式与来源	典型ER可切信号肽的典型序列或结构性质是什么？	常在N端，含疏水核心及相应切割信息。	常在N端，含疏水核心及相应切割信息。		CNFIG0169	CN06-S01
CELL06-003	06_蛋白质分选与膜泡运输	保留核心答案；更新格式与来源	典型ER可切信号肽在成熟蛋白中是否通常保留？	进入ER后通常被信号肽酶切除。	进入ER后通常被信号肽酶切除。		ENFIG1438	CN06-S01,EN12-H014-H020
CELL06-004	06_蛋白质分选与膜泡运输	保留核心答案；更新格式与来源	ER内在信号锚主要把蛋白指向哪个目的地？	内质网膜。	内质网膜。			CN06-S01
CELL06-005	06_蛋白质分选与膜泡运输	保留核心答案；更新格式与来源	ER内在信号锚的典型序列或结构性质是什么？	蛋白内部疏水跨膜片段，同时承担定位与锚定。	蛋白内部疏水跨膜片段，同时承担定位与锚定。			CN06-S01
CELL06-006	06_蛋白质分选与膜泡运输	保留核心答案；更新格式与来源	ER内在信号锚在成熟蛋白中是否通常保留？	通常保留为跨膜区，区别于可切信号肽。	通常保留为跨膜区，区别于可切信号肽。			CN06-S01
CELL06-007	06_蛋白质分选与膜泡运输	保留核心答案；更新格式与来源	线粒体基质前序列主要把蛋白指向哪个目的地？	线粒体基质。	线粒体基质。			CN06-S01
CELL06-008	06_蛋白质分选与膜泡运输	保留核心答案；更新格式与来源	线粒体基质前序列的典型序列或结构性质是什么？	常为N端带正电的两亲α螺旋。	常为N端带正电的两亲α螺旋。			CN06-S01
CELL06-009	06_蛋白质分选与膜泡运输	保留核心答案；更新格式与来源	线粒体基质前序列在成熟蛋白中是否通常保留？	导入后通常由加工酶切除。	导入后通常由加工酶切除。			CN06-S01
CELL06-010	06_蛋白质分选与膜泡运输	保留核心答案；更新格式与来源	叶绿体基质转运肽主要把蛋白指向哪个目的地？	叶绿体基质。	叶绿体基质。			CN06-S01
CELL06-011	06_蛋白质分选与膜泡运输	保留核心答案；更新格式与来源	叶绿体基质转运肽的典型序列或结构性质是什么？	N端转运信息，性质与线粒体前序列不同。	N端转运信息，性质与线粒体前序列不同。			CN06-S01
CELL06-012	06_蛋白质分选与膜泡运输	保留核心答案；更新格式与来源	叶绿体基质转运肽在成熟蛋白中是否通常保留？	进入基质后通常切除。	进入基质后通常切除。			CN06-S01
CELL06-013	06_蛋白质分选与膜泡运输	保留核心答案；更新格式与来源	类囊体腔双重信号主要把蛋白指向哪个目的地？	先叶绿体，再类囊体腔。	先叶绿体，再类囊体腔。			CN06-S01
CELL06-014	06_蛋白质分选与膜泡运输	保留核心答案；更新格式与来源	类囊体腔双重信号的典型序列或结构性质是什么？	串联含基质导入和进一步类囊体定位信息。	串联含基质导入和进一步类囊体定位信息。			CN06-S01
CELL06-015	06_蛋白质分选与膜泡运输	保留核心答案；更新格式与来源	类囊体腔双重信号在成熟蛋白中是否通常保留？	可分两阶段加工，不能只看最终成熟序列。	可分两阶段加工，不能只看最终成熟序列。			CN06-S01
CELL06-016	06_蛋白质分选与膜泡运输	保留核心答案；更新格式与来源	过氧化物酶体PTS1主要把蛋白指向哪个目的地？	过氧化物酶体基质。	过氧化物酶体基质。			CN06-S01
CELL06-017	06_蛋白质分选与膜泡运输	保留核心答案；更新格式与来源	过氧化物酶体PTS1的典型序列或结构性质是什么？	常为C端SKL或相关三肽。	常为C端SKL或相关三肽。			CN06-S01
CELL06-018	06_蛋白质分选与膜泡运输	保留核心答案；更新格式与来源	过氧化物酶体PTS1在成熟蛋白中是否通常保留？	通常保留，需在蛋白适当末端暴露。	通常保留，需在蛋白适当末端暴露。			CN06-S01
CELL06-019	06_蛋白质分选与膜泡运输	保留核心答案；更新格式与来源	核定位信号NLS主要把蛋白指向哪个目的地？	细胞核。	细胞核。			CN06-S01
CELL06-020	06_蛋白质分选与膜泡运输	保留核心答案；更新格式与来源	核定位信号NLS的典型序列或结构性质是什么？	常含碱性残基，由相应运输受体识别。	常含碱性残基，由相应运输受体识别。			CN06-S01
CELL06-021	06_蛋白质分选与膜泡运输	保留核心答案；更新格式与来源	核定位信号NLS在成熟蛋白中是否通常保留？	通常不被切除，便于重复核输入。	通常不被切除，便于重复核输入。			CN06-S01
CELL06-022	06_蛋白质分选与膜泡运输	保留核心答案；更新格式与来源	KDEL回收信号主要把蛋白指向哪个目的地？	使逃逸ER的腔内蛋白被回收到ER。	使逃逸ER的腔内蛋白被回收到ER。		ENFIG1553	CN06-S01
CELL06-023	06_蛋白质分选与膜泡运输	保留核心答案；更新格式与来源	KDEL回收信号的典型序列或结构性质是什么？	位于相应可溶蛋白的C端。	位于相应可溶蛋白的C端。			CN06-S01
CELL06-024	06_蛋白质分选与膜泡运输	保留核心答案；更新格式与来源	KDEL回收信号在成熟蛋白中是否通常保留？	通常保留，且不能代替最初的ER进入信号。	通常保留，且不能代替最初的ER进入信号。			CN06-S01
CELL06-025	06_蛋白质分选与膜泡运输	保留核心答案；更新格式与来源	SRP在ER共翻译导入中直接做什么？	识别暴露的疏水信号及核糖体—新生链复合体。	识别暴露的疏水信号及核糖体—新生链复合体。		ENFIG1440,CNFIG0251,ENFIG1439	CN06-S01,EN12-H014-H020
CELL06-026	06_蛋白质分选与膜泡运输	保留核心答案；更新格式与来源	SRP如何与其他步骤衔接？	引导到ER受体，再把新生链交给移位子。	引导到ER受体，再把新生链交给移位子。		CNFIG0195	CN06-S01
CELL06-027	06_蛋白质分选与膜泡运输	保留核心答案；更新格式与来源	SRP受体在ER共翻译导入中直接做什么？	位于ER膜上，接纳SRP复合体。	位于ER膜上，接纳SRP复合体。		ENFIG1439	CN06-S01,EN12-H014-H020
CELL06-028	06_蛋白质分选与膜泡运输	保留核心答案；更新格式与来源	SRP受体如何与其他步骤衔接？	协助核糖体与转位装置对接。	协助核糖体与转位装置对接。			CN06-S01
CELL06-029	06_蛋白质分选与膜泡运输	保留核心答案；更新格式与来源	Sec61移位子在ER共翻译导入中直接做什么？	提供多肽跨ER膜或插入膜的通道。	提供多肽跨ER膜或插入膜的通道。		ENFIG1442,ENFIG1443	CN06-S01,EN12-H014-H020
CELL06-030	06_蛋白质分选与膜泡运输	保留核心答案；更新格式与来源	Sec61移位子如何与其他步骤衔接？	可侧向释放疏水片段入脂双层。	可侧向释放疏水片段入脂双层。			CN06-S01
CELL06-031	06_蛋白质分选与膜泡运输	保留核心答案；更新格式与来源	信号肽酶在ER共翻译导入中直接做什么？	切除适当底物的可切信号肽。	切除适当底物的可切信号肽。		ENFIG1438	CN06-S01,EN12-H014-H020
CELL06-032	06_蛋白质分选与膜泡运输	保留核心答案；更新格式与来源	信号肽酶如何与其他步骤衔接？	切割发生在已进入相应腔面的位置。	切割发生在已进入相应腔面的位置。			CN06-S01
CELL06-033	06_蛋白质分选与膜泡运输	保留核心答案；更新格式与来源	起始转移序列在ER共翻译导入中直接做什么？	启动链进入移位通道。	启动链进入移位通道。			CN06-S01
CELL06-034	06_蛋白质分选与膜泡运输	保留核心答案；更新格式与来源	起始转移序列如何与其他步骤衔接？	可为可切信号，也可为内在信号锚。	可为可切信号，也可为内在信号锚。			CN06-S01
CELL06-035	06_蛋白质分选与膜泡运输	保留核心答案；更新格式与来源	停止转移序列在ER共翻译导入中直接做什么？	停止后续链跨入腔内并留在膜。	停止后续链跨入腔内并留在膜。		ENFIG1447	CN06-S01,EN12-H014-H020
CELL06-036	06_蛋白质分选与膜泡运输	保留核心答案；更新格式与来源	停止转移序列如何与其他步骤衔接？	在膜上决定部分拓扑，不是终止翻译。	在膜上决定部分拓扑，不是终止翻译。			CN06-S01
CELL06-037	06_蛋白质分选与膜泡运输	保留核心答案；更新格式与来源	核糖体—移位子结合在ER共翻译导入中直接做什么？	把合成与跨膜传递空间偶联。	把合成与跨膜传递空间偶联。		ENFIG1441	CN06-S01,EN12-H014-H020
CELL06-038	06_蛋白质分选与膜泡运输	保留核心答案；更新格式与来源	核糖体—移位子结合如何与其他步骤衔接？	新生肽进入通道而非先全部释放到胞质。	新生肽进入通道而非先全部释放到胞质。			CN06-S01
CELL06-039	06_蛋白质分选与膜泡运输	事实或边界修订	尾锚定蛋白插入系统在ER共翻译导入中直接做什么？	处理翻译结束后才露出的C端膜锚。	尾锚定蛋白的 C 端膜锚在翻译结束时才充分露出，通常由相应翻译后插入系统递送至 ER 膜；它不属于典型的 SRP 共翻译导入步骤。		ENFIG1449	CN06-S01
CELL06-040	06_蛋白质分选与膜泡运输	保留核心答案；更新格式与来源	尾锚定蛋白插入系统如何与其他步骤衔接？	其膜锚通常无法在翻译中及时由SRP识别。	其膜锚通常无法在翻译中及时由SRP识别。			CN06-S01
CELL06-041	06_蛋白质分选与膜泡运输	保留核心答案；更新格式与来源	ER腔内BiP在ER共翻译导入中直接做什么？	帮助导入或折叠，并抑制不适当回滑/聚集。	帮助导入或折叠，并抑制不适当回滑/聚集。		ENFIG1445	CN06-S01,EN12-H014-H020
CELL06-042	06_蛋白质分选与膜泡运输	保留核心答案；更新格式与来源	ER腔内BiP如何与其他步骤衔接？	属于腔内辅助，不等于胞质SRP识别步骤。	属于腔内辅助，不等于胞质SRP识别步骤。			CN06-S01
CELL06-043	06_蛋白质分选与膜泡运输	保留核心答案；更新格式与来源	I型单跨膜分泌途径蛋白的典型N端/C端朝向是什么？	N端腔内，C端胞质。	N端腔内，C端胞质。		CNFIG0223	CN06-S01
CELL06-044	06_蛋白质分选与膜泡运输	保留核心答案；更新格式与来源	I型单跨膜分泌途径蛋白建立拓扑的关键信号安排是什么？	可切N端信号加后续停止转移片段。	可切N端信号加后续停止转移片段。		ENFIG1447	CN06-S01,EN12-H014-H020
CELL06-045	06_蛋白质分选与膜泡运输	保留核心答案；更新格式与来源	II型单跨膜蛋白的典型N端/C端朝向是什么？	N端胞质，C端腔内。	N端胞质，C端腔内。			CN06-S01
CELL06-046	06_蛋白质分选与膜泡运输	保留核心答案；更新格式与来源	II型单跨膜蛋白建立拓扑的关键信号安排是什么？	不可切内在信号锚以该方向插入。	不可切内在信号锚以该方向插入。		ENFIG1446	CN06-S01,EN12-H014-H020
CELL06-047	06_蛋白质分选与膜泡运输	保留核心答案；更新格式与来源	III型单跨膜蛋白的典型N端/C端朝向是什么？	N端腔内，C端胞质。	N端腔内，C端胞质。			CN06-S01
CELL06-048	06_蛋白质分选与膜泡运输	保留核心答案；更新格式与来源	III型单跨膜蛋白建立拓扑的关键信号安排是什么？	不可切信号锚以与II型相反方向插入。	不可切信号锚以与II型相反方向插入。		ENFIG1446	CN06-S01,EN12-H014-H020
CELL06-049	06_蛋白质分选与膜泡运输	保留核心答案；更新格式与来源	多跨膜蛋白的典型N端/C端朝向是什么？	不同环区交替分布，具体取决于序列。	不同环区交替分布，具体取决于序列。			CN06-S01
CELL06-050	06_蛋白质分选与膜泡运输	保留核心答案；更新格式与来源	多跨膜蛋白建立拓扑的关键信号安排是什么？	多个起始及停止转移片段组织插入。	多个起始及停止转移片段组织插入。		ENFIG1448	CN06-S01,EN12-H014-H020
CELL06-051	06_蛋白质分选与膜泡运输	保留核心答案；更新格式与来源	尾锚定膜蛋白的典型N端/C端朝向是什么？	大部分N端结构在胞质，短C端在腔侧。	大部分N端结构在胞质，短C端在腔侧。			CN06-S01
CELL06-052	06_蛋白质分选与膜泡运输	保留核心答案；更新格式与来源	尾锚定膜蛋白建立拓扑的关键信号安排是什么？	靠近C端的单膜锚通常经翻译后插入。	靠近C端的单膜锚通常经翻译后插入。			CN06-S01
CELL06-053	06_蛋白质分选与膜泡运输	保留核心答案；更新格式与来源	GPI锚定成熟蛋白的典型N端/C端朝向是什么？	主体在非胞质侧，无成熟跨膜尾。	主体在非胞质侧，无成熟跨膜尾。			CN06-S01
CELL06-054	06_蛋白质分选与膜泡运输	保留核心答案；更新格式与来源	GPI锚定成熟蛋白建立拓扑的关键信号安排是什么？	前体进入ER后C端锚区被加工并接上GPI。	前体进入ER后C端锚区被加工并接上GPI。			CN06-S01
CELL06-055	06_蛋白质分选与膜泡运输	保留核心答案；更新格式与来源	TOM复合体在细胞器蛋白导入中的主要作用是什么？	多数线粒体核编码前体跨外膜的入口。	多数线粒体核编码前体跨外膜的入口。		ENFIG1474,CNFIG0153,ENFIG1475	CN06-S01,EN12-H032-H041
CELL06-056	06_蛋白质分选与膜泡运输	保留核心答案；更新格式与来源	TOM复合体在细胞器蛋白导入中的作用有何条件限制或与其他导入体系的区别？	进入外膜后可走不同后续路径。	进入外膜后可走不同后续路径。		ENFIG1479	CN06-S01,EN12-H032-H041
CELL06-057	06_蛋白质分选与膜泡运输	保留核心答案；更新格式与来源	TIM23相关通路在细胞器蛋白导入中的主要作用是什么？	转运部分带前序列蛋白到内膜或基质。	转运部分带前序列蛋白到内膜或基质。		ENFIG1475	CN06-S01,EN12-H032-H041
CELL06-058	06_蛋白质分选与膜泡运输	保留核心答案；更新格式与来源	TIM23相关通路在细胞器蛋白导入中的作用有何条件限制或与其他导入体系的区别？	与多跨膜载体使用的路径不同。	与多跨膜载体使用的路径不同。		ENFIG1477	CN06-S01,EN12-H032-H041
CELL06-059	06_蛋白质分选与膜泡运输	保留核心答案；更新格式与来源	TIM22相关通路在细胞器蛋白导入中的主要作用是什么？	处理部分线粒体内膜多跨膜载体。	处理部分线粒体内膜多跨膜载体。		ENFIG1478	CN06-S01,EN12-H032-H041
CELL06-060	06_蛋白质分选与膜泡运输	保留核心答案；更新格式与来源	TIM22相关通路在细胞器蛋白导入中的作用有何条件限制或与其他导入体系的区别？	常依赖内部信号，不能统一要求可切N端前序列。	常依赖内部信号，不能统一要求可切N端前序列。		ENFIG1478	CN06-S01,EN12-H032-H041
CELL06-061	06_蛋白质分选与膜泡运输	保留核心答案；更新格式与来源	SAM复合体在细胞器蛋白导入中的主要作用是什么？	协助某些线粒体外膜β桶装配。	协助某些线粒体外膜β桶装配。		ENFIG1480	CN06-S01,EN12-H032-H041
CELL06-062	06_蛋白质分选与膜泡运输	保留核心答案；更新格式与来源	SAM复合体在细胞器蛋白导入中的作用有何条件限制或与其他导入体系的区别？	插入外膜并非全部采用内膜移位子。	插入外膜并非全部采用内膜移位子。		ENFIG1480	CN06-S01,EN12-H032-H041
CELL06-063	06_蛋白质分选与膜泡运输	保留核心答案；更新格式与来源	线粒体膜电位在细胞器蛋白导入中的主要作用是什么？	促进带正电前序列跨内膜。	促进带正电前序列跨内膜。		ENFIG1476	CN06-S01,EN12-H032-H041
CELL06-064	06_蛋白质分选与膜泡运输	保留核心答案；更新格式与来源	线粒体膜电位在细胞器蛋白导入中的作用有何条件限制或与其他导入体系的区别？	不是蛋白导入唯一能源，ATP相关过程也重要。	不是蛋白导入唯一能源，ATP相关过程也重要。		ENFIG1476	CN06-S01,EN12-H032-H041
CELL06-065	06_蛋白质分选与膜泡运输	保留核心答案；更新格式与来源	胞质Hsp70在细胞器蛋白导入中的主要作用是什么？	维持某些前体适合转运的状态。	维持某些前体适合转运的状态。		ENFIG1475	CN06-S01,EN12-H032-H041
CELL06-066	06_蛋白质分选与膜泡运输	保留核心答案；更新格式与来源	胞质Hsp70在细胞器蛋白导入中的作用有何条件限制或与其他导入体系的区别？	过早稳定折叠可妨碍跨狭窄通道。	过早稳定折叠可妨碍跨狭窄通道。			CN06-S01
CELL06-067	06_蛋白质分选与膜泡运输	保留核心答案；更新格式与来源	基质Hsp70在细胞器蛋白导入中的主要作用是什么？	帮助线粒体导入及后续折叠。	帮助线粒体导入及后续折叠。		ENFIG1475	CN06-S01,EN12-H032-H041
CELL06-068	06_蛋白质分选与膜泡运输	保留核心答案；更新格式与来源	基质Hsp70在细胞器蛋白导入中的作用有何条件限制或与其他导入体系的区别？	其ATP循环与内膜电位分工不同。	其ATP循环与内膜电位分工不同。			CN06-S01
CELL06-069	06_蛋白质分选与膜泡运输	保留核心答案；更新格式与来源	TOC/TIC在细胞器蛋白导入中的主要作用是什么？	协助核编码蛋白跨叶绿体外/内包膜。	协助核编码蛋白跨叶绿体外/内包膜。		CNFIG0218	CN06-S01
CELL06-070	06_蛋白质分选与膜泡运输	保留核心答案；更新格式与来源	TOC/TIC在细胞器蛋白导入中的作用有何条件限制或与其他导入体系的区别？	不能与类囊体膜的第二次转运混同。	不能与类囊体膜的第二次转运混同。			CN06-S01
CELL06-071	06_蛋白质分选与膜泡运输	保留核心答案；更新格式与来源	类囊体Sec通路在细胞器蛋白导入中的主要作用是什么？	转移适当的未折叠底物到腔内。	转移适当的未折叠底物到腔内。			CN06-S01
CELL06-072	06_蛋白质分选与膜泡运输	保留核心答案；更新格式与来源	类囊体Sec通路在细胞器蛋白导入中的作用有何条件限制或与其他导入体系的区别？	与可转移折叠底物的Tat通路不同。	与可转移折叠底物的Tat通路不同。			CN06-S01
CELL06-073	06_蛋白质分选与膜泡运输	保留核心答案；更新格式与来源	类囊体Tat通路在细胞器蛋白导入中的主要作用是什么？	可转运已折叠的特定底物。	可转运已折叠的特定底物。			CN06-S01
CELL06-074	06_蛋白质分选与膜泡运输	保留核心答案；更新格式与来源	类囊体Tat通路在细胞器蛋白导入中的作用有何条件限制或与其他导入体系的区别？	由双精氨酸信号等识别，不可推广到所有底物。	由双精氨酸信号等识别，不可推广到所有底物。			CN06-S01
CELL06-075	06_蛋白质分选与膜泡运输	保留核心答案；更新格式与来源	过氧化物酶体Pex系统在细胞器蛋白导入中的主要作用是什么？	识别并导入基质蛋白，参与受体循环。	识别并导入基质蛋白，参与受体循环。			CN06-S01
CELL06-076	06_蛋白质分选与膜泡运输	保留核心答案；更新格式与来源	过氧化物酶体Pex系统在细胞器蛋白导入中的作用有何条件限制或与其他导入体系的区别？	可接纳部分已折叠蛋白，与典型线粒体基质导入不同。	可接纳部分已折叠蛋白，与典型线粒体基质导入不同。			CN06-S01
CELL06-077	06_蛋白质分选与膜泡运输	保留核心答案；更新格式与来源	删除可溶性分泌蛋白的唯一ER进入信号后，主要预测是什么？	失去有效ER进入，多数留在胞质或被清除，具体取决于替代信号。	失去有效ER进入，多数留在胞质或被清除，具体取决于替代信号。			CN06-S01
CELL06-078	06_蛋白质分选与膜泡运输	保留核心答案；更新格式与来源	给胞质报告蛋白加有效ER进入信号，怎样检验导入而非仅贴膜？	结合蛋白酶保护、膜破坏对照及加工或腔内标志，不能只测共沉淀。	结合蛋白酶保护、膜破坏对照及加工或腔内标志，不能只测共沉淀。			CN06-S01
CELL06-079	06_蛋白质分选与膜泡运输	保留核心答案；更新格式与来源	完整微粒体内蛋白免受外加蛋白酶作用，破膜后被消化，支持什么？	支持蛋白位于膜保护的腔内区室；还需排除本身抗蛋白酶。	支持蛋白位于膜保护的腔内区室；还需排除本身抗蛋白酶。			CN06-S01
CELL06-080	06_蛋白质分选与膜泡运输	保留核心答案；更新格式与来源	在典型共翻译体系中，翻译结束后才加微粒体为何可能导入失败？	需要的新生链—SRP识别与转位时序已错过；部分翻译后体系例外。	需要的新生链—SRP识别与转位时序已错过；部分翻译后体系例外。		ENFIG1444	CN06-S01,EN12-H014-H020
CELL06-081	06_蛋白质分选与膜泡运输	保留核心答案；更新格式与来源	停止转移片段被改成亲水序列，I型蛋白可能怎样变化？	可能继续跨入腔内而失去正常膜锚定；需实测新拓扑。	可能继续跨入腔内而失去正常膜锚定；需实测新拓扑。		ENFIG1447	CN06-S01,EN12-H014-H020
CELL06-082	06_蛋白质分选与膜泡运输	保留核心答案；更新格式与来源	膜锚附近正电残基位置改变，为什么可能改变插入方向？	相邻电荷影响膜两侧定向，须结合其他信号和序列背景。	相邻电荷影响膜两侧定向，须结合其他信号和序列背景。		ENFIG1446	CN06-S01,EN12-H014-H020
CELL06-083	06_蛋白质分选与膜泡运输	保留核心答案；更新格式与来源	为何不能仅凭疏水性图判定膜蛋白最终N端朝向？	疏水图提示膜区，方向还依信号切割、电荷及插入过程。	疏水图提示膜区，方向还依信号切割、电荷及插入过程。			CN06-S01
CELL06-084	06_蛋白质分选与膜泡运输	解释补充	给线粒体基质前体连接稳定折叠的DHFR并用配体稳定，导入可能怎样？	稳定折叠可阻碍经TOM/TIM跨膜，支持导入需展开的条件。	稳定折叠可阻碍经TOM/TIM跨膜，支持导入需展开的条件。	以甲氨蝶呤等配体稳定 DHFR 折叠的实验用于测试跨膜导入对展开状态的要求；这是定位前体的体外机制实验，不应把配体的其他细胞效应当作同一证据。		CN06-S01
CELL06-085	06_蛋白质分选与膜泡运输	保留核心答案；更新格式与来源	消除线粒体内膜电位，为什么前序列蛋白导入可受阻？	带正电前序列跨内膜驱动受损，并可影响后续转运。	带正电前序列跨内膜驱动受损，并可影响后续转运。			CN06-S01
CELL06-086	06_蛋白质分选与膜泡运输	保留核心答案；更新格式与来源	同样的稳定折叠货物在过氧化物酶体导入未受阻，说明什么差异？	过氧化物酶体可导入部分折叠底物，不能套用线粒体展开要求。	过氧化物酶体可导入部分折叠底物，不能套用线粒体展开要求。			CN06-S01
CELL06-087	06_蛋白质分选与膜泡运输	保留核心答案；更新格式与来源	删除双重转运肽中的类囊体定位部分，蛋白可能积累在哪里？	若基质导入仍正常，可积累于叶绿体基质而未到类囊体目的地。	若基质导入仍正常，可积累于叶绿体基质而未到类囊体目的地。			CN06-S01
CELL06-088	06_蛋白质分选与膜泡运输	保留核心答案；更新格式与来源	带KDEL而无ER进入信号的胞质蛋白会自动进入ER吗？	通常不会。KDEL读取发生于已进入分泌途径的腔内蛋白。	通常不会。KDEL读取发生于已进入分泌途径的腔内蛋白。			CN06-S01
CELL06-089	06_蛋白质分选与膜泡运输	保留核心答案；更新格式与来源	核孔转运与ER跨膜转运对货物折叠状态有何典型差异？	核孔可运折叠蛋白及复合体；典型ER转位需要链通过移位通道。	核孔可运折叠蛋白及复合体；典型ER转位需要链通过移位通道。			CN06-S01
CELL06-090	06_蛋白质分选与膜泡运输	闭卷评分补充	概述判断蛋白定位信号充分性的实验提纲。	把信号接到异源报告蛋白；测定位；对照无信号或突变信号；验证表达与功能。	把信号接到异源报告蛋白；测定位；对照无信号或突变信号；验证表达与功能。	"这是综合答题结构卡。复习时说全核心连接；完整展开请另做本章闭卷练习。

展开作答参考评分（10 分）：
1. 把候选信号移接到合适的异源报告蛋白，检测是否足以改变定位。（2分）
2. 设置无信号、乱序或关键位点突变对照，排除报告蛋白自身定位或被动进入。（2分）
3. 确认表达量、折叠和稳定性相近，避免聚集或失活造成假定位。（2分）
4. 以区室标志、分级或保护实验等确认到达目标区室及正确拓扑。（2分）
5. 区分充分性与必要性；原蛋白删除信号的实验主要检验必要性，结论限于所测系统。（2分）"		CN06-S01
CELL06-091	06_蛋白质分选与膜泡运输	保留核心答案；更新格式与来源	COPII包被通常参与什么运输路线？	从ER输出到早期分泌途径。	从ER输出到早期分泌途径。		ENFIG1510	CN06-S02,EN13-H000-H018
CELL06-092	06_蛋白质分选与膜泡运输	保留核心答案；更新格式与来源	COPII包被组装时相关的小GTP酶是什么？	Sar1。	Sar1。			CN06-S02
CELL06-093	06_蛋白质分选与膜泡运输	保留核心答案；更新格式与来源	COPII包被如何协助选择性货物运输？	内层组分参与货物捕获，外层协助膜形变。	内层组分参与货物捕获，外层协助膜形变。		ENFIG1539	CN06-S02
CELL06-094	06_蛋白质分选与膜泡运输	保留核心答案；更新格式与来源	COPI包被通常参与什么运输路线？	高尔基体内回收及高尔基体至ER的逆向运输等。	高尔基体内回收及高尔基体至ER的逆向运输等。		CNFIG0249,ENFIG1510	CN06-S02,EN13-H000-H018
CELL06-095	06_蛋白质分选与膜泡运输	保留核心答案；更新格式与来源	COPI包被组装时相关的小GTP酶是什么？	Arf等。	Arf等。			CN06-S02
CELL06-096	06_蛋白质分选与膜泡运输	保留核心答案；更新格式与来源	COPI包被如何协助选择性货物运输？	读取相应回收货物与受体信息。	读取相应回收货物与受体信息。			CN06-S02
CELL06-097	06_蛋白质分选与膜泡运输	保留核心答案；更新格式与来源	网格蛋白包被通常参与什么运输路线？	质膜内吞及TGN—内体相关运输。	质膜内吞及TGN—内体相关运输。		CNFIG0206,ENFIG1510	CN06-S02,EN13-H000-H018
CELL06-098	06_蛋白质分选与膜泡运输	事实或边界修订	网格蛋白包被组装时相关的小GTP酶是什么？	具体招募依膜域与适配系统，不能统一为Sar1。	招募机制依膜域而异：TGN 的网格蛋白/接头组装常受 Arf1 调控；质膜 AP2 的招募还依赖 PI(4,5)P₂ 和货物等信息。dynamin 可参与后续颈部断裂，但不应被当作所有网格蛋白包被的统一招募开关。			CN06-S02
CELL06-099	06_蛋白质分选与膜泡运输	保留核心答案；更新格式与来源	网格蛋白包被如何协助选择性货物运输？	接头蛋白把货物与网格蛋白外壳联系起来。	接头蛋白把货物与网格蛋白外壳联系起来。		CNFIG0215,ENFIG1521	CN06-S02,EN13-H000-H018
CELL06-100	06_蛋白质分选与膜泡运输	保留核心答案；更新格式与来源	膜泡运输中的出芽具体指什么？	供体膜发生局部弯曲并包入货物。	供体膜发生局部弯曲并包入货物。		ENFIG1318,ENFIG1531	CN06-S02,EN10-H022-H026,EN13-H000-H018
CELL06-101	06_蛋白质分选与膜泡运输	保留核心答案；更新格式与来源	为什么膜泡运输需要出芽？	把特定膜和腔内货物组织成运输载体。	把特定膜和腔内货物组织成运输载体。			CN06-S02
CELL06-102	06_蛋白质分选与膜泡运输	保留核心答案；更新格式与来源	膜泡运输中的断裂具体指什么？	连接供体膜的颈部被切断形成独立载体。	连接供体膜的颈部被切断形成独立载体。		ENFIG1532	CN06-S02,EN13-H000-H018
CELL06-103	06_蛋白质分选与膜泡运输	保留核心答案；更新格式与来源	为什么膜泡运输需要断裂？	把货物从供体物理分离以便迁移。	把货物从供体物理分离以便迁移。			CN06-S02
CELL06-104	06_蛋白质分选与膜泡运输	保留核心答案；更新格式与来源	膜泡运输中的锚定具体指什么？	载体被目标膜相关系统捕获。	载体被目标膜相关系统捕获。			CN06-S02
CELL06-105	06_蛋白质分选与膜泡运输	保留核心答案；更新格式与来源	为什么膜泡运输需要锚定？	提高正确靶膜附近的融合概率与特异性。	提高正确靶膜附近的融合概率与特异性。			CN06-S02
CELL06-106	06_蛋白质分选与膜泡运输	保留核心答案；更新格式与来源	膜泡运输中的融合具体指什么？	两脂双层合并使膜和腔内货物交接。	两脂双层合并使膜和腔内货物交接。		ENFIG1508	CN06-S02,EN13-H000-H018
CELL06-107	06_蛋白质分选与膜泡运输	保留核心答案；更新格式与来源	为什么膜泡运输需要融合？	真正完成区室间内容物或膜组分传递。	真正完成区室间内容物或膜组分传递。			CN06-S02
CELL06-108	06_蛋白质分选与膜泡运输	保留核心答案；更新格式与来源	Sar1在膜泡运输中直接承担什么功能？	GTP状态使膜结合并招募COPII组装。	GTP状态使膜结合并招募COPII组装。		CNFIG0238,ENFIG1536	CN06-S02,EN13-H000-H018
CELL06-109	06_蛋白质分选与膜泡运输	保留核心答案；更新格式与来源	Sar1与常见误解如何区分？	不是长程运输的马达蛋白。	不是长程运输的马达蛋白。			CN06-S02
CELL06-110	06_蛋白质分选与膜泡运输	保留核心答案；更新格式与来源	Arf在膜泡运输中直接承担什么功能？	GTP状态参与部分包被和膜蛋白招募。	GTP状态参与部分包被和膜蛋白招募。			CN06-S02
CELL06-111	06_蛋白质分选与膜泡运输	保留核心答案；更新格式与来源	Arf与常见误解如何区分？	不能泛化为全部胞吞事件必须使用。	不能泛化为全部胞吞事件必须使用。			CN06-S02
CELL06-112	06_蛋白质分选与膜泡运输	保留核心答案；更新格式与来源	Sec23/Sec24在膜泡运输中直接承担什么功能？	COPII内层，参与Sar1调节及货物选择。	COPII内层，参与Sar1调节及货物选择。		ENFIG1537	CN06-S02,EN13-H000-H018
CELL06-113	06_蛋白质分选与膜泡运输	保留核心答案；更新格式与来源	Sec23/Sec24与常见误解如何区分？	货物选择不只靠外层几何外壳。	货物选择不只靠外层几何外壳。			CN06-S02
CELL06-114	06_蛋白质分选与膜泡运输	保留核心答案；更新格式与来源	Sec13/Sec31在膜泡运输中直接承担什么功能？	COPII外层，协助包被框架与膜形变。	COPII外层，协助包被框架与膜形变。		ENFIG1538	CN06-S02,EN13-H000-H018
CELL06-115	06_蛋白质分选与膜泡运输	保留核心答案；更新格式与来源	Sec13/Sec31与常见误解如何区分？	不能代替所有货物受体功能。	不能代替所有货物受体功能。			CN06-S02
CELL06-116	06_蛋白质分选与膜泡运输	保留核心答案；更新格式与来源	接头蛋白在膜泡运输中直接承担什么功能？	读取膜及货物信号并连接包被。	读取膜及货物信号并连接包被。		ENFIG1522	CN06-S02,EN13-H000-H018
CELL06-117	06_蛋白质分选与膜泡运输	保留核心答案；更新格式与来源	接头蛋白与常见误解如何区分？	不同膜域使用不同适配系统。	不同膜域使用不同适配系统。			CN06-S02
CELL06-118	06_蛋白质分选与膜泡运输	保留核心答案；更新格式与来源	dynamin在膜泡运输中直接承担什么功能？	GTP依赖地参与某些内吞囊泡颈部断裂。	GTP依赖地参与某些内吞囊泡颈部断裂。		ENFIG1533,ENFIG1535	CN06-S02,EN13-H000-H018
CELL06-119	06_蛋白质分选与膜泡运输	保留核心答案；更新格式与来源	dynamin与常见误解如何区分？	不是所有膜泡都由同一种断裂机制形成。	不是所有膜泡都由同一种断裂机制形成。			CN06-S02
CELL06-120	06_蛋白质分选与膜泡运输	保留核心答案；更新格式与来源	Rab在膜泡运输中直接承担什么功能？	膜相关小GTP酶，通过效应器组织识别与运输。	膜相关小GTP酶，通过效应器组织识别与运输。			CN06-S02
CELL06-121	06_蛋白质分选与膜泡运输	保留核心答案；更新格式与来源	Rab与常见误解如何区分？	Rab不是直接构成融合孔的唯一蛋白。	Rab不是直接构成融合孔的唯一蛋白。			CN06-S02
CELL06-122	06_蛋白质分选与膜泡运输	保留核心答案；更新格式与来源	系留复合体在膜泡运输中直接承担什么功能？	捕获目标载体并组织后续对接。	捕获目标载体并组织后续对接。			CN06-S02
CELL06-123	06_蛋白质分选与膜泡运输	保留核心答案；更新格式与来源	系留复合体与常见误解如何区分？	系留不等于已经完成脂双层融合。	系留不等于已经完成脂双层融合。			CN06-S02
CELL06-124	06_蛋白质分选与膜泡运输	保留核心答案；更新格式与来源	SNARE在膜泡运输中直接承担什么功能？	特定配对与拉链式组装促进膜靠近和融合。	特定配对与拉链式组装促进膜靠近和融合。			CN06-S02
CELL06-125	06_蛋白质分选与膜泡运输	保留核心答案；更新格式与来源	SNARE与常见误解如何区分？	配对选择还受Rab、系留及其他调节控制。	配对选择还受Rab、系留及其他调节控制。			CN06-S02
CELL06-126	06_蛋白质分选与膜泡运输	保留核心答案；更新格式与来源	NSF/α-SNAP在膜泡运输中直接承担什么功能？	ATP依赖地拆解融合后的SNARE复合体。	ATP依赖地拆解融合后的SNARE复合体。		ENFIG1543,CNFIG0151,ENFIG1551	CN06-S02,EN13-H019-H024
CELL06-127	06_蛋白质分选与膜泡运输	保留核心答案；更新格式与来源	NSF/α-SNAP与常见误解如何区分？	经典作用是回收SNARE，不是用ATP直接代替融合拉链。	经典作用是回收SNARE，不是用ATP直接代替融合拉链。			CN06-S02
CELL06-128	06_蛋白质分选与膜泡运输	保留核心答案；更新格式与来源	KDEL受体回收把哪类货物返回到哪里？	把逃逸ER的可溶性腔内蛋白从高尔基体回收。	把逃逸ER的可溶性腔内蛋白从高尔基体回收。			CN06-S02
CELL06-129	06_蛋白质分选与膜泡运输	保留核心答案；更新格式与来源	KDEL受体回收读取时为何必须考虑膜拓扑？	识别位点面向腔内，不能读胞质尾上的同样字符。	识别位点面向腔内，不能读胞质尾上的同样字符。			CN06-S02
CELL06-130	06_蛋白质分选与膜泡运输	保留核心答案；更新格式与来源	膜蛋白双赖氨酸回收信号把哪类货物返回到哪里？	参与把某些ER膜蛋白送回ER。	参与把某些ER膜蛋白送回ER。			CN06-S02
CELL06-131	06_蛋白质分选与膜泡运输	保留核心答案；更新格式与来源	膜蛋白双赖氨酸回收信号读取时为何必须考虑膜拓扑？	相关信号在胞质侧，便于包被读取。	相关信号在胞质侧，便于包被读取。			CN06-S02
CELL06-132	06_蛋白质分选与膜泡运输	保留核心答案；更新格式与来源	逆向回收SNARE把哪类货物返回到哪里？	把分泌运输需要的融合组分回到合适区室。	把分泌运输需要的融合组分回到合适区室。			CN06-S02
CELL06-133	06_蛋白质分选与膜泡运输	保留核心答案；更新格式与来源	逆向回收SNARE读取时为何必须考虑膜拓扑？	其胞质功能域需保持可与运输机器作用。	其胞质功能域需保持可与运输机器作用。			CN06-S02
CELL06-134	06_蛋白质分选与膜泡运输	保留核心答案；更新格式与来源	高尔基体酶回收把哪类货物返回到哪里？	在膜囊成熟等背景中保持加工酶的区域分布。	在膜囊成熟等背景中保持加工酶的区域分布。			CN06-S02
CELL06-135	06_蛋白质分选与膜泡运输	保留核心答案；更新格式与来源	高尔基体酶回收读取时为何必须考虑膜拓扑？	酶与回收载体的相互作用依位置和膜身份。	酶与回收载体的相互作用依位置和膜身份。			CN06-S02
CELL06-136	06_蛋白质分选与膜泡运输	保留核心答案；更新格式与来源	可溶性腔内货物为何常需跨膜受体才能进入选择性包被载体？	受体在腔侧结合货物，胞质尾与包被相连，跨膜桥接两侧信息。	受体在腔侧结合货物，胞质尾与包被相连，跨膜桥接两侧信息。		ENFIG1548	CN06-S02,EN13-H019-H024
CELL06-137	06_蛋白质分选与膜泡运输	保留核心答案；更新格式与来源	包被选择货物为什么不等于决定最终融合靶膜的全部过程？	后续Rab、系留和SNARE等还参与目标识别与融合。	后续Rab、系留和SNARE等还参与目标识别与融合。			CN06-S02
CELL06-138	06_蛋白质分选与膜泡运输	保留核心答案；更新格式与来源	运输膜泡通常为何要去包被后再进行后续膜接触？	解除外壳遮挡，利于目标识别、对接和融合机器作用。	解除外壳遮挡，利于目标识别、对接和融合机器作用。		ENFIG1521	CN06-S02,EN13-H000-H018
CELL06-139	06_蛋白质分选与膜泡运输	保留核心答案；更新格式与来源	GEF和GAP分别怎样调节运输相关小GTP酶？	GEF促GDP交换为GTP；GAP促GTP水解，推动状态循环。	GEF促GDP交换为GTP；GAP促GTP水解，推动状态循环。		ENFIG1536	CN06-S02,EN13-H000-H018
CELL06-140	06_蛋白质分选与膜泡运输	保留核心答案；更新格式与来源	GDP/GTP循环为何比永久开启更适合运输调控？	允许在正确膜域开启，并在完成任务后解组装和回收。	允许在正确膜域开启，并在完成任务后解组装和回收。		ENFIG1542	CN06-S02,EN13-H000-H018
CELL06-141	06_蛋白质分选与膜泡运输	保留核心答案；更新格式与来源	Rab的脂修饰与其膜定位有什么联系？	疏水基帮助Rab关联膜，但膜身份还依调节与结合伙伴。	疏水基帮助Rab关联膜，但膜身份还依调节与结合伙伴。		ENFIG1541	CN06-S02,EN13-H000-H018
CELL06-142	06_蛋白质分选与膜泡运输	保留核心答案；更新格式与来源	磷酸肌醇与小GTP酶怎样共同参与膜身份识别？	提供可组合的招募信号，组织特定效应器和运输机器。	提供可组合的招募信号，组织特定效应器和运输机器。		ENFIG1526,ENFIG1528,ENFIG1529	CN06-S02,EN13-H000-H018
CELL06-143	06_蛋白质分选与膜泡运输	保留核心答案；更新格式与来源	膜泡载体如何在同一次运输中携带膜蛋白和可溶性蛋白？	膜蛋白嵌入载体膜，可溶货物位于腔内并可由受体选择。	膜蛋白嵌入载体膜，可溶货物位于腔内并可由受体选择。		ENFIG1508	CN06-S02,EN13-H000-H018
CELL06-144	06_蛋白质分选与膜泡运输	保留核心答案；更新格式与来源	膜泡运输为何通常不要求腔内货物再次穿脂双层？	货物留在腔内，供体出芽和靶膜融合连接拓扑相等区室。	货物留在腔内，供体出芽和靶膜融合连接拓扑相等区室。		ENFIG1430	CN06-S02,EN12-H008-H011
CELL06-145	06_蛋白质分选与膜泡运输	保留核心答案；更新格式与来源	膜泡形成后，其原供体胞质面朝哪里？	仍向胞质；载体封闭不翻转膜两侧身份。	仍向胞质；载体封闭不翻转膜两侧身份。		ENFIG1430	CN06-S02,EN12-H008-H011
CELL06-146	06_蛋白质分选与膜泡运输	保留核心答案；更新格式与来源	融合后v-SNARE和t-SNARE处于什么相对膜状态？	进入同一膜的cis复合体，可由回收机器拆开。	进入同一膜的cis复合体，可由回收机器拆开。			CN06-S02
CELL06-147	06_蛋白质分选与膜泡运输	保留核心答案；更新格式与来源	Rab效应器与Rab-GTP结合为何有助提高空间特异性？	活化Rab在适当膜域招募对应效应器，使识别局限于特定区域。	活化Rab在适当膜域招募对应效应器，使识别局限于特定区域。		ENFIG1541	CN06-S02,EN13-H000-H018
CELL06-148	06_蛋白质分选与膜泡运输	保留核心答案；更新格式与来源	核孔运输能否归为COP包被膜泡运输？	不能。核孔为门控转运，不通过出芽载体搬运核内货物。	不能。核孔为门控转运，不通过出芽载体搬运核内货物。		ENFIG1413	CN06-S02,EN12-H008-H011
CELL06-149	06_蛋白质分选与膜泡运输	保留核心答案；更新格式与来源	为何普通ER—高尔基体囊泡不能直接把货物送入线粒体基质？	基质导入依跨膜移位系统，拓扑与普通分泌囊泡不同。	基质导入依跨膜移位系统，拓扑与普通分泌囊泡不同。		ENFIG1413	CN06-S02,EN12-H008-H011
CELL06-150	06_蛋白质分选与膜泡运输	闭卷评分补充	运输特异性出现异常时，如何组织一个简答提纲？	货物选择；出芽断裂；长程移动；靶膜识别；融合和回收。	货物选择；出芽断裂；长程移动；靶膜识别；融合和回收。	"这是综合答题结构卡。复习时说全核心连接；完整展开请另做本章闭卷练习。

展开作答参考评分（10 分）：
1. 先检查货物信号、货物受体与包被选择，区分货物选择失败和后续失败。（2分）
2. 检查包被组装、膜曲率与颈部断裂，并区分出芽不足和断裂不足。（2分）
3. 检测骨架轨道、马达与货物适配，判断长程移动/空间分布是否异常。（2分）
4. 检查 Rab/系留及 SNARE 配对，区分靶膜识别和膜融合。（2分）
5. 检查解包被与受体/SNARE 回收；用动态货物流和旁路/遗传救援定位缺陷。（2分）"		CN06-S02
CELL06-151	06_蛋白质分选与膜泡运输	保留核心答案；更新格式与来源	Sar1不能有效结合GTP，ER输出最先可能受哪类影响？	COPII招募和载体形成受损，货物在ER或早期环节积累。	COPII招募和载体形成受损，货物在ER或早期环节积累。			CN06-S02
CELL06-152	06_蛋白质分选与膜泡运输	保留核心答案；更新格式与来源	非水解GTP类似物使包被囊泡积累，为什么不一定代表运输加速？	可能允许包被组装但妨碍解组装和后续步骤。	可能允许包被组装但妨碍解组装和后续步骤。			CN06-S02
CELL06-153	06_蛋白质分选与膜泡运输	保留核心答案；更新格式与来源	COPII输出阻断时，分泌蛋白的成熟高尔基体糖链会如何变化？	到达高尔基体的比例降低，相应成熟加工减少。	到达高尔基体的比例降低，相应成熟加工减少。			CN06-S02
CELL06-154	06_蛋白质分选与膜泡运输	保留核心答案；更新格式与来源	COPI回收受阻时，ER伴侣为什么可能逐渐不足？	逃逸伴侣不能有效返回，长期改变ER加工能力。	逃逸伴侣不能有效返回，长期改变ER加工能力。			CN06-S02
CELL06-155	06_蛋白质分选与膜泡运输	保留核心答案；更新格式与来源	删除腔内蛋白KDEL后为何其胞外量可升高？	有效回收减少，蛋白可沿默认分泌途径继续外运。	有效回收减少，蛋白可沿默认分泌途径继续外运。			CN06-S02
CELL06-156	06_蛋白质分选与膜泡运输	保留核心答案；更新格式与来源	某腔内蛋白末端加残基遮蔽KDEL，怎样验证影响来自信号位置？	比较末端KDEL、被延长形式及相同表达量，测回收与分泌。	比较末端KDEL、被延长形式及相同表达量，测回收与分泌。			CN06-S02
CELL06-157	06_蛋白质分选与膜泡运输	保留核心答案；更新格式与来源	膜蛋白回收尾信号突变，如何区分合成异常和回收异常？	测初始合成/ER进入与后续区室分布、回收动力学。	测初始合成/ER进入与后续区室分布、回收动力学。			CN06-S02
CELL06-158	06_蛋白质分选与膜泡运输	保留核心答案；更新格式与来源	dynamin缺陷细胞出现大量膜连通凹陷，首先支持哪一步受阻？	囊泡颈部断裂受阻；需证实与质膜仍连通。	囊泡颈部断裂受阻；需证实与质膜仍连通。		ENFIG1534	CN06-S02,EN13-H000-H018
CELL06-159	06_蛋白质分选与膜泡运输	保留核心答案；更新格式与来源	货物受体仍结合配体，但其胞质适配位点突变，可能发生什么？	货物选择或包被聚集受损，结合与实际运输分离。	货物选择或包被聚集受损，结合与实际运输分离。		ENFIG1522	CN06-S02,EN13-H000-H018
CELL06-160	06_蛋白质分选与膜泡运输	保留核心答案；更新格式与来源	囊泡正常形成却难到达靶区室，应优先检查哪些后续过程？	骨架/马达移动、Rab与系留识别；再区分真正融合缺陷。	骨架/马达移动、Rab与系留识别；再区分真正融合缺陷。			CN06-S02
CELL06-161	06_蛋白质分选与膜泡运输	保留核心答案；更新格式与来源	Rab错定位到另一膜，为什么可能招募错误的效应器？	Rab-GTP提供位置依赖招募信息，错定位可扰乱膜身份组合。	Rab-GTP提供位置依赖招募信息，错定位可扰乱膜身份组合。		ENFIG1542	CN06-S02,EN13-H000-H018
CELL06-162	06_蛋白质分选与膜泡运输	保留核心答案；更新格式与来源	靶膜SNARE被失活，囊泡可以靠近却不能交付货物，怎样解释？	锚定可能保留但融合执行受损，靠近并不等于融合。	锚定可能保留但融合执行受损，靠近并不等于融合。			CN06-S02
CELL06-163	06_蛋白质分选与膜泡运输	保留核心答案；更新格式与来源	NSF失活为何可能在多轮运输中逐渐产生缺陷？	融合后SNARE难以拆解再用，后续可用组分减少。	融合后SNARE难以拆解再用，后续可用组分减少。			CN06-S02
CELL06-164	06_蛋白质分选与膜泡运输	保留核心答案；更新格式与来源	膜荧光混合但腔内货物未混合，能否证明完全融合？	不能。可能仅脂质交换或半融合，需要内容物混合检测。	不能。可能仅脂质交换或半融合，需要内容物混合检测。		ENFIG1544	CN06-S02,EN13-H000-H018
CELL06-165	06_蛋白质分选与膜泡运输	保留核心答案；更新格式与来源	两种膜在体外融合，怎样评价是否需要特定SNARE？	去除或失活特定SNARE后测融合，并用重构救援及泄漏对照。	去除或失活特定SNARE后测融合，并用重构救援及泄漏对照。			CN06-S02
CELL06-166	06_蛋白质分选与膜泡运输	保留核心答案；更新格式与来源	怎样区分囊泡腔内蛋白释放与膜破裂造成的泄漏？	同时检测特异融合和非特异泄漏，并设无融合机器等对照。	同时检测特异融合和非特异泄漏，并设无融合机器等对照。			CN06-S02
CELL06-167	06_蛋白质分选与膜泡运输	保留核心答案；更新格式与来源	抑制微管马达而囊泡出芽正常，为什么整体分泌仍可降低？	长程定向运输受损，局部形成不保证到达与交付。	长程定向运输受损，局部形成不保证到达与交付。		ENFIG1550	CN06-S02,EN13-H019-H024
CELL06-168	06_蛋白质分选与膜泡运输	保留核心答案；更新格式与来源	恢复总蛋白量却未恢复定位的救援为何可能无效？	运输功能依赖正确区室和伙伴，数量恢复不足以恢复空间组织。	运输功能依赖正确区室和伙伴，数量恢复不足以恢复空间组织。			CN06-S02
CELL06-169	06_蛋白质分选与膜泡运输	保留核心答案；更新格式与来源	同一货物同时在ER和胞外积累，如何避免用单一路线武断解释？	需时间过程及分量测量，区分折叠受阻亚群、漏出和降解等。	需时间过程及分量测量，区分折叠受阻亚群、漏出和降解等。			CN06-S02
CELL06-170	06_蛋白质分选与膜泡运输	保留核心答案；更新格式与来源	研究运输瓶颈，为什么脉冲追踪优于只看终点共定位？	显示同一批货物的先后转移和积累，帮助区分慢转运与稳态驻留。	显示同一批货物的先后转移和积累，帮助区分慢转运与稳态驻留。			CN06-S02
CELL06-E001	06_蛋白质分选与膜泡运输	新增	怎样用删除和移接信号的实验分别检验 NLS 的必要性与充分性？		删除/突变 NLS 后定位丢失支持必要性；把 NLS 接到合适胞质报告蛋白并使其入核支持充分性。	需要表达与折叠对照、不能被动入核的报告蛋白及信号可及性控制；结论限于所测系统。	ENFIG1503	EN12-H008-H011,EN12-EXERCISES
CELL06-E002	06_蛋白质分选与膜泡运输	新增	尾锚定蛋白的 C 端膜锚到翻译结束才露出，为什么不走典型 SRP 共翻译捕获路线？		SRP 无法在核糖体仍在翻译时充分识别最终 C 端膜锚；这类蛋白可由 TRC40/Get3 等途径翻译后递送并插入 ER 膜。	尾锚定蛋白有多条插入途径；不要把所有翻译后 ER 转位都叫尾锚定。	ENFIG1449	EN12-H014-H020
CELL06-E003	06_蛋白质分选与膜泡运输	新增	叶绿体前体进入基质后，还要进入类囊体腔，为什么需要第二个分选信息？		外/内包膜的 TOC/TIC 导入完成后，基质切除第一段信号，暴露类囊体定位信息；再由 Sec、Tat 等对应路线跨类囊体膜。	Tat 可转运已折叠蛋白并依赖质子梯度；不能把所有类囊体导入都写成同一 ATP 依赖的展开转位。	ENFIG1481	EN12-H032-H041
CELL06-E004	06_蛋白质分选与膜泡运输	新增	将已折叠的带 PTS 蛋白与线粒体前体比较，为什么两种导入对折叠的要求不同？		过氧化物酶体可导入某些已折叠甚至寡聚蛋白；典型线粒体跨 TOM/TIM 导入要求前体保持可展开状态。	比较需用对应分选信号和完整导入系统；不能只根据“胞质合成”认为转位方式完全相同。		EN12-H032-H041
CELL06-E005	06_蛋白质分选与膜泡运输	新增	膜融合依赖 SNARE 配对，为何 NSF 消耗 ATP 不能简单解释为“给每次融合提供直接动力”？		SNARE 拉链式配对释放自由能推动两膜靠近；NSF/辅助蛋白利用 ATP 拆开融合后的 cis-SNARE 复合体，使 SNARE 可再次使用。	ATP 可参与其他准备步骤，需区分配对、膜融合与复合体再循环。	ENFIG1540,ENFIG1543,ENFIG1551	EN13-H000-H018,EN13-H019-H024
CELL06-E006	06_蛋白质分选与膜泡运输	新增	KDEL 受体为何能在 Golgi 结合逃逸的 ER 蛋白，到 ER 后再释放？		受体亲和性受环境 pH 调节：在较酸的 Golgi 有利于结合，回到较中性的 ER 后释放；配合逆向载体回收。	KDEL 是典型可溶性 ER 驻留蛋白的 C 端回收信号；膜蛋白有不同回收信息。	ENFIG1552,ENFIG1553	EN13-H019-H024
CELL06-E007	06_蛋白质分选与膜泡运输	新增	pLAT、Grb2 和 Sos1 可组成膜下凝聚体；把 Grb2 的两个 SH3 减为一个后为何可能阻断凝聚？		两个 SH3 使单个 Grb2 能连接多个富脯氨酸结合位点，建立跨分子网络；剩一个 SH3 虽仍有 SH2，却可能主要形成局部复合体，达不到扩展网络阈值。	关键是连接拓扑与有效价态，不只是机械地数总结构域数；还需控制浓度与亲和性。	ENFIG1500	EN12-EXERCISES
CELL06-E008	06_蛋白质分选与膜泡运输	新增	非生长细胞持续胞吐而不回收膜，为什么难以长期保持表面积和区室组成？		输出会增加质膜面积并消耗供体区室膜；内吞及逆向回收需在长期稳态中配合膜流，维持各区室大小和分子组成。	生长、分裂或特化分泌细胞可有净膜增加，平衡指稳态尺度，不要求每一瞬间流量完全相等。	ENFIG1505	EN13-EXERCISES,EN13-H000-H018
CELL06-E009	06_蛋白质分选与膜泡运输	新增	比较核输入、典型线粒体输入和 ER 共翻译转位：信号、货物状态与能量怎样不同？（闭卷 8—10 分钟，按 10 分自评）		核输入 NLS/受体，可运已折叠货物（2分）；Ran 循环提供方向性（2分）；线粒体靶向信号、TOM/TIM、展开和 ATP/膜电位（2分）；ER 信号、SRP/Sec61 与翻译耦联（2分）；尾锚定及其他例外不能套同一路线（2分）。	这是依据本章教材重组的练习，不标作上海大学真实历年考题；可先写提纲，再连成机制论述。		CN06-S01,EN12-H008-H011,EN12-H014-H020,EN12-H032-H041,EN12-H042-H050
CELL07-001	07_线粒体和叶绿体	保留核心答案；更新格式与来源	外膜在线粒体中位于哪里或是什么结构？	包围线粒体的外层膜。	包围线粒体的外层膜。		CNFIG0245	CN07-S01
CELL07-002	07_线粒体和叶绿体	保留核心答案；更新格式与来源	外膜的结构特点有什么功能意义？	孔蛋白允许部分小分子通过，但不等于蛋白自由通行。	孔蛋白允许部分小分子通过，但不等于蛋白自由通行。			CN07-S01
CELL07-003	07_线粒体和叶绿体	保留核心答案；更新格式与来源	内膜在线粒体中位于哪里或是什么结构？	围绕基质并向内形成嵴的膜。	围绕基质并向内形成嵴的膜。			CN07-S01
CELL07-004	07_线粒体和叶绿体	保留核心答案；更新格式与来源	内膜的结构特点有什么功能意义？	保持低质子通透性，支持电化学梯度。	保持低质子通透性，支持电化学梯度。			CN07-S01
CELL07-005	07_线粒体和叶绿体	保留核心答案；更新格式与来源	膜间隙在线粒体中位于哪里或是什么结构？	位于内外膜之间。	位于内外膜之间。			CN07-S01
CELL07-006	07_线粒体和叶绿体	保留核心答案；更新格式与来源	膜间隙的结构特点有什么功能意义？	接受呼吸链泵出的质子，形成能量储存条件。	接受呼吸链泵出的质子，形成能量储存条件。			CN07-S01
CELL07-007	07_线粒体和叶绿体	保留核心答案；更新格式与来源	基质在线粒体中位于哪里或是什么结构？	内膜围绕的内部空间。	内膜围绕的内部空间。			CN07-S01
CELL07-008	07_线粒体和叶绿体	保留核心答案；更新格式与来源	基质的结构特点有什么功能意义？	容纳多种代谢酶、遗传系统与ATP合成产物。	容纳多种代谢酶、遗传系统与ATP合成产物。			CN07-S01
CELL07-009	07_线粒体和叶绿体	保留核心答案；更新格式与来源	嵴在线粒体中位于哪里或是什么结构？	内膜形成的复杂内折结构。	内膜形成的复杂内折结构。		CNFIG0207	CN07-S01
CELL07-010	07_线粒体和叶绿体	保留核心答案；更新格式与来源	嵴的结构特点有什么功能意义？	增加能量转换面积并组织呼吸相关复合体。	增加能量转换面积并组织呼吸相关复合体。			CN07-S01
CELL07-011	07_线粒体和叶绿体	保留核心答案；更新格式与来源	ATP合酶F₀在线粒体中位于哪里或是什么结构？	嵌于内膜的转子相关部分。	嵌于内膜的转子相关部分。		CNFIG0262	CN07-S01
CELL07-012	07_线粒体和叶绿体	保留核心答案；更新格式与来源	ATP合酶F₀的结构特点有什么功能意义？	质子流与机械旋转相联系。	质子流与机械旋转相联系。			CN07-S01
CELL07-013	07_线粒体和叶绿体	保留核心答案；更新格式与来源	ATP合酶F₁在线粒体中位于哪里或是什么结构？	朝向基质的催化部分。	朝向基质的催化部分。			CN07-S01
CELL07-014	07_线粒体和叶绿体	保留核心答案；更新格式与来源	ATP合酶F₁的结构特点有什么功能意义？	旋转诱导催化位点构象变化形成ATP。	旋转诱导催化位点构象变化形成ATP。			CN07-S01
CELL07-015	07_线粒体和叶绿体	保留核心答案；更新格式与来源	心磷脂在线粒体中位于哪里或是什么结构？	线粒体内膜的重要特征脂质。	线粒体内膜的重要特征脂质。			CN07-S01
CELL07-016	07_线粒体和叶绿体	保留核心答案；更新格式与来源	心磷脂的结构特点有什么功能意义？	参与复合体稳定与内膜组织，异常可影响能量功能。	参与复合体稳定与内膜组织，异常可影响能量功能。			CN07-S01
CELL07-017	07_线粒体和叶绿体	保留核心答案；更新格式与来源	复合物I在线粒体电子传递中接收什么？	NADH提供的电子。	NADH提供的电子。			CN07-S01
CELL07-018	07_线粒体和叶绿体	保留核心答案；更新格式与来源	复合物I把电子交给谁？	泛醌。	泛醌。			CN07-S01
CELL07-019	07_线粒体和叶绿体	保留核心答案；更新格式与来源	复合物I与质子梯度形成有什么直接联系？	把电子传递与质子跨内膜外泵偶联。	把电子传递与质子跨内膜外泵偶联。			CN07-S01
CELL07-020	07_线粒体和叶绿体	保留核心答案；更新格式与来源	复合物II在线粒体电子传递中接收什么？	琥珀酸氧化相关电子。	琥珀酸氧化相关电子。			CN07-S01
CELL07-021	07_线粒体和叶绿体	保留核心答案；更新格式与来源	复合物II把电子交给谁？	泛醌。	泛醌。			CN07-S01
CELL07-022	07_线粒体和叶绿体	保留核心答案；更新格式与来源	复合物II与质子梯度形成有什么直接联系？	不直接作为该链的质子泵。	不直接作为该链的质子泵。			CN07-S01
CELL07-023	07_线粒体和叶绿体	保留核心答案；更新格式与来源	复合物III在线粒体电子传递中接收什么？	还原泛醌的电子。	还原泛醌的电子。			CN07-S01
CELL07-024	07_线粒体和叶绿体	保留核心答案；更新格式与来源	复合物III把电子交给谁？	细胞色素c。	细胞色素c。			CN07-S01
CELL07-025	07_线粒体和叶绿体	保留核心答案；更新格式与来源	复合物III与质子梯度形成有什么直接联系？	通过Q循环等机制贡献质子动力势。	通过Q循环等机制贡献质子动力势。			CN07-S01
CELL07-026	07_线粒体和叶绿体	保留核心答案；更新格式与来源	复合物IV在线粒体电子传递中接收什么？	细胞色素c的电子。	细胞色素c的电子。			CN07-S01
CELL07-027	07_线粒体和叶绿体	保留核心答案；更新格式与来源	复合物IV把电子交给谁？	氧，最终形成水。	氧，最终形成水。			CN07-S01
CELL07-028	07_线粒体和叶绿体	保留核心答案；更新格式与来源	复合物IV与质子梯度形成有什么直接联系？	参与质子转运并消耗反应所需基质质子。	参与质子转运并消耗反应所需基质质子。			CN07-S01
CELL07-029	07_线粒体和叶绿体	保留核心答案；更新格式与来源	泛醌在线粒体电子传递中接收什么？	多种脱氢酶送来的电子。	多种脱氢酶送来的电子。			CN07-S01
CELL07-030	07_线粒体和叶绿体	保留核心答案；更新格式与来源	泛醌把电子交给谁？	复合物III等后续系统。	复合物III等后续系统。			CN07-S01
CELL07-031	07_线粒体和叶绿体	保留核心答案；更新格式与来源	泛醌与质子梯度形成有什么直接联系？	可携电子和质子，是膜内移动载体。	可携电子和质子，是膜内移动载体。			CN07-S01
CELL07-032	07_线粒体和叶绿体	保留核心答案；更新格式与来源	细胞色素c在线粒体电子传递中接收什么？	复合物III送出的电子。	复合物III送出的电子。			CN07-S01
CELL07-033	07_线粒体和叶绿体	保留核心答案；更新格式与来源	细胞色素c把电子交给谁？	复合物IV。	复合物IV。			CN07-S01
CELL07-034	07_线粒体和叶绿体	保留核心答案；更新格式与来源	细胞色素c与质子梯度形成有什么直接联系？	位于内膜外侧相关空间，主要传递电子。	位于内膜外侧相关空间，主要传递电子。			CN07-S01
CELL07-035	07_线粒体和叶绿体	保留核心答案；更新格式与来源	NADH与琥珀酸作线粒体呼吸底物时，ATP产量为何不应预设相同？	琥珀酸经复合物II入链，跳过I的泵质子步骤；其他条件相同也可有不同能量收益。	琥珀酸经复合物II入链，跳过I的泵质子步骤；其他条件相同也可有不同能量收益。			CN07-S01
CELL07-036	07_线粒体和叶绿体	保留核心答案；更新格式与来源	呼吸链电子转移的氧化还原电位差与可用能量有什么关系？	电子趋向转给还原电位更高的受体，自由能差可用于驱动质子转运。	电子趋向转给还原电位更高的受体，自由能差可用于驱动质子转运。			CN07-S01
CELL07-037	07_线粒体和叶绿体	保留核心答案；更新格式与来源	为什么不能把呼吸链每一步电子传递都等同直接形成一分子ATP？	电子传递先支持质子动力势，ATP合酶再利用梯度；并非每个传递步骤都直接磷酸化ADP。	电子传递先支持质子动力势，ATP合酶再利用梯度；并非每个传递步骤都直接磷酸化ADP。		CNFIG0241	CN07-S01
CELL07-038	07_线粒体和叶绿体	保留核心答案；更新格式与来源	氧在典型线粒体呼吸链中的角色是什么？	在复合物IV处接受电子，作为终端电子受体。	在复合物IV处接受电子，作为终端电子受体。			CN07-S01
CELL07-039	07_线粒体和叶绿体	保留核心答案；更新格式与来源	氧接受呼吸链电子后主要形成什么产物？	与质子共同形成水。	与质子共同形成水。			CN07-S01
CELL07-040	07_线粒体和叶绿体	保留核心答案；更新格式与来源	氧供应不足为何会阻断典型线粒体呼吸链的持续电子流？	缺少末端电子受体，上游载体难以持续再氧化，泵质子和ATP合成随之受限。	缺少末端电子受体，上游载体难以持续再氧化，泵质子和ATP合成随之受限。			CN07-S01
CELL07-041	07_线粒体和叶绿体	保留核心答案；更新格式与来源	Mfn融合素在线粒体动态中主要做什么？	参与外膜融合。	参与外膜融合。			CN07-S01
CELL07-042	07_线粒体和叶绿体	保留核心答案；更新格式与来源	Mfn融合素异常如何影响线粒体组织？	融合能力降低可使网络更碎片化。	融合能力降低可使网络更碎片化。			CN07-S01
CELL07-043	07_线粒体和叶绿体	保留核心答案；更新格式与来源	OPA1在线粒体动态中主要做什么？	参与内膜融合与嵴相关组织。	参与内膜融合与嵴相关组织。			CN07-S01
CELL07-044	07_线粒体和叶绿体	保留核心答案；更新格式与来源	OPA1异常如何影响线粒体组织？	内膜及嵴组织异常可影响功能。	内膜及嵴组织异常可影响功能。			CN07-S01
CELL07-045	07_线粒体和叶绿体	保留核心答案；更新格式与来源	Drp1在线粒体动态中主要做什么？	被招募后参与线粒体分裂。	被招募后参与线粒体分裂。		CNFIG0210	CN07-S01
CELL07-046	07_线粒体和叶绿体	保留核心答案；更新格式与来源	Drp1异常如何影响线粒体组织？	失活可导致分裂不足及网络过度延长。	失活可导致分裂不足及网络过度延长。			CN07-S01
CELL07-047	07_线粒体和叶绿体	保留核心答案；更新格式与来源	融合在线粒体动态中主要做什么？	混合相连线粒体的内容和组成。	混合相连线粒体的内容和组成。		CNFIG0141	CN07-S01
CELL07-048	07_线粒体和叶绿体	事实或边界修订	融合异常如何影响线粒体组织？	可支持功能互补，但不是修复所有损伤的保证。	融合受阻可降低线粒体内容物混合和功能互补能力，并导致网络碎片化；增加融合也不保证修复所有损伤，需同时测能量与质量控制功能。		ENFIG1640,CNFIG0168	CN07-S01
CELL07-049	07_线粒体和叶绿体	保留核心答案；更新格式与来源	分裂在线粒体动态中主要做什么？	把线粒体分为较小单位。	把线粒体分为较小单位。		CNFIG0191	CN07-S01
CELL07-050	07_线粒体和叶绿体	事实或边界修订	分裂异常如何影响线粒体组织？	参与分布、分配及受损区域选择性清除。	分裂不足可造成网络过度延长，干扰细胞内分布、分裂时分配及部分受损区域的隔离清除；分裂过多也可能造成碎片化，不能只按次数判断健康程度。		ENFIG1639	CN07-S01
CELL07-051	07_线粒体和叶绿体	保留核心答案；更新格式与来源	质子动力势由哪两个部分构成？	跨膜电位差和质子浓度/pH差；两者共同决定H⁺运动的自由能。	跨膜电位差和质子浓度/pH差；两者共同决定H⁺运动的自由能。			CN07-S01
CELL07-052	07_线粒体和叶绿体	保留核心答案；更新格式与来源	为何内膜必须限制质子无控制地泄漏？	泄漏耗散梯度，电子传递能量不能有效转为ATP。	泄漏耗散梯度，电子传递能量不能有效转为ATP。			CN07-S01
CELL07-053	07_线粒体和叶绿体	保留核心答案；更新格式与来源	ATP合酶转子旋转为何能驱动ATP生成？	把机械变化传给催化位点，使其在结合、合成和释放状态间转换。	把机械变化传给催化位点，使其在结合、合成和释放状态间转换。		CNFIG0193	CN07-S01
CELL07-054	07_线粒体和叶绿体	解释补充	ADP/ATP交换体怎样把线粒体ATP输出与ADP输入联系起来？	以内膜交换方式供给ADP并输出ATP，依赖相应驱动力与转运系统。	以内膜交换方式供给ADP并输出ATP，依赖相应驱动力与转运系统。	典型 ADP/ATP 交换体以内运 ADP³⁻、外运 ATP⁴⁻进行电生性交换，线粒体基质负电位有利于 ATP 输出；磷酸还需相应转运系统输入。	ENFIG1680	CN07-S01
CELL07-055	07_线粒体和叶绿体	保留核心答案；更新格式与来源	无ADP时呼吸速率为何可能降低？	ATP合成质子回流受限，梯度反压抑制进一步泵送与电子流。	ATP合成质子回流受限，梯度反压抑制进一步泵送与电子流。			CN07-S01
CELL07-056	07_线粒体和叶绿体	保留核心答案；更新格式与来源	解偶联剂加入有底物和氧的线粒体，ATP合成与耗氧通常如何改变？	ATP合成下降，质子梯度耗散可使耗氧加快；依系统条件解释。	ATP合成下降，质子梯度耗散可使耗氧加快；依系统条件解释。			CN07-S01
CELL07-057	07_线粒体和叶绿体	保留核心答案；更新格式与来源	寡霉素阻断ATP合酶后，ATP产量和呼吸链速率为什么可同时下降？	质子回流受阻，梯度积累反过来限制电子传递。	质子回流受阻，梯度积累反过来限制电子传递。			CN07-S01
CELL07-058	07_线粒体和叶绿体	保留核心答案；更新格式与来源	寡霉素后再加解偶联剂，耗氧可能恢复但ATP不恢复，说明什么？	耗氧与ATP形成可分离，解偶联旁路质子回流却不修复ATP合酶。	耗氧与ATP形成可分离，解偶联旁路质子回流却不修复ATP合酶。			CN07-S01
CELL07-059	07_线粒体和叶绿体	保留核心答案；更新格式与来源	阻断复合物I后提供琥珀酸，为什么可能恢复部分电子流？	可经复合物II进入泛醌，绕过I；需后续链完整。	可经复合物II进入泛醌，绕过I；需后续链完整。			CN07-S01
CELL07-060	07_线粒体和叶绿体	保留核心答案；更新格式与来源	阻断复合物IV时，仅增加NADH为什么通常不能恢复氧依赖呼吸？	终端向氧传递受阻，增加入口电子不能绕过末端瓶颈。	终端向氧传递受阻，增加入口电子不能绕过末端瓶颈。			CN07-S01
CELL07-061	07_线粒体和叶绿体	保留核心答案；更新格式与来源	缺氧导致氧化磷酸化受限，是否表示所有细胞ATP立刻归零？	否。细胞可能利用底物水平磷酸化等，能力依类型和条件。	否。细胞可能利用底物水平磷酸化等，能力依类型和条件。			CN07-S01
CELL07-062	07_线粒体和叶绿体	保留核心答案；更新格式与来源	棕色脂肪解偶联蛋白如何使氧化能量更多用于产热？	提供不经ATP合酶的质子回流，梯度能量以热耗散。	提供不经ATP合酶的质子回流，梯度能量以热耗散。			CN07-S01
CELL07-063	07_线粒体和叶绿体	保留核心答案；更新格式与来源	为何线粒体数目增加不能单独证明总ATP产能提高？	大小、膜量、偶联及单个功能均影响总能力。	大小、膜量、偶联及单个功能均影响总能力。			CN07-S01
CELL07-064	07_线粒体和叶绿体	保留核心答案；更新格式与来源	线粒体膜电位染料信号降低，为什么不能直接判定细胞已凋亡？	去极化可由多种代谢或药物因素造成，需独立死亡指标。	去极化可由多种代谢或药物因素造成，需独立死亡指标。			CN07-S01
CELL07-065	07_线粒体和叶绿体	保留核心答案；更新格式与来源	线粒体融合受阻时，为什么应同时测形态与功能？	碎片化是结构读出，能量、膜电位和质量控制可能各受不同影响。	碎片化是结构读出，能量、膜电位和质量控制可能各受不同影响。			CN07-S01
CELL07-066	07_线粒体和叶绿体	保留核心答案；更新格式与来源	Drp1抑制后网络延长，能否据此证明线粒体功能一定改善？	不能。形态变化不自动等同功能恢复。	不能。形态变化不自动等同功能恢复。			CN07-S01
CELL07-067	07_线粒体和叶绿体	保留核心答案；更新格式与来源	高耗能细胞区域为何常有线粒体富集？	定位可提高局部ATP供给及Ca²⁺等调控效率。	定位可提高局部ATP供给及Ca²⁺等调控效率。			CN07-S01
CELL07-068	07_线粒体和叶绿体	保留核心答案；更新格式与来源	呼吸链电子泄漏为什么可能导致氧化损伤？	电子非正常转给氧可产生活性氧，超过清除能力时损伤分子。	电子非正常转给氧可产生活性氧，超过清除能力时损伤分子。			CN07-S01
CELL07-069	07_线粒体和叶绿体	保留核心答案；更新格式与来源	线粒体疾病为何既可能由mtDNA也可能由核基因变化引起？	能量复合体与维护系统同时依赖两套基因编码产物。	能量复合体与维护系统同时依赖两套基因编码产物。			CN07-S01
CELL07-070	07_线粒体和叶绿体	闭卷评分补充	概述评价线粒体能量功能时应联测的四类指标。	呼吸；ATP合成；膜电位/梯度；细胞状态与底物条件。	呼吸；ATP合成；膜电位/梯度；细胞状态与底物条件。	"这是综合答题结构卡。复习时说全核心连接；完整展开请另做本章闭卷练习。

展开作答参考评分（10 分）：
1. 测耗氧/电子传递，并明确底物、ADP 和氧等条件。（2分）
2. 测 ATP 生成或能量状态，不能把 ATP 稳态含量独立等同合成速率。（2分）
3. 测膜电位及适用的 pH 梯度，区分梯度建立与利用。（2分）
4. 校正细胞数量、线粒体量及细胞活性，排除受损细胞或底物不足。（2分）
5. 联合解释：解偶联可使梯度和 ATP 下降而呼吸在适当条件下增加；单项下降不能唯一定位。（2分）"		CN07-S01
CELL07-071	07_线粒体和叶绿体	保留核心答案；更新格式与来源	双层包膜在叶绿体中的位置或组织是什么？	叶绿体外膜和内膜。	叶绿体外膜和内膜。			CN07-S02
CELL07-072	07_线粒体和叶绿体	保留核心答案；更新格式与来源	双层包膜与光合作用的联系是什么？	分隔细胞器并控制物质交换，不是主要光反应膜。	分隔细胞器并控制物质交换，不是主要光反应膜。			CN07-S02
CELL07-073	07_线粒体和叶绿体	保留核心答案；更新格式与来源	基质在叶绿体中的位置或组织是什么？	包膜内、类囊体外的空间。	包膜内、类囊体外的空间。			CN07-S02
CELL07-074	07_线粒体和叶绿体	保留核心答案；更新格式与来源	基质与光合作用的联系是什么？	含碳同化酶和叶绿体遗传系统。	含碳同化酶和叶绿体遗传系统。			CN07-S02
CELL07-075	07_线粒体和叶绿体	保留核心答案；更新格式与来源	类囊体膜在叶绿体中的位置或组织是什么？	围成类囊体的内部膜系统。	围成类囊体的内部膜系统。		CNFIG0254	CN07-S02
CELL07-076	07_线粒体和叶绿体	保留核心答案；更新格式与来源	类囊体膜与光合作用的联系是什么？	组织光系统、电子链和ATP合酶。	组织光系统、电子链和ATP合酶。			CN07-S02
CELL07-077	07_线粒体和叶绿体	保留核心答案；更新格式与来源	类囊体腔在叶绿体中的位置或组织是什么？	类囊体膜包围的内部空间。	类囊体膜包围的内部空间。			CN07-S02
CELL07-078	07_线粒体和叶绿体	保留核心答案；更新格式与来源	类囊体腔与光合作用的联系是什么？	光反应期间积累质子，驱动回流合成ATP。	光反应期间积累质子，驱动回流合成ATP。			CN07-S02
CELL07-079	07_线粒体和叶绿体	保留核心答案；更新格式与来源	基粒在叶绿体中的位置或组织是什么？	类囊体堆叠区域。	类囊体堆叠区域。			CN07-S02
CELL07-080	07_线粒体和叶绿体	保留核心答案；更新格式与来源	基粒与光合作用的联系是什么？	参与膜系统空间组织，并与基质片层连续。	参与膜系统空间组织，并与基质片层连续。			CN07-S02
CELL07-081	07_线粒体和叶绿体	保留核心答案；更新格式与来源	天线色素在光反应中的主要作用是什么？	吸收光能并把激发能传向反应中心。	吸收光能并把激发能传向反应中心。		CNFIG0166	CN07-S02
CELL07-082	07_线粒体和叶绿体	保留核心答案；更新格式与来源	天线色素为何不能与相关组分混同？	主要传递激发能，不等于每个色素都直接分离电荷。	主要传递激发能，不等于每个色素都直接分离电荷。			CN07-S02
CELL07-083	07_线粒体和叶绿体	保留核心答案；更新格式与来源	反应中心在光反应中的主要作用是什么？	通过激发后的电子转移实现电荷分离。	通过激发后的电子转移实现电荷分离。			CN07-S02
CELL07-084	07_线粒体和叶绿体	保留核心答案；更新格式与来源	反应中心为何不能与相关组分混同？	把光能转为氧化还原能，不只是增加吸光面积。	把光能转为氧化还原能，不只是增加吸光面积。			CN07-S02
CELL07-085	07_线粒体和叶绿体	保留核心答案；更新格式与来源	PSII在光反应中的主要作用是什么？	从水获得电子并向链供电子。	从水获得电子并向链供电子。		CNFIG0192	CN07-S02
CELL07-086	07_线粒体和叶绿体	保留核心答案；更新格式与来源	PSII为何不能与相关组分混同？	虽编号II，在线性流程中通常先于PSI。	虽编号II，在线性流程中通常先于PSI。			CN07-S02
CELL07-087	07_线粒体和叶绿体	保留核心答案；更新格式与来源	放氧复合体在光反应中的主要作用是什么？	催化水氧化并释放O₂。	催化水氧化并释放O₂。			CN07-S02
CELL07-088	07_线粒体和叶绿体	保留核心答案；更新格式与来源	放氧复合体为何不能与相关组分混同？	光合释放氧主要来自水，不来自CO₂。	光合释放氧主要来自水，不来自CO₂。			CN07-S02
CELL07-089	07_线粒体和叶绿体	保留核心答案；更新格式与来源	质体醌在光反应中的主要作用是什么？	在膜中携电子及质子。	在膜中携电子及质子。			CN07-S02
CELL07-090	07_线粒体和叶绿体	保留核心答案；更新格式与来源	质体醌为何不能与相关组分混同？	与可溶载体质体蓝素的定位不同。	与可溶载体质体蓝素的定位不同。			CN07-S02
CELL07-091	07_线粒体和叶绿体	保留核心答案；更新格式与来源	细胞色素b₆f在光反应中的主要作用是什么？	衔接电子传递并贡献质子梯度。	衔接电子传递并贡献质子梯度。			CN07-S02
CELL07-092	07_线粒体和叶绿体	保留核心答案；更新格式与来源	细胞色素b₆f为何不能与相关组分混同？	不是直接还原CO₂的酶。	不是直接还原CO₂的酶。			CN07-S02
CELL07-093	07_线粒体和叶绿体	保留核心答案；更新格式与来源	质体蓝素在光反应中的主要作用是什么？	把电子送向PSI的可溶铜蛋白。	把电子送向PSI的可溶铜蛋白。			CN07-S02
CELL07-094	07_线粒体和叶绿体	保留核心答案；更新格式与来源	质体蓝素为何不能与相关组分混同？	不是叶绿素色素，也不同于质体醌。	不是叶绿素色素，也不同于质体醌。			CN07-S02
CELL07-095	07_线粒体和叶绿体	保留核心答案；更新格式与来源	PSI在光反应中的主要作用是什么？	再次激发电子并可送向铁氧还蛋白。	再次激发电子并可送向铁氧还蛋白。		CNFIG0258	CN07-S02
CELL07-096	07_线粒体和叶绿体	保留核心答案；更新格式与来源	PSI为何不能与相关组分混同？	在线性链后段参与NADPH形成。	在线性链后段参与NADPH形成。			CN07-S02
CELL07-097	07_线粒体和叶绿体	保留核心答案；更新格式与来源	铁氧还蛋白—NADP⁺还原酶在光反应中的主要作用是什么？	催化电子转到NADP⁺生成NADPH。	催化电子转到NADP⁺生成NADPH。			CN07-S02
CELL07-098	07_线粒体和叶绿体	保留核心答案；更新格式与来源	铁氧还蛋白—NADP⁺还原酶为何不能与相关组分混同？	提供还原力，与ATP合酶的产物不同。	提供还原力，与ATP合酶的产物不同。			CN07-S02
CELL07-099	07_线粒体和叶绿体	保留核心答案；更新格式与来源	线性光合电子流的主要流程是什么？	水经PSII和PSI到NADP⁺。	水经PSII和PSI到NADP⁺。			CN07-S02
CELL07-100	07_线粒体和叶绿体	保留核心答案；更新格式与来源	线性光合电子流与其他碳能量途径的关键区别是什么？	通常产生O₂、NADPH并建立ATP合成条件。	通常产生O₂、NADPH并建立ATP合成条件。			CN07-S02
CELL07-101	07_线粒体和叶绿体	保留核心答案；更新格式与来源	循环光合电子流的主要流程是什么？	PSI相关电子回到链中循环。	PSI相关电子回到链中循环。			CN07-S02
CELL07-102	07_线粒体和叶绿体	保留核心答案；更新格式与来源	循环光合电子流与其他碳能量途径的关键区别是什么？	可补ATP，通常不净产NADPH或O₂。	可补ATP，通常不净产NADPH或O₂。			CN07-S02
CELL07-103	07_线粒体和叶绿体	保留核心答案；更新格式与来源	卡尔文循环的主要流程是什么？	羧化、还原和RuBP再生。	羧化、还原和RuBP再生。			CN07-S02
CELL07-104	07_线粒体和叶绿体	保留核心答案；更新格式与来源	卡尔文循环与其他碳能量途径的关键区别是什么？	在基质用ATP/NADPH同化CO₂，不直接由光子催化每一步。	在基质用ATP/NADPH同化CO₂，不直接由光子催化每一步。			CN07-S02
CELL07-105	07_线粒体和叶绿体	保留核心答案；更新格式与来源	C₄碳同化的主要流程是什么？	先形成四碳化合物，再向碳同化部位供CO₂。	先形成四碳化合物，再向碳同化部位供CO₂。			CN07-S02
CELL07-106	07_线粒体和叶绿体	保留核心答案；更新格式与来源	C₄碳同化与其他碳能量途径的关键区别是什么？	常用空间分隔浓缩CO₂，仍需卡尔文循环。	常用空间分隔浓缩CO₂，仍需卡尔文循环。			CN07-S02
CELL07-107	07_线粒体和叶绿体	保留核心答案；更新格式与来源	CAM的主要流程是什么？	夜间初步固定CO₂，白天释放并同化。	夜间初步固定CO₂，白天释放并同化。			CN07-S02
CELL07-108	07_线粒体和叶绿体	保留核心答案；更新格式与来源	CAM与其他碳能量途径的关键区别是什么？	主要利用时间分隔，利于节水。	主要利用时间分隔，利于节水。			CN07-S02
CELL07-109	07_线粒体和叶绿体	保留核心答案；更新格式与来源	叶绿体ATP合酶催化头朝向哪里，ATP主要释放到哪里？	朝基质，ATP主要形成于基质侧，不能称为胞质侧。	朝基质，ATP主要形成于基质侧，不能称为胞质侧。		CNFIG0260	CN07-S02
CELL07-110	07_线粒体和叶绿体	保留核心答案；更新格式与来源	光反应时H⁺由类囊体腔回到基质，为何能合成ATP？	顺质子电化学梯度通过ATP合酶，能量与催化构象变化偶联。	顺质子电化学梯度通过ATP合酶，能量与催化构象变化偶联。			CN07-S02
CELL07-111	07_线粒体和叶绿体	保留核心答案；更新格式与来源	只耗散类囊体H⁺梯度而保留电子传递，ATP形成会怎样？	降低，电子流不自动保证有效光合磷酸化。	降低，电子流不自动保证有效光合磷酸化。			CN07-S02
CELL07-112	07_线粒体和叶绿体	保留核心答案；更新格式与来源	只加强PSI循环电子流，为什么不必提高O₂释放？	循环不要求净从水补电子，PSII水氧化不一定同步增加。	循环不要求净从水补电子，PSII水氧化不一定同步增加。			CN07-S02
CELL07-113	07_线粒体和叶绿体	保留核心答案；更新格式与来源	阻断PSII后还能有某些PSI相关循环流，说明什么？	循环与完整线性电子流条件不同，不能据循环证明水至NADP⁺链完整。	循环与完整线性电子流条件不同，不能据循环证明水至NADP⁺链完整。			CN07-S02
CELL07-114	07_线粒体和叶绿体	保留核心答案；更新格式与来源	“暗反应”是否意味着卡尔文循环只能在黑暗中进行？	否。它不直接吸收光子，但依赖光反应产物及光相关调控。	否。它不直接吸收光子，但依赖光反应产物及光相关调控。			CN07-S02
CELL07-115	07_线粒体和叶绿体	保留核心答案；更新格式与来源	固定3CO₂净形成一个三碳糖磷酸，典型卡尔文循环消耗多少ATP/NADPH？	9ATP、6NADPH；指典型净化学计量。	9ATP、6NADPH；指典型净化学计量。			CN07-S02
CELL07-116	07_线粒体和叶绿体	保留核心答案；更新格式与来源	若光反应只提供NADPH而ATP严重不足，碳同化为什么受限？	还原和RuBP再生等需要ATP，单有还原力不足。	还原和RuBP再生等需要ATP，单有还原力不足。			CN07-S02
CELL07-117	07_线粒体和叶绿体	保留核心答案；更新格式与来源	光呼吸为什么与Rubisco对O₂的反应有关？	加氧反应产生需回收的产物并损失已固定碳，受CO₂/O₂条件影响。	加氧反应产生需回收的产物并损失已固定碳，受CO₂/O₂条件影响。			CN07-S02
CELL07-118	07_线粒体和叶绿体	保留核心答案；更新格式与来源	C₄机制为何能在部分条件下减少光呼吸？	在Rubisco附近提高CO₂相对水平，降低加氧反应比例。	在Rubisco附近提高CO₂相对水平，降低加氧反应比例。			CN07-S02
CELL07-119	07_线粒体和叶绿体	保留核心答案；更新格式与来源	CAM植物夜间开气孔的节水优势是什么？	夜间蒸发需求常较低，先储存CO₂供白天利用。	夜间蒸发需求常较低，先储存CO₂供白天利用。			CN07-S02
CELL07-120	07_线粒体和叶绿体	保留核心答案；更新格式与来源	叶绿体移动或定位改变为何可同时影响光捕获与保护？	调整受光量和分布，在弱光利用与强光避免损伤之间协调。	调整受光量和分布，在弱光利用与强光避免损伤之间协调。		CNFIG0185	CN07-S02
CELL07-121	07_线粒体和叶绿体	保留核心答案；更新格式与来源	细胞器自身DNA支持什么关于细胞器的认识？	具部分遗传信息与表达能力。	具部分遗传信息与表达能力。			CN07-S03
CELL07-122	07_线粒体和叶绿体	保留核心答案；更新格式与来源	细胞器自身DNA解释时需保留什么限制？	不能据此断言能够离开宿主独立生活。	不能据此断言能够离开宿主独立生活。			CN07-S03
CELL07-123	07_线粒体和叶绿体	保留核心答案；更新格式与来源	细胞器核糖体支持什么关于细胞器的认识？	能合成部分自身编码蛋白。	能合成部分自身编码蛋白。			CN07-S03
CELL07-124	07_线粒体和叶绿体	保留核心答案；更新格式与来源	细胞器核糖体解释时需保留什么限制？	不同细胞器和物种的核糖体不能统一写成完全相同70S。	不同细胞器和物种的核糖体不能统一写成完全相同70S。			CN07-S03
CELL07-125	07_线粒体和叶绿体	保留核心答案；更新格式与来源	大量核编码蛋白支持什么关于细胞器的认识？	细胞器依赖核与胞质供应。	细胞器依赖核与胞质供应。			CN07-S03
CELL07-126	07_线粒体和叶绿体	保留核心答案；更新格式与来源	大量核编码蛋白解释时需保留什么限制？	半自主性是双重遗传与功能依赖。	半自主性是双重遗传与功能依赖。			CN07-S03
CELL07-127	07_线粒体和叶绿体	保留核心答案；更新格式与来源	双层包膜支持什么关于细胞器的认识？	与内共生演化背景相容。	与内共生演化背景相容。			CN07-S03
CELL07-128	07_线粒体和叶绿体	保留核心答案；更新格式与来源	双层包膜解释时需保留什么限制？	双膜本身不能单独证明具体祖先。	双膜本身不能单独证明具体祖先。			CN07-S03
CELL07-129	07_线粒体和叶绿体	保留核心答案；更新格式与来源	细菌样分裂支持什么关于细胞器的认识？	以已有细胞器生长并分裂维持数量。	以已有细胞器生长并分裂维持数量。			CN07-S03
CELL07-130	07_线粒体和叶绿体	保留核心答案；更新格式与来源	细菌样分裂解释时需保留什么限制？	现代分裂已加入宿主调控，非完全自由生活复制。	现代分裂已加入宿主调控，非完全自由生活复制。			CN07-S03
CELL07-131	07_线粒体和叶绿体	保留核心答案；更新格式与来源	细胞器与细菌序列亲缘支持什么关于细胞器的认识？	支持线粒体及质体具有相应细菌来源。	支持线粒体及质体具有相应细菌来源。			CN07-S03
CELL07-132	07_线粒体和叶绿体	保留核心答案；更新格式与来源	细胞器与细菌序列亲缘解释时需保留什么限制？	需多序列和系统发育证据，不只凭外形相似。	需多序列和系统发育证据，不只凭外形相似。			CN07-S03
CELL07-133	07_线粒体和叶绿体	保留核心答案；更新格式与来源	基因向核转移支持什么关于细胞器的认识？	部分原细胞器基因转入核并表达。	部分原细胞器基因转入核并表达。			CN07-S03
CELL07-134	07_线粒体和叶绿体	保留核心答案；更新格式与来源	基因向核转移解释时需保留什么限制？	产物还需获得有效靶向信息回到细胞器。	产物还需获得有效靶向信息回到细胞器。			CN07-S03
CELL07-135	07_线粒体和叶绿体	保留核心答案；更新格式与来源	非孟德尔遗传支持什么关于细胞器的认识？	细胞器遗传可不符合核染色体分离模式。	细胞器遗传可不符合核染色体分离模式。			CN07-S03
CELL07-136	07_线粒体和叶绿体	保留核心答案；更新格式与来源	非孟德尔遗传解释时需保留什么限制？	母系遗传等具有物种和体系条件，不能泛化无例外。	母系遗传等具有物种和体系条件，不能泛化无例外。			CN07-S03
CELL07-137	07_线粒体和叶绿体	保留核心答案；更新格式与来源	人线粒体基因组编码的蛋白数量典型是多少，能说明什么？	13种多肽，远少于线粒体所需蛋白，体现对核编码产物依赖。	13种多肽，远少于线粒体所需蛋白，体现对核编码产物依赖。			CN07-S03
CELL07-138	07_线粒体和叶绿体	保留核心答案；更新格式与来源	异质性mtDNA指什么？	同一细胞或个体内存在不同mtDNA类型的混合。	同一细胞或个体内存在不同mtDNA类型的混合。			CN07-S03
CELL07-139	07_线粒体和叶绿体	保留核心答案；更新格式与来源	同一mtDNA变异为何在不同组织表现不同？	变异负荷、阈值、能量需求和组织分配不同。	变异负荷、阈值、能量需求和组织分配不同。			CN07-S03
CELL07-140	07_线粒体和叶绿体	保留核心答案；更新格式与来源	细胞器DNA半保留复制能否证明它是核染色体？	不能。复制方式共享不等于位置、组织和遗传方式相同。	不能。复制方式共享不等于位置、组织和遗传方式相同。			CN07-S03
CELL07-141	07_线粒体和叶绿体	保留核心答案；更新格式与来源	细胞器基因转到核后，为什么仅能表达还不足以维持原功能？	蛋白还需定位回细胞器并正确加工、组装。	蛋白还需定位回细胞器并正确加工、组装。			CN07-S03
CELL07-142	07_线粒体和叶绿体	保留核心答案；更新格式与来源	叶绿体基因表达为何需与核编码亚基协调？	许多功能复合体由两套遗传系统共同提供组分。	许多功能复合体由两套遗传系统共同提供组分。		CNFIG0157	CN07-S03
CELL07-143	07_线粒体和叶绿体	保留核心答案；更新格式与来源	核质不协调为什么可导致细胞器功能受损？	组分表达、序列相容或装配失衡，使复合体效率降低。	组分表达、序列相容或装配失衡，使复合体效率降低。			CN07-S03
CELL07-144	07_线粒体和叶绿体	保留核心答案；更新格式与来源	RNA编辑对细胞器表达可能有什么作用？	改变转录后序列，使产生的RNA或蛋白符合功能需求，依具体物种。	改变转录后序列，使产生的RNA或蛋白符合功能需求，依具体物种。			CN07-S03
CELL07-145	07_线粒体和叶绿体	闭卷评分补充	发现类细菌DNA、核糖体和序列亲缘，怎样评价内共生证据？	多类相互独立证据共同支持细菌来源，比单一结构相似更强。	多类相互独立证据共同支持细菌来源，比单一结构相似更强。	"这是综合答题结构卡。复习时说全核心连接；完整展开请另做本章闭卷练习。

展开作答参考评分（10 分）：
1. 指出保留独立 DNA 与遗传表达系统，与完全由宿主核编码的细胞器不同。（2分）
2. 说明核糖体等表达装置的细菌相关特征，但不是所有细胞器都严格为相同 70S。（2分）
3. 说明序列和系统发育证据可直接检验亲缘关系，比外形相似更有判别力。（2分）
4. 区分线粒体与叶绿体的细菌来源支系，并把基因转移/蛋白导入纳入后续演化。（2分）
5. 评价多类证据的一致性及替代解释；单凭双膜或单个相似结构不足以独立证明完整模型。（2分）"		CN07-S03
CELL07-146	07_线粒体和叶绿体	保留核心答案；更新格式与来源	细胞器不能在培养基独立生长，是否否定其内共生来源？	否。长期演化中的基因丢失与转移已造成宿主依赖。	否。长期演化中的基因丢失与转移已造成宿主依赖。			CN07-S03
CELL07-147	07_线粒体和叶绿体	保留核心答案；更新格式与来源	母亲携带mtDNA变异但子代症状不同，为什么不必违背细胞器遗传？	异质性、分配瓶颈和阈值可使子代变异负荷及表型不同。	异质性、分配瓶颈和阈值可使子代变异负荷及表型不同。			CN07-S03
CELL07-148	07_线粒体和叶绿体	保留核心答案；更新格式与来源	缺核编码的细胞器维护蛋白时，自身DNA完整为何仍可能功能异常？	自身DNA不足以提供全部维护、导入和装配功能。	自身DNA不足以提供全部维护、导入和装配功能。			CN07-S03
CELL07-149	07_线粒体和叶绿体	保留核心答案；更新格式与来源	细胞器蛋白与细菌同源，如何区分共同祖先与近期污染？	结合基因组位置、表达、细胞器定位及多基因系统发育，排除污染。	结合基因组位置、表达、细胞器定位及多基因系统发育，排除污染。			CN07-S03
CELL07-150	07_线粒体和叶绿体	闭卷评分补充	概述线粒体/叶绿体半自主性论述的三点结构。	保留自身遗传和表达；多数功能依赖核；两系统协调并由宿主调控。	保留自身遗传和表达；多数功能依赖核；两系统协调并由宿主调控。	"这是综合答题结构卡。复习时说全核心连接；完整展开请另做本章闭卷练习。

展开作答参考评分（10 分）：
1. 说明保留细胞器 DNA、转录和部分翻译能力。（2分）
2. 说明自身基因组只编码所需组分的一部分，不能独立构成完整功能系统。（2分）
3. 说明多数蛋白由核编码、胞质合成后经对应分选/导入系统进入。（2分）
4. 说明核与细胞器两套基因表达、复合体装配和代谢物运输需协调。（2分）
5. 指出半自主不等于能离开宿主独立生活，且具体基因组成/遗传密码因物种而异。（2分）"		CN07-S03
CELL07-E001	07_线粒体和叶绿体	新增	为什么“具有双层膜”不足以单独证明线粒体的内共生起源？		其他机制也能形成多层膜；需结合细菌相关基因序列、细胞器遗传系统、核基因中的细菌来源线索等独立证据。	教材中的宿主包裹过程是演化模型；不要把模型中的每一步当作直接观察到的历史事实。		EN01-H031-H033
CELL07-E002	07_线粒体和叶绿体	新增	反应 A 的 ΔG＝＋12 kJ/mol，反应 B 为 −30 kJ/mol，能量如何真正帮助 A 进行？		若两反应通过共同中间体等机制真实偶联，总 ΔG＝−18 kJ/mol，整体可有利；仅把两种反应放在同一试管中不能保证偶联。	自由能可相加的是实际组合反应；酶仍不改变给定条件下的平衡。		EN02-H009-H028
CELL07-E003	07_线粒体和叶绿体	新增	氧化磷酸化受阻时，糖酵解持续产 ATP 为什么还取决于 NAD⁺ 再生？		甘油醛-3-磷酸氧化需要 NAD⁺；若 NADH 无法再氧化，NAD⁺ 耗竭会阻断通量。乳酸发酵等可再生 NAD⁺，维持底物水平磷酸化。	发酵本身不增加该还原步骤之外的净 ATP；需区分有机底物氧化与电子受体再生。		EN02-H029-H041
CELL07-E004	07_线粒体和叶绿体	新增	某代谢反应标准 ΔG°′ 为正，为什么在细胞中仍可能向前？		实际 ΔG＝ΔG°′＋RT lnQ；若产物持续被移走或底物浓度高，Q 足够小可使实际 ΔG 为负。	Q 要按化学计量和活度定义；“标准不利”不等于所有实际浓度下都不利。		EN02-H091-H112
CELL07-E005	07_线粒体和叶绿体	新增	向正常呼吸线粒体加入解偶联剂，为什么常见耗氧上升而 ATP 合成下降？		解偶联剂耗散质子电化学梯度，减少电子传递所受的反压，但使质子回流绕过 ATP 合酶；因此呼吸可加快而磷酸化效率下降。	需要电子供体、氧和完整呼吸链等条件；高剂量毒性或底物不足时不保证耗氧上升。	ENFIG1631,ENFIG1658	EN14-H000-H034
CELL07-E006	07_线粒体和叶绿体	新增	图中复合体Ⅱ把电子交给 Q，却为何不能被列为呼吸链的质子泵？		复合体Ⅱ是琥珀酸脱氢酶，向 Q 提供电子，但不直接跨内膜泵 H⁺；典型质子泵为Ⅰ、Ⅲ、Ⅳ。	QH₂ 下游仍可支持Ⅲ、Ⅳ泵质子；“Ⅱ不泵”不等于这条电子来源不能帮助合成 ATP。	ENFIG1658,CNFIG0246	EN14-H000-H034,CN07-S01
CELL07-E007	07_线粒体和叶绿体	新增	Z 方案为何从光系统Ⅱ到光系统Ⅰ，而不是按罗马数字顺序？		名称来自发现顺序；非循环电子流中，Ⅱ从水取得电子并受光激发，经传递链交给Ⅰ，Ⅰ再受光激发，将电子用于还原 NADP⁺。	光系统Ⅰ的循环电子流另行分析，不生成同样的 NADPH 和 O₂ 组合。	ENFIG1695,CNFIG0255	EN14-H035-H053,CN07-S02
CELL07-E008	07_线粒体和叶绿体	新增	Calvin 循环净获得一个三碳磷酸糖，需固定多少 CO₂、消耗多少 ATP 和 NADPH？		固定 3 CO₂，消耗 9 ATP 和 6 NADPH；形成的部分三碳中间体用于再生 RuBP，只有一个三碳单位是净产出。	这里是净三碳磷酸糖，不是一个六碳葡萄糖；不能把所有还原产物都算成净输出。	ENFIG1688,CNFIG0235	EN14-H035-H053,CN07-S02
CELL07-E009	07_线粒体和叶绿体	新增	同一母亲的子女为何可具有不同程度的线粒体病表型？		异质性 mtDNA 经生殖系瓶颈与随机分配/扩增，使卵母细胞及组织的突变负荷不同；是否超过功能阈值影响表型。	阈值依突变、组织能量需求等而异；不能把母系遗传简化为每个子女同等严重。	ENFIG1716	EN14-H054-H062
CELL07-E010	07_线粒体和叶绿体	新增	为什么用标准核遗传密码翻译哺乳动物 mtDNA 可能得到错误序列？		部分密码子的意义不同，如哺乳动物线粒体 UGA 可编码 Trp、AUA 可编码 Met；应使用相应物种和细胞器的翻译表。	不同线粒体遗传系统也不完全相同；不能推广为所有细胞器同一套例外。		EN14-H054-H062
CELL07-E011	07_线粒体和叶绿体	新增	为什么计算血液碳酸氢盐缓冲时，不能把仅针对 H₂CO₃ 的解离常数直接用于总溶解 CO₂？		CO₂ 的溶解、水合与 H₂CO₃ 解离是耦联平衡；若用总溶解 CO₂ 作分母，应使用对应的表观常数，而不是单一步骤常数。	必须明确分母代表 H₂CO₃ 还是 CO₂ 与 H₂CO₃ 的合量，并核对常数的定义和温度；不能直接把 OCR 中未校清的指数拿来计算。		EN02-EXERCISES
CELL07-E012	07_线粒体和叶绿体	新增	按教材设定：耗氧 10 μmol/min/g，每 O₂ 对应 26/6 个氧化磷酸化 ATP，ATP 库为 5 μmol/g，约多久周转一次？		氧化磷酸化产 ATP 速率≈10×26/6＝43.3 μmol/min/g；周转时间＝5/43.3 min≈6.9 s。	这里按题设只计氧化磷酸化部分；若按完整葡萄糖氧化的总 30 ATP/6 O₂ 计，速率 50，约 6 s。实际 P/O 比并非固定常数。		EN14-EXERCISES
CELL07-E013	07_线粒体和叶绿体	新增	对呼吸线粒体分别加入电子传递抑制剂、ATP 合酶抑制剂、解偶联剂，比较耗氧、梯度和 ATP 的预期变化。（闭卷 8—10 分钟，按 10 分自评）		传递阻断使相应下游电子流/ATP 降低（2分）；合酶阻断可使梯度反压升高、呼吸下降（2分）；解偶联耗散梯度且 ATP 降低（2分）；底物充足时解偶联可提高呼吸（2分）；注明剂量、时间、底物与完整性条件（2分）。	这是依据本章教材重组的练习，不标作上海大学真实历年考题；可先写提纲，再连成机制论述。		CN07-S01,EN14-H000-H034
CELL08-001	08_细胞骨架	保留核心答案；更新格式与来源	G-actin在微丝系统中的主要作用是什么？	肌动蛋白单体，参与微丝装配。	肌动蛋白单体，参与微丝装配。			CN08-S01
CELL08-002	08_细胞骨架	保留核心答案；更新格式与来源	G-actin与相关组分的关键区别是什么？	与聚合的F-actin不同。	与聚合的F-actin不同。			CN08-S01
CELL08-003	08_细胞骨架	保留核心答案；更新格式与来源	F-actin在微丝系统中的主要作用是什么？	极性肌动蛋白丝，提供结构和马达轨道。	极性肌动蛋白丝，提供结构和马达轨道。		CNFIG0203	CN08-S01
CELL08-004	08_细胞骨架	保留核心答案；更新格式与来源	F-actin与相关组分的关键区别是什么？	聚合体而非可溶单体本身。	聚合体而非可溶单体本身。		CNFIG0194	CN08-S01
CELL08-005	08_细胞骨架	保留核心答案；更新格式与来源	Arp2/3在微丝系统中的主要作用是什么？	促进分支微丝成核。	促进分支微丝成核。		ENFIG1887,CNFIG0209	CN08-S01
CELL08-006	08_细胞骨架	保留核心答案；更新格式与来源	Arp2/3与相关组分的关键区别是什么？	与主要形成直链的formin不同。	与主要形成直链的formin不同。			CN08-S01
CELL08-007	08_细胞骨架	保留核心答案；更新格式与来源	formin在微丝系统中的主要作用是什么？	促进未分支丝成核并伴随正端延伸。	促进未分支丝成核并伴随正端延伸。		ENFIG1888	CN08-S01
CELL08-008	08_细胞骨架	保留核心答案；更新格式与来源	formin与相关组分的关键区别是什么？	可与profilin作用而非只充当封闭帽。	可与profilin作用而非只充当封闭帽。			CN08-S01
CELL08-009	08_细胞骨架	保留核心答案；更新格式与来源	profilin在微丝系统中的主要作用是什么？	结合单体，促进适当的核苷酸交换和正端添加。	结合单体，促进适当的核苷酸交换和正端添加。		CNFIG0148	CN08-S01
CELL08-010	08_细胞骨架	保留核心答案；更新格式与来源	profilin与相关组分的关键区别是什么？	不能简单按旧名“抑制蛋白”视为只抑制聚合。	不能简单按旧名“抑制蛋白”视为只抑制聚合。			CN08-S01
CELL08-011	08_细胞骨架	保留核心答案；更新格式与来源	胸腺素β4在微丝系统中的主要作用是什么？	结合并储存部分肌动蛋白单体。	结合并储存部分肌动蛋白单体。			CN08-S01
CELL08-012	08_细胞骨架	保留核心答案；更新格式与来源	胸腺素β4与相关组分的关键区别是什么？	限制其参与装配，但与促正端添加的profilin不同。	限制其参与装配，但与促正端添加的profilin不同。			CN08-S01
CELL08-013	08_细胞骨架	保留核心答案；更新格式与来源	cofilin在微丝系统中的主要作用是什么？	偏好较老的ADP-actin区域，促进周转和切断。	偏好较老的ADP-actin区域，促进周转和切断。			CN08-S01
CELL08-014	08_细胞骨架	保留核心答案；更新格式与来源	cofilin与相关组分的关键区别是什么？	其切断可能产生新端，不只是减少总丝数。	其切断可能产生新端，不只是减少总丝数。			CN08-S01
CELL08-015	08_细胞骨架	保留核心答案；更新格式与来源	加帽蛋白在微丝系统中的主要作用是什么？	结合特定丝端并限制该端添加/丢失。	结合特定丝端并限制该端添加/丢失。			CN08-S01
CELL08-016	08_细胞骨架	保留核心答案；更新格式与来源	加帽蛋白与相关组分的关键区别是什么？	封端不同于把整根丝稳定地粘成束。	封端不同于把整根丝稳定地粘成束。			CN08-S01
CELL08-017	08_细胞骨架	保留核心答案；更新格式与来源	gelsolin在微丝系统中的主要作用是什么？	参与割断并可封端，受条件调节。	参与割断并可封端，受条件调节。			CN08-S01
CELL08-018	08_细胞骨架	保留核心答案；更新格式与来源	gelsolin与相关组分的关键区别是什么？	切断和封端可共同重组网络。	切断和封端可共同重组网络。			CN08-S01
CELL08-019	08_细胞骨架	保留核心答案；更新格式与来源	fimbrin在微丝系统中的主要作用是什么？	交联紧密微丝束。	交联紧密微丝束。		CNFIG0229	CN08-S01
CELL08-020	08_细胞骨架	保留核心答案；更新格式与来源	fimbrin与相关组分的关键区别是什么？	束间距与适配功能不同于松散收缩束。	束间距与适配功能不同于松散收缩束。			CN08-S01
CELL08-021	08_细胞骨架	保留核心答案；更新格式与来源	α-actinin在微丝系统中的主要作用是什么？	形成较松散的微丝交联束。	形成较松散的微丝交联束。		CNFIG0226	CN08-S01
CELL08-022	08_细胞骨架	保留核心答案；更新格式与来源	α-actinin与相关组分的关键区别是什么？	空间可允许肌球蛋白参与收缩。	空间可允许肌球蛋白参与收缩。			CN08-S01
CELL08-023	08_细胞骨架	保留核心答案；更新格式与来源	filamin在微丝系统中的主要作用是什么？	交联成网状结构。	交联成网状结构。		CNFIG0156	CN08-S01
CELL08-024	08_细胞骨架	保留核心答案；更新格式与来源	filamin与相关组分的关键区别是什么？	更适合支撑分支网络而非只形成平行束。	更适合支撑分支网络而非只形成平行束。			CN08-S01
CELL08-025	08_细胞骨架	保留核心答案；更新格式与来源	肌球蛋白I在微丝系统中的主要作用是什么？	联系微丝与膜等，参与特定膜行为。	联系微丝与膜等，参与特定膜行为。			CN08-S01
CELL08-026	08_细胞骨架	保留核心答案；更新格式与来源	肌球蛋白I与相关组分的关键区别是什么？	不像II型主要形成双极粗丝。	不像II型主要形成双极粗丝。			CN08-S01
CELL08-027	08_细胞骨架	保留核心答案；更新格式与来源	肌球蛋白II在微丝系统中的主要作用是什么？	形成收缩装置，产生微丝相对滑动。	形成收缩装置，产生微丝相对滑动。			CN08-S01
CELL08-028	08_细胞骨架	保留核心答案；更新格式与来源	肌球蛋白II与相关组分的关键区别是什么？	常由多个马达协作，不等同于单分子长程货运。	常由多个马达协作，不等同于单分子长程货运。		CNFIG0233	CN08-S01
CELL08-029	08_细胞骨架	保留核心答案；更新格式与来源	肌球蛋白V在微丝系统中的主要作用是什么？	沿微丝进行特定货物运输。	沿微丝进行特定货物运输。			CN08-S01
CELL08-030	08_细胞骨架	保留核心答案；更新格式与来源	肌球蛋白V与相关组分的关键区别是什么？	可具较高过程性，不能把所有肌球蛋白都称为非过程性。	可具较高过程性，不能把所有肌球蛋白都称为非过程性。			CN08-S01
CELL08-031	08_细胞骨架	保留核心答案；更新格式与来源	肌球蛋白VI在微丝系统中的主要作用是什么？	典型地沿微丝负端方向移动。	典型地沿微丝负端方向移动。			CN08-S01
CELL08-032	08_细胞骨架	保留核心答案；更新格式与来源	肌球蛋白VI与相关组分的关键区别是什么？	是多数正端方向肌球蛋白之外的重要例外。	是多数正端方向肌球蛋白之外的重要例外。			CN08-S01
CELL08-033	08_细胞骨架	保留核心答案；更新格式与来源	成核在微丝组织中具体指什么？	形成足够稳定的初始聚合核。	形成足够稳定的初始聚合核。			CN08-S01
CELL08-034	08_细胞骨架	保留核心答案；更新格式与来源	为什么细胞需要成核？	克服小寡聚体不稳定导致的装配起始障碍。	克服小寡聚体不稳定导致的装配起始障碍。			CN08-S01
CELL08-035	08_细胞骨架	保留核心答案；更新格式与来源	正端快速延伸在微丝组织中具体指什么？	适当条件下正端亚基添加较快。	适当条件下正端亚基添加较快。			CN08-S01
CELL08-036	08_细胞骨架	保留核心答案；更新格式与来源	为什么细胞需要正端快速延伸？	支持局部突起和定向网络重塑。	支持局部突起和定向网络重塑。			CN08-S01
CELL08-037	08_细胞骨架	保留核心答案；更新格式与来源	踏车行为在微丝组织中具体指什么？	一端净添加、另一端净丢失，亚基流过丝。	一端净添加、另一端净丢失，亚基流过丝。		CNFIG0270	CN08-S01
CELL08-038	08_细胞骨架	保留核心答案；更新格式与来源	为什么细胞需要踏车行为？	使长度可近似不变而内部持续周转。	使长度可近似不变而内部持续周转。			CN08-S01
CELL08-039	08_细胞骨架	保留核心答案；更新格式与来源	ATP水解后的老化在微丝组织中具体指什么？	装入后的肌动蛋白改变核苷酸状态。	装入后的肌动蛋白改变核苷酸状态。			CN08-S01
CELL08-040	08_细胞骨架	保留核心答案；更新格式与来源	为什么细胞需要ATP水解后的老化？	为结合蛋白识别及周转提供时空信息。	为结合蛋白识别及周转提供时空信息。			CN08-S01
CELL08-041	08_细胞骨架	保留核心答案；更新格式与来源	细胞皮层在微丝组织中具体指什么？	质膜下微丝及相关蛋白网络。	质膜下微丝及相关蛋白网络。			CN08-S01
CELL08-042	08_细胞骨架	保留核心答案；更新格式与来源	为什么细胞需要细胞皮层？	支持形态、张力和膜行为。	支持形态、张力和膜行为。			CN08-S01
CELL08-043	08_细胞骨架	保留核心答案；更新格式与来源	片足在微丝组织中具体指什么？	细胞前缘含分支微丝网络的片状突起。	细胞前缘含分支微丝网络的片状突起。			CN08-S01
CELL08-044	08_细胞骨架	保留核心答案；更新格式与来源	为什么细胞需要片足？	聚合产生推动，并与基质黏附衔接。	聚合产生推动，并与基质黏附衔接。			CN08-S01
CELL08-045	08_细胞骨架	保留核心答案；更新格式与来源	丝足在微丝组织中具体指什么？	含较平行微丝束的细长突起。	含较平行微丝束的细长突起。			CN08-S01
CELL08-046	08_细胞骨架	保留核心答案；更新格式与来源	为什么细胞需要丝足？	参与环境探查与方向建立。	参与环境探查与方向建立。			CN08-S01
CELL08-047	08_细胞骨架	保留核心答案；更新格式与来源	应力纤维在微丝组织中具体指什么？	包含微丝和肌球蛋白的收缩束。	包含微丝和肌球蛋白的收缩束。		CNFIG0182	CN08-S01
CELL08-048	08_细胞骨架	保留核心答案；更新格式与来源	为什么细胞需要应力纤维？	通过黏附连接产生并传递张力。	通过黏附连接产生并传递张力。			CN08-S01
CELL08-049	08_细胞骨架	保留核心答案；更新格式与来源	肌节在骨骼肌收缩装置中的主要位置或作用是什么？	相邻Z线之间的重复收缩单位。	相邻Z线之间的重复收缩单位。		ENFIG1908,ENFIG1909,CNFIG0162,CNFIG0247,CNFIG0177	CN08-S01
CELL08-050	08_细胞骨架	保留核心答案；更新格式与来源	肌节怎样帮助理解滑行机制？	整体缩短由粗细丝滑动实现。	整体缩短由粗细丝滑动实现。			CN08-S01
CELL08-051	08_细胞骨架	保留核心答案；更新格式与来源	Z线在骨骼肌收缩装置中的主要位置或作用是什么？	锚定细肌丝并定义肌节边界。	锚定细肌丝并定义肌节边界。			CN08-S01
CELL08-052	08_细胞骨架	保留核心答案；更新格式与来源	Z线怎样帮助理解滑行机制？	收缩时两端Z线靠近。	收缩时两端Z线靠近。			CN08-S01
CELL08-053	08_细胞骨架	保留核心答案；更新格式与来源	粗肌丝在骨骼肌收缩装置中的主要位置或作用是什么？	主要由肌球蛋白II构成。	主要由肌球蛋白II构成。		CNFIG0143,CNFIG0244,CNFIG0159,CNFIG0202	CN08-S01
CELL08-054	08_细胞骨架	保留核心答案；更新格式与来源	粗肌丝怎样帮助理解滑行机制？	马达头与细丝相互作用产生相对滑动。	马达头与细丝相互作用产生相对滑动。			CN08-S01
CELL08-055	08_细胞骨架	保留核心答案；更新格式与来源	细肌丝在骨骼肌收缩装置中的主要位置或作用是什么？	肌动蛋白加调节蛋白形成。	肌动蛋白加调节蛋白形成。		CNFIG0242	CN08-S01
CELL08-056	08_细胞骨架	保留核心答案；更新格式与来源	细肌丝怎样帮助理解滑行机制？	是肌球蛋白作用轨道，本身不因滑行显著缩短。	是肌球蛋白作用轨道，本身不因滑行显著缩短。			CN08-S01
CELL08-057	08_细胞骨架	保留核心答案；更新格式与来源	A带在骨骼肌收缩装置中的主要位置或作用是什么？	覆盖粗肌丝长度的区域。	覆盖粗肌丝长度的区域。			CN08-S01
CELL08-058	08_细胞骨架	保留核心答案；更新格式与来源	A带怎样帮助理解滑行机制？	理想滑行中长度近似不变。	理想滑行中长度近似不变。			CN08-S01
CELL08-059	08_细胞骨架	保留核心答案；更新格式与来源	I带在骨骼肌收缩装置中的主要位置或作用是什么？	主要含细丝而无粗丝重叠的区域。	主要含细丝而无粗丝重叠的区域。			CN08-S01
CELL08-060	08_细胞骨架	保留核心答案；更新格式与来源	I带怎样帮助理解滑行机制？	滑动加深重叠时缩短。	滑动加深重叠时缩短。			CN08-S01
CELL08-061	08_细胞骨架	保留核心答案；更新格式与来源	H区在骨骼肌收缩装置中的主要位置或作用是什么？	粗丝中央无细丝重叠的区域。	粗丝中央无细丝重叠的区域。			CN08-S01
CELL08-062	08_细胞骨架	保留核心答案；更新格式与来源	H区怎样帮助理解滑行机制？	收缩增加重叠时缩小。	收缩增加重叠时缩小。			CN08-S01
CELL08-063	08_细胞骨架	保留核心答案；更新格式与来源	肌钙蛋白C在骨骼肌收缩装置中的主要位置或作用是什么？	结合Ca²⁺。	结合Ca²⁺。			CN08-S01
CELL08-064	08_细胞骨架	保留核心答案；更新格式与来源	肌钙蛋白C怎样帮助理解滑行机制？	把Ca²⁺信号转成调节复合体构象变化。	把Ca²⁺信号转成调节复合体构象变化。			CN08-S01
CELL08-065	08_细胞骨架	保留核心答案；更新格式与来源	原肌球蛋白在骨骼肌收缩装置中的主要位置或作用是什么？	沿细丝分布并调节马达接触位点。	沿细丝分布并调节马达接触位点。			CN08-S01
CELL08-066	08_细胞骨架	保留核心答案；更新格式与来源	原肌球蛋白怎样帮助理解滑行机制？	位移暴露结合位点，使交叉桥循环发生。	位移暴露结合位点，使交叉桥循环发生。		CNFIG0230	CN08-S01
CELL08-067	08_细胞骨架	保留核心答案；更新格式与来源	微丝正负端极性源自什么？	肌动蛋白单体沿丝同向排列，形成结构不同的两端。	肌动蛋白单体沿丝同向排列，形成结构不同的两端。			CN08-S01
CELL08-068	08_细胞骨架	保留核心答案；更新格式与来源	微丝组装存在滞后期，为什么加预先形成的种子可缩短滞后？	种子绕过缓慢成核，已有端可直接延伸。	种子绕过缓慢成核，已有端可直接延伸。			CN08-S01
CELL08-069	08_细胞骨架	解释补充	给定正端临界浓度0.1μM、负端0.6μM，游离单体0.3μM时两端如何变化？	正端净生长，负端净缩短；在给定模型条件下支持踏车。	正端净生长，负端净缩短；在给定模型条件下支持踏车。	判断条件是 Cc(正端) < 游离单体浓度 < Cc(负端)；本题 0.1 < 0.3 < 0.6 μM。总肌动蛋白浓度不能直接代替游离单体浓度。		CN08-S01
CELL08-070	08_细胞骨架	保留核心答案；更新格式与来源	若游离单体浓度高于两端临界浓度，是否必然出现一端长一端短？	否。两端都可净生长，不能无条件称踏车。	否。两端都可净生长，不能无条件称踏车。			CN08-S01
CELL08-071	08_细胞骨架	保留核心答案；更新格式与来源	若加入正端加帽蛋白，为什么可能减少前缘推进？	限制该端单体添加，降低聚合驱动的突起。	限制该端单体添加，降低聚合驱动的突起。			CN08-S01
CELL08-072	08_细胞骨架	保留核心答案；更新格式与来源	抑制Arp2/3后片足分支网络减弱，支持什么功能联系？	支持Arp2/3参与分支网络形成，仍需排除细胞损伤及代偿。	支持Arp2/3参与分支网络形成，仍需排除细胞损伤及代偿。			CN08-S01
CELL08-073	08_细胞骨架	保留核心答案；更新格式与来源	改变交联蛋白为何会改变同样肌动蛋白形成的网络形态？	交联几何、间距和柔性决定束状或网状组织。	交联几何、间距和柔性决定束状或网状组织。			CN08-S01
CELL08-074	08_细胞骨架	保留核心答案；更新格式与来源	细胞前缘聚合为何还需要黏附与后缘脱离才能迁移？	突起需产生有效支点和牵引，并解除尾部阻力以移动细胞体。	突起需产生有效支点和牵引，并解除尾部阻力以移动细胞体。		CNFIG0217	CN08-S01
CELL08-075	08_细胞骨架	保留核心答案；更新格式与来源	只见片足活动但细胞整体不前移，可能缺哪类环节？	有效黏附、牵引传递或后部脱离；不能仅归因于聚合不足。	有效黏附、牵引传递或后部脱离；不能仅归因于聚合不足。			CN08-S01
CELL08-076	08_细胞骨架	保留核心答案；更新格式与来源	Rac、Cdc42、Rho在经典迁移模型中常联系哪些微丝结构？	Rac与片足，Cdc42与丝足和极性，Rho与收缩及应力纤维；依体系调节。	Rac与片足，Cdc42与丝足和极性，Rho与收缩及应力纤维；依体系调节。			CN08-S01
CELL08-077	08_细胞骨架	保留核心答案；更新格式与来源	微绒毛轴心主要由什么骨架支撑，为什么不是纤毛？	平行微丝束；纤毛核心为微管轴丝，结构与运动装置不同。	平行微丝束；纤毛核心为微管轴丝，结构与运动装置不同。			CN08-S01
CELL08-078	08_细胞骨架	保留核心答案；更新格式与来源	收缩环为何主要依赖微丝和肌球蛋白II？	其相互滑动产生环向张力，促进分裂沟收缩。	其相互滑动产生环向张力，促进分裂沟收缩。		CNFIG0165,CNFIG0146	CN08-S01
CELL08-079	08_细胞骨架	保留核心答案；更新格式与来源	细胞松弛素作用微丝后，微绒毛和分裂沟可能怎样受影响？	支撑或聚合受损，微绒毛组织与胞质分裂可异常。	支撑或聚合受损，微绒毛组织与胞质分裂可异常。		CNFIG0160	CN08-S01
CELL08-080	08_细胞骨架	保留核心答案；更新格式与来源	鬼笔环肽与促解聚药物对微丝的作用如何区别？	前者稳定F-actin并限制正常周转；促解聚药物降低丝稳定或装配。	前者稳定F-actin并限制正常周转；促解聚药物降低丝稳定或装配。			CN08-S01
CELL08-081	08_细胞骨架	保留核心答案；更新格式与来源	ATP结合肌球蛋白头时，交叉桥首先发生什么？	肌球蛋白与肌动蛋白解离。	肌球蛋白与肌动蛋白解离。			CN08-S01
CELL08-082	08_细胞骨架	保留核心答案；更新格式与来源	ATP水解怎样为肌球蛋白下一次做功准备？	使马达头进入预备构象，储存后续机械变化所需能量。	使马达头进入预备构象，储存后续机械变化所需能量。			CN08-S01
CELL08-083	08_细胞骨架	保留核心答案；更新格式与来源	释放Pi通常与肌球蛋白做功有什么联系？	促进强结合和动力冲程等关键构象转变，具体顺序依马达类型。	促进强结合和动力冲程等关键构象转变，具体顺序依马达类型。			CN08-S01
CELL08-084	08_细胞骨架	保留核心答案；更新格式与来源	肌球蛋白循环中ADP释放后、无新ATP时，为何结合较紧？	进入强结合状态，需新ATP才能有效脱离。	进入强结合状态，需新ATP才能有效脱离。		CNFIG0213	CN08-S01
CELL08-085	08_细胞骨架	保留核心答案；更新格式与来源	死后缺ATP为何出现僵直？	交叉桥不能正常解离并且Ca²⁺稳态受损，形成持续结合。	交叉桥不能正常解离并且Ca²⁺稳态受损，形成持续结合。			CN08-S01
CELL08-086	08_细胞骨架	保留核心答案；更新格式与来源	Ca²⁺降低时骨骼肌为何舒张？	调节蛋白恢复抑制状态，减少有效交叉桥作用。	调节蛋白恢复抑制状态，减少有效交叉桥作用。			CN08-S01
CELL08-087	08_细胞骨架	保留核心答案；更新格式与来源	缩短肌节时A带不变、I带缩短支持什么模型？	支持粗细丝相对滑动而非肌丝本身整体缩短。	支持粗细丝相对滑动而非肌丝本身整体缩短。			CN08-S01
CELL08-088	08_细胞骨架	保留核心答案；更新格式与来源	体外滑动实验微丝移动方向与固定肌球蛋白行走方向为何要区分？	马达固定时轨道被反向推动，相对运动与物体移动坐标不同。	马达固定时轨道被反向推动，相对运动与物体移动坐标不同。		CNFIG0142	CN08-S01
CELL08-089	08_细胞骨架	保留核心答案；更新格式与来源	单个马达行走不连续，为什么马达群仍可持续收缩？	多个头错开作用，部分结合时其他头循环，整体维持牵引。	多个头错开作用，部分结合时其他头循环，整体维持牵引。			CN08-S01
CELL08-090	08_细胞骨架	闭卷评分补充	概述从Ca²⁺信号到骨骼肌滑行的三步答题骨架。	Ca²⁺结合调节蛋白；暴露细丝位点；ATP驱动交叉桥循环与相对滑动。	Ca²⁺结合调节蛋白；暴露细丝位点；ATP驱动交叉桥循环与相对滑动。	"这是综合答题结构卡。复习时说全核心连接；完整展开请另做本章闭卷练习。

展开作答参考评分（10 分）：
1. 说明骨骼肌 Ca²⁺升高后主要结合肌钙蛋白 C，引起调节复合体构象变化。（2分）
2. 说明原肌球蛋白位置改变，使肌动蛋白上的肌球蛋白结合位点更可及。（2分）
3. 说明 ATP 结合使肌球蛋白脱离微丝，水解使头部进入待做功状态。（2分）
4. 说明再结合、无机磷酸释放和动力冲程造成粗细丝相对滑动。（2分）
5. 说明肌丝本身长度近似不变、肌节缩短；Ca²⁺回收终止激活，避免混用平滑肌调控机制。（2分）"		CN08-S01
CELL08-091	08_细胞骨架	保留核心答案；更新格式与来源	α/β微管蛋白二聚体在微管系统中是什么结构或组分？	微管的基本装配亚单位。	微管的基本装配亚单位。		CNFIG0150,CNFIG0205	CN08-S02
CELL08-092	08_细胞骨架	保留核心答案；更新格式与来源	α/β微管蛋白二聚体的结构怎样影响功能？	同向排列使微管具有极性。	同向排列使微管具有极性。			CN08-S02
CELL08-093	08_细胞骨架	保留核心答案；更新格式与来源	原纤维在微管系统中是什么结构或组分？	二聚体首尾相接形成的纵向链。	二聚体首尾相接形成的纵向链。			CN08-S02
CELL08-094	08_细胞骨架	保留核心答案；更新格式与来源	原纤维的结构怎样影响功能？	多条原纤维侧向关联成管壁。	多条原纤维侧向关联成管壁。			CN08-S02
CELL08-095	08_细胞骨架	保留核心答案；更新格式与来源	典型13原纤维微管在微管系统中是什么结构或组分？	由约13条原纤维形成中空管。	由约13条原纤维形成中空管。		CNFIG0222	CN08-S02,CN08-S01
CELL08-096	08_细胞骨架	保留核心答案；更新格式与来源	典型13原纤维微管的结构怎样影响功能？	几何稳定且具轨道功能，存在结构变体。	几何稳定且具轨道功能，存在结构变体。			CN08-S02
CELL08-097	08_细胞骨架	保留核心答案；更新格式与来源	微管正端在微管系统中是什么结构或组分？	典型β亚基暴露相关的端。	典型β亚基暴露相关的端。			CN08-S02
CELL08-098	08_细胞骨架	保留核心答案；更新格式与来源	微管正端的结构怎样影响功能？	常较动态，支持搜索与捕获。	常较动态，支持搜索与捕获。			CN08-S02
CELL08-099	08_细胞骨架	保留核心答案；更新格式与来源	微管负端在微管系统中是什么结构或组分？	典型α亚基暴露相关的端。	典型α亚基暴露相关的端。			CN08-S02
CELL08-100	08_细胞骨架	保留核心答案；更新格式与来源	微管负端的结构怎样影响功能？	常被MTOC锚定，但不是所有负端都固定于中心体。	常被MTOC锚定，但不是所有负端都固定于中心体。			CN08-S02
CELL08-101	08_细胞骨架	保留核心答案；更新格式与来源	中心体在微管系统中是什么结构或组分？	动物细胞重要MTOC，含中心粒及周围物质。	动物细胞重要MTOC，含中心粒及周围物质。			CN08-S02
CELL08-102	08_细胞骨架	保留核心答案；更新格式与来源	中心体的结构怎样影响功能？	组织辐射状网络，真正成核还依赖周围组分。	组织辐射状网络，真正成核还依赖周围组分。		CNFIG0234	CN08-S02
CELL08-103	08_细胞骨架	保留核心答案；更新格式与来源	中心粒在微管系统中是什么结构或组分？	通常含9组三联微管的结构。	通常含9组三联微管的结构。		CNFIG0248	CN08-S02
CELL08-104	08_细胞骨架	保留核心答案；更新格式与来源	中心粒的结构怎样影响功能？	参与中心体组织并可转为基体。	参与中心体组织并可转为基体。			CN08-S02
CELL08-105	08_细胞骨架	保留核心答案；更新格式与来源	基体在微管系统中是什么结构或组分？	纤毛基部相关结构。	纤毛基部相关结构。		CNFIG0227	CN08-S02
CELL08-106	08_细胞骨架	保留核心答案；更新格式与来源	基体的结构怎样影响功能？	组织轴丝形成，不能等同整根纤毛。	组织轴丝形成，不能等同整根纤毛。			CN08-S02
CELL08-107	08_细胞骨架	保留核心答案；更新格式与来源	γ-微管蛋白环复合体在微管系统中是什么结构或组分？	提供微管成核模板。	提供微管成核模板。		ENFIG1937	CN08-S02
CELL08-108	08_细胞骨架	保留核心答案；更新格式与来源	γ-微管蛋白环复合体的结构怎样影响功能？	降低成核障碍并组织负端。	降低成核障碍并组织负端。			CN08-S02
CELL08-109	08_细胞骨架	保留核心答案；更新格式与来源	非中心体MTOC在微管系统中是什么结构或组分？	高尔基体或细胞皮层等成核组织区域。	高尔基体或细胞皮层等成核组织区域。			CN08-S02
CELL08-110	08_细胞骨架	保留核心答案；更新格式与来源	非中心体MTOC的结构怎样影响功能？	适合极性组织，说明微管不全从一个中心出发。	适合极性组织，说明微管不全从一个中心出发。			CN08-S02
CELL08-111	08_细胞骨架	保留核心答案；更新格式与来源	GTP帽如何调节微管？	端部富含未水解或相关稳定状态亚基。	端部富含未水解或相关稳定状态亚基。		CNFIG0267	CN08-S02
CELL08-112	08_细胞骨架	保留核心答案；更新格式与来源	GTP帽与细胞功能有什么联系？	支持生长，帽丢失可促进灾变。	支持生长，帽丢失可促进灾变。			CN08-S02
CELL08-113	08_细胞骨架	保留核心答案；更新格式与来源	灾变如何调节微管？	微管由生长转向快速缩短。	微管由生长转向快速缩短。			CN08-S02
CELL08-114	08_细胞骨架	保留核心答案；更新格式与来源	灾变与细胞功能有什么联系？	使搜索范围不断更新。	使搜索范围不断更新。			CN08-S02
CELL08-115	08_细胞骨架	保留核心答案；更新格式与来源	救援如何调节微管？	微管由缩短恢复生长。	微管由缩短恢复生长。			CN08-S02
CELL08-116	08_细胞骨架	保留核心答案；更新格式与来源	救援与细胞功能有什么联系？	避免一次缩短必然导致整根永久消失。	避免一次缩短必然导致整根永久消失。			CN08-S02
CELL08-117	08_细胞骨架	保留核心答案；更新格式与来源	MAP2如何调节微管？	参与微管稳定与交联等组织。	参与微管稳定与交联等组织。		CNFIG0179	CN08-S02
CELL08-118	08_细胞骨架	保留核心答案；更新格式与来源	MAP2与细胞功能有什么联系？	常与树突微管组织联系，需保留细胞背景。	常与树突微管组织联系，需保留细胞背景。			CN08-S02
CELL08-119	08_细胞骨架	保留核心答案；更新格式与来源	tau如何调节微管？	调节微管稳定和组织。	调节微管稳定和组织。			CN08-S02
CELL08-120	08_细胞骨架	保留核心答案；更新格式与来源	tau与细胞功能有什么联系？	异常修饰或聚集可干扰神经元功能。	异常修饰或聚集可干扰神经元功能。			CN08-S02
CELL08-121	08_细胞骨架	保留核心答案；更新格式与来源	stathmin如何调节微管？	通过结合游离微管蛋白等调节组装。	通过结合游离微管蛋白等调节组装。			CN08-S02
CELL08-122	08_细胞骨架	保留核心答案；更新格式与来源	stathmin与细胞功能有什么联系？	改变可用于装配的亚基供应。	改变可用于装配的亚基供应。			CN08-S02
CELL08-123	08_细胞骨架	保留核心答案；更新格式与来源	秋水仙碱/nocodazole如何调节微管？	干扰微管组装并可造成微管减少。	干扰微管组装并可造成微管减少。			CN08-S02
CELL08-124	08_细胞骨架	保留核心答案；更新格式与来源	秋水仙碱/nocodazole与细胞功能有什么联系？	常用于分析纺锤体和胞内运输。	常用于分析纺锤体和胞内运输。			CN08-S02
CELL08-125	08_细胞骨架	保留核心答案；更新格式与来源	紫杉醇如何调节微管？	稳定微管并抑制正常动态。	稳定微管并抑制正常动态。			CN08-S02
CELL08-126	08_细胞骨架	保留核心答案；更新格式与来源	紫杉醇与细胞功能有什么联系？	稳定过度也会损害需要动态的分裂过程。	稳定过度也会损害需要动态的分裂过程。			CN08-S02
CELL08-127	08_细胞骨架	保留核心答案；更新格式与来源	kinesin-1在微管相关运输中的主要作用是什么？	典型过程性货物运输马达。	典型过程性货物运输马达。		CNFIG0237	CN08-S02
CELL08-128	08_细胞骨架	保留核心答案；更新格式与来源	kinesin-1需要怎样的方向或条件限定？	通常向微管正端，不可推广全部kinesin。	通常向微管正端，不可推广全部kinesin。			CN08-S02
CELL08-129	08_细胞骨架	保留核心答案；更新格式与来源	kinesin-14在微管相关运输中的主要作用是什么？	某些负端方向微管马达。	某些负端方向微管马达。			CN08-S02
CELL08-130	08_细胞骨架	保留核心答案；更新格式与来源	kinesin-14需要怎样的方向或条件限定？	是kinesin方向分类的重要例外。	是kinesin方向分类的重要例外。			CN08-S02
CELL08-131	08_细胞骨架	保留核心答案；更新格式与来源	kinesin-13在微管相关运输中的主要作用是什么？	主要调节微管端部解聚。	主要调节微管端部解聚。			CN08-S02
CELL08-132	08_细胞骨架	保留核心答案；更新格式与来源	kinesin-13需要怎样的方向或条件限定？	不能把每种kinesin都当成长期货运马达。	不能把每种kinesin都当成长期货运马达。			CN08-S02
CELL08-133	08_细胞骨架	保留核心答案；更新格式与来源	胞质dynein在微管相关运输中的主要作用是什么？	常向微管负端运输并组织纺锤体。	常向微管负端运输并组织纺锤体。		CNFIG0171	CN08-S02
CELL08-134	08_细胞骨架	保留核心答案；更新格式与来源	胞质dynein需要怎样的方向或条件限定？	方向需与当地微管极性结合判断。	方向需与当地微管极性结合判断。		CNFIG0240	CN08-S02
CELL08-135	08_细胞骨架	保留核心答案；更新格式与来源	轴丝dynein在微管相关运输中的主要作用是什么？	在纤毛二联管间产生滑动。	在纤毛二联管间产生滑动。		CNFIG0176	CN08-S02
CELL08-136	08_细胞骨架	保留核心答案；更新格式与来源	轴丝dynein需要怎样的方向或条件限定？	其运动被连接和几何约束转化为弯曲。	其运动被连接和几何约束转化为弯曲。			CN08-S02
CELL08-137	08_细胞骨架	保留核心答案；更新格式与来源	dynactin及适配系统在微管相关运输中的主要作用是什么？	调节dynein货物结合和有效运动。	调节dynein货物结合和有效运动。		CNFIG0239	CN08-S02
CELL08-138	08_细胞骨架	保留核心答案；更新格式与来源	dynactin及适配系统需要怎样的方向或条件限定？	单看马达蛋白量不能确定运输能力。	单看马达蛋白量不能确定运输能力。			CN08-S02
CELL08-139	08_细胞骨架	保留核心答案；更新格式与来源	轴突微管在微管相关运输中的主要作用是什么？	许多成熟神经元中以正端朝远端为主。	许多成熟神经元中以正端朝远端为主。		CNFIG0181	CN08-S02
CELL08-140	08_细胞骨架	保留核心答案；更新格式与来源	轴突微管需要怎样的方向或条件限定？	方向不能无条件套用混合极性的树突。	方向不能无条件套用混合极性的树突。			CN08-S02
CELL08-141	08_细胞骨架	保留核心答案；更新格式与来源	树突微管在微管相关运输中的主要作用是什么？	典型情况下可有混合极性排列。	典型情况下可有混合极性排列。			CN08-S02
CELL08-142	08_细胞骨架	保留核心答案；更新格式与来源	树突微管需要怎样的方向或条件限定？	马达方向与细胞远近端不必简单一一对应。	马达方向与细胞远近端不必简单一一对应。			CN08-S02
CELL08-143	08_细胞骨架	保留核心答案；更新格式与来源	马达货物连接在微管相关运输中的主要作用是什么？	适配蛋白连接马达与特定载体。	适配蛋白连接马达与特定载体。			CN08-S02
CELL08-144	08_细胞骨架	保留核心答案；更新格式与来源	马达货物连接需要怎样的方向或条件限定？	识别与调节决定运输什么，不只由轨道决定。	识别与调节决定运输什么，不只由轨道决定。			CN08-S02
CELL08-145	08_细胞骨架	保留核心答案；更新格式与来源	多马达协同在微管相关运输中的主要作用是什么？	货物可同时关联不同马达。	货物可同时关联不同马达。			CN08-S02
CELL08-146	08_细胞骨架	保留核心答案；更新格式与来源	多马达协同需要怎样的方向或条件限定？	净运动取决于调控、活性和轨道，非简单数目相减。	净运动取决于调控、活性和轨道，非简单数目相减。			CN08-S02
CELL08-147	08_细胞骨架	保留核心答案；更新格式与来源	典型运动纤毛9+2轴丝的典型结构或作用是什么？	9组外周二联管加中央2根微管。	9组外周二联管加中央2根微管。		CNFIG0204	CN08-S02
CELL08-148	08_细胞骨架	保留核心答案；更新格式与来源	典型运动纤毛9+2轴丝与纤毛运动/维持有什么联系？	配合dynein及调节连接完成节律弯曲。	配合dynein及调节连接完成节律弯曲。			CN08-S02
CELL08-149	08_细胞骨架	保留核心答案；更新格式与来源	典型初级纤毛9+0轴丝的典型结构或作用是什么？	9组外周二联管，无典型中央对。	9组外周二联管，无典型中央对。			CN08-S02
CELL08-150	08_细胞骨架	保留核心答案；更新格式与来源	典型初级纤毛9+0轴丝与纤毛运动/维持有什么联系？	常参与感受与信号，结构数目不单独决定全部运动性。	常参与感受与信号，结构数目不单独决定全部运动性。			CN08-S02
CELL08-151	08_细胞骨架	保留核心答案；更新格式与来源	IFT顺向运输的典型结构或作用是什么？	把部分组装货物由基部送至顶端。	把部分组装货物由基部送至顶端。		CNFIG0174	CN08-S02
CELL08-152	08_细胞骨架	保留核心答案；更新格式与来源	IFT顺向运输与纤毛运动/维持有什么联系？	常依赖kinesin-2，支持纤毛延伸。	常依赖kinesin-2，支持纤毛延伸。			CN08-S02
CELL08-153	08_细胞骨架	保留核心答案；更新格式与来源	IFT逆向运输的典型结构或作用是什么？	把部分材料从顶端回运基部。	把部分材料从顶端回运基部。			CN08-S02
CELL08-154	08_细胞骨架	保留核心答案；更新格式与来源	IFT逆向运输与纤毛运动/维持有什么联系？	常依赖dynein-2，支持循环和清除。	常依赖dynein-2，支持循环和清除。			CN08-S02
CELL08-155	08_细胞骨架	保留核心答案；更新格式与来源	轴丝间连接的典型结构或作用是什么？	限制相邻二联管完全自由滑开。	限制相邻二联管完全自由滑开。			CN08-S02
CELL08-156	08_细胞骨架	保留核心答案；更新格式与来源	轴丝间连接与纤毛运动/维持有什么联系？	使dynein滑动转化为整体弯曲。	使dynein滑动转化为整体弯曲。			CN08-S02
CELL08-157	08_细胞骨架	保留核心答案；更新格式与来源	微管动态不稳定性与踏车行为的主要区别是什么？	前者单端交替生长和缩短；后者两端同时出现相反净通量。	前者单端交替生长和缩短；后者两端同时出现相反净通量。		CNFIG0186,CNFIG0163,CNFIG0212	CN08-S02
CELL08-158	08_细胞骨架	保留核心答案；更新格式与来源	GTP水解为何可降低微管端部稳定性？	改变亚基构象与结合状态，帽丢失后更易弯曲脱离。	改变亚基构象与结合状态，帽丢失后更易弯曲脱离。			CN08-S02
CELL08-159	08_细胞骨架	保留核心答案；更新格式与来源	用稳定GTP类似物组装的微管为何可更稳定？	减少水解相关的失稳状态，具体仍受实验条件影响。	减少水解相关的失稳状态，具体仍受实验条件影响。			CN08-S02
CELL08-160	08_细胞骨架	保留核心答案；更新格式与来源	降低温度或加nocodazole后恢复条件，微管为何可重新从MTOC出现？	成核组织和亚基仍存在，恢复允许重新装配。	成核组织和亚基仍存在，恢复允许重新装配。			CN08-S02
CELL08-161	08_细胞骨架	保留核心答案；更新格式与来源	微管数量未减少但动态被抑制，为什么纺锤体仍可能失常？	需持续搜索、连接和调整，存在轨道不等于具有正常动力学。	需持续搜索、连接和调整，存在轨道不等于具有正常动力学。			CN08-S02
CELL08-162	08_细胞骨架	保留核心答案；更新格式与来源	双头kinesin为何能提高沿轨道连续行走的能力？	两头协调，使一个头结合时另一头循环，降低整体脱轨概率。	两头协调，使一个头结合时另一头循环，降低整体脱轨概率。			CN08-S02
CELL08-163	08_细胞骨架	保留核心答案；更新格式与来源	ATP在微管蛋白组装和kinesin行走中的作用是否相同？	不同。微管亚基结合GTP；kinesin机械循环使用ATP。	不同。微管亚基结合GTP；kinesin机械循环使用ATP。		CNFIG0140	CN08-S02
CELL08-164	08_细胞骨架	保留核心答案；更新格式与来源	仅在微管加端附近观察到货物，能否证明由kinesin运来？	不能。可由局部生成或其他路径形成，需动态与功能干预。	不能。可由局部生成或其他路径形成，需动态与功能干预。			CN08-S02
CELL08-165	08_细胞骨架	保留核心答案；更新格式与来源	轴突中抑制kinesin-1，哪些运输方向可能首先受影响？	其承担的向远端正向运输，实际依货物和替代马达。	其承担的向远端正向运输，实际依货物和替代马达。			CN08-S02
CELL08-166	08_细胞骨架	保留核心答案；更新格式与来源	抑制胞质dynein后内体靠近细胞核的运输可怎样改变？	在放射状微管背景下向中心的运动可能下降。	在放射状微管背景下向中心的运动可能下降。			CN08-S02
CELL08-167	08_细胞骨架	保留核心答案；更新格式与来源	同一货物频繁双向运动为何不等于马达完全失控？	双向调节可用于定位与筛选，净结果需看时间和目标。	双向调节可用于定位与筛选，净结果需看时间和目标。			CN08-S02
CELL08-168	08_细胞骨架	保留核心答案；更新格式与来源	轴丝dynein正常但连接装置受损，为什么可能滑动而难有效弯曲？	缺乏必要约束，马达力未转化成适当整体形变。	缺乏必要约束，马达力未转化成适当整体形变。			CN08-S02
CELL08-169	08_细胞骨架	保留核心答案；更新格式与来源	IFT顺向受阻为何会缩短纤毛？	装配原料难持续到达顶端，维持与延伸失衡。	装配原料难持续到达顶端，维持与延伸失衡。			CN08-S02
CELL08-170	08_细胞骨架	保留核心答案；更新格式与来源	IFT逆向受阻为何可能造成顶端材料积累？	已送达或待回收货物不能有效返回。	已送达或待回收货物不能有效返回。			CN08-S02
CELL08-171	08_细胞骨架	保留核心答案；更新格式与来源	运动纤毛缺陷为何可影响呼吸道清除？	节律摆动驱动黏液移动，运动受损降低清除效率。	节律摆动驱动黏液移动，运动受损降低清除效率。			CN08-S02
CELL08-172	08_细胞骨架	保留核心答案；更新格式与来源	“9+0都不运动”这一判断有什么问题？	存在可运动9+0结构等例外，运动还依赖马达与调节装置。	存在可运动9+0结构等例外，运动还依赖马达与调节装置。			CN08-S02
CELL08-173	08_细胞骨架	保留核心答案；更新格式与来源	微管长度总和相同，为何细胞内运输效率仍可不同？	极性、分布、连续性、结合蛋白及马达活性均影响有效运输。	极性、分布、连续性、结合蛋白及马达活性均影响有效运输。			CN08-S02
CELL08-174	08_细胞骨架	保留核心答案；更新格式与来源	如何用实验区分微管提供轨道与提供细胞刚性两种作用？	分别测货物运动和形态/力学，并用马达干预与轨道干预比较。	分别测货物运动和形态/力学，并用马达干预与轨道干预比较。			CN08-S02
CELL08-175	08_细胞骨架	闭卷评分补充	组织一个“微管如何支持胞内运输”的四点提纲。	极性轨道；ATP马达；货物适配；空间组织与调节。	极性轨道；ATP马达；货物适配；空间组织与调节。	"这是综合答题结构卡。复习时说全核心连接；完整展开请另做本章闭卷练习。

展开作答参考评分（10 分）：
1. 说明微管具有正负端极性，提供定向轨道。（2分）
2. 说明马达消耗 ATP；典型 kinesin-1 向正端、胞质 dynein 向负端，家族存在例外。（2分）
3. 说明货物通过适配蛋白和马达连接，选择不同货物/方向。（2分）
4. 说明轨道空间排列及稳定性决定运输路线和终点分布。（2分）
5. 说明马达招募、竞争和信号调节；用动态追踪和特异干预验证，不能仅凭静态共定位。（2分）"		CN08-S02
CELL08-176	08_细胞骨架	保留核心答案；更新格式与来源	角蛋白典型见于哪类细胞或位置？	上皮细胞。	上皮细胞。			CN08-S03
CELL08-177	08_细胞骨架	保留核心答案；更新格式与来源	角蛋白主要支持什么结构功能？	与连接结构协作抵抗机械应力。	与连接结构协作抵抗机械应力。			CN08-S03
CELL08-178	08_细胞骨架	保留核心答案；更新格式与来源	波形蛋白vimentin典型见于哪类细胞或位置？	多种间充质来源细胞等。	多种间充质来源细胞等。			CN08-S03
CELL08-179	08_细胞骨架	保留核心答案；更新格式与来源	波形蛋白vimentin主要支持什么结构功能？	形成胞质力学支持网络。	形成胞质力学支持网络。			CN08-S03
CELL08-180	08_细胞骨架	保留核心答案；更新格式与来源	结蛋白desmin典型见于哪类细胞或位置？	肌细胞。	肌细胞。			CN08-S03
CELL08-181	08_细胞骨架	保留核心答案；更新格式与来源	结蛋白desmin主要支持什么结构功能？	协助肌原纤维和相关结构空间连接。	协助肌原纤维和相关结构空间连接。			CN08-S03
CELL08-182	08_细胞骨架	保留核心答案；更新格式与来源	神经丝典型见于哪类细胞或位置？	许多神经元轴突。	许多神经元轴突。			CN08-S03
CELL08-183	08_细胞骨架	保留核心答案；更新格式与来源	神经丝主要支持什么结构功能？	支持轴突结构与口径等组织。	支持轴突结构与口径等组织。			CN08-S03
CELL08-184	08_细胞骨架	保留核心答案；更新格式与来源	GFAP典型见于哪类细胞或位置？	部分胶质细胞，典型如星形胶质细胞。	部分胶质细胞，典型如星形胶质细胞。			CN08-S03
CELL08-185	08_细胞骨架	保留核心答案；更新格式与来源	GFAP主要支持什么结构功能？	构成相应中间丝网络，标志使用需保留特异性限制。	构成相应中间丝网络，标志使用需保留特异性限制。			CN08-S03
CELL08-186	08_细胞骨架	保留核心答案；更新格式与来源	核纤层蛋白典型见于哪类细胞或位置？	核内膜下。	核内膜下。			CN08-S03
CELL08-187	08_细胞骨架	保留核心答案；更新格式与来源	核纤层蛋白主要支持什么结构功能？	支持核结构并与染色质及核膜组织联系。	支持核结构并与染色质及核膜组织联系。		CNFIG0232,CNFIG0139	CN08-S03
CELL08-188	08_细胞骨架	保留核心答案；更新格式与来源	中间丝为何不像微丝微管那样有明显正负端？	平行二聚体再反向配对等装配使整体非极性。	平行二聚体再反向配对等装配使整体非极性。			CN08-S03
CELL08-189	08_细胞骨架	保留核心答案；更新格式与来源	中间丝组装是否需要每个亚基像actin/tubulin那样结合并水解ATP/GTP？	通常不依赖这种亚基核苷酸水解装配机制。	通常不依赖这种亚基核苷酸水解装配机制。		ENFIG1972	CN08-S03
CELL08-190	08_细胞骨架	保留核心答案；更新格式与来源	中间丝非极性对马达运输意味着什么？	不作为典型有方向马达沿正负端行走的轨道。	不作为典型有方向马达沿正负端行走的轨道。			CN08-S03
CELL08-191	08_细胞骨架	保留核心答案；更新格式与来源	中间丝蛋白共享什么主要结构框架？	中央α螺旋杆状区及两端非螺旋区域。	中央α螺旋杆状区及两端非螺旋区域。		CNFIG0253,CNFIG0236	CN08-S03
CELL08-192	08_细胞骨架	保留核心答案；更新格式与来源	中间丝为什么适合承受拉伸应力？	绳索样装配及网络连接提供柔韧抗拉支持。	绳索样装配及网络连接提供柔韧抗拉支持。			CN08-S03
CELL08-193	08_细胞骨架	保留核心答案；更新格式与来源	中间丝稳定是否意味着完全静止不周转？	否。仍可交换、重组并被修饰调节。	否。仍可交换、重组并被修饰调节。			CN08-S03
CELL08-194	08_细胞骨架	保留核心答案；更新格式与来源	磷酸化如何参与分裂期中间丝/核纤层重组？	改变组装相互作用，促解聚；后续去磷酸化可支持重组。	改变组装相互作用，促解聚；后续去磷酸化可支持重组。			CN08-S03
CELL08-195	08_细胞骨架	保留核心答案；更新格式与来源	plectin等连接蛋白怎样整合三类骨架？	连接中间丝与其他骨架或膜相关结构，协同分散力学负荷。	连接中间丝与其他骨架或膜相关结构，协同分散力学负荷。			CN08-S03
CELL08-196	08_细胞骨架	保留核心答案；更新格式与来源	角蛋白缺陷为何可导致上皮机械脆弱？	中间丝支持和连接受损，细胞难抵抗摩擦等应力。	中间丝支持和连接受损，细胞难抵抗摩擦等应力。			CN08-S03
CELL08-197	08_细胞骨架	保留核心答案；更新格式与来源	染色检测某种中间丝可否单独给出肿瘤来源的绝对结论？	不能。表达有条件与重叠，需结合其他标志和组织学。	不能。表达有条件与重叠，需结合其他标志和组织学。			CN08-S03
CELL08-198	08_细胞骨架	保留核心答案；更新格式与来源	去垢剂提取后仍见中间丝网络，支持什么特性？	支持相对稳定的结构关联，但提取条件可选择性改变网络。	支持相对稳定的结构关联，但提取条件可选择性改变网络。		CNFIG0170	CN08-S03
CELL08-199	08_细胞骨架	保留核心答案；更新格式与来源	比较微丝微管中间丝时，为什么不只背直径？	还需比较亚基、极性、动力学、能源关系与功能，直径只是一维。	还需比较亚基、极性、动力学、能源关系与功能，直径只是一维。			CN08-S03
CELL08-200	08_细胞骨架	闭卷评分补充	概述细胞骨架机械整合的三点提纲。	各网络承力；连接蛋白交联；经膜连接把力传给邻细胞或基质。	各网络承力；连接蛋白交联；经膜连接把力传给邻细胞或基质。	"这是综合答题结构卡。复习时说全核心连接；完整展开请另做本章闭卷练习。

展开作答参考评分（10 分）：
1. 说明微丝、微管和中间丝的力学贡献不同，不能都视为同一种绳索。（2分）
2. 说明交联/连接蛋白把不同网络联系起来，例如 plectin 等。（2分）
3. 说明细胞—细胞黏附把骨架力传递到邻细胞。（2分）
4. 说明整联蛋白等细胞—基质连接把力传给胞外基质。（2分）
5. 说明受力可改变连接组装与信号，结合扰动和力学测量判断实际贡献。（2分）"		CN08-S03
CELL08-E001	08_细胞骨架	新增	纯化肌动蛋白聚合出现滞后期，加入短微丝种子后滞后缩短，支持哪一步较慢？		支持从单体形成稳定核的成核步骤较慢；种子提供可延长的末端，使体系绕过部分成核需求。	需要等游离单体浓度及检测条件；滞后时间不能独立给出每一步的速率常数。	ENFIG1843,ENFIG1844	EN16-H000-H046
CELL08-E002	08_细胞骨架	新增	微丝末端生长速率对游离单体浓度的直线，如何读出 kon、koff 和临界浓度？		若 v＝kon×C−koff，则斜率为 kon，纵截距为 −koff，横截距 Cc＝koff/kon。	需一致的速率单位与单体核苷酸状态；真实非稳态末端状态变化会使简单直线模型受限。	ENFIG1881	EN16-H000-H046
CELL08-E003	08_细胞骨架	新增	为什么缺少 ATP 会使骨骼肌肌球蛋白紧抓肌动蛋白，反而不是更容易松开？		ATP 结合使肌球蛋白与微丝分离；缺 ATP 时停留在强结合状态，难以完成脱离和下一轮循环，形成僵直。	动力冲程、ATP 结合与 ATP 水解是不同步骤，不能统一写成 ATP 水解立即导致脱离。	ENFIG1901	EN16-H000-H046
CELL08-E004	08_细胞骨架	新增	看到蛋白属于 kinesin 家族，为什么不能一概推断它向微管正端运输货物？		kinesin-1 典型地向正端运动；kinesin-14 可向负端；kinesin-13 主要促进末端解聚，不能按一般运输马达解释。	家族成员的结构与功能分化必须具体判断。	ENFIG1954	EN16-H047-H062
CELL08-E005	08_细胞骨架	新增	轴丝动力蛋白驱动双联微管滑动，为什么完整纤毛表现为弯曲而非无限错开？		相邻双联微管的连接结构和轴丝几何约束限制自由滑动，把相对滑动转化为整根轴丝弯曲。	去掉关键连接的体外体系可观察滑动；动力蛋白不能被理解为直接缩短微管。	ENFIG1966,ENFIG1967,CNFIG0149	EN16-H047-H062,CN08-S02
CELL08-E006	08_细胞骨架	新增	中间丝四聚体的反平行排列，怎样解释整根丝没有正负端极性？		两条平行二聚体反向配对，抵消分子方向性；随后装配的丝两端在方向上等价，不像微丝或微管有明显极性。	无极性不等于无动态变化；中间丝装配也受修饰与细胞状态调控。	ENFIG1972	EN16-H063-H069
CELL08-E007	08_细胞骨架	新增	为什么把 Rac 和 RhoA 的总活性都升高，不能保证细胞定向迁移？		定向迁移要求局部前缘突出、黏着周转与后部收缩协调；全局同时增强可能破坏前后极性或使黏着过强。	需要时空分布和上下游效应，不能只测整细胞平均活性。	ENFIG2014,ENFIG2016	EN16-H070-H077
CELL08-E008	08_细胞骨架	新增	Listeria、Shigella、Rickettsia 都形成微丝尾，为什么不能说它们都直接激活 Arp2/3？		Listeria 的 ActA 可直接募集/激活 Arp2/3；Shigella 的 IcsA 经宿主 N-WASp 间接募集；Rickettsia 的 Sca2 可模拟 formin 成核路线。	相似运动表型可由不同分子策略形成。	ENFIG2568	EN23-H021-H021
CELL08-E009	08_细胞骨架	新增	“骨骼肌动作电位必须靠外 Ca²⁺ 大量流入才能触发快速收缩”为什么不准确？		典型骨骼肌中 T 管电压传感器 DHPR 与肌质网 RyR 功能耦联，主要引发肌质网释放 Ca²⁺；不能套用心肌的 Ca²⁺ 诱导 Ca²⁺ 释放机制。	胞外 Ca²⁺ 仍有其他生理作用；这里比较的是主要快速兴奋-收缩耦联机制。		EN16-EXERCISES
CELL08-E010	08_细胞骨架	新增	论述迁移细胞怎样整合微丝聚合、黏着周转、肌球蛋白收缩和极性信号。（闭卷 8—10 分钟，按 10 分自评）		前缘成核/聚合推动突出（2分）；建立和释放基质黏着（2分）；后部 actomyosin 收缩（2分）；Rho 家族等时空调控（2分）；提出活细胞成像及特异干预验证，考虑代偿（2分）。	这是依据本章教材重组的练习，不标作上海大学真实历年考题；可先写提纲，再连成机制论述。		CN08-S01,EN16-H070-H077
CELL09-001	09_细胞核与染色质	保留核心答案；更新格式与来源	核外膜在核被膜系统中的主要结构或作用是什么？	与ER连续，胞质面可结合核糖体。	与ER连续，胞质面可结合核糖体。		CNFIG0183,ENFIG1433	CN09-S01,CN09-S00,EN12-H008-H011
CELL09-002	09_细胞核与染色质	保留核心答案；更新格式与来源	核外膜对核功能有什么意义？	把核被膜与内膜系统联系起来。	把核被膜与内膜系统联系起来。			CN09-S01
CELL09-003	09_细胞核与染色质	保留核心答案；更新格式与来源	核内膜在核被膜系统中的主要结构或作用是什么？	具有特定结合蛋白的核膜内层。	具有特定结合蛋白的核膜内层。			CN09-S01
CELL09-004	09_细胞核与染色质	保留核心答案；更新格式与来源	核内膜对核功能有什么意义？	与核纤层及染色质建立联系。	与核纤层及染色质建立联系。			CN09-S01
CELL09-005	09_细胞核与染色质	保留核心答案；更新格式与来源	核周腔在核被膜系统中的主要结构或作用是什么？	内外核膜之间并与ER腔连续的空间。	内外核膜之间并与ER腔连续的空间。			CN09-S01
CELL09-006	09_细胞核与染色质	保留核心答案；更新格式与来源	核周腔对核功能有什么意义？	不是核质，也不是胞质。	不是核质，也不是胞质。			CN09-S01
CELL09-007	09_细胞核与染色质	保留核心答案；更新格式与来源	核孔复合体在核被膜系统中的主要结构或作用是什么？	占据核膜融合开口的大型蛋白复合体。	占据核膜融合开口的大型蛋白复合体。		ENFIG1485	CN09-S01
CELL09-008	09_细胞核与染色质	保留核心答案；更新格式与来源	核孔复合体对核功能有什么意义？	组织选择性核质运输。	组织选择性核质运输。			CN09-S01
CELL09-009	09_细胞核与染色质	保留核心答案；更新格式与来源	核孔支架在核被膜系统中的主要结构或作用是什么？	支撑环状孔道组织。	支撑环状孔道组织。		CNFIG0221,CNFIG0263,CNFIG0269	CN09-S01
CELL09-010	09_细胞核与染色质	保留核心答案；更新格式与来源	核孔支架对核功能有什么意义？	稳定运输通路，不等于一切货物都自由通过。	稳定运输通路，不等于一切货物都自由通过。			CN09-S01
CELL09-011	09_细胞核与染色质	保留核心答案；更新格式与来源	FG核孔蛋白在核被膜系统中的主要结构或作用是什么？	含FG重复等无序区域的孔蛋白。	含FG重复等无序区域的孔蛋白。			CN09-S01
CELL09-012	09_细胞核与染色质	保留核心答案；更新格式与来源	FG核孔蛋白对核功能有什么意义？	形成选择性屏障并与运输受体作用。	形成选择性屏障并与运输受体作用。			CN09-S01
CELL09-013	09_细胞核与染色质	保留核心答案；更新格式与来源	核孔胞质纤维在核被膜系统中的主要结构或作用是什么？	从孔伸向胞质的结构。	从孔伸向胞质的结构。			CN09-S01
CELL09-014	09_细胞核与染色质	保留核心答案；更新格式与来源	核孔胞质纤维对核功能有什么意义？	参与货物接近、对接及相关处理。	参与货物接近、对接及相关处理。			CN09-S01
CELL09-015	09_细胞核与染色质	保留核心答案；更新格式与来源	核篮在核被膜系统中的主要结构或作用是什么？	核侧的孔相关结构。	核侧的孔相关结构。		CNFIG0161	CN09-S01
CELL09-016	09_细胞核与染色质	保留核心答案；更新格式与来源	核篮对核功能有什么意义？	参与核侧运输组织与质量控制等。	参与核侧运输组织与质量控制等。			CN09-S01
CELL09-017	09_细胞核与染色质	保留核心答案；更新格式与来源	核纤层在核被膜系统中的主要结构或作用是什么？	核内膜下lamin组成的网络。	核内膜下lamin组成的网络。		CNFIG0173	CN09-S01
CELL09-018	09_细胞核与染色质	保留核心答案；更新格式与来源	核纤层对核功能有什么意义？	支持核形态并联系染色质。	支持核形态并联系染色质。			CN09-S01
CELL09-019	09_细胞核与染色质	保留核心答案；更新格式与来源	LINC复合体在核被膜系统中的主要结构或作用是什么？	跨核被膜连接核内外骨架的系统。	跨核被膜连接核内外骨架的系统。			CN09-S01
CELL09-020	09_细胞核与染色质	保留核心答案；更新格式与来源	LINC复合体对核功能有什么意义？	传递机械力并参与核定位。	传递机械力并参与核定位。			CN09-S01
CELL09-021	09_细胞核与染色质	保留核心答案；更新格式与来源	importin在典型核蛋白运输中做什么？	识别核输入货物并通过孔道。	识别核输入货物并通过孔道。			CN09-S01
CELL09-022	09_细胞核与染色质	保留核心答案；更新格式与来源	importin怎样贡献方向性或选择性？	核内Ran-GTP结合促相关货物释放。	核内Ran-GTP结合促相关货物释放。			CN09-S01
CELL09-023	09_细胞核与染色质	保留核心答案；更新格式与来源	exportin在典型核蛋白运输中做什么？	结合核输出货物。	结合核输出货物。			CN09-S01
CELL09-024	09_细胞核与染色质	保留核心答案；更新格式与来源	exportin怎样贡献方向性或选择性？	常在核内与Ran-GTP和货物协同结合，胞质水解后解离。	常在核内与Ran-GTP和货物协同结合，胞质水解后解离。			CN09-S01
CELL09-025	09_细胞核与染色质	保留核心答案；更新格式与来源	Ran-GTP在典型核蛋白运输中做什么？	核内相对富集的Ran状态。	核内相对富集的Ran状态。		ENFIG1494	CN09-S01
CELL09-026	09_细胞核与染色质	保留核心答案；更新格式与来源	Ran-GTP怎样贡献方向性或选择性？	调节输入受体解货和输出复合体组装。	调节输入受体解货和输出复合体组装。			CN09-S01
CELL09-027	09_细胞核与染色质	保留核心答案；更新格式与来源	Ran-GDP在典型核蛋白运输中做什么？	胞质相对富集的Ran状态。	胞质相对富集的Ran状态。			CN09-S01
CELL09-028	09_细胞核与染色质	保留核心答案；更新格式与来源	Ran-GDP怎样贡献方向性或选择性？	通过回核与交换再形成核内Ran-GTP。	通过回核与交换再形成核内Ran-GTP。			CN09-S01
CELL09-029	09_细胞核与染色质	保留核心答案；更新格式与来源	RCC1/Ran-GEF在典型核蛋白运输中做什么？	核内促Ran核苷酸交换。	核内促Ran核苷酸交换。			CN09-S01
CELL09-030	09_细胞核与染色质	保留核心答案；更新格式与来源	RCC1/Ran-GEF怎样贡献方向性或选择性？	建立核内高Ran-GTP条件。	建立核内高Ran-GTP条件。			CN09-S01
CELL09-031	09_细胞核与染色质	保留核心答案；更新格式与来源	Ran-GAP在典型核蛋白运输中做什么？	胞质侧促进Ran-GTP水解。	胞质侧促进Ran-GTP水解。			CN09-S01
CELL09-032	09_细胞核与染色质	保留核心答案；更新格式与来源	Ran-GAP怎样贡献方向性或选择性？	维持两侧不对称并解离相应输出复合体。	维持两侧不对称并解离相应输出复合体。			CN09-S01
CELL09-033	09_细胞核与染色质	保留核心答案；更新格式与来源	NTF2在典型核蛋白运输中做什么？	协助Ran-GDP核输入。	协助Ran-GDP核输入。			CN09-S01
CELL09-034	09_细胞核与染色质	保留核心答案；更新格式与来源	NTF2怎样贡献方向性或选择性？	支持Ran循环，而非直接识别全部NLS货物。	支持Ran循环，而非直接识别全部NLS货物。			CN09-S01
CELL09-035	09_细胞核与染色质	保留核心答案；更新格式与来源	核输出信号NES在典型核蛋白运输中做什么？	供相应输出受体识别的货物信息。	供相应输出受体识别的货物信息。			CN09-S01
CELL09-036	09_细胞核与染色质	保留核心答案；更新格式与来源	核输出信号NES怎样贡献方向性或选择性？	与输入信号及被动扩散不同，具体依受体体系。	与输入信号及被动扩散不同，具体依受体体系。			CN09-S01
CELL09-037	09_细胞核与染色质	保留核心答案；更新格式与来源	破坏Ran-GTP核内/胞质梯度时，核运输为何可能失去有效方向性？	受体的装货与卸货空间分离被扰乱，净分配难维持。	受体的装货与卸货空间分离被扰乱，净分配难维持。			CN09-S01
CELL09-038	09_细胞核与染色质	保留核心答案；更新格式与来源	把NLS接在大报告蛋白上使其入核，为什么仍需表达量对照？	表达、聚集或被动分配差异可能影响表观定位。	表达、聚集或被动分配差异可能影响表观定位。			CN09-S01
CELL09-039	09_细胞核与染色质	保留核心答案；更新格式与来源	小蛋白在核内外均有分布，能否单据此证明有主动双向运输？	不能。被动扩散也可造成分布，需要信号和受体依赖证据。	不能。被动扩散也可造成分布，需要信号和受体依赖证据。		CNFIG0265	CN09-S01
CELL09-040	09_细胞核与染色质	保留核心答案；更新格式与来源	lamin缺陷导致核易形变，为什么还要测基因表达等功能？	lamin还关联染色质组织与调控，机械表型不能穷尽功能影响。	lamin还关联染色质组织与调控，机械表型不能穷尽功能影响。			CN09-S01
CELL09-041	09_细胞核与染色质	保留核心答案；更新格式与来源	染色质在染色质中是什么？	DNA与组蛋白、其他蛋白及相关RNA的复合体。	DNA与组蛋白、其他蛋白及相关RNA的复合体。			CN09-S02
CELL09-042	09_细胞核与染色质	保留核心答案；更新格式与来源	染色质与DNA包装或功能有什么联系？	是细胞内基因表达和复制的实际结构背景。	是细胞内基因表达和复制的实际结构背景。		CNFIG0178	CN09-S02
CELL09-043	09_细胞核与染色质	保留核心答案；更新格式与来源	核小体核心在染色质中是什么？	DNA绕组蛋白八聚体的基本颗粒。	DNA绕组蛋白八聚体的基本颗粒。		ENFIG0535,CNFIG0370	CN09-S02,EN04-H000-H018
CELL09-044	09_细胞核与染色质	保留核心答案；更新格式与来源	核小体核心与DNA包装或功能有什么联系？	在压缩DNA同时调节可及性。	在压缩DNA同时调节可及性。		CNFIG0343	CN09-S02,EN04-H000-H018
CELL09-045	09_细胞核与染色质	保留核心答案；更新格式与来源	H2A/H2B在染色质中是什么？	核心组蛋白异二聚体组分。	核心组蛋白异二聚体组分。			CN09-S02
CELL09-046	09_细胞核与染色质	保留核心答案；更新格式与来源	H2A/H2B与DNA包装或功能有什么联系？	与H3/H4共同构成八聚体。	与H3/H4共同构成八聚体。			CN09-S02
CELL09-047	09_细胞核与染色质	保留核心答案；更新格式与来源	H3/H4在染色质中是什么？	形成核心中的重要组蛋白结构。	形成核心中的重要组蛋白结构。		CNFIG0369	CN09-S02
CELL09-048	09_细胞核与染色质	保留核心答案；更新格式与来源	H3/H4与DNA包装或功能有什么联系？	参与核小体稳定及调控信息承载。	参与核小体稳定及调控信息承载。			CN09-S02,EN04-H000-H018
CELL09-049	09_细胞核与染色质	保留核心答案；更新格式与来源	组蛋白H1在染色质中是什么？	与连接DNA及核小体入口出口区域有关的组蛋白。	与连接DNA及核小体入口出口区域有关的组蛋白。			CN09-S02,EN04-H000-H018
CELL09-050	09_细胞核与染色质	保留核心答案；更新格式与来源	组蛋白H1与DNA包装或功能有什么联系？	不属于核心八聚体，可影响较高阶组织。	不属于核心八聚体，可影响较高阶组织。			CN09-S02
CELL09-051	09_细胞核与染色质	保留核心答案；更新格式与来源	连接DNA在染色质中是什么？	相邻核小体核心之间的DNA。	相邻核小体核心之间的DNA。			CN09-S02,EN04-H000-H018
CELL09-052	09_细胞核与染色质	保留核心答案；更新格式与来源	连接DNA与DNA包装或功能有什么联系？	长度变化使重复单位不固定为同一数值。	长度变化使重复单位不固定为同一数值。			CN09-S02
CELL09-053	09_细胞核与染色质	保留核心答案；更新格式与来源	核心DNA长度在染色质中是什么？	典型约147bp。	典型约147bp。			CN09-S02
CELL09-054	09_细胞核与染色质	保留核心答案；更新格式与来源	核心DNA长度与DNA包装或功能有什么联系？	与含连接DNA的核小体重复长度不同。	与含连接DNA的核小体重复长度不同。			CN09-S02,EN04-H000-H018
CELL09-055	09_细胞核与染色质	保留核心答案；更新格式与来源	组蛋白尾在染色质中是什么？	伸出核心的可修饰区域。	伸出核心的可修饰区域。			CN09-S02
CELL09-056	09_细胞核与染色质	保留核心答案；更新格式与来源	组蛋白尾与DNA包装或功能有什么联系？	提供调控蛋白识别和结构调节位点。	提供调控蛋白识别和结构调节位点。			CN09-S02
CELL09-057	09_细胞核与染色质	保留核心答案；更新格式与来源	常染色质在染色质中是什么？	通常较疏松、相对易接近的染色质。	通常较疏松、相对易接近的染色质。			CN09-S02
CELL09-058	09_细胞核与染色质	保留核心答案；更新格式与来源	常染色质与DNA包装或功能有什么联系？	倾向支持表达，但不是每个基因都持续转录。	倾向支持表达，但不是每个基因都持续转录。			CN09-S02
CELL09-059	09_细胞核与染色质	保留核心答案；更新格式与来源	异染色质在染色质中是什么？	通常较紧密并有相应分子特征的染色质。	通常较紧密并有相应分子特征的染色质。			CN09-S02
CELL09-060	09_细胞核与染色质	保留核心答案；更新格式与来源	异染色质与DNA包装或功能有什么联系？	抑制性组织与重复序列等有关，也有功能多样性。	抑制性组织与重复序列等有关，也有功能多样性。			CN09-S02
CELL09-061	09_细胞核与染色质	保留核心答案；更新格式与来源	组成型异染色质在染色质中是什么？	较稳定保持紧密状态的区域。	较稳定保持紧密状态的区域。			CN09-S02
CELL09-062	09_细胞核与染色质	保留核心答案；更新格式与来源	组成型异染色质与DNA包装或功能有什么联系？	常见于特定重复或结构区域。	常见于特定重复或结构区域。			CN09-S02
CELL09-063	09_细胞核与染色质	保留核心答案；更新格式与来源	兼性异染色质在染色质中是什么？	可随细胞类型或阶段改变状态的区域。	可随细胞类型或阶段改变状态的区域。			CN09-S02
CELL09-064	09_细胞核与染色质	保留核心答案；更新格式与来源	兼性异染色质与DNA包装或功能有什么联系？	连接发育与选择性基因沉默。	连接发育与选择性基因沉默。			CN09-S02
CELL09-065	09_细胞核与染色质	保留核心答案；更新格式与来源	染色质袢环在染色质中是什么？	DNA—蛋白组织成的空间环状联系。	DNA—蛋白组织成的空间环状联系。			CN09-S02
CELL09-066	09_细胞核与染色质	保留核心答案；更新格式与来源	染色质袢环与DNA包装或功能有什么联系？	参与压缩及远端调控接触。	参与压缩及远端调控接触。			CN09-S02
CELL09-067	09_细胞核与染色质	保留核心答案；更新格式与来源	组蛋白变体在染色质中是什么？	具有不同序列与功能的组蛋白成员。	具有不同序列与功能的组蛋白成员。			CN09-S02
CELL09-068	09_细胞核与染色质	保留核心答案；更新格式与来源	组蛋白变体与DNA包装或功能有什么联系？	可赋予特定位置或过程不同性质。	可赋予特定位置或过程不同性质。			CN09-S02
CELL09-069	09_细胞核与染色质	保留核心答案；更新格式与来源	CENP-A在染色质中是什么？	着丝粒相关H3变体。	着丝粒相关H3变体。			CN09-S02
CELL09-070	09_细胞核与染色质	保留核心答案；更新格式与来源	CENP-A与DNA包装或功能有什么联系？	参与建立着丝粒染色质身份与动粒组织。	参与建立着丝粒染色质身份与动粒组织。			CN09-S02
CELL09-071	09_细胞核与染色质	保留核心答案；更新格式与来源	组蛋白为什么容易与DNA相互作用？	富含带正电的碱性残基，与负电磷酸骨架等形成作用。	富含带正电的碱性残基，与负电磷酸骨架等形成作用。			CN09-S02
CELL09-072	09_细胞核与染色质	保留核心答案；更新格式与来源	核小体DNA为什么仍能被调控因子接近？	可局部呼吸解包，并受重塑、修饰和竞争结合动态调节。	可局部呼吸解包，并受重塑、修饰和竞争结合动态调节。			CN09-S02,EN04-H000-H018
CELL09-073	09_细胞核与染色质	保留核心答案；更新格式与来源	核小体重复长度为何通常大于核心约147bp？	重复单位还包括连接DNA，长度依细胞和区域变化。	重复单位还包括连接DNA，长度依细胞和区域变化。			CN09-S02,EN04-H000-H018
CELL09-074	09_细胞核与染色质	保留核心答案；更新格式与来源	微球菌核酸酶消化出现梯状DNA片段，支持什么组织形式？	支持重复核小体单位及连接区更易切割的组织。	支持重复核小体单位及连接区更易切割的组织。			CN09-S02,EN04-H000-H018
CELL09-075	09_细胞核与染色质	保留核心答案；更新格式与来源	MNase消化过度为何可能使可及性解释失真？	切割偏好及深度可改变剩余片段，需统一条件和对照。	切割偏好及深度可改变剩余片段，需统一条件和对照。			CN09-S02
CELL09-076	09_细胞核与染色质	保留核心答案；更新格式与来源	把30nm纤维写成所有活细胞必经的固定包装层级，有什么问题？	染色质体内可异质且不规则，经典层级模型有条件与证据限制。	染色质体内可异质且不规则，经典层级模型有条件与证据限制。		CNFIG0333,CNFIG0272	CN09-S02
CELL09-077	09_细胞核与染色质	保留核心答案；更新格式与来源	异染色质更深染为何不能单独判定具体组蛋白修饰？	形态压缩和染色只提供总体特征，需分子检测确定标记。	形态压缩和染色只提供总体特征，需分子检测确定标记。		CNFIG0187	CN09-S02,CN09-S00
CELL09-078	09_细胞核与染色质	保留核心答案；更新格式与来源	常染色质与“活跃表达基因”为什么不能完全同义？	结构开放是可能条件，还需转录因子、启动子及调控背景。	结构开放是可能条件，还需转录因子、启动子及调控背景。			CN09-S02
CELL09-079	09_细胞核与染色质	保留核心答案；更新格式与来源	DNase I超敏感区为何常提示调控区域可及？	局部保护较少，核酸酶更易接近，常与调控因子作用区域相关。	局部保护较少，核酸酶更易接近，常与调控因子作用区域相关。			CN09-S02
CELL09-080	09_细胞核与染色质	保留核心答案；更新格式与来源	同一DNA序列在不同细胞具有不同可及性，说明什么？	细胞状态与染色质调控影响空间暴露，不只由序列决定。	细胞状态与染色质调控影响空间暴露，不只由序列决定。			CN09-S02
CELL09-081	09_细胞核与染色质	保留核心答案；更新格式与来源	删除某重塑蛋白后基因表达降低，能否断定该蛋白直接结合该基因？	不能。可为间接效应，需结合占据、可及性和救援证据。	不能。可为间接效应，需结合占据、可及性和救援证据。			CN09-S02
CELL09-082	09_细胞核与染色质	保留核心答案；更新格式与来源	核小体数目不变但位置移动，为什么转录可能改变？	关键结合位点被遮蔽或暴露，位置比总量更直接影响可及性。	关键结合位点被遮蔽或暴露，位置比总量更直接影响可及性。		CNFIG0348	CN09-S02,EN04-H000-H018,CN09-S03
CELL09-083	09_细胞核与染色质	保留核心答案；更新格式与来源	人工减少H1后局部染色质更开放，如何避免过度推论？	仅说明该体系相关结构变化，不能推出所有基因均上调。	仅说明该体系相关结构变化，不能推出所有基因均上调。			CN09-S02
CELL09-084	09_细胞核与染色质	保留核心答案；更新格式与来源	组蛋白变体在某区域富集，怎样检验其功能而非只描述定位？	进行特异干预和补回，测相关结构及功能，控制总体核小体变化。	进行特异干预和补回，测相关结构及功能，控制总体核小体变化。			CN09-S02,EN04-H000-H018
CELL09-085	09_细胞核与染色质	保留核心答案；更新格式与来源	某区域更耐核酸酶，是否必定由DNA甲基化直接造成？	否。核小体、结合蛋白及其他修饰均可能影响，需要特异干预。	否。核小体、结合蛋白及其他修饰均可能影响，需要特异干预。			CN09-S02,EN04-H000-H018
CELL09-086	09_细胞核与染色质	保留核心答案；更新格式与来源	比较两细胞核大小时，为什么不能直接估计基因组大小？	核体积还受倍性、细胞状态及包装组织影响，需直接DNA测量。	核体积还受倍性、细胞状态及包装组织影响，需直接DNA测量。			CN09-S02
CELL09-087	09_细胞核与染色质	保留核心答案；更新格式与来源	活细胞染色质区域发生形变，怎样避免把成像伪影当成运动？	控制焦面、漂移、光毒性，进行三维或参考标记校正。	控制焦面、漂移、光毒性，进行三维或参考标记校正。			CN09-S02
CELL09-088	09_细胞核与染色质	保留核心答案；更新格式与来源	组蛋白尾被突变后包装改变，为什么要排除蛋白量下降？	突变可能影响稳定性或装配，不能仅归因于修饰位点作用。	突变可能影响稳定性或装配，不能仅归因于修饰位点作用。			CN09-S02
CELL09-089	09_细胞核与染色质	保留核心答案；更新格式与来源	核小体重复单位若平均200bp，20kb区段粗略有多少单位？	20000/200=100个；为给定平均长度的近似。	20000/200=100个；为给定平均长度的近似。			CN09-S02,EN04-H000-H018
CELL09-090	09_细胞核与染色质	闭卷评分补充	概述染色质可及性改变如何连接基因表达的三步提纲。	包装/定位变化；因子与酶接近性改变；转录输出变化并需具体条件。	包装/定位变化；因子与酶接近性改变；转录输出变化并需具体条件。	"这是综合答题结构卡。复习时说全核心连接；完整展开请另做本章闭卷练习。

展开作答参考评分（10 分）：
1. 说明核小体位置/占据及 ATP 依赖重塑可改变 DNA 暴露。（2分）
2. 说明组蛋白修饰通过读者蛋白等影响局部状态，不能将所有甲基化概括为抑制。（2分）
3. 说明可及性影响转录因子和转录机器接近，属于表达调节的条件之一。（2分）
4. 说明增强子/启动子组合、相关因子及空间接触共同决定输出。（2分）
5. 联合可及性、因子结合和 RNA 输出并做特异干预，不能由关联单独断定因果。（2分）"		CN09-S02
CELL09-091	09_细胞核与染色质	保留核心答案；更新格式与来源	组蛋白乙酰转移酶怎样参与染色质调控？	向特定位点添加乙酰基。	向特定位点添加乙酰基。			CN09-S03
CELL09-092	09_细胞核与染色质	保留核心答案；更新格式与来源	组蛋白乙酰转移酶与常见绝对化表述如何区别？	作用依底物和定位，不能仅看总乙酰化量。	作用依底物和定位，不能仅看总乙酰化量。			CN09-S03
CELL09-093	09_细胞核与染色质	保留核心答案；更新格式与来源	组蛋白去乙酰化酶怎样参与染色质调控？	移去相应乙酰基。	移去相应乙酰基。		CNFIG0299	CN09-S03
CELL09-094	09_细胞核与染色质	保留核心答案；更新格式与来源	组蛋白去乙酰化酶与常见绝对化表述如何区别？	常关联抑制，但具体基因结果依调控背景。	常关联抑制，但具体基因结果依调控背景。			CN09-S03
CELL09-095	09_细胞核与染色质	保留核心答案；更新格式与来源	组蛋白甲基转移酶怎样参与染色质调控？	添加特定位点及级别的甲基化。	添加特定位点及级别的甲基化。			CN09-S03
CELL09-096	09_细胞核与染色质	保留核心答案；更新格式与来源	组蛋白甲基转移酶与常见绝对化表述如何区别？	甲基化可关联激活或抑制，不能统一定性。	甲基化可关联激活或抑制，不能统一定性。			CN09-S03
CELL09-097	09_细胞核与染色质	保留核心答案；更新格式与来源	修饰读取蛋白怎样参与染色质调控？	识别特定标记并招募后续功能。	识别特定标记并招募后续功能。			CN09-S03
CELL09-098	09_细胞核与染色质	保留核心答案；更新格式与来源	修饰读取蛋白与常见绝对化表述如何区别？	修饰的效果不仅来自直接电荷改变。	修饰的效果不仅来自直接电荷改变。			CN09-S03
CELL09-099	09_细胞核与染色质	保留核心答案；更新格式与来源	ATP依赖重塑复合体怎样参与染色质调控？	移动、交换或改变核小体组织。	移动、交换或改变核小体组织。		ENFIG0539	CN09-S03,EN04-H000-H018
CELL09-100	09_细胞核与染色质	保留核心答案；更新格式与来源	ATP依赖重塑复合体与常见绝对化表述如何区别？	区别于单纯添加共价组蛋白修饰。	区别于单纯添加共价组蛋白修饰。			CN09-S03
CELL09-101	09_细胞核与染色质	保留核心答案；更新格式与来源	DNA甲基化怎样参与染色质调控？	在特定碱基添加甲基，哺乳动物常涉及CpG。	在特定碱基添加甲基，哺乳动物常涉及CpG。			CN09-S03
CELL09-102	09_细胞核与染色质	保留核心答案；更新格式与来源	DNA甲基化与常见绝对化表述如何区别？	启动子等位置重要，不能一概等于所有区域转录降低。	启动子等位置重要，不能一概等于所有区域转录降低。			CN09-S03
CELL09-103	09_细胞核与染色质	保留核心答案；更新格式与来源	HMG结构调节蛋白怎样参与染色质调控？	通过DNA或染色质作用改变架构。	通过DNA或染色质作用改变架构。			CN09-S03
CELL09-104	09_细胞核与染色质	保留核心答案；更新格式与来源	HMG结构调节蛋白与常见绝对化表述如何区别？	非组蛋白不都只识别一种短序列。	非组蛋白不都只识别一种短序列。			CN09-S03
CELL09-105	09_细胞核与染色质	保留核心答案；更新格式与来源	Xist RNA怎样参与染色质调控？	参与哺乳动物X染色体失活的顺式组织与沉默。	参与哺乳动物X染色体失活的顺式组织与沉默。		CNFIG0277	CN09-S03
CELL09-106	09_细胞核与染色质	保留核心答案；更新格式与来源	Xist RNA与常见绝对化表述如何区别？	物种、组织和阶段有条件，失活并非全部基因绝对关闭。	物种、组织和阶段有条件，失活并非全部基因绝对关闭。			CN09-S03
CELL09-107	09_细胞核与染色质	保留核心答案；更新格式与来源	复制前局部解包在复制或修复时具体指什么？	复制机器接近原DNA区域。	复制机器接近原DNA区域。			CN09-S03
CELL09-108	09_细胞核与染色质	保留核心答案；更新格式与来源	为什么染色质需要复制前局部解包？	包装不能永久阻挡复制叉运动。	包装不能永久阻挡复制叉运动。			CN09-S03
CELL09-109	09_细胞核与染色质	保留核心答案；更新格式与来源	复制后核小体装配在复制或修复时具体指什么？	旧与新组蛋白在新DNA上重新组织。	旧与新组蛋白在新DNA上重新组织。			CN09-S03,EN04-H000-H018
CELL09-110	09_细胞核与染色质	保留核心答案；更新格式与来源	为什么染色质需要复制后核小体装配？	复制DNA还要重建适当染色质状态。	复制DNA还要重建适当染色质状态。			CN09-S03,EN04-H000-H018
CELL09-111	09_细胞核与染色质	保留核心答案；更新格式与来源	损伤附近重塑在复制或修复时具体指什么？	改变损伤处核小体和结合蛋白组织。	改变损伤处核小体和结合蛋白组织。			CN09-S03,EN04-H000-H018
CELL09-112	09_细胞核与染色质	保留核心答案；更新格式与来源	为什么染色质需要损伤附近重塑？	促进修复因子接近并传递损伤信号。	促进修复因子接近并传递损伤信号。			CN09-S03
CELL09-113	09_细胞核与染色质	保留核心答案；更新格式与来源	修复后结构恢复在复制或修复时具体指什么？	重新建立相应包装和调控环境。	重新建立相应包装和调控环境。			CN09-S03
CELL09-114	09_细胞核与染色质	保留核心答案；更新格式与来源	为什么染色质需要修复后结构恢复？	修复碱基序列不等于已恢复完整染色质功能。	修复碱基序列不等于已恢复完整染色质功能。			CN09-S03
CELL09-115	09_细胞核与染色质	保留核心答案；更新格式与来源	赖氨酸乙酰化为什么可直接影响DNA—组蛋白相互作用？	削弱该残基正电性质，同时还可改变读取蛋白招募。	削弱该残基正电性质，同时还可改变读取蛋白招募。			CN09-S03
CELL09-116	09_细胞核与染色质	保留核心答案；更新格式与来源	H3K4甲基化与H3K9/H3K27甲基化为何不能合并为一种功能？	不同位置、级别和读取系统对应不同调控背景与表达关联。	不同位置、级别和读取系统对应不同调控背景与表达关联。		CNFIG0307	CN09-S03,CN09-S02
CELL09-117	09_细胞核与染色质	保留核心答案；更新格式与来源	“组蛋白密码”应怎样理解才不绝对化？	组合标记参与信息读取，但受位置、读者和细胞背景影响，并非简单一一决定命运。	组合标记参与信息读取，但受位置、读者和细胞背景影响，并非简单一一决定命运。			CN09-S03
CELL09-118	09_细胞核与染色质	保留核心答案；更新格式与来源	表观遗传记忆为什么不等于DNA序列发生突变？	可通过持续的染色质或调控状态传递差异，而序列保持相同。	可通过持续的染色质或调控状态传递差异，而序列保持相同。			CN09-S03
CELL09-119	09_细胞核与染色质	保留核心答案；更新格式与来源	复制使DNA量加倍时，维持表观状态为何需要重新建立标记？	旧组分分配和新组分加入会稀释原信息，需维护系统延续。	旧组分分配和新组分加入会稀释原信息，需维护系统延续。			CN09-S03
CELL09-120	09_细胞核与染色质	保留核心答案；更新格式与来源	启动子甲基化增加与转录降低同时出现，怎样检验因果？	特异改变相关甲基化并测转录，排除细胞类型比例和其他调控变化。	特异改变相关甲基化并测转录，排除细胞类型比例和其他调控变化。			CN09-S03
CELL09-121	09_细胞核与染色质	保留核心答案；更新格式与来源	HDAC抑制后某基因仍不表达，为什么不必否定染色质调控？	开放不是唯一条件，转录因子、启动子和其他抑制仍可能缺失或存在。	开放不是唯一条件，转录因子、启动子和其他抑制仍可能缺失或存在。			CN09-S03
CELL09-122	09_细胞核与染色质	保留核心答案；更新格式与来源	位置花斑效应说明基因表达受哪类因素影响？	同一基因移到不同染色质邻域可出现不同沉默状态。	同一基因移到不同染色质邻域可出现不同沉默状态。			CN09-S03
CELL09-123	09_细胞核与染色质	保留核心答案；更新格式与来源	染色质沉默为什么可能沿相邻区域扩展？	读取与写入等正反馈可招募相似调控状态，并受边界限制。	读取与写入等正反馈可招募相似调控状态，并受边界限制。			CN09-S03
CELL09-124	09_细胞核与染色质	保留核心答案；更新格式与来源	边界元件怎样帮助避免沉默或增强作用扩散到错误区域？	限制某些空间联系或调控传播，作用依体系与组织。	限制某些空间联系或调控传播，作用依体系与组织。			CN09-S03
CELL09-125	09_细胞核与染色质	保留核心答案；更新格式与来源	哺乳动物X失活的主要剂量意义是什么？	使不同性别细胞的许多X连锁基因表达剂量趋于平衡。	使不同性别细胞的许多X连锁基因表达剂量趋于平衡。			CN09-S03
CELL09-126	09_细胞核与染色质	保留核心答案；更新格式与来源	随机X失活为什么可产生组织嵌合？	不同细胞选择不同X并在后代中维持，使表达来源形成细胞群差异。	不同细胞选择不同X并在后代中维持，使表达来源形成细胞群差异。			CN09-S03
CELL09-127	09_细胞核与染色质	保留核心答案；更新格式与来源	失活X为什么不能写成“任何阶段全部基因永久沉默”？	存在逃逸基因，且生殖或重编程等阶段可改变状态。	存在逃逸基因，且生殖或重编程等阶段可改变状态。			CN09-S03
CELL09-128	09_细胞核与染色质	保留核心答案；更新格式与来源	转录因子怎样通过招募共调控复合体改变表达？	把重塑或修饰机器定位到特定区域，改变可及性及转录装配。	把重塑或修饰机器定位到特定区域，改变可及性及转录装配。		CNFIG0283	CN09-S03
CELL09-129	09_细胞核与染色质	保留核心答案；更新格式与来源	染色质重塑与组蛋白修饰为什么可以相互促进？	修饰招募重塑等读者，重塑又改变底物和因子接近条件。	修饰招募重塑等读者，重塑又改变底物和因子接近条件。		CNFIG0334	CN09-S03
CELL09-130	09_细胞核与染色质	保留核心答案；更新格式与来源	DNA损伤后出现γH2AX，最稳妥的用途是什么？	作为相关损伤应答标志，结合其他检测判断损伤类型与程度。	作为相关损伤应答标志，结合其他检测判断损伤类型与程度。			CN09-S03
CELL09-131	09_细胞核与染色质	保留核心答案；更新格式与来源	仅凭γH2AX信号是否能准确等同实际断裂数？	不能。信号扩展、持续时间和其他状态会影响强度。	不能。信号扩展、持续时间和其他状态会影响强度。			CN09-S03
CELL09-132	09_细胞核与染色质	保留核心答案；更新格式与来源	Hi-C主要测量什么关系？	基因组区域间接触相关频率，用于推断三维组织。	基因组区域间接触相关频率，用于推断三维组织。		ENFIG0574	CN09-S03
CELL09-133	09_细胞核与染色质	保留核心答案；更新格式与来源	Hi-C接触升高能否单独证明两个基因必互相调控？	不能。接触是空间关联，功能作用需独立干预和表达检测。	不能。接触是空间关联，功能作用需独立干预和表达检测。			CN09-S03
CELL09-134	09_细胞核与染色质	保留核心答案；更新格式与来源	染色体领地指什么？	间期染色体在核内占据相对偏好的空间区域。	间期染色体在核内占据相对偏好的空间区域。			CN09-S03
CELL09-135	09_细胞核与染色质	保留核心答案；更新格式与来源	染色体领地存在，是否意味着不同染色体从不接触？	否。领地不是完全封闭膜区，边缘与局部可相互接触。	否。领地不是完全封闭膜区，边缘与局部可相互接触。			CN09-S03
CELL09-136	09_细胞核与染色质	保留核心答案；更新格式与来源	核纤层相关染色质位置为何可能影响表达状态？	空间定位与相应包装、结合蛋白和环境相关，需具体因果验证。	空间定位与相应包装、结合蛋白和环境相关，需具体因果验证。			CN09-S03
CELL09-137	09_细胞核与染色质	保留核心答案；更新格式与来源	同一细胞类型的Hi-C图变化，为何还需考虑细胞周期比例？	复制和分裂状态会改变三维组织，混合群体可造成表观差异。	复制和分裂状态会改变三维组织，混合群体可造成表观差异。			CN09-S03
CELL09-138	09_细胞核与染色质	保留核心答案；更新格式与来源	检测染色质因子占据，为什么ChIP结果需要输入及适当抗体对照？	控制样品丰度与非特异富集，避免把背景当成占据。	控制样品丰度与非特异富集，避免把背景当成占据。			CN09-S03
CELL09-139	09_细胞核与染色质	保留核心答案；更新格式与来源	某核内凝聚体消失但总蛋白量不变，可能说明什么组织变化？	空间组装或分配改变，不等于蛋白已被降解。	空间组装或分配改变，不等于蛋白已被降解。			CN09-S03
CELL09-140	09_细胞核与染色质	闭卷评分补充	组织“同一基因组形成不同细胞表达谱”的四点提纲。	信号与转录因子；染色质可及性；空间及组合调控；状态维持和反馈。	信号与转录因子；染色质可及性；空间及组合调控；状态维持和反馈。	"这是综合答题结构卡。复习时说全核心连接；完整展开请另做本章闭卷练习。

展开作答参考评分（10 分）：
1. 说明不同受体/信号输入激活不同转录因子组合。（2分）
2. 说明染色质可及性和修饰状态影响调控元件是否可被使用。（2分）
3. 说明增强子、启动子和空间/组合调控形成细胞类型特异表达。（2分）
4. 说明正反馈、抑制网络和表观机制可维持状态，遗传信息相同不等于调控状态相同。（2分）
5. 说明 RNA 加工/稳定性等也影响测到的表达谱，并区分相关读数与机制证明。（2分）"		CN09-S03
CELL09-141	09_细胞核与染色质	保留核心答案；更新格式与来源	着丝粒的主要结构或功能是什么？	组织动粒并参与正确分离的染色质区域。	组织动粒并参与正确分离的染色质区域。			CN09-S04
CELL09-142	09_细胞核与染色质	保留核心答案；更新格式与来源	着丝粒怎样与相关染色体概念区分？	DNA/染色质区域与外侧动粒蛋白结构不同。	DNA/染色质区域与外侧动粒蛋白结构不同。		CNFIG0361	CN09-S04
CELL09-143	09_细胞核与染色质	保留核心答案；更新格式与来源	动粒的主要结构或功能是什么？	在着丝粒染色质上组装并关联纺锤体的复合结构。	在着丝粒染色质上组装并关联纺锤体的复合结构。		CNFIG0346	CN09-S04,CN12-S02
CELL09-144	09_细胞核与染色质	保留核心答案；更新格式与来源	动粒怎样与相关染色体概念区分？	连接和监控微管，而非染色体端部。	连接和监控微管，而非染色体端部。			CN09-S04
CELL09-145	09_细胞核与染色质	保留核心答案；更新格式与来源	端粒的主要结构或功能是什么？	线性染色体末端特化DNA—蛋白结构。	线性染色体末端特化DNA—蛋白结构。			CN09-S04
CELL09-146	09_细胞核与染色质	保留核心答案；更新格式与来源	端粒怎样与相关染色体概念区分？	防止末端被误作断裂并维持端部完整。	防止末端被误作断裂并维持端部完整。			CN09-S04
CELL09-147	09_细胞核与染色质	保留核心答案；更新格式与来源	复制起点的主要结构或功能是什么？	启动DNA复制的功能区域。	启动DNA复制的功能区域。			CN09-S04
CELL09-148	09_细胞核与染色质	保留核心答案；更新格式与来源	复制起点怎样与相关染色体概念区分？	与分离功能元件及端部保护分工不同。	与分离功能元件及端部保护分工不同。			CN09-S04
CELL09-149	09_细胞核与染色质	保留核心答案；更新格式与来源	酵母ARS的主要结构或功能是什么？	可支持适当酵母体系中自主复制的序列。	可支持适当酵母体系中自主复制的序列。			CN09-S04
CELL09-150	09_细胞核与染色质	保留核心答案；更新格式与来源	酵母ARS怎样与相关染色体概念区分？	不自动提供稳定分离，也不能推广为所有真核同一共识。	不自动提供稳定分离，也不能推广为所有真核同一共识。			CN09-S04
CELL09-151	09_细胞核与染色质	保留核心答案；更新格式与来源	酵母CEN的主要结构或功能是什么？	支持相应体系染色体稳定分离的元件。	支持相应体系染色体稳定分离的元件。			CN09-S04
CELL09-152	09_细胞核与染色质	保留核心答案；更新格式与来源	酵母CEN怎样与相关染色体概念区分？	与仅能复制的ARS不同。	与仅能复制的ARS不同。			CN09-S04
CELL09-153	09_细胞核与染色质	保留核心答案；更新格式与来源	核仁组织区NOR的主要结构或功能是什么？	含核仁形成相关rRNA基因区域。	含核仁形成相关rRNA基因区域。			CN09-S04
CELL09-154	09_细胞核与染色质	保留核心答案；更新格式与来源	核仁组织区NOR怎样与相关染色体概念区分？	并非每个次缢痕都必是NOR。	并非每个次缢痕都必是NOR。			CN09-S04
CELL09-155	09_细胞核与染色质	保留核心答案；更新格式与来源	核型的主要结构或功能是什么？	染色体数目与形态等特征的系统描述。	染色体数目与形态等特征的系统描述。		CNFIG0336	CN09-S04
CELL09-156	09_细胞核与染色质	保留核心答案；更新格式与来源	核型怎样与相关染色体概念区分？	不能替代全部DNA序列变异检测。	不能替代全部DNA序列变异检测。			CN09-S04
CELL09-157	09_细胞核与染色质	保留核心答案；更新格式与来源	酵母质粒有ARS却在分裂后易丢失，为什么？	能复制不等于稳定分离，缺少适当CEN等分配支持。	能复制不等于稳定分离，缺少适当CEN等分配支持。			CN09-S04
CELL09-158	09_细胞核与染色质	保留核心答案；更新格式与来源	线性人工染色体为何还需端粒元件？	裸露末端易降解或发生错误修复，需端部保护与维护。	裸露末端易降解或发生错误修复，需端部保护与维护。		CNFIG0294	CN09-S04
CELL09-159	09_细胞核与染色质	保留核心答案；更新格式与来源	端粒酶怎样解决部分线性末端复制限制？	以自身RNA为模板延伸端部重复，给后续互补链合成提供条件。	以自身RNA为模板延伸端部重复，给后续互补链合成提供条件。			CN09-S04
CELL09-160	09_细胞核与染色质	保留核心答案；更新格式与来源	端粒延长能否只由端粒酶完成？	不能。部分细胞采用替代性端粒延长等途径。	不能。部分细胞采用替代性端粒延长等途径。			CN09-S04
CELL09-161	09_细胞核与染色质	保留核心答案；更新格式与来源	染色体显带为何比仅看长度和着丝粒位置更利于核型识别？	特征性带纹提供更多定位信息，有助区分形态相近染色体及识别易位片段。	特征性带纹提供更多定位信息，有助区分形态相近染色体及识别易位片段。		CNFIG0379	CN09-S04
CELL09-162	09_细胞核与染色质	保留核心答案；更新格式与来源	多线染色体巨大通常由什么过程造成？	多轮DNA复制而不进行相应细胞分裂，许多拷贝并列。	多轮DNA复制而不进行相应细胞分裂，许多拷贝并列。		CNFIG0297	CN09-S04
CELL09-163	09_细胞核与染色质	保留核心答案；更新格式与来源	多线染色体膨突为什么可作为表达活动线索？	局部解聚并常伴活跃转录，但具体产物需分子检测。	局部解聚并常伴活跃转录，但具体产物需分子检测。			CN09-S04
CELL09-164	09_细胞核与染色质	保留核心答案；更新格式与来源	灯刷染色体侧环与其转录活动有什么联系？	侧环为展开并常进行活跃转录的染色质区域。	侧环为展开并常进行活跃转录的染色质区域。			CN09-S04
CELL09-165	09_细胞核与染色质	保留核心答案；更新格式与来源	正常带型能否排除所有致病基因变化？	不能。许多小尺度或序列变化超出带型分辨能力。	不能。许多小尺度或序列变化超出带型分辨能力。			CN09-S04
CELL09-166	09_细胞核与染色质	保留核心答案；更新格式与来源	核仁的主要性质或功能是什么？	无膜包围的核内组织，参与rRNA加工和亚基装配。	无膜包围的核内组织，参与rRNA加工和亚基装配。			CN09-S05
CELL09-167	09_细胞核与染色质	保留核心答案；更新格式与来源	核仁怎样与其他区室/步骤区分？	不是有脂双层的胞质细胞器。	不是有脂双层的胞质细胞器。			CN09-S05
CELL09-168	09_细胞核与染色质	保留核心答案；更新格式与来源	纤维中心FC的主要性质或功能是什么？	与rDNA和相关转录组织相联系的区域。	与rDNA和相关转录组织相联系的区域。		CNFIG0378	CN09-S05
CELL09-169	09_细胞核与染色质	保留核心答案；更新格式与来源	纤维中心FC怎样与其他区室/步骤区分？	与主要颗粒装配区域不同。	与主要颗粒装配区域不同。			CN09-S05
CELL09-170	09_细胞核与染色质	保留核心答案；更新格式与来源	致密纤维组分DFC的主要性质或功能是什么？	与早期rRNA加工密切联系。	与早期rRNA加工密切联系。			CN09-S05
CELL09-171	09_细胞核与染色质	保留核心答案；更新格式与来源	致密纤维组分DFC怎样与其他区室/步骤区分？	位于核仁组织中特定区域而非全部均匀混合。	位于核仁组织中特定区域而非全部均匀混合。			CN09-S05
CELL09-172	09_细胞核与染色质	保留核心答案；更新格式与来源	颗粒组分GC的主要性质或功能是什么？	与较后期核糖体前体组装密切联系。	与较后期核糖体前体组装密切联系。			CN09-S05
CELL09-173	09_细胞核与染色质	保留核心答案；更新格式与来源	颗粒组分GC怎样与其他区室/步骤区分？	核仁内装配不等于在这里完成胞质翻译。	核仁内装配不等于在这里完成胞质翻译。			CN09-S05
CELL09-174	09_细胞核与染色质	保留核心答案；更新格式与来源	snoRNP的主要性质或功能是什么？	参与rRNA加工及化学修饰。	参与rRNA加工及化学修饰。			CN09-S05
CELL09-175	09_细胞核与染色质	保留核心答案；更新格式与来源	snoRNP怎样与其他区室/步骤区分？	不是翻译携带氨基酸的tRNA。	不是翻译携带氨基酸的tRNA。			CN09-S05
CELL09-176	09_细胞核与染色质	保留核心答案；更新格式与来源	核斑的主要性质或功能是什么？	富集部分RNA加工相关组分的核内结构。	富集部分RNA加工相关组分的核内结构。			CN09-S05
CELL09-177	09_细胞核与染色质	保留核心答案；更新格式与来源	核斑怎样与其他区室/步骤区分？	富集位置不代表每个转录事件必在其内部发生。	富集位置不代表每个转录事件必在其内部发生。			CN09-S05
CELL09-178	09_细胞核与染色质	保留核心答案；更新格式与来源	Cajal体的主要性质或功能是什么？	与某些RNP成熟和组织相关的核体。	与某些RNP成熟和组织相关的核体。			CN09-S05
CELL09-179	09_细胞核与染色质	保留核心答案；更新格式与来源	Cajal体怎样与其他区室/步骤区分？	不同核体有不同组分和功能，不能统一当核仁。	不同核体有不同组分和功能，不能统一当核仁。			CN09-S05
CELL09-180	09_细胞核与染色质	保留核心答案；更新格式与来源	哺乳动物5S rRNA的合成与核仁前体rRNA有何典型区别？	5S由RNA聚合酶III合成后参与装配；主要前体rRNA由聚合酶I转录。	5S由RNA聚合酶III合成后参与装配；主要前体rRNA由聚合酶I转录。			CN09-S05
CELL09-181	09_细胞核与染色质	保留核心答案；更新格式与来源	核糖体蛋白在胞质合成后为何还要核输入？	与rRNA等在核内进行亚基生物发生，再输出成熟前体。	与rRNA等在核内进行亚基生物发生，再输出成熟前体。			CN09-S05
CELL09-182	09_细胞核与染色质	保留核心答案；更新格式与来源	抑制rRNA合成时，核仁形态为什么可改变？	结构由活跃转录、加工和组装共同维持，过程受阻可重排。	结构由活跃转录、加工和组装共同维持，过程受阻可重排。			CN09-S05
CELL09-183	09_细胞核与染色质	保留核心答案；更新格式与来源	有丝分裂时核仁消失是否意味着rRNA基因被删除？	否。转录和组装状态周期改变，基因仍在染色体上。	否。转录和组装状态周期改变，基因仍在染色体上。			CN09-S05
CELL09-184	09_细胞核与染色质	保留核心答案；更新格式与来源	无膜核体为何仍可富集特定组分？	多价相互作用及凝聚等机制组织局部浓度，不必靠脂膜。	多价相互作用及凝聚等机制组织局部浓度，不必靠脂膜。			CN09-S05
CELL09-185	09_细胞核与染色质	保留核心答案；更新格式与来源	仅见核仁变大能否断言细胞一定是癌细胞？	不能。核仁大小也随合成活性和生理状态变化。	不能。核仁大小也随合成活性和生理状态变化。			CN09-S05
CELL09-186	09_细胞核与染色质	保留核心答案；更新格式与来源	核基质概念最初主要来自什么实验观察？	经核酸酶、高盐等提取后仍残留核内蛋白网架。	经核酸酶、高盐等提取后仍残留核内蛋白网架。			CN09-S06
CELL09-187	09_细胞核与染色质	保留核心答案；更新格式与来源	为什么提取后的残留网架不能自动等同活细胞中的固定结构？	提取可改变或重组相互作用，需要原位独立证据。	提取可改变或重组相互作用，需要原位独立证据。			CN09-S06
CELL09-188	09_细胞核与染色质	保留核心答案；更新格式与来源	核纤层与广义核基质为什么应区分？	核纤层有较明确位置和组分；核基质的定义常依操作性提取条件。	核纤层有较明确位置和组分；核基质的定义常依操作性提取条件。			CN09-S06
CELL09-189	09_细胞核与染色质	保留核心答案；更新格式与来源	研究核内骨架样组织时，怎样提高结构结论的可信度？	结合温和原位成像、特异组分标记与功能干预，比较不同提取条件。	结合温和原位成像、特异组分标记与功能干预，比较不同提取条件。			CN09-S06
CELL09-190	09_细胞核与染色质	保留核心答案；更新格式与来源	核内功能具有空间组织，是否必须假设一张永久不变的核基质网？	不必须。染色质、核体和动态相互作用也可组织功能。	不必须。染色质、核体和动态相互作用也可组织功能。			CN09-S06
CELL09-E001	09_细胞核与染色质	新增	去掉 H1 后，为什么不能直接说核小体的组蛋白八聚体也消失？		H1 是连接组蛋白，结合连接 DNA 和出入口区域；核心八聚体由 H2A、H2B、H3、H4 各两份构成，二者不同。	H1 缺失可影响高阶组织，但不等于直接去掉所有核心组蛋白。	ENFIG0535,CNFIG0300	EN04-H000-H018,CN09-S02
CELL09-E002	09_细胞核与染色质	新增	组蛋白标记如何通过 reader-writer 配合向邻近核小体传播？		reader 结合已有标记，把 writer 活性定位到邻近核小体；writer 添加相应标记，形成局部正反馈和传播。	边界、去修饰酶与其他调控会限制传播；不能推断整个基因组必被同一标记覆盖。	ENFIG0556,ENFIG0557	EN04-H019-H033
CELL09-E003	09_细胞核与染色质	新增	多线染色体出现膨泡，为何通常与该区域转录活跃相联系？		膨泡区域染色质展开，可观察转录及 RNA 形成；其形态变化反映局部包装和基因表达活动改变。	膨泡不是该处新增一条染色体或整段 DNA 必然刚被复制；具体基因仍需分子检测定位。		EN04-H034-H037
CELL09-E004	09_细胞核与染色质	新增	Hi-C 接触矩阵中离开主对角线的增强信号能支持什么，不能独立证明什么？		支持对应基因组区域在所测细胞群中有较高接触概率；不能单独证明固定永久连接、直接蛋白结合或该接触必然驱动转录。	结果依群体平均、交联、酶切、测序与归一化；近邻的主对角线增强有距离依赖基础。	ENFIG0575	EN04-H038-H041
CELL09-E005	09_细胞核与染色质	新增	cohesin 和 condensin 都是 SMC 复合体，为什么不能把它们的典型作用完全互换？		cohesin 参与姐妹黏连及间期环组织；condensin 主要组织有丝分裂染色体的凝缩环；均可利用 ATP，但时空调控与功能不同。	图中的环挤出与嵌套组织是教材模型；染色体凝缩不等于姐妹之间的黏连已经解除。	ENFIG0580,ENFIG0584,CNFIG0304	EN04-H042-H043,CN12-S02
CELL09-E006	09_细胞核与染色质	新增	一段非编码 DNA 在多个物种间高度保守，为什么可提示功能，却不能直接断定它是增强子？		保守提示受到选择约束，可能参与调控或结构等功能；需要报告、删除、定位与表达影响等实验证实具体作用。	序列保守不是特定功能的充分证据，非保守也不等于无功能。		EN04-H044-H066
CELL09-E007	09_细胞核与染色质	新增	复制后新旧组蛋白混合装配，为什么 reader-writer 机制有助恢复原染色质状态？		旧核小体携带部分标记作为局部线索；识别这些标记的复合体在新组蛋白上补写相应修饰，有助维持区域状态。	仍需 DNA 结合因子和其他机制，不能只靠组蛋白标记解释全部表观遗传。	ENFIG0649,CNFIG0306	EN05-H000-H030,CN09-S03
CELL09-E008	09_细胞核与染色质	新增	端粒酶为什么不是简单“补上被移除的最后一个 RNA 引物”？		它以自带 RNA 为模板延长染色体的 3′ DNA 端；随后常规复制系统利用延长模板补合互补链，缓解末端复制损失。	端粒还需 shelterin 等保护，长度维持与避免被当成断裂是相关但不同任务。	ENFIG0650,CNFIG0351	EN05-H031-H033,CN09-S04
CELL09-E009	09_细胞核与染色质	新增	尿嘧啶误入 DNA 与紫外线产生的体积较大损伤，典型切除修复路径如何不同？		BER 先由糖基化酶移除异常碱基，再处理 AP 位点并补合；NER 切除包含损伤的一小段寡核苷酸，再补合。	实际病变处理可能有路径重叠；不能只按“损坏一个碱基”把所有损伤归 BER。	ENFIG0661	EN05-H034-H050
CELL09-E010	09_细胞核与染色质	新增	为何同源重组修复通常更适合 S/G₂ 的双链断裂，而 G₁ 常依赖端连接？		S/G₂ 可利用姐妹染色单体作为近邻模板；G₁ 缺少这份新复制模板，端连接不要求同源模板即可修复。	两类路径可竞争且受断端处理调控；NHEJ 并非每次都必然出错，HR 也不代表绝对零风险。	ENFIG0666	EN05-H034-H050
CELL09-E011	09_细胞核与染色质	新增	LINE-1 的“复制并粘贴”为什么离不开 RNA 中间体，却不必先形成游离双链 DNA？		LINE-1 转录后，内切酶在靶 DNA 产生 3′-OH，以该端作引物对 LINE-1 RNA 进行靶位点引发的反转录，形成插入。	这是非 LTR 逆转座子的典型机制，不能直接套用于所有 DNA 转座子或 LTR 元件。	ENFIG0687	EN05-H057-H071
CELL09-E012	09_细胞核与染色质	新增	RNA 聚合酶Ⅱ CTD 为什么能把转录与加帽、剪接、3′ 端加工相联系？		CTD 可作为加工因子的动态结合平台，其磷酸化状态随转录阶段变化，使新生 RNA 在合适时间接触对应加工机器。	功能不只是提高延伸速度；不同加工事件仍有各自识别序列与调控要求。	ENFIG0734	EN06-H000-H023
CELL09-E013	09_细胞核与染色质	新增	核仁合成和装配核糖体，为何不能说所有真核 rRNA 都由 RNA 聚合酶Ⅰ转录？		典型真核细胞中 PolⅠ转录含 18S、5.8S、28S 的前体；5S rRNA 主要由 PolⅢ转录，再参与大亚基装配。	核仁功能还包括加工与装配；核糖体蛋白在胞质合成后输入核内。	ENFIG0763	EN06-H024-H027
CELL09-E014	09_细胞核与染色质	新增	两个转录激活因子单独作用分别为 1 和 2，共同作用为 100，这说明什么？		显示远超相加的转录协同作用，提示共同募集、染色质开放或复合体装配等非线性机制。	不能只凭终点量确定是哪一种具体机制；须用位点突变、剂量和相互作用实验进一步区分。	ENFIG0882	EN07-H009-H035
CELL09-E015	09_细胞核与染色质	新增	相同 Igf2 等位基因从父亲或母亲继承，表达可不同，为什么不属于 DNA 编码序列必然不同？		亲本来源相关的印记调控，如 DNA 甲基化和绝缘子结合差异，可使同一基因具有不同表达状态。	印记常在生殖系重设；具体母/父表达方向要按基因判断，不能一概写成父源表达。	ENFIG0916,ENFIG0917	EN07-H048-H055
CELL09-E016	09_细胞核与染色质	新增	同一 apoB 基因在肠和肝产生不同长度蛋白，怎样由 RNA 编辑解释？		肠细胞的特定 C→U 编辑把一个编码密码子变成提前终止密码子，生成较短 apoB；肝细胞相应编辑不足，产生全长蛋白。	这不是该细胞 DNA 被相同方式改写，也不等同于切掉蛋白尾端。	ENFIG0935	EN07-H056-H066
CELL09-E017	09_细胞核与染色质	新增	小 RNA 与靶序列配对，为什么结果不一定只是降解成熟 mRNA？		除胞质 RNA 沉默复合体外，部分生物的小 RNA 可引导 RITS 等核内复合体，促成异染色质和转录沉默。	核内路线存在物种和系统限制，不能把所有 miRNA 功能统一成 DNA 甲基化。	ENFIG0955	EN07-H074-H084
CELL09-E018	09_细胞核与染色质	新增	Ran-GTP 在核内为何促进入核货物释放，却有利于出核货物装载？		核进口受体与 Ran-GTP 结合使其对进口货物亲和性降低；核出口受体通常在 Ran-GTP 存在时才与出口货物稳定组装。	方向性来自核内 RanGEF 与胞质 RanGAP 的分布及受体结合逻辑；不是 Ran 直接拖动货物穿孔。	ENFIG1494,ENFIG1495,CNFIG0259	EN12-H042-H050,CN09-S01
CELL09-E019	09_细胞核与染色质	新增	同为组蛋白甲基化，为什么既可与活跃转录又可与抑制相关？		作用取决于具体残基、甲基化程度和识别该标记的 reader：如 H3K4me3 常关联活跃启动子，H3K9me3/H3K27me3 常关联抑制状态。	相关性不能替代因果验证；“甲基化一概关闭基因”是错误概括。	CNFIG0325	EN04-EXERCISES,CN09-S02
CELL09-E020	09_细胞核与染色质	新增	从单个细菌开始的平行培养，最终耐药突变细胞数相差很大，为什么符合随机突变模型？		突变若很早发生，其后代大量扩增形成 jackpot；晚发生只产生少量后代，所以恒定突变率仍可产生极不均匀的最终数量。	要区分每代突变率和终点突变频率；需控制培养与选择条件。		EN05-EXERCISES
CELL09-E021	09_细胞核与染色质	新增	转移瘤与正常来源组织表达不同，为什么 RNA 表达仍可能帮助判断原发来源？		癌变会改变部分表达，但常保留部分谱系相关表达和调控特征；多基因模式可提供来源线索。	需训练和验证分类模型，结合病理与临床证据；不能靠单一标记保证准确来源。		EN07-EXERCISES
CELL09-E022	09_细胞核与染色质	新增	论述 DNA 包装、核内三维组织与基因表达的联系，并指出实验关联与机制证据的区别。（闭卷 8—10 分钟，按 10 分自评）		核小体与可及性（2分）；组蛋白修饰、reader/writer 和重塑（2分）；环组织/核内分布（2分）；Hi-C 或定位得到接触/位置关联（2分）；定点扰动、表达和救援检验因果，说明 30 nm 模型限制（2分）。	这是依据本章教材重组的练习，不标作上海大学真实历年考题；可先写提纲，再连成机制论述。		CN09-S02,EN04-H019-H033,EN04-H038-H041
CELL10-001	10_核糖体	保留核心答案；更新格式与来源	细菌70S核糖体的典型组成或位置是什么？	由30S小亚基和50S大亚基组成。	由30S小亚基和50S大亚基组成。		ENFIG0785	CN10-S01
CELL10-002	10_核糖体	保留核心答案；更新格式与来源	细菌70S核糖体的结构怎样联系翻译功能？	小亚基解码，大亚基催化肽键形成。	小亚基解码，大亚基催化肽键形成。		CNFIG0352	CN10-S01
CELL10-003	10_核糖体	保留核心答案；更新格式与来源	真核胞质80S核糖体的典型组成或位置是什么？	由40S小亚基和60S大亚基组成。	由40S小亚基和60S大亚基组成。		ENFIG0786	CN10-S01
CELL10-004	10_核糖体	保留核心答案；更新格式与来源	真核胞质80S核糖体的结构怎样联系翻译功能？	两个亚基协同完成读码和肽链延伸。	两个亚基协同完成读码和肽链延伸。			CN10-S01
CELL10-005	10_核糖体	保留核心答案；更新格式与来源	细菌30S亚基的典型组成或位置是什么？	含16S rRNA及小亚基蛋白。	含16S rRNA及小亚基蛋白。			CN10-S01
CELL10-006	10_核糖体	保留核心答案；更新格式与来源	细菌30S亚基的结构怎样联系翻译功能？	参与mRNA定位和密码子—反密码子识别。	参与mRNA定位和密码子—反密码子识别。			CN10-S01
CELL10-007	10_核糖体	保留核心答案；更新格式与来源	细菌50S亚基的典型组成或位置是什么？	含23S、5S rRNA及大亚基蛋白。	含23S、5S rRNA及大亚基蛋白。			CN10-S01
CELL10-008	10_核糖体	保留核心答案；更新格式与来源	细菌50S亚基的结构怎样联系翻译功能？	23S rRNA构成肽酰转移酶中心。	23S rRNA构成肽酰转移酶中心。			CN10-S01
CELL10-009	10_核糖体	保留核心答案；更新格式与来源	典型动物40S亚基的典型组成或位置是什么？	含18S rRNA及相关蛋白。	含18S rRNA及相关蛋白。			CN10-S01
CELL10-010	10_核糖体	保留核心答案；更新格式与来源	典型动物40S亚基的结构怎样联系翻译功能？	参与翻译起始与解码。	参与翻译起始与解码。			CN10-S01
CELL10-011	10_核糖体	保留核心答案；更新格式与来源	典型动物60S亚基的典型组成或位置是什么？	含28S、5.8S、5S rRNA及相关蛋白。	含28S、5.8S、5S rRNA及相关蛋白。			CN10-S01
CELL10-012	10_核糖体	保留核心答案；更新格式与来源	典型动物60S亚基的结构怎样联系翻译功能？	承担肽键催化及新生肽链通道等功能。	承担肽键催化及新生肽链通道等功能。			CN10-S01
CELL10-013	10_核糖体	保留核心答案；更新格式与来源	核糖体A位点的典型组成或位置是什么？	延伸中接受相应氨酰tRNA的位点。	延伸中接受相应氨酰tRNA的位点。		ENFIG0794	CN10-S01
CELL10-014	10_核糖体	保留核心答案；更新格式与来源	核糖体A位点的结构怎样联系翻译功能？	检验密码子配对后容纳新的氨基酸供体。	检验密码子配对后容纳新的氨基酸供体。			CN10-S01
CELL10-015	10_核糖体	保留核心答案；更新格式与来源	核糖体P位点的典型组成或位置是什么？	通常结合肽酰tRNA的位点。	通常结合肽酰tRNA的位点。		CNFIG0316	CN10-S01
CELL10-016	10_核糖体	保留核心答案；更新格式与来源	核糖体P位点的结构怎样联系翻译功能？	维持延伸中的肽链，起始tRNA直接进入此位点。	维持延伸中的肽链，起始tRNA直接进入此位点。			CN10-S01
CELL10-017	10_核糖体	保留核心答案；更新格式与来源	核糖体E位点的典型组成或位置是什么？	去酰化tRNA离开前经过的位点。	去酰化tRNA离开前经过的位点。			CN10-S01
CELL10-018	10_核糖体	保留核心答案；更新格式与来源	核糖体E位点的结构怎样联系翻译功能？	配合转位和tRNA释放完成循环。	配合转位和tRNA释放完成循环。			CN10-S01
CELL10-019	10_核糖体	保留核心答案；更新格式与来源	核糖体蛋白的典型组成或位置是什么？	多分布于表面并伸入rRNA结构。	多分布于表面并伸入rRNA结构。			CN10-S01
CELL10-020	10_核糖体	保留核心答案；更新格式与来源	核糖体蛋白的结构怎样联系翻译功能？	帮助折叠、稳定和动态调节，不可说完全无功能。	帮助折叠、稳定和动态调节，不可说完全无功能。			CN10-S01
CELL10-021	10_核糖体	保留核心答案；更新格式与来源	为什么30S与50S亚基组成的核糖体不是80S？	S是受形状及阻力影响的沉降系数，不是可直接相加的质量。	S是受形状及阻力影响的沉降系数，不是可直接相加的质量。		CNFIG0282	CN10-S01
CELL10-022	10_核糖体	保留核心答案；更新格式与来源	线粒体核糖体能否一律写为70S？	不能。不同物种的线粒体核糖体组成与沉降系数有差异。	不能。不同物种的线粒体核糖体组成与沉降系数有差异。			CN10-S01
CELL10-023	10_核糖体	保留核心答案；更新格式与来源	核糖体为何被称为核酶？	肽酰转移酶中心由rRNA执行关键催化。	肽酰转移酶中心由rRNA执行关键催化。			CN10-S01
CELL10-024	10_核糖体	保留核心答案；更新格式与来源	去除大部分蛋白后仍有肽酰转移活性，为何不能单据此证明纯RNA足够？	残留蛋白和结构稳定作用需排除，还应结合结构及特异干预证据。	残留蛋白和结构稳定作用需排除，还应结合结构及特异干预证据。			CN10-S01
CELL10-025	10_核糖体	保留核心答案；更新格式与来源	核糖体活性被核酸酶抑制，需什么对照才能加强RNA催化解释？	控制处理特异性和整体结构破坏，并与蛋白酶处理等证据结合。	控制处理特异性和整体结构破坏，并与蛋白酶处理等证据结合。			CN10-S01
CELL10-026	10_核糖体	保留核心答案；更新格式与来源	细菌SD序列在翻译中直接做什么？	与16S rRNA相应序列配对。	与16S rRNA相应序列配对。			CN10-S02
CELL10-027	10_核糖体	保留核心答案；更新格式与来源	细菌SD序列怎样帮助翻译正确或连续进行？	帮助定位起始密码子，而非仅寻找任意AUG。	帮助定位起始密码子，而非仅寻找任意AUG。			CN10-S02
CELL10-028	10_核糖体	保留核心答案；更新格式与来源	细菌IF1在翻译中直接做什么？	作用于小亚基A位点附近。	作用于小亚基A位点附近。			CN10-S02
CELL10-029	10_核糖体	保留核心答案；更新格式与来源	细菌IF1怎样帮助翻译正确或连续进行？	帮助起始复合体组织并限制错误tRNA进入。	帮助起始复合体组织并限制错误tRNA进入。			CN10-S02
CELL10-030	10_核糖体	保留核心答案；更新格式与来源	细菌IF2-GTP在翻译中直接做什么？	帮助起始tRNA进入并参与亚基结合。	帮助起始tRNA进入并参与亚基结合。			CN10-S02
CELL10-031	10_核糖体	保留核心答案；更新格式与来源	细菌IF2-GTP怎样帮助翻译正确或连续进行？	把起始底物定位与GTP循环联系起来。	把起始底物定位与GTP循环联系起来。			CN10-S02
CELL10-032	10_核糖体	保留核心答案；更新格式与来源	细菌IF3在翻译中直接做什么？	帮助起始选择并阻止大小亚基过早结合。	帮助起始选择并阻止大小亚基过早结合。		CNFIG0291	CN10-S02
CELL10-033	10_核糖体	保留核心答案；更新格式与来源	细菌IF3怎样帮助翻译正确或连续进行？	有助于避免不适当起始复合体形成。	有助于避免不适当起始复合体形成。			CN10-S02
CELL10-034	10_核糖体	保留核心答案；更新格式与来源	细菌EF-Tu-GTP在翻译中直接做什么？	递送延伸用氨酰tRNA。	递送延伸用氨酰tRNA。			CN10-S02
CELL10-035	10_核糖体	保留核心答案；更新格式与来源	细菌EF-Tu-GTP怎样帮助翻译正确或连续进行？	配对识别与后续选择提高读码准确性。	配对识别与后续选择提高读码准确性。			CN10-S02
CELL10-036	10_核糖体	保留核心答案；更新格式与来源	细菌EF-Ts在翻译中直接做什么？	促进EF-Tu的GDP交换。	促进EF-Tu的GDP交换。			CN10-S02
CELL10-037	10_核糖体	保留核心答案；更新格式与来源	细菌EF-Ts怎样帮助翻译正确或连续进行？	再生可参加递送的EF-Tu-GTP。	再生可参加递送的EF-Tu-GTP。			CN10-S02
CELL10-038	10_核糖体	保留核心答案；更新格式与来源	细菌EF-G在翻译中直接做什么？	促进核糖体转位。	促进核糖体转位。			CN10-S02
CELL10-039	10_核糖体	保留核心答案；更新格式与来源	细菌EF-G怎样帮助翻译正确或连续进行？	使读码前进一个密码子并重新空出A位点。	使读码前进一个密码子并重新空出A位点。			CN10-S02
CELL10-040	10_核糖体	保留核心答案；更新格式与来源	真核eEF1A在翻译中直接做什么？	递送延伸用氨酰tRNA。	递送延伸用氨酰tRNA。			CN10-S02
CELL10-041	10_核糖体	保留核心答案；更新格式与来源	真核eEF1A怎样帮助翻译正确或连续进行？	功能对应细菌EF-Tu，不负责主要转位步骤。	功能对应细菌EF-Tu，不负责主要转位步骤。			CN10-S02
CELL10-042	10_核糖体	保留核心答案；更新格式与来源	真核eEF2在翻译中直接做什么？	参与核糖体转位。	参与核糖体转位。			CN10-S02
CELL10-043	10_核糖体	保留核心答案；更新格式与来源	真核eEF2怎样帮助翻译正确或连续进行？	功能对应细菌EF-G，依赖GTP循环。	功能对应细菌EF-G，依赖GTP循环。			CN10-S02
CELL10-044	10_核糖体	保留核心答案；更新格式与来源	释放因子在翻译中直接做什么？	识别终止密码子并促肽酰tRNA水解。	识别终止密码子并促肽酰tRNA水解。			CN10-S02
CELL10-045	10_核糖体	保留核心答案；更新格式与来源	释放因子怎样帮助翻译正确或连续进行？	将完成的肽链释放，终止不靠普通终止tRNA。	将完成的肽链释放，终止不靠普通终止tRNA。			CN10-S02
CELL10-046	10_核糖体	保留核心答案；更新格式与来源	细菌起始tRNA携带什么氨基酸形式？	典型为甲酰甲硫氨酸fMet。	典型为甲酰甲硫氨酸fMet。			CN10-S02
CELL10-047	10_核糖体	保留核心答案；更新格式与来源	真核胞质翻译起始tRNA携带的Met通常是否甲酰化？	通常不甲酰化，区别于典型细菌起始。	通常不甲酰化，区别于典型细菌起始。			CN10-S02
CELL10-048	10_核糖体	保留核心答案；更新格式与来源	典型真核帽依赖起始如何选择起始位点？	起始因子识别5′帽并扫描，AUG及其序列背景影响选择。	起始因子识别5′帽并扫描，AUG及其序列背景影响选择。			CN10-S02
CELL10-049	10_核糖体	保留核心答案；更新格式与来源	肽键形成时，P位点肽链转移到哪里？	转移到A位点氨酰tRNA所带氨基酸的氨基上。	转移到A位点氨酰tRNA所带氨基酸的氨基上。			CN10-S02
CELL10-050	10_核糖体	保留核心答案；更新格式与来源	一次典型转位中两条tRNA怎样移动？	肽酰tRNA从A到P，去酰化tRNA从P到E。	肽酰tRNA从A到P，去酰化tRNA从P到E。			CN10-S02
CELL10-051	10_核糖体	保留核心答案；更新格式与来源	核糖体读取mRNA与肽链合成的方向分别是什么？	沿mRNA 5′→3′读取，肽链从N端向C端延长。	沿mRNA 5′→3′读取，肽链从N端向C端延长。		CNFIG0381	CN10-S02
CELL10-052	10_核糖体	保留核心答案；更新格式与来源	一次完整密码子转位对应多少个核苷酸？	3个核苷酸。	3个核苷酸。			CN10-S02
CELL10-053	10_核糖体	保留核心答案；更新格式与来源	细菌RF1和RF2分别识别哪些常规终止密码子？	RF1识别UAA/UAG；RF2识别UAA/UGA。	RF1识别UAA/UAG；RF2识别UAA/UGA。			CN10-S02
CELL10-054	10_核糖体	保留核心答案；更新格式与来源	真核eRF1常规可识别哪些终止密码子？	UAA、UAG、UGA三种。	UAA、UAG、UGA三种。			CN10-S02
CELL10-055	10_核糖体	保留核心答案；更新格式与来源	终止时水分子为什么能使肽链释放？	作为受体参与水解肽酰tRNA酯键，释放肽链羧基端。	作为受体参与水解肽酰tRNA酯键，释放肽链羧基端。			CN10-S02
CELL10-056	10_核糖体	保留核心答案；更新格式与来源	无终止密码子的mRNA为什么需要核糖体挽救机制？	核糖体可能停滞，需释放肽链并回收翻译机器。	核糖体可能停滞，需释放肽链并回收翻译机器。			CN10-S02
CELL10-057	10_核糖体	保留核心答案；更新格式与来源	氨酰tRNA合成酶保证的是哪一层准确性？	把正确氨基酸接到对应tRNA上，并可进行编辑校正。	把正确氨基酸接到对应tRNA上，并可进行编辑校正。			CN10-S02
CELL10-058	10_核糖体	保留核心答案；更新格式与来源	为什么正确的密码子—反密码子配对仍不足以保证氨基酸正确？	若tRNA错误充氨，配对正确仍可能递送错误氨基酸。	若tRNA错误充氨，配对正确仍可能递送错误氨基酸。			CN10-S02
CELL10-059	10_核糖体	保留核心答案；更新格式与来源	氨酰化与延伸中的GTP水解如何区分能量用途？	ATP参与tRNA充氨；GTP主要参与递送、选择及转位等。	ATP参与tRNA充氨；GTP主要参与递送、选择及转位等。			CN10-S02
CELL10-060	10_核糖体	保留核心答案；更新格式与来源	肽键形成为什么不宜写为直接消耗一分子ATP？	能量来自氨酰tRNA活化酯键，直接催化步骤不这样消耗ATP。	能量来自氨酰tRNA活化酯键，直接催化步骤不这样消耗ATP。			CN10-S02
CELL10-061	10_核糖体	保留核心答案；更新格式与来源	多核糖体是什么？	多个核糖体同时翻译同一条mRNA形成的复合体。	多个核糖体同时翻译同一条mRNA形成的复合体。		CNFIG0295	CN10-S02
CELL10-062	10_核糖体	保留核心答案；更新格式与来源	多核糖体如何提高蛋白质生产效率？	同一模板并行产生多条肽链，提高模板利用率。	同一模板并行产生多条肽链，提高模板利用率。			CN10-S02
CELL10-063	10_核糖体	保留核心答案；更新格式与来源	多核糖体上的多个核糖体是否合成同一条共同肽链？	否。各自延伸自己的肽链，通常编码同一种产物。	否。各自延伸自己的肽链，通常编码同一种产物。			CN10-S02
CELL10-064	10_核糖体	保留核心答案；更新格式与来源	多核糖体越重是否一定表示蛋白质合成越快？	否。也可能来自延伸停滞，需测新生肽链及运行状态。	否。也可能来自延伸停滞，需测新生肽链及运行状态。			CN10-S02
CELL10-065	10_核糖体	保留核心答案；更新格式与来源	同一mRNA上核糖体数为何不能只由mRNA长度决定？	还受起始频率、延伸速度、终止和停滞等影响。	还受起始频率、延伸速度、终止和停滞等影响。			CN10-S02
CELL10-066	10_核糖体	保留核心答案；更新格式与来源	原核转录与翻译为何常可耦联？	无核膜将两过程分隔，新生mRNA可供核糖体结合。	无核膜将两过程分隔，新生mRNA可供核糖体结合。			CN10-S02
CELL10-067	10_核糖体	保留核心答案；更新格式与来源	给定肽链300aa、平均延伸5aa/s，忽略起止耗时需多久？	300÷5=60s；这是给定条件下单条链的延伸时间。	300÷5=60s；这是给定条件下单条链的延伸时间。			CN10-S02
CELL10-068	10_核糖体	保留核心答案；更新格式与来源	若抑制起始但既有核糖体继续延伸，多核糖体会怎样变化？	既有核糖体逐渐跑完，负载随时间下降，具体依延伸和停滞。	既有核糖体逐渐跑完，负载随时间下降，具体依延伸和停滞。			CN10-S02
CELL10-069	10_核糖体	保留核心答案；更新格式与来源	改变SD序列后翻译降低但mRNA量不变，支持什么解释？	支持起始定位或效率改变；还需排除mRNA结构等因素。	支持起始定位或效率改变；还需排除mRNA结构等因素。			CN10-S02
CELL10-070	10_核糖体	保留核心答案；更新格式与来源	核糖体RNA催化为何支持但不能单独证实RNA世界历史？	显示RNA可执行关键催化；历史起源仍是假说，需要多种证据。	显示RNA可执行关键催化；历史起源仍是假说，需要多种证据。		CNFIG0337	CN10-S02
CELL10-E001	10_核糖体	新增	若 tRNA 带着错误氨基酸却有正确反密码子，核糖体为什么通常不能修正这个错误？		核糖体主要检查密码子-反密码子配对，不直接全面识别所带氨基酸；氨酰-tRNA 合成酶的识别和编辑是上游准确性保障。	应把充电校对与核糖体解码校对分开。	ENFIG0781	EN06-H028-H034
CELL10-E002	10_核糖体	新增	翻译延伸时，肽链为何由 P 位 tRNA 转移到 A 位 tRNA？		A 位氨酰-tRNA 的氨基攻击 P 位肽酰-tRNA 的酯键，生成更长的 A 位肽酰-tRNA；随后转位进入 P 位，空 tRNA 经 E 位离开。	起始 tRNA 直接进入 P 位是起始阶段的特征，不应套用延伸 A 位进入规则。	ENFIG0794,CNFIG0285	EN06-H035-H035,EN06-H036-H038,CN10-S02
CELL10-E003	10_核糖体	新增	每延伸一个氨基酸通常需要哪四个高能磷酸键当量？		氨酰化 ATP→AMP 消耗两个当量；氨酰-tRNA 递送与转位各用一个 GTP，共约四个当量。	这是典型延伸加充电的预算；不包括起始、终止及错误校对额外消耗。肽键直接能量来自氨酰/肽酰-tRNA 的活化酯键。		EN06-H036-H038
CELL10-E004	10_核糖体	新增	为什么说核糖体是核酶，仍不能说核糖体蛋白无作用？		肽酰转移中心的关键催化结构由 rRNA 构成；核糖体蛋白帮助 rRNA 折叠、装配、稳定和调控，支持整机功能。	催化中心的组成与整个机器的必要组分不是同一概念。	ENFIG0797	EN06-H039-H039
CELL10-E005	10_核糖体	新增	提前终止密码子与核糖体长时间停滞，为何需要不同的质量控制识别？		NMD 识别异常终止情境并促相应 mRNA 降解；停滞相关通路可处理碰撞/阻滞核糖体，拆分救援并清除不完整新生链和问题 RNA。	不是所有短蛋白都触发 NMD，也不是所有暂停都属于病理停滞。	ENFIG0807,ENFIG0808	EN06-H040-H046
CELL10-E006	10_核糖体	新增	体外筛选得到能催化反应的 RNA，能为 RNA 世界假说提供何种支持？		说明 RNA 可同时携带序列信息和具催化能力，使“先有 RNA 型复制/催化系统”在化学功能上更可行。	现代筛选实验不是直接重现生命起源，不能单独证明历史上必经唯一 RNA 世界阶段。	ENFIG0826	EN06-H053-H061
CELL10-E007	10_核糖体	新增	缺铁时 IRP 结合 ferritin 的 5′ UTR 与 transferrin receptor 的 3′ UTR，为何结果相反？		5′ UTR 结合抑制 ferritin 翻译起始，减少储铁；3′ UTR 结合保护转铁蛋白受体 mRNA，使其更稳定，增加铁摄取能力。	位点在 RNA 上的位置与上下游机器不同，所以同一调节蛋白不一定产生同方向效应。	ENFIG0949	EN07-H067-H073
CELL10-E008	10_核糖体	新增	eIF2α 被磷酸化为何使多数起始下降，却可促进 ATF4 等特定翻译？		磷酸化 eIF2 结合并限制 eIF2B 交换活性，减少三元复合体；含特定 uORF 的 mRNA 可因重新起始时机改变而增加主 ORF 翻译。	例外需具体 uORF 架构；不能说所有 uORF mRNA 都上调。	ENFIG0946	EN07-H067-H073
CELL10-E009	10_核糖体	新增	RNA 聚合酶前进时若不能自由旋转，为什么通常在前方产生正、后方产生负超螺旋？		聚合酶沿 DNA 螺旋移动造成扭转应力：前方双螺旋趋向过度缠绕，后方趋向不足缠绕；拓扑异构酶可释放应力。	结论依 DNA 与聚合酶的旋转约束；完全自由旋转或断开的 DNA 情形不同。		EN06-EXERCISES
CELL10-E010	10_核糖体	新增	从 mRNA 到功能蛋白，分层说明翻译准确性和质量控制，不能只讨论核糖体配对。（闭卷 8—10 分钟，按 10 分自评）		合成酶选择和编辑正确充电（2分）；密码子配对、诱导契合与延伸因子校对（2分）；异常终止/NMD（2分）；停滞核糖体救援和新生链处理（2分）；折叠、装配与蛋白降解共同决定功能产物（2分）。	这是依据本章教材重组的练习，不标作上海大学真实历年考题；可先写提纲，再连成机制论述。		CN10-S02,EN06-H028-H034,EN06-H036-H038,EN06-H040-H046
CELL11-001	11_细胞信号转导	保留核心答案；更新格式与来源	内分泌通信的主要传递方式是什么？	信号经循环等到达较远靶细胞。	信号经循环等到达较远靶细胞。		CNFIG0279	CN11-S01
CELL11-002	11_细胞信号转导	保留核心答案；更新格式与来源	内分泌通信怎样限制或选择作用对象？	靶细胞需有受体和可应答的内部机制。	靶细胞需有受体和可应答的内部机制。			CN11-S01
CELL11-003	11_细胞信号转导	保留核心答案；更新格式与来源	旁分泌通信的主要传递方式是什么？	局部介质作用于附近细胞。	局部介质作用于附近细胞。			CN11-S01
CELL11-004	11_细胞信号转导	保留核心答案；更新格式与来源	旁分泌通信怎样限制或选择作用对象？	扩散、降解和细胞外结合共同限制范围。	扩散、降解和细胞外结合共同限制范围。			CN11-S01
CELL11-005	11_细胞信号转导	保留核心答案；更新格式与来源	自分泌通信的主要传递方式是什么？	信号细胞自身也是应答对象。	信号细胞自身也是应答对象。			CN11-S01
CELL11-006	11_细胞信号转导	保留核心答案；更新格式与来源	自分泌通信怎样限制或选择作用对象？	表达相应受体才可构成自反馈。	表达相应受体才可构成自反馈。			CN11-S01
CELL11-007	11_细胞信号转导	保留核心答案；更新格式与来源	化学突触通信的主要传递方式是什么？	神经末梢局部释放递质到突触后细胞。	神经末梢局部释放递质到突触后细胞。			CN11-S01
CELL11-008	11_细胞信号转导	保留核心答案；更新格式与来源	化学突触通信怎样限制或选择作用对象？	连接位置与受体决定高度定向的作用。	连接位置与受体决定高度定向的作用。			CN11-S01
CELL11-009	11_细胞信号转导	保留核心答案；更新格式与来源	接触依赖通信的主要传递方式是什么？	膜配体与相邻细胞的膜受体结合。	膜配体与相邻细胞的膜受体结合。			CN11-S01
CELL11-010	11_细胞信号转导	保留核心答案；更新格式与来源	接触依赖通信怎样限制或选择作用对象？	要求适当接触，典型如Delta—Notch。	要求适当接触，典型如Delta—Notch。			CN11-S01
CELL11-011	11_细胞信号转导	保留核心答案；更新格式与来源	配体门控通道受体怎样启动胞内应答？	配体结合直接改变离子通道开放状态。	配体结合直接改变离子通道开放状态。			CN11-S01
CELL11-012	11_细胞信号转导	保留核心答案；更新格式与来源	配体门控通道受体的机制怎样区别于其他表面受体？	不需先经三聚体G蛋白激活该通道。	不需先经三聚体G蛋白激活该通道。			CN11-S01
CELL11-013	11_细胞信号转导	保留核心答案；更新格式与来源	G蛋白偶联受体怎样启动胞内应答？	受体激活相应G蛋白，再调节效应器。	受体激活相应G蛋白，再调节效应器。			CN11-S01
CELL11-014	11_细胞信号转导	保留核心答案；更新格式与来源	G蛋白偶联受体的机制怎样区别于其他表面受体？	典型为七次跨膜，受体与效应酶并非同一分子。	典型为七次跨膜，受体与效应酶并非同一分子。		CNFIG0367,CNFIG0341	CN11-S01,CN11-S02
CELL11-015	11_细胞信号转导	保留核心答案；更新格式与来源	酶联受体怎样启动胞内应答？	受体自身或相关联的酶活性参与信号。	受体自身或相关联的酶活性参与信号。			CN11-S01
CELL11-016	11_细胞信号转导	保留核心答案；更新格式与来源	酶联受体的机制怎样区别于其他表面受体？	酶可为内在激酶，也可为受体结合的JAK等。	酶可为内在激酶，也可为受体结合的JAK等。			CN11-S01
CELL11-017	11_细胞信号转导	保留核心答案；更新格式与来源	第一信使在信号系统中表示什么？	供受体识别的胞外信号等输入。	供受体识别的胞外信号等输入。			CN11-S01
CELL11-018	11_细胞信号转导	保留核心答案；更新格式与来源	第一信使为什么不宜与下游效应混为一谈？	输入相同不保证不同细胞有相同应答。	输入相同不保证不同细胞有相同应答。		CNFIG0360	CN11-S01
CELL11-019	11_细胞信号转导	保留核心答案；更新格式与来源	第二信使在信号系统中表示什么？	胞内浓度变化传递信息的小分子或离子。	胞内浓度变化传递信息的小分子或离子。		CNFIG0323	CN11-S01
CELL11-020	11_细胞信号转导	保留核心答案；更新格式与来源	第二信使为什么不宜与下游效应混为一谈？	如cAMP、IP3、Ca2+；PKA等蛋白不是第二信使。	如cAMP、IP3、Ca2+；PKA等蛋白不是第二信使。			CN11-S01
CELL11-021	11_细胞信号转导	保留核心答案；更新格式与来源	受体结合亲和力在信号系统中表示什么？	受体与配体结合的倾向。	受体与配体结合的倾向。			CN11-S01
CELL11-022	11_细胞信号转导	保留核心答案；更新格式与来源	受体结合亲和力为什么不宜与下游效应混为一谈？	亲和力不等于最大细胞效应或受体总数量。	亲和力不等于最大细胞效应或受体总数量。			CN11-S01
CELL11-023	11_细胞信号转导	保留核心答案；更新格式与来源	受体结合特异性在信号系统中表示什么？	偏好识别一定配体的性质。	偏好识别一定配体的性质。			CN11-S01
CELL11-024	11_细胞信号转导	保留核心答案；更新格式与来源	受体结合特异性为什么不宜与下游效应混为一谈？	同一配体仍可作用于不同受体亚型。	同一配体仍可作用于不同受体亚型。			CN11-S01
CELL11-025	11_细胞信号转导	保留核心答案；更新格式与来源	SH2结构域通常识别哪类信息？	特定磷酸酪氨酸及其周围序列。	特定磷酸酪氨酸及其周围序列。			CN11-S01
CELL11-026	11_细胞信号转导	保留核心答案；更新格式与来源	SH2结构域怎样帮助信号蛋白装配？	使相应蛋白结合受体等磷酸化位点。	使相应蛋白结合受体等磷酸化位点。			CN11-S01
CELL11-027	11_细胞信号转导	保留核心答案；更新格式与来源	SH3结构域通常识别哪类信息？	特定富含脯氨酸的基序。	特定富含脯氨酸的基序。			CN11-S01
CELL11-028	11_细胞信号转导	保留核心答案；更新格式与来源	SH3结构域怎样帮助信号蛋白装配？	帮助接头蛋白与Sos等蛋白相互连接。	帮助接头蛋白与Sos等蛋白相互连接。			CN11-S01
CELL11-029	11_细胞信号转导	保留核心答案；更新格式与来源	PH结构域通常识别哪类信息？	部分成员识别特定肌醇磷脂等。	部分成员识别特定肌醇磷脂等。			CN11-S01
CELL11-030	11_细胞信号转导	保留核心答案；更新格式与来源	PH结构域怎样帮助信号蛋白装配？	定位信号蛋白；不能说全部PH都只结合PIP3。	定位信号蛋白；不能说全部PH都只结合PIP3。			CN11-S01,EN15-H031-H054
CELL11-031	11_细胞信号转导	保留核心答案；更新格式与来源	FYVE结构域通常识别哪类信息？	常识别PI3P。	常识别PI3P。			CN11-S01
CELL11-032	11_细胞信号转导	保留核心答案；更新格式与来源	FYVE结构域怎样帮助信号蛋白装配？	帮助某些蛋白定位到相应内体膜区。	帮助某些蛋白定位到相应内体膜区。			CN11-S01
CELL11-033	11_细胞信号转导	保留核心答案；更新格式与来源	简单一位点结合模型中Kd的表达式是什么？	Kd=[R][L]/[RL]，浓度指平衡时自由组分及复合物。	Kd=[R][L]/[RL]，浓度指平衡时自由组分及复合物。			CN11-S01
CELL11-034	11_细胞信号转导	保留核心答案；更新格式与来源	在简单独立位点模型中，[L]=Kd时受体占据比例是多少？	θ=[L]/(Kd+[L])=1/2；不适用于任意协同模型。	θ=[L]/(Kd+[L])=1/2；不适用于任意协同模型。			CN11-S01
CELL11-035	11_细胞信号转导	保留核心答案；更新格式与来源	同一简单模型中Kd从10nM降到1nM，结合亲和力怎样变？	升高；较低自由配体浓度即可达到相同占据比例。	升高；较低自由配体浓度即可达到相同占据比例。			CN11-S01
CELL11-036	11_细胞信号转导	保留核心答案；更新格式与来源	磷酸化是否一定使靶蛋白活化？	否。可激活、抑制或改变定位与结合，依蛋白和位点。	否。可激活、抑制或改变定位与结合，依蛋白和位点。		CNFIG0380	CN11-S01
CELL11-037	11_细胞信号转导	保留核心答案；更新格式与来源	信号级联为什么能出现放大？	一个活化组分可反复作用于多个下游底物。	一个活化组分可反复作用于多个下游底物。			CN11-S01
CELL11-038	11_细胞信号转导	保留核心答案；更新格式与来源	支架蛋白为什么可能提高通路特异性？	把特定组分在时空上聚集，限制非目标相互作用。	把特定组分在时空上聚集，限制非目标相互作用。		CNFIG0288	CN11-S01
CELL11-039	11_细胞信号转导	保留核心答案；更新格式与来源	同一激素使两种细胞产生不同效应，至少要比较哪些因素？	受体亚型、胞内信号组分、效应底物及细胞状态。	受体亚型、胞内信号组分、效应底物及细胞状态。			CN11-S01
CELL11-040	11_细胞信号转导	保留核心答案；更新格式与来源	快速代谢反应与较慢基因表达反应的主要时间差来自哪里？	已有蛋白活性可迅速改变；转录、翻译及产物积累通常需更久。	已有蛋白活性可迅速改变；转录、翻译及产物积累通常需更久。		CNFIG0374	CN11-S01
CELL11-041	11_细胞信号转导	保留核心答案；更新格式与来源	活化GPCR在典型三聚体G蛋白循环中做什么？	促进Gα的GDP释放和GTP结合。	促进Gα的GDP释放和GTP结合。		CNFIG0355	CN11-S02
CELL11-042	11_细胞信号转导	保留核心答案；更新格式与来源	活化GPCR怎样影响信号开启或关闭？	相当于相应G蛋白的交换促进环节。	相当于相应G蛋白的交换促进环节。			CN11-S02
CELL11-043	11_细胞信号转导	保留核心答案；更新格式与来源	Gα-GTP在典型三聚体G蛋白循环中做什么？	与相应效应器发生调节性作用。	与相应效应器发生调节性作用。			CN11-S02
CELL11-044	11_细胞信号转导	保留核心答案；更新格式与来源	Gα-GTP怎样影响信号开启或关闭？	是典型活化状态，随后水解有助终止。	是典型活化状态，随后水解有助终止。			CN11-S02
CELL11-045	11_细胞信号转导	保留核心答案；更新格式与来源	Gα-GDP在典型三聚体G蛋白循环中做什么？	与βγ重新形成静息复合体。	与βγ重新形成静息复合体。			CN11-S02
CELL11-046	11_细胞信号转导	保留核心答案；更新格式与来源	Gα-GDP怎样影响信号开启或关闭？	通常不再按原活化方式调节效应器。	通常不再按原活化方式调节效应器。			CN11-S02
CELL11-047	11_细胞信号转导	保留核心答案；更新格式与来源	Gβγ在典型三聚体G蛋白循环中做什么？	作为稳定二聚体参与调控。	作为稳定二聚体参与调控。		CNFIG0284	CN11-S02
CELL11-048	11_细胞信号转导	保留核心答案；更新格式与来源	Gβγ怎样影响信号开启或关闭？	也可直接调节通道等，不只是被动结构亚基。	也可直接调节通道等，不只是被动结构亚基。			CN11-S02
CELL11-049	11_细胞信号转导	保留核心答案；更新格式与来源	Gα内在GTP酶在典型三聚体G蛋白循环中做什么？	把结合的GTP水解为GDP。	把结合的GTP水解为GDP。			CN11-S02
CELL11-050	11_细胞信号转导	保留核心答案；更新格式与来源	Gα内在GTP酶怎样影响信号开启或关闭？	为信号关闭提供机制。	为信号关闭提供机制。			CN11-S02
CELL11-051	11_细胞信号转导	保留核心答案；更新格式与来源	RGS蛋白在典型三聚体G蛋白循环中做什么？	促进某些Gα的GTP水解。	促进某些Gα的GTP水解。			CN11-S02
CELL11-052	11_细胞信号转导	保留核心答案；更新格式与来源	RGS蛋白怎样影响信号开启或关闭？	缩短信号持续时间，区别于促进GDP交换。	缩短信号持续时间，区别于促进GDP交换。			CN11-S02
CELL11-053	11_细胞信号转导	保留核心答案；更新格式与来源	G蛋白脂锚在典型三聚体G蛋白循环中做什么？	把相关亚基联系在膜胞质面。	把相关亚基联系在膜胞质面。			CN11-S02
CELL11-054	11_细胞信号转导	保留核心答案；更新格式与来源	G蛋白脂锚怎样影响信号开启或关闭？	使其接近受体和膜效应器。	使其接近受体和膜效应器。			CN11-S02
CELL11-055	11_细胞信号转导	保留核心答案；更新格式与来源	Gsα典型调节哪类效应器？	刺激腺苷酸环化酶。	刺激腺苷酸环化酶。			CN11-S02
CELL11-056	11_细胞信号转导	保留核心答案；更新格式与来源	Gsα典型怎样改变第二信使？	常提高cAMP。	常提高cAMP。			CN11-S02
CELL11-057	11_细胞信号转导	保留核心答案；更新格式与来源	Gsα与其他G蛋白怎样辨别？	与Gi对该效应酶的调节方向不同。	与Gi对该效应酶的调节方向不同。			CN11-S02
CELL11-058	11_细胞信号转导	保留核心答案；更新格式与来源	Giα典型调节哪类效应器？	抑制相应腺苷酸环化酶。	抑制相应腺苷酸环化酶。		CNFIG0365,CNFIG0329	CN11-S02
CELL11-059	11_细胞信号转导	保留核心答案；更新格式与来源	Giα典型怎样改变第二信使？	常降低受其控制的cAMP生成。	常降低受其控制的cAMP生成。			CN11-S02
CELL11-060	11_细胞信号转导	保留核心答案；更新格式与来源	Giα与其他G蛋白怎样辨别？	Gi活化后βγ还可调节GIRK等通道。	Gi活化后βγ还可调节GIRK等通道。			CN11-S02
CELL11-061	11_细胞信号转导	保留核心答案；更新格式与来源	Gqα典型调节哪类效应器？	激活PLCβ。	激活PLCβ。			CN11-S02
CELL11-062	11_细胞信号转导	保留核心答案；更新格式与来源	Gqα典型怎样改变第二信使？	提高IP3和DAG并动员Ca2+。	提高IP3和DAG并动员Ca2+。		CNFIG0375	CN11-S02
CELL11-063	11_细胞信号转导	保留核心答案；更新格式与来源	Gqα与其他G蛋白怎样辨别？	区别于Gs主要调节cAMP的通路。	区别于Gs主要调节cAMP的通路。			CN11-S02
CELL11-064	11_细胞信号转导	保留核心答案；更新格式与来源	Gt/传导素典型调节哪类效应器？	在视杆细胞激活cGMP磷酸二酯酶。	在视杆细胞激活cGMP磷酸二酯酶。		CNFIG0303	CN11-S02
CELL11-065	11_细胞信号转导	保留核心答案；更新格式与来源	Gt/传导素典型怎样改变第二信使？	使cGMP下降。	使cGMP下降。			CN11-S02
CELL11-066	11_细胞信号转导	保留核心答案；更新格式与来源	Gt/传导素与其他G蛋白怎样辨别？	光反应是关闭相关阳离子通道并超极化。	光反应是关闭相关阳离子通道并超极化。			CN11-S02
CELL11-067	11_细胞信号转导	保留核心答案；更新格式与来源	腺苷酸环化酶AC在cAMP通路中的作用是什么？	催化ATP形成cAMP。	催化ATP形成cAMP。		CNFIG0335	CN11-S02
CELL11-068	11_细胞信号转导	保留核心答案；更新格式与来源	腺苷酸环化酶AC怎样连接输入与应答？	受相关G蛋白等调节，决定生成环节。	受相关G蛋白等调节，决定生成环节。			CN11-S02
CELL11-069	11_细胞信号转导	保留核心答案；更新格式与来源	cAMP磷酸二酯酶PDE在cAMP通路中的作用是什么？	水解cAMP形成5′-AMP。	水解cAMP形成5′-AMP。			CN11-S02
CELL11-070	11_细胞信号转导	保留核心答案；更新格式与来源	cAMP磷酸二酯酶PDE怎样连接输入与应答？	降低第二信使并帮助终止信号。	降低第二信使并帮助终止信号。			CN11-S02
CELL11-071	11_细胞信号转导	保留核心答案；更新格式与来源	PKA调节亚基在cAMP通路中的作用是什么？	结合cAMP并调节催化亚基。	结合cAMP并调节催化亚基。		CNFIG0368	CN11-S02
CELL11-072	11_细胞信号转导	保留核心答案；更新格式与来源	PKA调节亚基怎样连接输入与应答？	典型R2C2体系解除催化亚基抑制。	典型R2C2体系解除催化亚基抑制。			CN11-S02
CELL11-073	11_细胞信号转导	保留核心答案；更新格式与来源	PKA催化亚基在cAMP通路中的作用是什么？	磷酸化相应Ser/Thr底物。	磷酸化相应Ser/Thr底物。			CN11-S02
CELL11-074	11_细胞信号转导	保留核心答案；更新格式与来源	PKA催化亚基怎样连接输入与应答？	不同细胞底物不同，因此效应不必相同。	不同细胞底物不同，因此效应不必相同。			CN11-S02
CELL11-075	11_细胞信号转导	保留核心答案；更新格式与来源	糖原磷酸化酶激酶在cAMP通路中的作用是什么？	激活糖原磷酸化酶。	激活糖原磷酸化酶。		CNFIG0344	CN11-S02
CELL11-076	11_细胞信号转导	保留核心答案；更新格式与来源	糖原磷酸化酶激酶怎样连接输入与应答？	参与PKA促进糖原分解的级联。	参与PKA促进糖原分解的级联。			CN11-S02
CELL11-077	11_细胞信号转导	保留核心答案；更新格式与来源	CREB在cAMP通路中的作用是什么？	参与cAMP应答基因的转录调控。	参与cAMP应答基因的转录调控。		CNFIG0320	CN11-S02
CELL11-078	11_细胞信号转导	保留核心答案；更新格式与来源	CREB怎样连接输入与应答？	其磷酸化及共激活因子招募连接PKA与转录。	其磷酸化及共激活因子招募连接PKA与转录。			CN11-S02
CELL11-079	11_细胞信号转导	保留核心答案；更新格式与来源	膜PIP2在PLC/Ca2+信号中做什么？	作为PLC切割的底物。	作为PLC切割的底物。		CNFIG0324	CN11-S02
CELL11-080	11_细胞信号转导	保留核心答案；更新格式与来源	膜PIP2的作用为什么有位置或条件要求？	生成可扩散IP3和膜上DAG两类信使。	生成可扩散IP3和膜上DAG两类信使。			CN11-S02
CELL11-081	11_细胞信号转导	保留核心答案；更新格式与来源	IP3在PLC/Ca2+信号中做什么？	结合ER上的IP3受体促Ca2+释放。	结合ER上的IP3受体促Ca2+释放。			CN11-S02
CELL11-082	11_细胞信号转导	保留核心答案；更新格式与来源	IP3的作用为什么有位置或条件要求？	作用依受体、钙库和胞内环境，非直接把钙泵入胞质。	作用依受体、钙库和胞内环境，非直接把钙泵入胞质。			CN11-S02
CELL11-083	11_细胞信号转导	保留核心答案；更新格式与来源	DAG在PLC/Ca2+信号中做什么？	保留于膜并参与活化相应PKC。	保留于膜并参与活化相应PKC。			CN11-S02
CELL11-084	11_细胞信号转导	保留核心答案；更新格式与来源	DAG的作用为什么有位置或条件要求？	信号限于相应膜区，也受代谢清除控制。	信号限于相应膜区，也受代谢清除控制。			CN11-S02
CELL11-085	11_细胞信号转导	保留核心答案；更新格式与来源	IP3受体在PLC/Ca2+信号中做什么？	ER膜上的受调控Ca2+通道。	ER膜上的受调控Ca2+通道。			CN11-S02
CELL11-086	11_细胞信号转导	保留核心答案；更新格式与来源	IP3受体的作用为什么有位置或条件要求？	Ca2+沿电化学梯度从钙库释放。	Ca2+沿电化学梯度从钙库释放。			CN11-S02
CELL11-087	11_细胞信号转导	保留核心答案；更新格式与来源	钙调蛋白CaM在PLC/Ca2+信号中做什么？	结合Ca2+并调节多种靶蛋白。	结合Ca2+并调节多种靶蛋白。			CN11-S02
CELL11-088	11_细胞信号转导	保留核心答案；更新格式与来源	钙调蛋白CaM的作用为什么有位置或条件要求？	是钙感受蛋白，不是Ca2+泵或第二信使本身。	是钙感受蛋白，不是Ca2+泵或第二信使本身。			CN11-S02
CELL11-089	11_细胞信号转导	保留核心答案；更新格式与来源	CaM激酶在PLC/Ca2+信号中做什么？	响应Ca2+/CaM并磷酸化靶底物。	响应Ca2+/CaM并磷酸化靶底物。			CN11-S02
CELL11-090	11_细胞信号转导	保留核心答案；更新格式与来源	CaM激酶的作用为什么有位置或条件要求？	其活化和保持程度依具体成员。	其活化和保持程度依具体成员。			CN11-S02
CELL11-091	11_细胞信号转导	保留核心答案；更新格式与来源	传统型PKC在PLC/Ca2+信号中做什么？	响应DAG、Ca2+及相关膜脂条件。	响应DAG、Ca2+及相关膜脂条件。			CN11-S02
CELL11-092	11_细胞信号转导	保留核心答案；更新格式与来源	传统型PKC的作用为什么有位置或条件要求？	不可把传统型依赖写为所有PKC亚型的共同要求。	不可把传统型依赖写为所有PKC亚型的共同要求。			CN11-S02
CELL11-093	11_细胞信号转导	保留核心答案；更新格式与来源	SERCA在PLC/Ca2+信号中做什么？	把Ca2+泵回ER/肌浆网。	把Ca2+泵回ER/肌浆网。		CNFIG0271	CN11-S02
CELL11-094	11_细胞信号转导	保留核心答案；更新格式与来源	SERCA的作用为什么有位置或条件要求？	恢复钙库并有助降低胞质游离Ca2+。	恢复钙库并有助降低胞质游离Ca2+。			CN11-S02
CELL11-095	11_细胞信号转导	保留核心答案；更新格式与来源	视紫红质感光的关键化学或信号事件是什么？	11-顺式视黄醛变为全反式并改变视蛋白构象。	11-顺式视黄醛变为全反式并改变视蛋白构象。			CN11-S02
CELL11-096	11_细胞信号转导	保留核心答案；更新格式与来源	视紫红质感光为什么产生相应细胞效应？	启动传导素—PDE通路，降低cGMP。	启动传导素—PDE通路，降低cGMP。			CN11-S02
CELL11-097	11_细胞信号转导	保留核心答案；更新格式与来源	暗态视杆细胞的关键化学或信号事件是什么？	相对较高cGMP保持相关阳离子通道开放。	相对较高cGMP保持相关阳离子通道开放。			CN11-S02
CELL11-098	11_细胞信号转导	保留核心答案；更新格式与来源	暗态视杆细胞为什么产生相应细胞效应？	维持暗电流；光刺激使内流减弱并超极化。	维持暗电流；光刺激使内流减弱并超极化。			CN11-S02
CELL11-099	11_细胞信号转导	保留核心答案；更新格式与来源	内皮NO生成的关键化学或信号事件是什么？	相应NOS以精氨酸为底物产生NO。	相应NOS以精氨酸为底物产生NO。			CN11-S02
CELL11-100	11_细胞信号转导	保留核心答案；更新格式与来源	内皮NO生成为什么产生相应细胞效应？	NO可扩散至邻近平滑肌并激活可溶性GC。	NO可扩散至邻近平滑肌并激活可溶性GC。			CN11-S02
CELL11-101	11_细胞信号转导	保留核心答案；更新格式与来源	NO—cGMP—PKG的关键化学或信号事件是什么？	可溶性GC形成cGMP并调节PKG。	可溶性GC形成cGMP并调节PKG。			CN11-S02
CELL11-102	11_细胞信号转导	保留核心答案；更新格式与来源	NO—cGMP—PKG为什么产生相应细胞效应？	在相应血管平滑肌中有助降低收缩、产生舒张。	在相应血管平滑肌中有助降低收缩、产生舒张。		CNFIG0354	CN11-S02
CELL11-103	11_细胞信号转导	保留核心答案；更新格式与来源	心脏M2受体如何经Gi降低起搏活动的典型提纲是什么？	受体→Gi；βγ开放GIRK等，增加K+通透并有助超极化。	受体→Gi；βγ开放GIRK等，增加K+通透并有助超极化。			CN11-S02
CELL11-104	11_细胞信号转导	保留核心答案；更新格式与来源	霍乱毒素对Gsα造成何种开关异常？	ADP核糖基化使其难以水解GTP，持续刺激AC。	ADP核糖基化使其难以水解GTP，持续刺激AC。			CN11-S02
CELL11-105	11_细胞信号转导	保留核心答案；更新格式与来源	百日咳毒素对Giα造成何种开关异常？	ADP核糖基化阻碍受体偶联，使其难以被正常激活。	ADP核糖基化阻碍受体偶联，使其难以被正常激活。			CN11-S02
CELL11-106	11_细胞信号转导	保留核心答案；更新格式与来源	Gs的GTP水解被选择性抑制时，移除配体能否立即完全关掉该支路？	通常不能；已活化Gs可继续调节AC，需考虑其失活和信使清除。	通常不能；已活化Gs可继续调节AC，需考虑其失活和信使清除。			CN11-S02
CELL11-107	11_细胞信号转导	保留核心答案；更新格式与来源	Gi无法正常激活时，相应AC抑制支路如何变化？	抑制减弱；总体cAMP还取决于生成、降解和其他输入。	抑制减弱；总体cAMP还取决于生成、降解和其他输入。			CN11-S02
CELL11-108	11_细胞信号转导	保留核心答案；更新格式与来源	AC被阻断后外加可用的cAMP类似物恢复PKA应答，支持何种定位？	支持阻断位于cAMP生成上游或该环节，不能单凭救援确定药物直接靶点。	支持阻断位于cAMP生成上游或该环节，不能单凭救援确定药物直接靶点。			CN11-S02
CELL11-109	11_细胞信号转导	保留核心答案；更新格式与来源	在持续生成cAMP的条件下抑制PDE，cAMP清除和信号时程如何变化？	清除减弱，常使cAMP更高或作用更久，依生成及反馈情况。	清除减弱，常使cAMP更高或作用更久，依生成及反馈情况。			CN11-S02
CELL11-110	11_细胞信号转导	保留核心答案；更新格式与来源	抑制PLCβ时为什么不能断言所有Ca2+信号消失？	其他受体、PLC亚型或钙通道仍可动员Ca2+。	其他受体、PLC亚型或钙通道仍可动员Ca2+。			CN11-S02
CELL11-111	11_细胞信号转导	保留核心答案；更新格式与来源	IP3升高但ER钙库已耗尽，胞质钙释放为何可能减弱？	通道信号仍在但可释放的储存Ca2+不足。	通道信号仍在但可释放的储存Ca2+不足。			CN11-S02
CELL11-112	11_细胞信号转导	保留核心答案；更新格式与来源	只看到胞质Ca2+升高，怎样区分胞外流入与ER释放？	控制胞外Ca2+并干预各类通道，结合钙库与时间分辨测量。	控制胞外Ca2+并干预各类通道，结合钙库与时间分辨测量。			CN11-S02
CELL11-113	11_细胞信号转导	保留核心答案；更新格式与来源	光刺激时选择性阻断视杆PDE，正常超极化反应为何可能减弱？	cGMP难以下降，相关阳离子通道关闭减弱。	cGMP难以下降，相关阳离子通道关闭减弱。			CN11-S02
CELL11-114	11_细胞信号转导	保留核心答案；更新格式与来源	可溶性GC被阻断时，NO能否仍经该cGMP支路正常作用？	该支路受阻；不能据此否定NO的所有其他效应。	该支路受阻；不能据此否定NO的所有其他效应。			CN11-S02
CELL11-115	11_细胞信号转导	保留核心答案；更新格式与来源	钙振荡为何可携带比单一平均浓度更多的信息？	频率、幅度和空间位置可被不同响应系统读取。	频率、幅度和空间位置可被不同响应系统读取。			CN11-S02
CELL11-116	11_细胞信号转导	保留核心答案；更新格式与来源	RTK胞外域在RTK—Ras—MAPK支路中做什么？	识别相应配体。	识别相应配体。			CN11-S03
CELL11-117	11_细胞信号转导	保留核心答案；更新格式与来源	RTK胞外域怎样保证通路连接或调节？	配体促进二聚体或既有复合体的活化构象。	配体促进二聚体或既有复合体的活化构象。			CN11-S03
CELL11-118	11_细胞信号转导	保留核心答案；更新格式与来源	RTK激酶域在RTK—Ras—MAPK支路中做什么？	磷酸化特定酪氨酸位点。	磷酸化特定酪氨酸位点。		CNFIG0330	CN11-S03
CELL11-119	11_细胞信号转导	保留核心答案；更新格式与来源	RTK激酶域怎样保证通路连接或调节？	调节酶活性并建立信号蛋白锚定位点。	调节酶活性并建立信号蛋白锚定位点。			CN11-S03
CELL11-120	11_细胞信号转导	保留核心答案；更新格式与来源	RTK磷酸酪氨酸在RTK—Ras—MAPK支路中做什么？	供特定SH2等结构域识别。	供特定SH2等结构域识别。		CNFIG0377	CN11-S03
CELL11-121	11_细胞信号转导	保留核心答案；更新格式与来源	RTK磷酸酪氨酸怎样保证通路连接或调节？	不同位点可招募不同下游，产生分支。	不同位点可招募不同下游，产生分支。			CN11-S03
CELL11-122	11_细胞信号转导	保留核心答案；更新格式与来源	Grb2在RTK—Ras—MAPK支路中做什么？	以SH2连接磷酸位点，以SH3连接Sos等。	以SH2连接磷酸位点，以SH3连接Sos等。		CNFIG0286	CN11-S03
CELL11-123	11_细胞信号转导	保留核心答案；更新格式与来源	Grb2怎样保证通路连接或调节？	为接头蛋白，不需自身催化反应即可传递组织信息。	为接头蛋白，不需自身催化反应即可传递组织信息。			CN11-S03
CELL11-124	11_细胞信号转导	保留核心答案；更新格式与来源	Sos在RTK—Ras—MAPK支路中做什么？	作为Ras的GEF促进GDP/GTP交换。	作为Ras的GEF促进GDP/GTP交换。		CNFIG0342	CN11-S03
CELL11-125	11_细胞信号转导	保留核心答案；更新格式与来源	Sos怎样保证通路连接或调节？	把受体复合体装配连接到Ras活化。	把受体复合体装配连接到Ras活化。			CN11-S03
CELL11-126	11_细胞信号转导	保留核心答案；更新格式与来源	Ras-GTP在RTK—Ras—MAPK支路中做什么？	结合并调节Raf等效应器。	结合并调节Raf等效应器。			CN11-S03
CELL11-127	11_细胞信号转导	保留核心答案；更新格式与来源	Ras-GTP怎样保证通路连接或调节？	Ras是小GTP酶，不是三聚体Gα或蛋白激酶。	Ras是小GTP酶，不是三聚体Gα或蛋白激酶。			CN11-S03
CELL11-128	11_细胞信号转导	保留核心答案；更新格式与来源	Ras-GAP在RTK—Ras—MAPK支路中做什么？	促进Ras水解GTP。	促进Ras水解GTP。			CN11-S03
CELL11-129	11_细胞信号转导	保留核心答案；更新格式与来源	Ras-GAP怎样保证通路连接或调节？	帮助关闭信号，区别于GEF的开启环节。	帮助关闭信号，区别于GEF的开启环节。			CN11-S03
CELL11-130	11_细胞信号转导	保留核心答案；更新格式与来源	Raf在RTK—Ras—MAPK支路中做什么？	经典该支路的MAPKKK。	经典该支路的MAPKKK。			CN11-S03
CELL11-131	11_细胞信号转导	保留核心答案；更新格式与来源	Raf怎样保证通路连接或调节？	磷酸化并活化MEK。	磷酸化并活化MEK。			CN11-S03
CELL11-132	11_细胞信号转导	保留核心答案；更新格式与来源	MEK在RTK—Ras—MAPK支路中做什么？	经典该支路的MAPKK。	经典该支路的MAPKK。		CNFIG0332	CN11-S03
CELL11-133	11_细胞信号转导	保留核心答案；更新格式与来源	MEK怎样保证通路连接或调节？	磷酸化并活化ERK。	磷酸化并活化ERK。			CN11-S03
CELL11-134	11_细胞信号转导	保留核心答案；更新格式与来源	ERK在RTK—Ras—MAPK支路中做什么？	经典该支路的MAPK。	经典该支路的MAPK。			CN11-S03
CELL11-135	11_细胞信号转导	保留核心答案；更新格式与来源	ERK怎样保证通路连接或调节？	调节胞质底物和核内转录相关蛋白。	调节胞质底物和核内转录相关蛋白。			CN11-S03
CELL11-136	11_细胞信号转导	保留核心答案；更新格式与来源	典型细胞因子受体在JAK—STAT通路中做什么？	结合配体并组织相关JAK活化。	结合配体并组织相关JAK活化。			CN11-S03
CELL11-137	11_细胞信号转导	保留核心答案；更新格式与来源	典型细胞因子受体怎样区别于RTK—Ras支路的相应元件？	本身通常无内在酪氨酸激酶活性。	本身通常无内在酪氨酸激酶活性。		CNFIG0339	CN11-S03
CELL11-138	11_细胞信号转导	保留核心答案；更新格式与来源	JAK在JAK—STAT通路中做什么？	磷酸化受体相关位点和STAT等底物。	磷酸化受体相关位点和STAT等底物。			CN11-S03
CELL11-139	11_细胞信号转导	保留核心答案；更新格式与来源	JAK怎样区别于RTK—Ras支路的相应元件？	为受体相关胞质激酶，不是受体自身激酶域。	为受体相关胞质激酶，不是受体自身激酶域。		CNFIG0289	CN11-S03
CELL11-140	11_细胞信号转导	保留核心答案；更新格式与来源	STAT的SH2结构域在JAK—STAT通路中做什么？	识别相应磷酸酪氨酸并参与二聚化。	识别相应磷酸酪氨酸并参与二聚化。			CN11-S03
CELL11-141	11_细胞信号转导	保留核心答案；更新格式与来源	STAT的SH2结构域怎样区别于RTK—Ras支路的相应元件？	使受体招募与STAT活化后配对相联系。	使受体招募与STAT活化后配对相联系。			CN11-S03
CELL11-142	11_细胞信号转导	保留核心答案；更新格式与来源	活化STAT二聚体在JAK—STAT通路中做什么？	进入核内调节特定靶基因。	进入核内调节特定靶基因。			CN11-S03
CELL11-143	11_细胞信号转导	保留核心答案；更新格式与来源	活化STAT二聚体怎样区别于RTK—Ras支路的相应元件？	信号蛋白本身兼有转录调控作用。	信号蛋白本身兼有转录调控作用。		CNFIG0290	CN11-S03
CELL11-144	11_细胞信号转导	保留核心答案；更新格式与来源	不同STAT成员在JAK—STAT通路中做什么？	响应相应受体并调控不同基因集合。	响应相应受体并调控不同基因集合。			CN11-S03
CELL11-145	11_细胞信号转导	保留核心答案；更新格式与来源	不同STAT成员怎样区别于RTK—Ras支路的相应元件？	有共享结构不等于所有细胞因子效应完全相同。	有共享结构不等于所有细胞因子效应完全相同。			CN11-S03
CELL11-146	11_细胞信号转导	保留核心答案；更新格式与来源	Ⅰ类PI3K在典型Ⅰ类PI3K—Akt通路中做什么？	使膜PI(4,5)P2生成PI(3,4,5)P3。	使膜PI(4,5)P2生成PI(3,4,5)P3。			CN11-S03,EN15-H031-H054
CELL11-147	11_细胞信号转导	保留核心答案；更新格式与来源	Ⅰ类PI3K怎样影响存活或代谢支路？	提供Akt等蛋白的膜募集信息。	提供Akt等蛋白的膜募集信息。			CN11-S03,EN15-H031-H054
CELL11-148	11_细胞信号转导	保留核心答案；更新格式与来源	PIP3在典型Ⅰ类PI3K—Akt通路中做什么？	作为膜上的肌醇磷脂信号。	作为膜上的肌醇磷脂信号。			CN11-S03,EN15-H031-H054
CELL11-149	11_细胞信号转导	保留核心答案；更新格式与来源	PIP3怎样影响存活或代谢支路？	区别于PI3P，不能将名称混写。	区别于PI3P，不能将名称混写。			CN11-S03,EN15-H031-H054
CELL11-150	11_细胞信号转导	保留核心答案；更新格式与来源	Akt/PKB在典型Ⅰ类PI3K—Akt通路中做什么？	经募集和磷酸化活化的Ser/Thr激酶。	经募集和磷酸化活化的Ser/Thr激酶。			CN11-S03,EN15-H031-H054
CELL11-151	11_细胞信号转导	保留核心答案；更新格式与来源	Akt/PKB怎样影响存活或代谢支路？	作用于存活、代谢及生长相关底物。	作用于存活、代谢及生长相关底物。			CN11-S03
CELL11-152	11_细胞信号转导	保留核心答案；更新格式与来源	PDK1在典型Ⅰ类PI3K—Akt通路中做什么？	磷酸化Akt的关键苏氨酸位点。	磷酸化Akt的关键苏氨酸位点。			CN11-S03,EN15-H031-H054
CELL11-153	11_细胞信号转导	保留核心答案；更新格式与来源	PDK1怎样影响存活或代谢支路？	与mTORC2等共同参与典型Akt活化调节。	与mTORC2等共同参与典型Akt活化调节。			CN11-S03
CELL11-154	11_细胞信号转导	保留核心答案；更新格式与来源	mTORC2在典型Ⅰ类PI3K—Akt通路中做什么？	参与Akt关键丝氨酸位点磷酸化。	参与Akt关键丝氨酸位点磷酸化。		CNFIG0301	CN11-S03,EN15-H031-H054
CELL11-155	11_细胞信号转导	保留核心答案；更新格式与来源	mTORC2怎样影响存活或代谢支路？	应区别于主要促生长的mTORC1复合体。	应区别于主要促生长的mTORC1复合体。			CN11-S03
CELL11-156	11_细胞信号转导	保留核心答案；更新格式与来源	PTEN在典型Ⅰ类PI3K—Akt通路中做什么？	去除PIP3的3位磷酸形成PIP2。	去除PIP3的3位磷酸形成PIP2。			CN11-S03,EN15-H031-H054
CELL11-157	11_细胞信号转导	保留核心答案；更新格式与来源	PTEN怎样影响存活或代谢支路？	拮抗相应PI3K脂质信号，有抑癌作用。	拮抗相应PI3K脂质信号，有抑癌作用。			CN11-S03,EN15-H031-H054
CELL11-158	11_细胞信号转导	保留核心答案；更新格式与来源	TGFβⅡ型受体在经典TGFβ—Smad通路中做什么？	募集并磷酸化Ⅰ型受体。	募集并磷酸化Ⅰ型受体。		CNFIG0350	CN11-S03,EN15-H031-H054
CELL11-159	11_细胞信号转导	保留核心答案；更新格式与来源	TGFβⅡ型受体的分类或调节意义是什么？	是Ser/Thr激酶受体，不能把Ⅰ型编号混为Ⅱ型。	是Ser/Thr激酶受体，不能把Ⅰ型编号混为Ⅱ型。			CN11-S03
CELL11-160	11_细胞信号转导	保留核心答案；更新格式与来源	TGFβⅠ型受体在经典TGFβ—Smad通路中做什么？	磷酸化相应R-Smad。	磷酸化相应R-Smad。			CN11-S03,EN15-H031-H054
CELL11-161	11_细胞信号转导	保留核心答案；更新格式与来源	TGFβⅠ型受体的分类或调节意义是什么？	把受体活化连接到Smad转录调控。	把受体活化连接到Smad转录调控。			CN11-S03,EN15-H031-H054
CELL11-162	11_细胞信号转导	保留核心答案；更新格式与来源	Smad2/3在经典TGFβ—Smad通路中做什么？	是该通路的受体调节Smad。	是该通路的受体调节Smad。			CN11-S03,EN15-H031-H054
CELL11-163	11_细胞信号转导	保留核心答案；更新格式与来源	Smad2/3的分类或调节意义是什么？	活化后与Smad4等形成调控复合物。	活化后与Smad4等形成调控复合物。			CN11-S03,EN15-H031-H054
CELL11-164	11_细胞信号转导	保留核心答案；更新格式与来源	Smad4在经典TGFβ—Smad通路中做什么？	作为共Smad参与复合物形成。	作为共Smad参与复合物形成。		CNFIG0350	CN11-S03,EN15-H031-H054
CELL11-165	11_细胞信号转导	保留核心答案；更新格式与来源	Smad4的分类或调节意义是什么？	不是负责受体磷酸化的酶。	不是负责受体磷酸化的酶。			CN11-S03,EN15-H031-H054
CELL11-166	11_细胞信号转导	保留核心答案；更新格式与来源	抑制性Smad6/7在经典TGFβ—Smad通路中做什么？	抑制相应Smad信号过程。	抑制相应Smad信号过程。			CN11-S03,EN15-H031-H054
CELL11-167	11_细胞信号转导	保留核心答案；更新格式与来源	抑制性Smad6/7的分类或调节意义是什么？	可参与负反馈；importin-β是运输因子而非I-Smad。	可参与负反馈；importin-β是运输因子而非I-Smad。			CN11-S03,EN15-H031-H054
CELL11-168	11_细胞信号转导	保留核心答案；更新格式与来源	Frizzled/LRP5/6在经典Wnt—β-catenin通路中做什么？	组成相应Wnt受体体系。	组成相应Wnt受体体系。		ENFIG1810	CN11-S03
CELL11-169	11_细胞信号转导	保留核心答案；更新格式与来源	Frizzled/LRP5/6如何改变β-catenin命运或输出？	配体结合引发下游，Frizzled与LRP跨膜结构不同。	配体结合引发下游，Frizzled与LRP跨膜结构不同。			CN11-S03
CELL11-170	11_细胞信号转导	保留核心答案；更新格式与来源	Dishevelled在经典Wnt—β-catenin通路中做什么？	参与把受体输入传向胞内调控系统。	参与把受体输入传向胞内调控系统。			CN11-S03
CELL11-171	11_细胞信号转导	保留核心答案；更新格式与来源	Dishevelled如何改变β-catenin命运或输出？	有助抑制β-catenin降解程序。	有助抑制β-catenin降解程序。			CN11-S03
CELL11-172	11_细胞信号转导	保留核心答案；更新格式与来源	Axin/APC支架在经典Wnt—β-catenin通路中做什么？	组织β-catenin破坏复合物。	组织β-catenin破坏复合物。			CN11-S03
CELL11-173	11_细胞信号转导	保留核心答案；更新格式与来源	Axin/APC支架如何改变β-catenin命运或输出？	无Wnt时促进相应磷酸化和后续降解。	无Wnt时促进相应磷酸化和后续降解。		CNFIG0315,CNFIG0358	CN11-S03
CELL11-174	11_细胞信号转导	保留核心答案；更新格式与来源	GSK3/CK1在经典Wnt—β-catenin通路中做什么？	参与β-catenin的顺序磷酸化等调节。	参与β-catenin的顺序磷酸化等调节。			CN11-S03
CELL11-175	11_细胞信号转导	保留核心答案；更新格式与来源	GSK3/CK1如何改变β-catenin命运或输出？	给后续泛素化降解创造识别条件。	给后续泛素化降解创造识别条件。			CN11-S03
CELL11-176	11_细胞信号转导	保留核心答案；更新格式与来源	核内β-catenin在经典Wnt—β-catenin通路中做什么？	与TCF/LEF等协同调控转录。	与TCF/LEF等协同调控转录。			CN11-S03
CELL11-177	11_细胞信号转导	保留核心答案；更新格式与来源	核内β-catenin如何改变β-catenin命运或输出？	是转录共调控蛋白，也参与细胞黏着，功能依位置。	是转录共调控蛋白，也参与细胞黏着，功能依位置。			CN11-S03
CELL11-178	11_细胞信号转导	保留核心答案；更新格式与来源	Patched在Hedgehog通路中做什么？	结合Hh并在无配体时抑制Smoothened。	结合Hh并在无配体时抑制Smoothened。			CN11-S03,EN15-H031-H054
CELL11-179	11_细胞信号转导	保留核心答案；更新格式与来源	Patched需要怎样限定物种或机制？	为多次跨膜蛋白，不能统称七次跨膜GPCR。	为多次跨膜蛋白，不能统称七次跨膜GPCR。			CN11-S03
CELL11-180	11_细胞信号转导	保留核心答案；更新格式与来源	Smoothened在Hedgehog通路中做什么？	受Patched调控并传递下游信号。	受Patched调控并传递下游信号。			CN11-S03,EN15-H031-H054
CELL11-181	11_细胞信号转导	保留核心答案；更新格式与来源	Smoothened需要怎样限定物种或机制？	为GPCR样七次跨膜蛋白，脊椎动物定位与初级纤毛相关。	为GPCR样七次跨膜蛋白，脊椎动物定位与初级纤毛相关。			CN11-S03,EN15-H031-H054
CELL11-182	11_细胞信号转导	保留核心答案；更新格式与来源	果蝇Ci在Hedgehog通路中做什么？	在无Hh时可被加工为转录抑制形式。	在无Hh时可被加工为转录抑制形式。		CNFIG0340	CN11-S03,EN15-H031-H054
CELL11-183	11_细胞信号转导	保留核心答案；更新格式与来源	果蝇Ci需要怎样限定物种或机制？	有Hh时抑制性加工减少并促进激活输出。	有Hh时抑制性加工减少并促进激活输出。			CN11-S03,EN15-H031-H054
CELL11-184	11_细胞信号转导	保留核心答案；更新格式与来源	脊椎动物Gli在Hedgehog通路中做什么？	承担相关转录调节功能。	承担相关转录调节功能。			CN11-S03,EN15-H031-H054
CELL11-185	11_细胞信号转导	保留核心答案；更新格式与来源	脊椎动物Gli需要怎样限定物种或机制？	有不同成员和激活/抑制形式，不能直接照搬所有Ci细节。	有不同成员和激活/抑制形式，不能直接照搬所有Ci细节。			CN11-S03,EN15-H031-H054
CELL11-186	11_细胞信号转导	保留核心答案；更新格式与来源	IκB在经典NFκB通路中做什么？	结合并抑制相应NFκB。	结合并抑制相应NFκB。			CN11-S03
CELL11-187	11_细胞信号转导	保留核心答案；更新格式与来源	IκB如何改变转录调节状态？	限制其核内作用，降解后可解除抑制。	限制其核内作用，降解后可解除抑制。			CN11-S03
CELL11-188	11_细胞信号转导	保留核心答案；更新格式与来源	IKK复合物在经典NFκB通路中做什么？	磷酸化相应IκB位点。	磷酸化相应IκB位点。			CN11-S03
CELL11-189	11_细胞信号转导	保留核心答案；更新格式与来源	IKK复合物如何改变转录调节状态？	促进其被泛素化并由蛋白酶体降解。	促进其被泛素化并由蛋白酶体降解。			CN11-S03
CELL11-190	11_细胞信号转导	保留核心答案；更新格式与来源	NFκB核转位在经典NFκB通路中做什么？	释放后进入核内结合调控靶基因。	释放后进入核内结合调控靶基因。			CN11-S03
CELL11-191	11_细胞信号转导	保留核心答案；更新格式与来源	NFκB核转位如何改变转录调节状态？	参与免疫、炎症及存活等，不等于任意情形均促死亡。	参与免疫、炎症及存活等，不等于任意情形均促死亡。			CN11-S03
CELL11-192	11_细胞信号转导	保留核心答案；更新格式与来源	IκB再表达在经典NFκB通路中做什么？	受NFκB等调节后补充抑制蛋白。	受NFκB等调节后补充抑制蛋白。		CNFIG0356	CN11-S03
CELL11-193	11_细胞信号转导	保留核心答案；更新格式与来源	IκB再表达如何改变转录调节状态？	形成负反馈限制信号强度与时程。	形成负反馈限制信号强度与时程。			CN11-S03
CELL11-194	11_细胞信号转导	保留核心答案；更新格式与来源	相邻细胞Delta在Notch通路中做什么？	与应答细胞Notch接触结合。	与应答细胞Notch接触结合。			CN11-S03
CELL11-195	11_细胞信号转导	保留核心答案；更新格式与来源	相邻细胞Delta怎样区别于第二信使级联模式？	膜配体使该通路依赖细胞接触。	膜配体使该通路依赖细胞接触。			CN11-S03
CELL11-196	11_细胞信号转导	保留核心答案；更新格式与来源	ADAM与γ分泌酶在Notch通路中做什么？	相继进行Notch配体触发后的关键切割。	相继进行Notch配体触发后的关键切割。		CNFIG0108,CNFIG0322	CN11-S03,CN04-S03
CELL11-197	11_细胞信号转导	保留核心答案；更新格式与来源	ADAM与γ分泌酶怎样区别于第二信使级联模式？	由蛋白水解释放胞内段，无需先生成cAMP。	由蛋白水解释放胞内段，无需先生成cAMP。			CN11-S03
CELL11-198	11_细胞信号转导	保留核心答案；更新格式与来源	Notch胞内段NICD在Notch通路中做什么？	进入核内并与转录调控复合物协同。	进入核内并与转录调控复合物协同。			CN11-S03
CELL11-199	11_细胞信号转导	保留核心答案；更新格式与来源	Notch胞内段NICD怎样区别于第二信使级联模式？	受体片段直接参与输出，外加NICD可绕过前部切割。	受体片段直接参与输出，外加NICD可绕过前部切割。			CN11-S03
CELL11-200	11_细胞信号转导	保留核心答案；更新格式与来源	在受体被阻断而其他元件完好的假设下，组成型活化Ras为何可恢复部分ERK输出？	绕过受体至Ras的开启步骤；只支持该支路，不能保证全部受体效应恢复。	绕过受体至Ras的开启步骤；只支持该支路，不能保证全部受体效应恢复。			CN11-S03
CELL11-201	11_细胞信号转导	保留核心答案；更新格式与来源	Ras持续活化但MEK被有效抑制，ERK活化为何仍可能受阻？	MEK位于该经典支路Ras下游，上游活化不能绕过其必需步骤。	MEK位于该经典支路Ras下游，上游活化不能绕过其必需步骤。			CN11-S03
CELL11-202	11_细胞信号转导	保留核心答案；更新格式与来源	RTK仍磷酸化但Grb2结合缺失时，为什么不能判定受体完全无信号？	Grb2—Sos—Ras支路可受损，其他锚定位点和支路可能仍工作。	Grb2—Sos—Ras支路可受损，其他锚定位点和支路可能仍工作。			CN11-S03
CELL11-203	11_细胞信号转导	保留核心答案；更新格式与来源	JAK被抑制但STAT总量不变，应如何验证通路受阻？	检测STAT相应磷酸化、核转位和靶基因，不能仅看总蛋白量。	检测STAT相应磷酸化、核转位和靶基因，不能仅看总蛋白量。			CN11-S03
CELL11-204	11_细胞信号转导	保留核心答案；更新格式与来源	PTEN缺失为什么可能增强Akt信号？	相应PIP3去磷酸化减少，膜募集与后续活化可能增强。	相应PIP3去磷酸化减少，膜募集与后续活化可能增强。			CN11-S03,EN15-H031-H054
CELL11-205	11_细胞信号转导	保留核心答案；更新格式与来源	Akt促进胰岛素刺激下肌肉和脂肪葡萄糖摄取的关键运输变化是什么？	促进GLUT4相关囊泡转位至质膜；不等于所有组织均靠GLUT4。	促进GLUT4相关囊泡转位至质膜；不等于所有组织均靠GLUT4。			CN11-S03
CELL11-206	11_细胞信号转导	保留核心答案；更新格式与来源	Akt抑制GSK3为何可促进糖原合成？	减弱GSK3对糖原合酶的抑制性调节，使合成倾向增强。	减弱GSK3对糖原合酶的抑制性调节，使合成倾向增强。			CN11-S03
CELL11-207	11_细胞信号转导	保留核心答案；更新格式与来源	TGFβ刺激后Smad2/3磷酸化但靶基因不响应，要检查哪些后续环节？	Smad4复合物、核转位、共调控因子和靶位点状态。	Smad4复合物、核转位、共调控因子和靶位点状态。			CN11-S03,EN15-H031-H054
CELL11-208	11_细胞信号转导	保留核心答案；更新格式与来源	APC失活导致β-catenin积累，为什么可能降低对外部Wnt的依赖？	破坏复合物功能受损，使下游稳定化可在弱输入下发生。	破坏复合物功能受损，使下游稳定化可在弱输入下发生。			CN11-S03
CELL11-209	11_细胞信号转导	保留核心答案；更新格式与来源	IκB不可被正常降解时，典型NFκB核转位为何可能受抑？	NFκB继续被抑制蛋白束缚，解除抑制环节受阻。	NFκB继续被抑制蛋白束缚，解除抑制环节受阻。			CN11-S03
CELL11-210	11_细胞信号转导	保留核心答案；更新格式与来源	γ分泌酶被阻断时表达NICD恢复报告基因，支持哪种通路关系？	支持切割释放位于NICD核内作用上游；须排除非特异效应。	支持切割释放位于NICD核内作用上游；须排除非特异效应。			CN11-S03
CELL11-211	11_细胞信号转导	保留核心答案；更新格式与来源	信号发散在信号控制中是什么？	同一输入激活多个输出支路。	同一输入激活多个输出支路。			CN11-S04
CELL11-212	11_细胞信号转导	保留核心答案；更新格式与来源	信号发散怎样影响应答的幅度或持续时间？	允许协调代谢、存活与表达等多个过程。	允许协调代谢、存活与表达等多个过程。			CN11-S04
CELL11-213	11_细胞信号转导	保留核心答案；更新格式与来源	信号收敛在信号控制中是什么？	不同输入汇聚到共同元件或输出。	不同输入汇聚到共同元件或输出。		CNFIG0305	CN11-S04
CELL11-214	11_细胞信号转导	保留核心答案；更新格式与来源	信号收敛怎样影响应答的幅度或持续时间？	使细胞整合多个外部条件。	使细胞整合多个外部条件。			CN11-S04
CELL11-215	11_细胞信号转导	保留核心答案；更新格式与来源	信号交叉对话在信号控制中是什么？	不同通路相互调节。	不同通路相互调节。		CNFIG0371	CN11-S04
CELL11-216	11_细胞信号转导	保留核心答案；更新格式与来源	信号交叉对话怎样影响应答的幅度或持续时间？	结果可能增强、抑制或改变时程，不能仅相加。	结果可能增强、抑制或改变时程，不能仅相加。			CN11-S04
CELL11-217	11_细胞信号转导	保留核心答案；更新格式与来源	负反馈在信号控制中是什么？	输出反过来降低通路活性。	输出反过来降低通路活性。			CN11-S04
CELL11-218	11_细胞信号转导	保留核心答案；更新格式与来源	负反馈怎样影响应答的幅度或持续时间？	限制持续刺激并可能产生适应或振荡。	限制持续刺激并可能产生适应或振荡。			CN11-S04
CELL11-219	11_细胞信号转导	保留核心答案；更新格式与来源	正反馈在信号控制中是什么？	输出增强自身或上游活化。	输出增强自身或上游活化。			CN11-S04
CELL11-220	11_细胞信号转导	保留核心答案；更新格式与来源	正反馈怎样影响应答的幅度或持续时间？	可增强开关性与稳定状态，但需具体动力学条件。	可增强开关性与稳定状态，但需具体动力学条件。			CN11-S04
CELL11-221	11_细胞信号转导	保留核心答案；更新格式与来源	受体暂时内化在信号控制中是什么？	减少当时表面可利用的受体。	减少当时表面可利用的受体。			CN11-S04
CELL11-222	11_细胞信号转导	保留核心答案；更新格式与来源	受体暂时内化怎样影响应答的幅度或持续时间？	可回收而恢复敏感性，并非必定已被降解。	可回收而恢复敏感性，并非必定已被降解。			CN11-S04
CELL11-223	11_细胞信号转导	保留核心答案；更新格式与来源	受体降解下调在信号控制中是什么？	受体进入降解途径使总量下降。	受体进入降解途径使总量下降。			CN11-S04
CELL11-224	11_细胞信号转导	保留核心答案；更新格式与来源	受体降解下调怎样影响应答的幅度或持续时间？	恢复可能需要重新合成，区别于暂时扣留。	恢复可能需要重新合成，区别于暂时扣留。			CN11-S04
CELL11-225	11_细胞信号转导	保留核心答案；更新格式与来源	GRK/β-arrestin脱敏在信号控制中是什么？	受体磷酸化后募集arrestin并降低G蛋白偶联。	受体磷酸化后募集arrestin并降低G蛋白偶联。		CNFIG0376	CN11-S04
CELL11-226	11_细胞信号转导	保留核心答案；更新格式与来源	GRK/β-arrestin脱敏怎样影响应答的幅度或持续时间？	还可参与内吞及其他信号，不能写成所有信号完全关闭。	还可参与内吞及其他信号，不能写成所有信号完全关闭。			CN11-S04
CELL11-227	11_细胞信号转导	保留核心答案；更新格式与来源	配体仍高而细胞反应衰减，至少有哪些机制可能解释？	受体脱敏或下调、信使清除、下游失活及抑制反馈。	受体脱敏或下调、信使清除、下游失活及抑制反馈。			CN11-S04
CELL11-228	11_细胞信号转导	保留核心答案；更新格式与来源	受体从表面消失时，怎样区分内化与总蛋白降解？	同时测表面量、总量及回收/降解轨迹，不能只看表面染色。	同时测表面量、总量及回收/降解轨迹，不能只看表面染色。			CN11-S04
CELL11-229	11_细胞信号转导	保留核心答案；更新格式与来源	短暂与持续ERK活化为何可能造成不同命运？	时间编码与下游阈值、反馈及转录程序不同。	时间编码与下游阈值、反馈及转录程序不同。			CN11-S04
CELL11-230	11_细胞信号转导	保留核心答案；更新格式与来源	表面受体数量相同但应答不同，为什么仍需测受体亲和力？	占据和活化条件可不同，还需检查下游机制。	占据和活化条件可不同，还需检查下游机制。			CN11-S04
CELL11-231	11_细胞信号转导	保留核心答案；更新格式与来源	简单模型中自由配体为9Kd，受体占据比例是多少？	θ=9Kd/(Kd+9Kd)=0.9，即90%。	θ=9Kd/(Kd+9Kd)=0.9，即90%。			CN11-S04
CELL11-232	11_细胞信号转导	保留核心答案；更新格式与来源	最大细胞应答发生时为何不一定所有受体都被占据？	放大及受体储备可使部分占据已足够产生最大输出。	放大及受体储备可使部分占据已足够产生最大输出。			CN11-S04
CELL11-233	11_细胞信号转导	保留核心答案；更新格式与来源	两种药分别降低pERK，能否断定作用于同一个蛋白？	不能。可阻断同一路径不同环节，需靶点及旁路救援证据。	不能。可阻断同一路径不同环节，需靶点及旁路救援证据。			CN11-S04
CELL11-234	11_细胞信号转导	保留核心答案；更新格式与来源	用单一终点检测信号，为什么可能漏掉反馈导致的短脉冲？	不同时间可呈峰值或回落，需时间序列才能识别动态。	不同时间可呈峰值或回落，需时间序列才能识别动态。			CN11-S04
CELL11-235	11_细胞信号转导	保留核心答案；更新格式与来源	支架过量为什么未必持续提高通路效率？	可能把必要组分分散到不同复合物，影响有效配对。	可能把必要组分分散到不同复合物，影响有效配对。			CN11-S04
CELL11-236	11_细胞信号转导	保留核心答案；更新格式与来源	细胞群平均信号不变为何可能掩盖亚群的相反变化？	平均值不保留单细胞分布，需要单细胞或分群测量。	平均值不保留单细胞分布，需要单细胞或分群测量。			CN11-S04
CELL11-237	11_细胞信号转导	闭卷评分补充	论述细胞信号转导的一般过程应包含哪五个评分要点？	识别；跨膜或胞内受体活化；传递与放大；效应；终止和反馈。	识别；跨膜或胞内受体活化；传递与放大；效应；终止和反馈。	"这是综合答题结构卡。复习时说全核心连接；完整展开请另做本章闭卷练习。

展开作答参考评分（10 分）：
1. 说明配体与适当受体的选择性识别及受体所在位置。（2分）
2. 说明受体活化怎样转成胞内变化，例如构象、激酶活性或核内调控。（2分）
3. 说明中间元件、第二信使及级联的传递/可能的放大。（2分）
4. 说明代谢、骨架或基因表达等效应与该细胞的实际输出。（2分）
5. 说明终止、脱敏、负反馈及必要的再循环，不把所有通路视为相同的线性级联。（2分）"		CN11-S04
CELL11-238	11_细胞信号转导	闭卷评分补充	比较GPCR与RTK机制时，哪四个维度最有效？	受体结构；初级转导元件；下游效应器；关闭与整合方式。	受体结构；初级转导元件；下游效应器；关闭与整合方式。	"这是综合答题结构卡。复习时说全核心连接；完整展开请另做本章闭卷练习。

展开作答参考评分（10 分）：
1. 比较 GPCR 的典型七跨膜结构与 RTK 的受体激酶结构。（2分）
2. 比较 GPCR 的异三聚体 G 蛋白 GDP/GTP 循环与 RTK 的受体磷酸化/蛋白招募。（2分）
3. 列举 GPCR 常见第二信使与 RTK 常见 Ras/MAPK、PI3K 等输出，并承认支路交叉。（2分）
4. 比较 GTP 水解、受体脱敏/内化与磷酸酶、反馈等关闭机制。（2分）
5. 指出受体预成二聚、定位与细胞背景等条件，避免把典型流程写成所有成员的绝对规则。（2分）"		CN11-S04
CELL11-239	11_细胞信号转导	闭卷评分补充	设计定位受体至转录之间阻断环节的四步框架。	测近端活化；测中间信使/激酶；测核内输出；做特异干预与旁路救援。	测近端活化；测中间信使/激酶；测核内输出；做特异干预与旁路救援。	"这是综合答题结构卡。复习时说全核心连接；完整展开请另做本章闭卷练习。

展开作答参考评分（10 分）：
1. 确认配体、受体表达及近端受体活化是否正常。（2分）
2. 沿通路测中间信使/激酶的时间变化，找最早偏离的层次。（2分）
3. 测核内因子和转录输出，并控制总细胞状态。（2分）
4. 用特异遗传/药理干预及下游旁路救援检验步骤位置。（2分）
5. 排除表达失活、检测失败和非特异毒性；上位关系需要结合具体激活/抑制通路解释。（2分）"		CN11-S04
CELL11-240	11_细胞信号转导	闭卷评分补充	论述同一信号产生不同细胞效应时应组织哪些层次？	受体亚型；信号组分与定位；时间/剂量；底物和转录背景。	受体亚型；信号组分与定位；时间/剂量；底物和转录背景。	"这是综合答题结构卡。复习时说全核心连接；完整展开请另做本章闭卷练习。

展开作答参考评分（10 分）：
1. 说明受体亚型、数量及亲和性不同可改变识别和初始响应。（2分）
2. 说明效应器、适配/支架蛋白及空间定位不同可改变传递路线。（2分）
3. 说明剂量、持续时间或脉冲频率不同可产生不同动态输出。（2分）
4. 说明底物、转录因子与染色质背景限定可实现的功能。（2分）
5. 比较相关细胞并做互换/救援实验，区分细胞背景、输入条件和反馈造成的差异。（2分）"		CN11-S04
CELL11-E001	11_细胞信号转导	新增	信号复合体中，SH2、SH3 等结构域怎样让膜受体把胞质蛋白组装到一起？		SH2 识别特定磷酸酪氨酸及邻近序列，SH3 常结合富脯氨酸片段；多结构域蛋白通过这些非共价接触连接受体、接头和效应蛋白。	结构域的具体选择性需序列环境；接头不一定自己具有催化活性。	CNFIG0309	EN15-H000-H009,CN11-S01
CELL11-E002	11_细胞信号转导	新增	群体 MAPK 响应平滑增加，单细胞却各自近似开或关，为什么两种测量不矛盾？		各细胞激活阈值不同；浓度升高时被打开的细胞比例增加，群体平均就可呈连续变化，而个体响应仍近似开关。	不能仅从群体 S 形曲线断定每个细胞都是连续幅度调节；需单细胞测量。	ENFIG1752,ENFIG1753	EN15-H010-H016
CELL11-E003	11_细胞信号转导	新增	Ca²⁺ 脉冲幅度相近，频率不同，为什么仍能造成不同下游应答？		下游分子的活化与失活时间决定积分方式；如 CaM 激酶的活性可在高频脉冲间保持或累积，形成频率解码。	不能仅看峰值；持续时间、间隔、定位和下游失活速率共同决定输出。	ENFIG1776,ENFIG1777	EN15-H017-H028
CELL11-E004	11_细胞信号转导	新增	GPCR 被 arrestin 结合并内吞后，为什么不一定被永久降解？		arrestin 可阻碍 G 蛋白耦联并连接内吞机器；内吞后的受体可去磷酸化后回收，也可被分选至溶酶体降解。	内吞是分选过程的一部分，不等于降解终点；某些内吞受体还可继续特定信号。		EN15-H029-H030
CELL11-E005	11_细胞信号转导	新增	氨基酸充足但生长因子不足，为什么 mTORC1 未必被充分激活？		氨基酸信号经 Rag 相关机制使 mTORC1 定位到溶酶体；充分激活还需生长因子等使 Rheb 处于活跃状态，提供另一条件。	Rag 是异二聚体，其活性核苷酸组合不能简单写成两个亚基都 GTP；定位与催化激活应区分。	ENFIG1803	EN15-H031-H054
CELL11-E006	11_细胞信号转导	新增	持续刺激时 NF-κB 可出现核转位脉冲，为什么总量测定可能看不出这一变化？		NF-κB 的核/胞质分布受 IκB 降解和再合成等反馈控制，可振荡而总蛋白量变化较小；需活细胞定位或时间序列测量。	反馈是否振荡取决于参数、刺激和细胞类型，不能仅有负反馈就断言一定振荡。	ENFIG1814,ENFIG1816	EN15-H031-H054
CELL11-E007	11_细胞信号转导	新增	植物乙烯受体为何能通过“抑制一个抑制者”打开下游应答？		无乙烯时受体相关 CTR1 抑制下游；乙烯结合使该抑制路线减弱，解除 EIN2/EIN3 等下游应答的限制。	受体被配体结合不一定表现为增强所有下游激酶活性；要沿抑制箭头计算净效果。	ENFIG1828,ENFIG1829	EN15-H055-H061
CELL11-E008	11_细胞信号转导	新增	生长素信号为什么能通过降解蛋白而增强转录？		生长素促进 TIR1/AFB 与 Aux/IAA 抑制因子结合，使抑制因子被 SCF 泛素化并降解；ARF 因而解除抑制。	被降解的是抑制因子，不能把所有蛋白降解统一解释为信号关闭。	ENFIG1830	EN15-H055-H061
CELL11-E009	11_细胞信号转导	新增	TLR3 识别 dsRNA 时，信号怎样从内体腔侧传到胞质？		dsRNA 结合腔侧受体结构域，促进受体的适当组装；胞质侧结构域募集接头和激酶网络，产生抗病毒等应答。	PRR 识别的是微生物相关模式，不是每种病原体独有的适应性抗原；TLR 亚型位置与配体不同。		EN24-H003-H005
CELL11-E010	11_细胞信号转导	新增	初始 T 细胞识别了肽-MHC，为什么仍可能不被有效激活？		通常还需 APC 提供共刺激，如 B7 与 CD28，以及合适细胞因子；缺少共刺激时可产生无反应或耐受相关结局。	此处针对初始 T 细胞的活化，不可直接套用于所有效应 T 细胞杀伤步骤。	ENFIG2639	EN24-H034-H036
CELL11-E011	11_细胞信号转导	新增	“激酶与 GEF 都开，磷酸酶与 GAP 都关”这句话哪里需要修正？		GEF/GAP 对典型小 GTPase 的核苷酸开关有明确倾向；磷酸化或去磷酸化则可激活也可抑制，取决于蛋白和位点。	例如 Wee1 磷酸化抑制 Cdk，Cdc25 去磷酸化可激活 Cdk。	CNFIG0280	EN15-EXERCISES,CN11-S01
CELL11-E012	11_细胞信号转导	新增	同一外源信号为何可在不同细胞产生不同响应？设计实验区分受体差异与胞内网络差异。（闭卷 8—10 分钟，按 10 分自评）		受体类型、数量和定位（2分）；效应蛋白及染色质/转录背景（2分）；反馈、持续时间与第二信使编码（2分）；交换/补回受体并测表达及活性（2分）；时间序列/单细胞与通路阻断，避免只看群体终点（2分）。	这是依据本章教材重组的练习，不标作上海大学真实历年考题；可先写提纲，再连成机制论述。		CN11-S01,EN15-H010-H016
CELL12-001	12_细胞周期与细胞分裂	保留核心答案；更新格式与来源	G1期的核心状态或事件是什么？	分裂后生长并准备下一轮核DNA复制。	分裂后生长并准备下一轮核DNA复制。			CN12-S01
CELL12-002	12_细胞周期与细胞分裂	保留核心答案；更新格式与来源	G1期与相邻阶段的区别是什么？	尚未进入该轮S期复制。	尚未进入该轮S期复制。			CN12-S01
CELL12-003	12_细胞周期与细胞分裂	保留核心答案；更新格式与来源	G1期为什么不能简单等同于某个检测数值？	2C DNA细胞也可能为G0，需其他标记。	2C DNA细胞也可能为G0，需其他标记。			CN12-S01
CELL12-004	12_细胞周期与细胞分裂	保留核心答案；更新格式与来源	S期的核心状态或事件是什么？	进行核DNA复制并装配新染色质。	进行核DNA复制并装配新染色质。			CN12-S01
CELL12-005	12_细胞周期与细胞分裂	保留核心答案；更新格式与来源	S期与相邻阶段的区别是什么？	DNA含量由2C逐渐增至4C，不是仅在某一瞬间倍增。	DNA含量由2C逐渐增至4C，不是仅在某一瞬间倍增。			CN12-S01
CELL12-006	12_细胞周期与细胞分裂	保留核心答案；更新格式与来源	S期为什么不能简单等同于某个检测数值？	DNA含量中间值应排除双细胞及技术误差。	DNA含量中间值应排除双细胞及技术误差。			CN12-S01
CELL12-007	12_细胞周期与细胞分裂	保留核心答案；更新格式与来源	G2期的核心状态或事件是什么？	核DNA已复制，准备有丝分裂。	核DNA已复制，准备有丝分裂。			CN12-S01
CELL12-008	12_细胞周期与细胞分裂	保留核心答案；更新格式与来源	G2期与相邻阶段的区别是什么？	相对G1具有复制后的姐妹染色单体。	相对G1具有复制后的姐妹染色单体。			CN12-S01
CELL12-009	12_细胞周期与细胞分裂	保留核心答案；更新格式与来源	G2期为什么不能简单等同于某个检测数值？	4C还可能是M期或其他倍性细胞。	4C还可能是M期或其他倍性细胞。			CN12-S01
CELL12-010	12_细胞周期与细胞分裂	保留核心答案；更新格式与来源	M期的核心状态或事件是什么？	有丝分裂及相关胞质分裂。	有丝分裂及相关胞质分裂。			CN12-S01
CELL12-011	12_细胞周期与细胞分裂	保留核心答案；更新格式与来源	M期与相邻阶段的区别是什么？	包括复制遗传物质的分配，通常不重新复制全基因组。	包括复制遗传物质的分配，通常不重新复制全基因组。			CN12-S01
CELL12-012	12_细胞周期与细胞分裂	保留核心答案；更新格式与来源	M期为什么不能简单等同于某个检测数值？	DNA含量不能独立确定M期的子阶段。	DNA含量不能独立确定M期的子阶段。			CN12-S01
CELL12-013	12_细胞周期与细胞分裂	事实或边界修订	G0期的核心状态或事件是什么？	暂时退出增殖周期而执行功能的状态。	G₀ 指不处于增殖周期的状态，可为可逆静息或长期退出；是否重新进入周期取决于细胞类型、分化程度与外部条件，不能一概写成暂时退出。			CN12-S01
CELL12-014	12_细胞周期与细胞分裂	事实或边界修订	G0期与相邻阶段的区别是什么？	适当条件下可重返周期，区别于稳定衰老。	可逆静息细胞可在适当刺激下重返周期；稳定衰老及许多终末分化细胞则通常不能。G₀、衰老和终末分化应结合机制与功能区分，不能仅靠 2C DNA 含量。			CN12-S01
CELL12-015	12_细胞周期与细胞分裂	保留核心答案；更新格式与来源	G0期为什么不能简单等同于某个检测数值？	通常2C但需结合增殖标记及再进入能力。	通常2C但需结合增殖标记及再进入能力。			CN12-S01
CELL12-016	12_细胞周期与细胞分裂	保留核心答案；更新格式与来源	终末分化状态的核心状态或事件是什么？	细胞高度特化并通常不再正常增殖。	细胞高度特化并通常不再正常增殖。			CN12-S01
CELL12-017	12_细胞周期与细胞分裂	保留核心答案；更新格式与来源	终末分化状态与相邻阶段的区别是什么？	功能特化不等同于暂时撤去生长因子。	功能特化不等同于暂时撤去生长因子。			CN12-S01
CELL12-018	12_细胞周期与细胞分裂	保留核心答案；更新格式与来源	终末分化状态为什么不能简单等同于某个检测数值？	DNA含量或细胞形态单项都不足以界定。	DNA含量或细胞形态单项都不足以界定。			CN12-S01
CELL12-019	12_细胞周期与细胞分裂	保留核心答案；更新格式与来源	典型早期胚胎卵裂的核心状态或事件是什么？	快速交替复制与分裂，间隙期缩短。	快速交替复制与分裂，间隙期缩短。			CN12-S01
CELL12-020	12_细胞周期与细胞分裂	保留核心答案；更新格式与来源	典型早期胚胎卵裂与相邻阶段的区别是什么？	多依赖卵中预存物质，卵裂不伴同比例总体生长。	多依赖卵中预存物质，卵裂不伴同比例总体生长。			CN12-S01
CELL12-021	12_细胞周期与细胞分裂	保留核心答案；更新格式与来源	典型早期胚胎卵裂为什么不能简单等同于某个检测数值？	特征依物种和发育阶段，不能普遍套用。	特征依物种和发育阶段，不能普遍套用。			CN12-S01
CELL12-022	12_细胞周期与细胞分裂	保留核心答案；更新格式与来源	分裂细胞摇落法如何富集相应周期细胞？	收集附着减弱的圆化M期细胞。	收集附着减弱的圆化M期细胞。		CNFIG0366	CN12-S01
CELL12-023	12_细胞周期与细胞分裂	保留核心答案；更新格式与来源	分裂细胞摇落法解释实验结果时要注意什么？	只适合相应贴壁体系，产量和选择偏倚需考虑。	只适合相应贴壁体系，产量和选择偏倚需考虑。			CN12-S01
CELL12-024	12_细胞周期与细胞分裂	保留核心答案；更新格式与来源	双胸腺嘧啶脱氧核苷阻断如何富集相应周期细胞？	两轮阻断/释放使细胞富集于G1/S附近。	两轮阻断/释放使细胞富集于G1/S附近。		CNFIG0362	CN12-S01
CELL12-025	12_细胞周期与细胞分裂	保留核心答案；更新格式与来源	双胸腺嘧啶脱氧核苷阻断解释实验结果时要注意什么？	会改变核苷酸平衡并造成应激，不保证所有细胞绝对同步。	会改变核苷酸平衡并造成应激，不保证所有细胞绝对同步。			CN12-S01
CELL12-026	12_细胞周期与细胞分裂	保留核心答案；更新格式与来源	羟基脲阻断如何富集相应周期细胞？	降低脱氧核苷酸供应而抑制复制。	降低脱氧核苷酸供应而抑制复制。			CN12-S01
CELL12-027	12_细胞周期与细胞分裂	保留核心答案；更新格式与来源	羟基脲阻断解释实验结果时要注意什么？	可引起复制压力，释放后需检查恢复。	可引起复制压力，释放后需检查恢复。			CN12-S01
CELL12-028	12_细胞周期与细胞分裂	保留核心答案；更新格式与来源	诺考达唑富集M期如何富集相应周期细胞？	扰乱微管使检查点完好的细胞滞留有丝分裂。	扰乱微管使检查点完好的细胞滞留有丝分裂。			CN12-S01
CELL12-029	12_细胞周期与细胞分裂	保留核心答案；更新格式与来源	诺考达唑富集M期解释实验结果时要注意什么？	长期处理可有毒性或滑脱，不能称无损自然中期。	长期处理可有毒性或滑脱，不能称无损自然中期。			CN12-S01
CELL12-030	12_细胞周期与细胞分裂	保留核心答案；更新格式与来源	条件敏感周期突变株如何富集相应周期细胞？	限定条件使特定步骤不能继续。	限定条件使特定步骤不能继续。			CN12-S01
CELL12-031	12_细胞周期与细胞分裂	保留核心答案；更新格式与来源	条件敏感周期突变株解释实验结果时要注意什么？	需野生型同条件对照，排除环境本身的影响。	需野生型同条件对照，排除环境本身的影响。			CN12-S01
CELL12-032	12_细胞周期与细胞分裂	保留核心答案；更新格式与来源	G1期单细胞在二倍体标准周期中核DNA含量怎样表示？	2C。	2C。			CN12-S01
CELL12-033	12_细胞周期与细胞分裂	保留核心答案；更新格式与来源	G1期单细胞时染色体组倍性怎样理解？	仍为2n，C表示DNA量，n表示染色体组。	仍为2n，C表示DNA量，n表示染色体组。			CN12-S01
CELL12-034	12_细胞周期与细胞分裂	保留核心答案；更新格式与来源	S期单细胞在二倍体标准周期中核DNA含量怎样表示？	介于2C与4C之间。	介于2C与4C之间。			CN12-S01
CELL12-035	12_细胞周期与细胞分裂	保留核心答案；更新格式与来源	S期单细胞时染色体组倍性怎样理解？	复制不自动把2n改写为4n。	复制不自动把2n改写为4n。			CN12-S01
CELL12-036	12_细胞周期与细胞分裂	保留核心答案；更新格式与来源	G2期单细胞在二倍体标准周期中核DNA含量怎样表示？	4C。	4C。			CN12-S01
CELL12-037	12_细胞周期与细胞分裂	保留核心答案；更新格式与来源	G2期单细胞时染色体组倍性怎样理解？	仍通常为2n，每条染色体有两条姐妹染色单体。	仍通常为2n，每条染色体有两条姐妹染色单体。			CN12-S01
CELL12-038	12_细胞周期与细胞分裂	保留核心答案；更新格式与来源	正常有丝分裂后每个子细胞在二倍体标准周期中核DNA含量怎样表示？	通常2C。	通常2C。		CNFIG0318	CN12-S01
CELL12-039	12_细胞周期与细胞分裂	保留核心答案；更新格式与来源	正常有丝分裂后每个子细胞时染色体组倍性怎样理解？	通常2n，获得一套与母细胞等倍性的染色体。	通常2n，获得一套与母细胞等倍性的染色体。			CN12-S01
CELL12-040	12_细胞周期与细胞分裂	保留核心答案；更新格式与来源	静止与衰老细胞都少有增殖，怎样作关键区分？	比较适当刺激后的再进入能力，并结合衰老及状态标记。	比较适当刺激后的再进入能力，并结合衰老及状态标记。			CN12-S01
CELL12-041	12_细胞周期与细胞分裂	保留核心答案；更新格式与来源	限制点与DNA损伤检查点为什么不完全同义？	前者涉及对增殖输入的承诺，后者监测损伤等异常并阻滞进程。	前者涉及对增殖输入的承诺，后者监测损伤等异常并阻滞进程。		CNFIG0276	CN12-S01
CELL12-042	12_细胞周期与细胞分裂	保留核心答案；更新格式与来源	培养细胞倍增时间为什么未必等于单细胞周期长度？	死亡、退出周期及群体异质性会改变净增殖速度。	死亡、退出周期及群体异质性会改变净增殖速度。			CN12-S01
CELL12-043	12_细胞周期与细胞分裂	保留核心答案；更新格式与来源	计数由1万增至4万、用时48h且假定无死亡与稳定指数增殖，倍增时间是多少？	两次倍增用48h，倍增时间24h。	两次倍增用48h，倍增时间24h。			CN12-S01
CELL12-044	12_细胞周期与细胞分裂	保留核心答案；更新格式与来源	同步释放后为何应同时检测DNA含量和相应阶段标记？	同步会逐渐散开，DNA量不能区分所有时相且药物可能扰动。	同步会逐渐散开，DNA量不能区分所有时相且药物可能扰动。			CN12-S01
CELL12-045	12_细胞周期与细胞分裂	保留核心答案；更新格式与来源	快生长细菌的倍增时间短于完成一次染色体复制时间，如何可能？	多轮复制重叠起始，不是每轮都等上轮结束才开始。	多轮复制重叠起始，不是每轮都等上轮结束才开始。		CNFIG0292,CNFIG0275	CN12-S01
CELL12-046	12_细胞周期与细胞分裂	保留核心答案；更新格式与来源	有丝分裂前期的典型形态事件是什么？	染色体凝缩，建立纺锤体两极。	染色体凝缩，建立纺锤体两极。		CNFIG0321	CN12-S02
CELL12-047	12_细胞周期与细胞分裂	保留核心答案；更新格式与来源	有丝分裂前期的事件怎样为下一阶段提供条件？	使复制后的染色体适于有序捕获和分配。	使复制后的染色体适于有序捕获和分配。			CN12-S02
CELL12-048	12_细胞周期与细胞分裂	保留核心答案；更新格式与来源	开放式分裂前中期的典型形态事件是什么？	核被膜崩解，微管捕获动粒。	核被膜崩解，微管捕获动粒。			CN12-S02
CELL12-049	12_细胞周期与细胞分裂	保留核心答案；更新格式与来源	开放式分裂前中期的事件怎样为下一阶段提供条件？	建立染色体与纺锤体的联系。	建立染色体与纺锤体的联系。			CN12-S02
CELL12-050	12_细胞周期与细胞分裂	保留核心答案；更新格式与来源	有丝分裂中期的典型形态事件是什么？	染色体在赤道面附近整列。	染色体在赤道面附近整列。			CN12-S02
CELL12-051	12_细胞周期与细胞分裂	保留核心答案；更新格式与来源	有丝分裂中期的事件怎样为下一阶段提供条件？	正确双向附着使姐妹可分向两极。	正确双向附着使姐妹可分向两极。		CNFIG0287	CN12-S02
CELL12-052	12_细胞周期与细胞分裂	保留核心答案；更新格式与来源	有丝分裂后期的典型形态事件是什么？	姐妹染色单体分离并向两极移动。	姐妹染色单体分离并向两极移动。			CN12-S02
CELL12-053	12_细胞周期与细胞分裂	保留核心答案；更新格式与来源	有丝分裂后期的事件怎样为下一阶段提供条件？	把复制的遗传信息分配到两组。	把复制的遗传信息分配到两组。			CN12-S02
CELL12-054	12_细胞周期与细胞分裂	保留核心答案；更新格式与来源	有丝分裂末期的典型形态事件是什么？	染色体解凝缩，核被膜及核仁重建。	染色体解凝缩，核被膜及核仁重建。			CN12-S02
CELL12-055	12_细胞周期与细胞分裂	保留核心答案；更新格式与来源	有丝分裂末期的事件怎样为下一阶段提供条件？	恢复子核组织并与胞质分裂协调。	恢复子核组织并与胞质分裂协调。			CN12-S02
CELL12-056	12_细胞周期与细胞分裂	保留核心答案；更新格式与来源	凝缩蛋白condensin在分裂装置中主要做什么？	组织染色体凝缩及较高阶架构。	组织染色体凝缩及较高阶架构。			CN12-S02
CELL12-057	12_细胞周期与细胞分裂	保留核心答案；更新格式与来源	凝缩蛋白condensin为什么不是同名相关结构的简单替代？	区别于主要维持姐妹粘连的cohesin。	区别于主要维持姐妹粘连的cohesin。			CN12-S02
CELL12-058	12_细胞周期与细胞分裂	保留核心答案；更新格式与来源	黏连蛋白cohesin在分裂装置中主要做什么？	维持复制后姐妹染色单体粘连。	维持复制后姐妹染色单体粘连。			CN12-S02
CELL12-059	12_细胞周期与细胞分裂	保留核心答案；更新格式与来源	黏连蛋白cohesin为什么不是同名相关结构的简单替代？	需受控解除，凝缩不等于粘连已解除。	需受控解除，凝缩不等于粘连已解除。			CN12-S02
CELL12-060	12_细胞周期与细胞分裂	保留核心答案；更新格式与来源	动粒在分裂装置中主要做什么？	建立在着丝粒染色质上的蛋白复合体。	建立在着丝粒染色质上的蛋白复合体。			CN12-S02
CELL12-061	12_细胞周期与细胞分裂	保留核心答案；更新格式与来源	动粒为什么不是同名相关结构的简单替代？	连接微管并参与监控，区别于着丝粒DNA区域。	连接微管并参与监控，区别于着丝粒DNA区域。			CN12-S02
CELL12-062	12_细胞周期与细胞分裂	保留核心答案；更新格式与来源	动粒微管在分裂装置中主要做什么？	与动粒相联并参与染色体运动。	与动粒相联并参与染色体运动。		CNFIG0281	CN12-S02
CELL12-063	12_细胞周期与细胞分裂	保留核心答案；更新格式与来源	动粒微管为什么不是同名相关结构的简单替代？	不同于主要联系皮层的星体微管。	不同于主要联系皮层的星体微管。			CN12-S02
CELL12-064	12_细胞周期与细胞分裂	保留核心答案；更新格式与来源	极间微管在分裂装置中主要做什么？	在中央区域形成反向重叠等组织。	在中央区域形成反向重叠等组织。			CN12-S02
CELL12-065	12_细胞周期与细胞分裂	保留核心答案；更新格式与来源	极间微管为什么不是同名相关结构的简单替代？	参与两极分离，不需每根均连接动粒。	参与两极分离，不需每根均连接动粒。			CN12-S02
CELL12-066	12_细胞周期与细胞分裂	保留核心答案；更新格式与来源	星体微管在分裂装置中主要做什么？	由两极向皮层等方向辐射。	由两极向皮层等方向辐射。			CN12-S02
CELL12-067	12_细胞周期与细胞分裂	保留核心答案；更新格式与来源	星体微管为什么不是同名相关结构的简单替代？	参与纺锤体定位及皮层力的传递。	参与纺锤体定位及皮层力的传递。			CN12-S02
CELL12-068	12_细胞周期与细胞分裂	保留核心答案；更新格式与来源	双向附着amphitelic的连接形式是什么？	两姐妹动粒分别连向相反两极。	两姐妹动粒分别连向相反两极。			CN12-S02
CELL12-069	12_细胞周期与细胞分裂	保留核心答案；更新格式与来源	双向附着amphitelic对正常染色体分离有什么影响？	通常支持正常有丝分裂分配。	通常支持正常有丝分裂分配。			CN12-S02
CELL12-070	12_细胞周期与细胞分裂	保留核心答案；更新格式与来源	单向附着monotelic的连接形式是什么？	一姐妹动粒连接，另一尚未连接。	一姐妹动粒连接，另一尚未连接。			CN12-S02
CELL12-071	12_细胞周期与细胞分裂	保留核心答案；更新格式与来源	单向附着monotelic对正常染色体分离有什么影响？	未附着动粒可维持纺锤体检查点信号。	未附着动粒可维持纺锤体检查点信号。			CN12-S02
CELL12-072	12_细胞周期与细胞分裂	保留核心答案；更新格式与来源	同向错误附着syntelic的连接形式是什么？	两姐妹动粒连接到同一极。	两姐妹动粒连接到同一极。			CN12-S02
CELL12-073	12_细胞周期与细胞分裂	保留核心答案；更新格式与来源	同向错误附着syntelic对正常染色体分离有什么影响？	需要纠正，否则姐妹可错误分向同侧。	需要纠正，否则姐妹可错误分向同侧。			CN12-S02
CELL12-074	12_细胞周期与细胞分裂	保留核心答案；更新格式与来源	混合错误附着merotelic的连接形式是什么？	同一动粒连接到来自两极的微管。	同一动粒连接到来自两极的微管。			CN12-S02
CELL12-075	12_细胞周期与细胞分裂	保留核心答案；更新格式与来源	混合错误附着merotelic对正常染色体分离有什么影响？	可能产生滞后染色体且不一定有效激活检查点。	可能产生滞后染色体且不一定有效激活检查点。			CN12-S02
CELL12-076	12_细胞周期与细胞分裂	保留核心答案；更新格式与来源	APC/C—Cdc20在后期转换或运动中做什么？	促进securin及相关周期蛋白的泛素化。	促进securin及相关周期蛋白的泛素化。			CN12-S02
CELL12-077	12_细胞周期与细胞分裂	保留核心答案；更新格式与来源	APC/C—Cdc20的作用如何与相邻事件衔接？	释放分离酶并推动M-CDK失活等事件。	释放分离酶并推动M-CDK失活等事件。			CN12-S02
CELL12-078	12_细胞周期与细胞分裂	保留核心答案；更新格式与来源	securin在后期转换或运动中做什么？	抑制分离酶活性。	抑制分离酶活性。		ENFIG2086	CN12-S02
CELL12-079	12_细胞周期与细胞分裂	保留核心答案；更新格式与来源	securin的作用如何与相邻事件衔接？	受控降解使分离酶得以切割粘连组分。	受控降解使分离酶得以切割粘连组分。			CN12-S02
CELL12-080	12_细胞周期与细胞分裂	保留核心答案；更新格式与来源	分离酶separase在后期转换或运动中做什么？	切割cohesin中的相应kleisin亚基。	切割cohesin中的相应kleisin亚基。			CN12-S02
CELL12-081	12_细胞周期与细胞分裂	保留核心答案；更新格式与来源	分离酶separase的作用如何与相邻事件衔接？	解除姐妹粘连，区别于直接剪断染色体DNA。	解除姐妹粘连，区别于直接剪断染色体DNA。			CN12-S02
CELL12-082	12_细胞周期与细胞分裂	保留核心答案；更新格式与来源	后期A在后期转换或运动中做什么？	染色体相对纺锤体极的距离缩短。	染色体相对纺锤体极的距离缩短。		ENFIG2088,CNFIG0296,CNFIG0312	CN12-S02
CELL12-083	12_细胞周期与细胞分裂	保留核心答案；更新格式与来源	后期A的作用如何与相邻事件衔接？	主要与动粒微管缩短等运动联系。	主要与动粒微管缩短等运动联系。			CN12-S02
CELL12-084	12_细胞周期与细胞分裂	保留核心答案；更新格式与来源	后期B在后期转换或运动中做什么？	纺锤体两极相互远离。	纺锤体两极相互远离。		CNFIG0353,CNFIG0326,CNFIG0357	CN12-S02
CELL12-085	12_细胞周期与细胞分裂	保留核心答案；更新格式与来源	后期B的作用如何与相邻事件衔接？	依极间滑动、皮层牵拉等，与后期A可有重叠。	依极间滑动、皮层牵拉等，与后期A可有重叠。			CN12-S02
CELL12-086	12_细胞周期与细胞分裂	保留核心答案；更新格式与来源	动物细胞收缩环在胞质分裂中主要做什么？	由actin、myosinⅡ等组织并收缩。	由actin、myosinⅡ等组织并收缩。		CNFIG0349	CN12-S02
CELL12-087	12_细胞周期与细胞分裂	保留核心答案；更新格式与来源	动物细胞收缩环与核分裂有什么关系或区别？	分开胞质，微管纺锤体主要负责染色体分配。	分开胞质，微管纺锤体主要负责染色体分配。			CN12-S02
CELL12-088	12_细胞周期与细胞分裂	保留核心答案；更新格式与来源	分裂沟位置在胞质分裂中主要做什么？	受纺锤体与皮层信号组织。	受纺锤体与皮层信号组织。		CNFIG0314	CN12-S02
CELL12-089	12_细胞周期与细胞分裂	保留核心答案；更新格式与来源	分裂沟位置与核分裂有什么关系或区别？	需和已分离的染色体空间协调。	需和已分离的染色体空间协调。			CN12-S02
CELL12-090	12_细胞周期与细胞分裂	保留核心答案；更新格式与来源	RhoA局部活化在胞质分裂中主要做什么？	组织赤道皮层的收缩机器。	组织赤道皮层的收缩机器。			CN12-S02
CELL12-091	12_细胞周期与细胞分裂	保留核心答案；更新格式与来源	RhoA局部活化与核分裂有什么关系或区别？	定位决定作用区域，不能仅看全细胞总量。	定位决定作用区域，不能仅看全细胞总量。			CN12-S02
CELL12-092	12_细胞周期与细胞分裂	保留核心答案；更新格式与来源	中体midbody在胞质分裂中主要做什么？	位于末期子细胞间桥中的特化结构。	位于末期子细胞间桥中的特化结构。			CN12-S02
CELL12-093	12_细胞周期与细胞分裂	保留核心答案；更新格式与来源	中体midbody与核分裂有什么关系或区别？	不是所有时期收缩环本身的同义名称。	不是所有时期收缩环本身的同义名称。			CN12-S02
CELL12-094	12_细胞周期与细胞分裂	保留核心答案；更新格式与来源	植物成膜体在胞质分裂中主要做什么？	组织囊泡运输及细胞板形成。	组织囊泡运输及细胞板形成。		ENFIG2098	CN12-S02
CELL12-095	12_细胞周期与细胞分裂	保留核心答案；更新格式与来源	植物成膜体与核分裂有什么关系或区别？	以膜与壁材料建中隔，区别于动物式缢裂。	以膜与壁材料建中隔，区别于动物式缢裂。			CN12-S02
CELL12-096	12_细胞周期与细胞分裂	保留核心答案；更新格式与来源	细胞板在胞质分裂中主要做什么？	由运来的囊泡等形成分隔结构。	由运来的囊泡等形成分隔结构。			CN12-S02
CELL12-097	12_细胞周期与细胞分裂	保留核心答案；更新格式与来源	细胞板与核分裂有什么关系或区别？	逐渐向外扩展并联系原质膜和细胞壁。	逐渐向外扩展并联系原质膜和细胞壁。			CN12-S02
CELL12-098	12_细胞周期与细胞分裂	保留核心答案；更新格式与来源	减数前期Ⅰ细线期的主要经典细胞学特征是什么？	染色体开始显著凝缩并建立轴等。	染色体开始显著凝缩并建立轴等。			CN12-S02
CELL12-099	12_细胞周期与细胞分裂	保留核心答案；更新格式与来源	减数前期Ⅰ细线期如何联系同源染色体配对或交换？	进入配对准备，部分体系可见端粒花束。	进入配对准备，部分体系可见端粒花束。			CN12-S02
CELL12-100	12_细胞周期与细胞分裂	保留核心答案；更新格式与来源	减数前期Ⅰ偶线期的主要经典细胞学特征是什么？	同源染色体逐步联会。	同源染色体逐步联会。			CN12-S02
CELL12-101	12_细胞周期与细胞分裂	保留核心答案；更新格式与来源	减数前期Ⅰ偶线期如何联系同源染色体配对或交换？	联会复合体逐渐装配，配对尚在进行。	联会复合体逐渐装配，配对尚在进行。			CN12-S02
CELL12-102	12_细胞周期与细胞分裂	保留核心答案；更新格式与来源	减数前期Ⅰ粗线期的主要经典细胞学特征是什么？	同源染色体充分联会。	同源染色体充分联会。			CN12-S02
CELL12-103	12_细胞周期与细胞分裂	保留核心答案；更新格式与来源	减数前期Ⅰ粗线期如何联系同源染色体配对或交换？	重组过程与交换形成密切相关，不能说重组只此时才起始。	重组过程与交换形成密切相关，不能说重组只此时才起始。			CN12-S02
CELL12-104	12_细胞周期与细胞分裂	保留核心答案；更新格式与来源	减数前期Ⅰ双线期的主要经典细胞学特征是什么？	联会复合体解体，同源染色体局部分开。	联会复合体解体，同源染色体局部分开。			CN12-S02
CELL12-105	12_细胞周期与细胞分裂	保留核心答案；更新格式与来源	减数前期Ⅰ双线期如何联系同源染色体配对或交换？	交叉使同源染色体仍保持联系。	交叉使同源染色体仍保持联系。			CN12-S02
CELL12-106	12_细胞周期与细胞分裂	保留核心答案；更新格式与来源	减数前期Ⅰ终变期的主要经典细胞学特征是什么？	染色体进一步凝缩并准备分裂。	染色体进一步凝缩并准备分裂。			CN12-S02
CELL12-107	12_细胞周期与细胞分裂	保留核心答案；更新格式与来源	减数前期Ⅰ终变期如何联系同源染色体配对或交换？	过渡到第一次分裂的纺锤体组织与排列。	过渡到第一次分裂的纺锤体组织与排列。			CN12-S02
CELL12-108	12_细胞周期与细胞分裂	保留核心答案；更新格式与来源	同源染色体在减数分裂中表示什么？	分别来自双亲、具有对应基因位置的染色体。	分别来自双亲、具有对应基因位置的染色体。			CN12-S02
CELL12-109	12_细胞周期与细胞分裂	保留核心答案；更新格式与来源	同源染色体应怎样避免常见混淆？	区别于同一染色体复制产生的姐妹染色单体。	区别于同一染色体复制产生的姐妹染色单体。			CN12-S02
CELL12-110	12_细胞周期与细胞分裂	保留核心答案；更新格式与来源	二价体在减数分裂中表示什么？	联会的一对同源染色体。	联会的一对同源染色体。			CN12-S02
CELL12-111	12_细胞周期与细胞分裂	保留核心答案；更新格式与来源	二价体应怎样避免常见混淆？	复制后含四条染色单体，仍是两条染色体。	复制后含四条染色单体，仍是两条染色体。			CN12-S02
CELL12-112	12_细胞周期与细胞分裂	保留核心答案；更新格式与来源	四分体在减数分裂中表示什么？	二价体所包含的四条染色单体结构。	二价体所包含的四条染色单体结构。			CN12-S02
CELL12-113	12_细胞周期与细胞分裂	保留核心答案；更新格式与来源	四分体应怎样避免常见混淆？	不是四个配子或四条同源染色体。	不是四个配子或四条同源染色体。			CN12-S02
CELL12-114	12_细胞周期与细胞分裂	保留核心答案；更新格式与来源	联会复合体在减数分裂中表示什么？	联系同源染色体轴的蛋白性框架。	联系同源染色体轴的蛋白性框架。		CNFIG0278	CN12-S02
CELL12-115	12_细胞周期与细胞分裂	保留核心答案；更新格式与来源	联会复合体应怎样避免常见混淆？	配对、联会和交换相关但概念不完全同义。	配对、联会和交换相关但概念不完全同义。		CNFIG0359	CN12-S02
CELL12-116	12_细胞周期与细胞分裂	保留核心答案；更新格式与来源	交叉chiasma在减数分裂中表示什么？	同源染色体间交换结果相关的细胞学联系。	同源染色体间交换结果相关的细胞学联系。			CN12-S02
CELL12-117	12_细胞周期与细胞分裂	保留核心答案；更新格式与来源	交叉chiasma应怎样避免常见混淆？	配合臂部粘连维持二价体，区别于姐妹粘连本身。	配合臂部粘连维持二价体，区别于姐妹粘连本身。			CN12-S02
CELL12-118	12_细胞周期与细胞分裂	保留核心答案；更新格式与来源	非姐妹染色单体交换在减数分裂中表示什么？	同源染色体之间相应染色单体的片段交换。	同源染色体之间相应染色单体的片段交换。		CNFIG0327	CN12-S02
CELL12-119	12_细胞周期与细胞分裂	保留核心答案；更新格式与来源	非姐妹染色单体交换应怎样避免常见混淆？	区别于有丝分裂姐妹分离或非同源错误重排。	区别于有丝分裂姐妹分离或非同源错误重排。			CN12-S02
CELL12-120	12_细胞周期与细胞分裂	保留核心答案；更新格式与来源	减数分裂Ⅰ在减数分裂中表示什么？	同源染色体分离的还原性分裂。	同源染色体分离的还原性分裂。			CN12-S02
CELL12-121	12_细胞周期与细胞分裂	保留核心答案；更新格式与来源	减数分裂Ⅰ应怎样避免常见混淆？	姐妹着丝粒粘连通常保留以供第二次分裂。	姐妹着丝粒粘连通常保留以供第二次分裂。			CN12-S02
CELL12-122	12_细胞周期与细胞分裂	保留核心答案；更新格式与来源	减数分裂Ⅱ在减数分裂中表示什么？	姐妹染色单体分离的分裂。	姐妹染色单体分离的分裂。			CN12-S02
CELL12-123	12_细胞周期与细胞分裂	保留核心答案；更新格式与来源	减数分裂Ⅱ应怎样避免常见混淆？	两次分裂之间通常没有再一次全基因组复制。	两次分裂之间通常没有再一次全基因组复制。			CN12-S02
CELL12-124	12_细胞周期与细胞分裂	保留核心答案；更新格式与来源	二倍体减数分裂前G1时每细胞染色体组与DNA量通常是多少？	2n、2C。	2n、2C。			CN12-S02
CELL12-125	12_细胞周期与细胞分裂	保留核心答案；更新格式与来源	二倍体减数分裂前G1时姐妹染色单体状态如何？	尚未完成该轮复制。	尚未完成该轮复制。			CN12-S02
CELL12-126	12_细胞周期与细胞分裂	保留核心答案；更新格式与来源	减数分裂前S期完成后时每细胞染色体组与DNA量通常是多少？	2n、4C。	2n、4C。			CN12-S02
CELL12-127	12_细胞周期与细胞分裂	保留核心答案；更新格式与来源	减数分裂前S期完成后时姐妹染色单体状态如何？	每条染色体已有两条姐妹染色单体。	每条染色体已有两条姐妹染色单体。			CN12-S02
CELL12-128	12_细胞周期与细胞分裂	保留核心答案；更新格式与来源	正常减数分裂Ⅰ结束后的每个子细胞时每细胞染色体组与DNA量通常是多少？	n、2C。	n、2C。			CN12-S02
CELL12-129	12_细胞周期与细胞分裂	保留核心答案；更新格式与来源	正常减数分裂Ⅰ结束后的每个子细胞时姐妹染色单体状态如何？	同源已分开，姐妹通常仍粘连。	同源已分开，姐妹通常仍粘连。			CN12-S02
CELL12-130	12_细胞周期与细胞分裂	保留核心答案；更新格式与来源	正常减数分裂Ⅱ结束后的每个产物时每细胞染色体组与DNA量通常是多少？	n、1C。	n、1C。			CN12-S02
CELL12-131	12_细胞周期与细胞分裂	保留核心答案；更新格式与来源	正常减数分裂Ⅱ结束后的每个产物时姐妹染色单体状态如何？	姐妹已分离，各染色体通常含一条DNA分子。	姐妹已分离，各染色体通常含一条DNA分子。			CN12-S02
CELL12-132	12_细胞周期与细胞分裂	保留核心答案；更新格式与来源	正常二倍体有丝分裂中期时每细胞染色体组与DNA量通常是多少？	2n、4C。	2n、4C。			CN12-S02
CELL12-133	12_细胞周期与细胞分裂	保留核心答案；更新格式与来源	正常二倍体有丝分裂中期时姐妹染色单体状态如何？	每条染色体含两条姐妹染色单体。	每条染色体含两条姐妹染色单体。			CN12-S02
CELL12-134	12_细胞周期与细胞分裂	保留核心答案；更新格式与来源	人细胞正常有丝分裂中期有多少条染色体、多少条染色单体？	46条染色体、92条染色单体，以着丝粒单位计数。	46条染色体、92条染色单体，以着丝粒单位计数。			CN12-S02
CELL12-135	12_细胞周期与细胞分裂	保留核心答案；更新格式与来源	人细胞有丝分裂后期、尚未胞质分裂时整个细胞有多少条子染色体？	92条，两个将形成的子核各46条。	92条，两个将形成的子核各46条。			CN12-S02
CELL12-136	12_细胞周期与细胞分裂	保留核心答案；更新格式与来源	人体正常减数分裂Ⅰ中期有多少个二价体？	23个二价体，共46条染色体、92条染色单体。	23个二价体，共46条染色体、92条染色单体。			CN12-S02
CELL12-137	12_细胞周期与细胞分裂	保留核心答案；更新格式与来源	人体正常减数分裂Ⅰ后每个子细胞有多少条染色体及染色单体？	23条染色体、46条染色单体。	23条染色体、46条染色单体。			CN12-S02
CELL12-138	12_细胞周期与细胞分裂	保留核心答案；更新格式与来源	为何后期姐妹分开会改变整个细胞的染色体计数却未增加DNA总量？	每个分开的着丝粒单位独立计数，分配过程没有额外复制。	每个分开的着丝粒单位独立计数，分配过程没有额外复制。			CN12-S02
CELL12-139	12_细胞周期与细胞分裂	保留核心答案；更新格式与来源	正常减数Ⅰ中姐妹动粒与有丝分裂的定向有何不同？	姐妹通常同向朝一极；有丝分裂通常分别连接相反两极。	姐妹通常同向朝一极；有丝分裂通常分别连接相反两极。		CNFIG0347,CNFIG0302	CN12-S02
CELL12-140	12_细胞周期与细胞分裂	保留核心答案；更新格式与来源	减数Ⅰ如何做到先分同源而不是先分姐妹？	同源双向定向、解除臂部粘连，并保护着丝粒附近姐妹粘连。	同源双向定向、解除臂部粘连，并保护着丝粒附近姐妹粘连。			CN12-S02
CELL12-141	12_细胞周期与细胞分裂	保留核心答案；更新格式与来源	shugoshin在典型减数Ⅰ中的保护作用是什么？	帮助保护着丝粒附近cohesin，延迟姐妹分离到减数Ⅱ。	帮助保护着丝粒附近cohesin，延迟姐妹分离到减数Ⅱ。			CN12-S02
CELL12-142	12_细胞周期与细胞分裂	保留核心答案；更新格式与来源	独立分配且忽略交换时，n对同源染色体可给出多少种配子组合？	2^n种，依各对独立定向的假设。	2^n种，依各对独立定向的假设。			CN12-S02
CELL12-143	12_细胞周期与细胞分裂	保留核心答案；更新格式与来源	给定2n=8且忽略交换，独立分配产生多少种染色体来源组合？	n=4，2^4=16种。	n=4，2^4=16种。			CN12-S02
CELL12-144	12_细胞周期与细胞分裂	保留核心答案；更新格式与来源	正常人类独立分配、不计交换时可有多少种组合？	2^23=8,388,608种，未包括交换和受精随机性。	2^23=8,388,608种，未包括交换和受精随机性。			CN12-S02
CELL12-145	12_细胞周期与细胞分裂	保留核心答案；更新格式与来源	减数Ⅰ某一对同源不分离、Ⅱ正常时，四个产物的该染色体数如何？	两个n+1、两个n−1；假定该对单独异常且无其他错误。	两个n+1、两个n−1；假定该对单独异常且无其他错误。			CN12-S02
CELL12-146	12_细胞周期与细胞分裂	保留核心答案；更新格式与来源	减数Ⅱ仅一个子细胞中的一对姐妹不分离时，四个产物如何？	两个正常n、一个n+1、一个n−1，假定其余步骤正常。	两个正常n、一个n+1、一个n−1，假定其余步骤正常。			CN12-S02
CELL12-147	12_细胞周期与细胞分裂	保留核心答案；更新格式与来源	减数分裂产生的四个产物为何不必都形成四个有功能配子？	后续发育及胞质不等分裂可使部分成为极体或其他产物。	后续发育及胞质不等分裂可使部分成为极体或其他产物。			CN12-S02
CELL12-148	12_细胞周期与细胞分裂	保留核心答案；更新格式与来源	高等植物减数分裂产物为何不能一律称为精子和卵？	通常先形成孢子，再经过配子体发育产生配子。	通常先形成孢子，再经过配子体发育产生配子。		CNFIG0331	CN12-S02
CELL12-149	12_细胞周期与细胞分裂	保留核心答案；更新格式与来源	开放式与封闭式有丝分裂怎样区分？	前者核被膜明显解体；后者纺锤体在保持核被膜的核内工作。	前者核被膜明显解体；后者纺锤体在保持核被膜的核内工作。		CNFIG0372	CN12-S02
CELL12-150	12_细胞周期与细胞分裂	保留核心答案；更新格式与来源	高等植物无典型中心体为什么仍能形成纺锤体？	存在其他微管成核与自组织途径，中心体不是所有细胞唯一成核来源。	存在其他微管成核与自组织途径，中心体不是所有细胞唯一成核来源。			CN12-S02
CELL12-151	12_细胞周期与细胞分裂	保留核心答案；更新格式与来源	所有染色体都在赤道附近，是否已证明附着完全正确？	否。错误连接仍可能存在，需检查动粒方向和连接性质。	否。错误连接仍可能存在，需检查动粒方向和连接性质。		CNFIG0298	CN12-S02
CELL12-152	12_细胞周期与细胞分裂	保留核心答案；更新格式与来源	未附着动粒为什么可阻止整个细胞进入后期？	产生检查点抑制信号，限制APC/C—Cdc20而阻止过早分离。	产生检查点抑制信号，限制APC/C—Cdc20而阻止过早分离。		CNFIG0293	CN12-S02
CELL12-153	12_细胞周期与细胞分裂	保留核心答案；更新格式与来源	破坏一个未附着动粒后后期提前，能否说明滞后染色体已恢复正常？	不能。可能只是移除了检查点信号源，遗传物分配仍可错误。	不能。可能只是移除了检查点信号源，遗传物分配仍可错误。			CN12-S02
CELL12-154	12_细胞周期与细胞分裂	保留核心答案；更新格式与来源	抑制分离酶后即使纺锤体牵拉正常，为何姐妹可能不能分开？	必要粘连未被解除，牵拉不能替代受控解粘连步骤。	必要粘连未被解除，牵拉不能替代受控解粘连步骤。			CN12-S02
CELL12-155	12_细胞周期与细胞分裂	保留核心答案；更新格式与来源	仅抑制myosinⅡ时，为什么可出现双核细胞？	核分配可能继续而胞质分裂失败，须依药物作用范围判断。	核分配可能继续而胞质分裂失败，须依药物作用范围判断。			CN12-S02
CELL12-156	12_细胞周期与细胞分裂	保留核心答案；更新格式与来源	纺锤体两极距离增加而染色体到各极距离不变，主要反映哪个后期过程？	后期B；后期A主要表现染色体相对各极距离缩短。	后期B；后期A主要表现染色体相对各极距离缩短。		CNFIG0273	CN12-S02
CELL12-157	12_细胞周期与细胞分裂	保留核心答案；更新格式与来源	DNA染料测到4C为何不能单凭此判定染色体数为4n？	C与n不同，4C可为复制后的2n细胞。	C与n不同，4C可为复制后的2n细胞。		CNFIG0328	CN12-S02
CELL12-158	12_细胞周期与细胞分裂	闭卷评分补充	有丝分裂与减数分裂比较题应写哪四类评分要点？	复制/分裂次数；配对交换；分离对象；产物倍性与遗传意义。	复制/分裂次数；配对交换；分离对象；产物倍性与遗传意义。	"这是综合答题结构卡。复习时说全核心连接；完整展开请另做本章闭卷练习。

展开作答参考评分（10 分）：
1. 典型有丝分裂一次复制后一次分裂；减数分裂一次复制后两次连续分裂。（2分）
2. 说明减数第一次分裂中的同源配对与重组，以及典型有丝分裂的差别。（2分）
3. 说明减Ⅰ主要分离同源染色体、减Ⅱ和有丝分裂主要分离姐妹染色单体。（2分）
4. 说明典型二倍体体系下产物倍性/数量的差别，并注意配子发生中产物可不等大。（2分）
5. 说明染色体数维持/减半和遗传多样性的意义，区分染色体数、DNA 含量和倍性。（2分）"		CN12-S02
CELL12-159	12_细胞周期与细胞分裂	闭卷评分补充	论述中期至后期转换如何保证精确分配的四步提纲。	监控附着；解除APC/C抑制；securin降解和分离酶活化；解粘连并运动。	监控附着；解除APC/C抑制；securin降解和分离酶活化；解粘连并运动。	"这是综合答题结构卡。复习时说全核心连接；完整展开请另做本章闭卷练习。

展开作答参考评分（10 分）：
1. 说明未附着等异常通过纺锤体检查点抑制 APC/C-Cdc20，不能认为它能识别所有错误连接。（2分）
2. 说明双向附着及错误修正提高正确分配概率，适当满足检查点后释放抑制。（2分）
3. 说明 APC/C 促 securin 降解使 separase 活化。（2分）
4. 说明 separase 切开相应 cohesin 组分，解除姐妹黏连。（2分）
5. 说明后期 A/B 运动及 cyclin 降解/退出 M 期；把黏连解除与实际移动区分。（2分）"	CNFIG0363	CN12-S02
CELL12-160	12_细胞周期与细胞分裂	闭卷评分补充	比较动物与植物胞质分裂应包含哪三项？	空间定位信号；执行结构；膜与分隔结构形成方式。	空间定位信号；执行结构；膜与分隔结构形成方式。	"这是综合答题结构卡。复习时说全核心连接；完整展开请另做本章闭卷练习。

展开作答参考评分（10 分）：
1. 动物通常利用纺锤体相关信号在赤道皮层定位分裂沟。（2分）
2. 动物以微丝—肌球蛋白收缩环收缩，膜颈进一步断裂完成分离。（2分）
3. 植物以成膜体组织囊泡递送和细胞板形成，分裂位置有相应定位信息。（2分）
4. 植物细胞板向外发展并与母细胞膜/壁连接，形成新的分隔结构。（2分）
5. 比较执行骨架、膜来源和机械限制；不能把植物细胞板说成由动物式收缩环挤出。（2分）"	CNFIG0313	CN12-S02,CN12-S01
CELL12-E001	12_细胞周期与细胞分裂	新增	减数分裂同源重组为何不一定都产生染色体臂的交叉互换？		中间体可按非交叉途径解决；局部异源双链经修复可产生基因转换，而两侧标记仍保持原组合。	基因转换与交叉互换可相伴也可独立；应追踪两侧标记及局部序列。		EN05-H051-H056
CELL12-E002	12_细胞周期与细胞分裂	新增	FUCCI 颜色变化为何能指示周期进展，却不能不经校准就当成精确的 DNA 含量？		颜色来自周期依赖的报告蛋白降解/积累，反映相应调控状态；DNA 含量是另一测量，可受转换时点、报告动力学等影响。	不同 FUCCI 构建设计不同，需使用对应校准和成像条件。	ENFIG2030	EN17-H000-H005
CELL12-E003	12_细胞周期与细胞分裂	新增	为什么复制起点许可与起点启动必须在周期中相互分离？		低 Cdk 的晚 M/G₁ 允许装载 MCM；进入 S 后启动已许可起点，同时抑制重新许可，避免同一 DNA 在一轮周期重复复制。	多个机制共同限制再许可；起点装载 MCM 不等于已经形成活跃复制叉。	ENFIG2044	EN17-H016-H020
CELL12-E004	12_细胞周期与细胞分裂	新增	错误的同极连接为何较容易被 Aurora B 纠正，而正常双极连接较稳定？		错误连接通常缺少正常张力，使相关底物更易受 Aurora B 磷酸化而降低微管结合；双极张力与几何改变有利于减少该作用并稳定连接。	这是调控模型，张力不是唯一信息；“连接存在”不等于连接方向正确。	ENFIG2083	EN17-H021-H061
CELL12-E005	12_细胞周期与细胞分裂	新增	同一个动粒连接两个纺锤极时，为什么可出现后期滞后染色体且不被检查点完全阻止？		这种 merotelic 连接使动粒具有微管占据，却受相反方向牵引；纺锤体检查点主要对未连接状态敏感，部分错误因此可漏过。	错误纠正机制仍可处理这类连接，不能说它完全不可检测或必定造成非整倍体。	ENFIG2087	EN17-H021-H061
CELL12-E006	12_细胞周期与细胞分裂	新增	DNA 含量分布的 2C 峰、2C—4C 区间、4C 峰通常对应什么？能否仅据此分开 G₂ 与 M？		典型二倍体增殖细胞中分别对应 G₀/G₁、S、G₂/M；单靠 DNA 含量不能分开 G₂ 与 M，也不能分开 G₀ 与 G₁。	需单细胞/单核、去双联体、排除非整倍体和死亡细胞；可结合 EdU、磷酸化 H3 等标记。	ENFIG2118	EN17-EXERCISES
CELL12-E007	12_细胞周期与细胞分裂	新增	论述一次周期只复制一次和姐妹染色单体准确分离怎样由许可、黏连、纠错与检查点协同。（闭卷 8—10 分钟，按 10 分自评）		G₁ 许可、S 期启动并阻止再许可（2分）；复制后姐妹黏连（2分）；双极连接与错误纠正（2分）；未连接动粒检查点限制 APC/C（2分）；securin 降解、separase 切黏连及 merotelic 漏检限制（2分）。	这是依据本章教材重组的练习，不标作上海大学真实历年考题；可先写提纲，再连成机制论述。		CN12-S01,CN12-S02,EN17-H016-H020,EN17-H021-H061
CELL13-001	13_细胞增殖调控与癌细胞	保留核心答案；更新格式与来源	M期与间期细胞融合的关键观察是什么？	间期核出现早熟染色体凝缩PCC。	间期核出现早熟染色体凝缩PCC。		CNFIG0423	CN13-S01
CELL13-002	13_细胞增殖调控与癌细胞	保留核心答案；更新格式与来源	M期与间期细胞融合支持哪种结论，边界是什么？	支持M期胞质有促分裂活动，不直接给出因子化学身份。	支持M期胞质有促分裂活动，不直接给出因子化学身份。			CN13-S01
CELL13-003	13_细胞增殖调控与癌细胞	保留核心答案；更新格式与来源	G1核的PCC的关键观察是什么？	典型呈未复制的单线染色体形态。	典型呈未复制的单线染色体形态。			CN13-S01
CELL13-004	13_细胞增殖调控与癌细胞	保留核心答案；更新格式与来源	G1核的PCC支持哪种结论，边界是什么？	形态反映复制状态，区别于G2核的双线形态。	形态反映复制状态，区别于G2核的双线形态。			CN13-S01
CELL13-005	13_细胞增殖调控与癌细胞	保留核心答案；更新格式与来源	S期核的PCC的关键观察是什么？	复制中的染色质呈破碎或粉末样凝缩。	复制中的染色质呈破碎或粉末样凝缩。			CN13-S01
CELL13-006	13_细胞增殖调控与癌细胞	保留核心答案；更新格式与来源	S期核的PCC支持哪种结论，边界是什么？	提示未完成复制时强制进入分裂具有危险。	提示未完成复制时强制进入分裂具有危险。			CN13-S01
CELL13-007	13_细胞增殖调控与癌细胞	保留核心答案；更新格式与来源	成熟卵胞质移植的关键观察是什么？	可使相应未成熟卵母细胞发生GVBD等成熟事件。	可使相应未成熟卵母细胞发生GVBD等成熟事件。		CNFIG0401	CN13-S01
CELL13-008	13_细胞增殖调控与癌细胞	保留核心答案；更新格式与来源	成熟卵胞质移植支持哪种结论，边界是什么？	支持可转移的胞质促成熟活性。	支持可转移的胞质促成熟活性。			CN13-S01
CELL13-009	13_细胞增殖调控与癌细胞	保留核心答案；更新格式与来源	周期蛋白含量测定的关键观察是什么？	相应cyclin随周期积累并在特定时间下降。	相应cyclin随周期积累并在特定时间下降。			CN13-S01
CELL13-010	13_细胞增殖调控与癌细胞	保留核心答案；更新格式与来源	周期蛋白含量测定支持哪种结论，边界是什么？	提示调控关联，还需干预来检验因果。	提示调控关联，还需干预来检验因果。			CN13-S01
CELL13-011	13_细胞增殖调控与癌细胞	保留核心答案；更新格式与来源	酵母cdc温敏突变筛选的关键观察是什么？	限定条件下细胞在特定阶段积累。	限定条件下细胞在特定阶段积累。			CN13-S01
CELL13-012	13_细胞增殖调控与癌细胞	保留核心答案；更新格式与来源	酵母cdc温敏突变筛选支持哪种结论，边界是什么？	帮助定位必需步骤，需排除温度对野生型的影响。	帮助定位必需步骤，需排除温度对野生型的影响。			CN13-S01
CELL13-013	13_细胞增殖调控与癌细胞	保留核心答案；更新格式与来源	MPF的典型身份或配对是什么？	典型为cyclin B—CDK1复合物。	典型为cyclin B—CDK1复合物。		CNFIG0458	CN13-S01
CELL13-014	13_细胞增殖调控与癌细胞	保留核心答案；更新格式与来源	MPF主要联系哪个周期调控环节？	促进入M期；CDK1单个亚基不等于完整MPF。	促进入M期；CDK1单个亚基不等于完整MPF。			CN13-S01
CELL13-015	13_细胞增殖调控与癌细胞	保留核心答案；更新格式与来源	裂殖酵母Cdc2的典型身份或配对是什么？	主要周期CDK，与相应cyclin配对。	主要周期CDK，与相应cyclin配对。			CN13-S01
CELL13-016	13_细胞增殖调控与癌细胞	保留核心答案；更新格式与来源	裂殖酵母Cdc2主要联系哪个周期调控环节？	控制周期转换，与动物CDK1具有同源关系。	控制周期转换，与动物CDK1具有同源关系。			CN13-S01
CELL13-017	13_细胞增殖调控与癌细胞	保留核心答案；更新格式与来源	芽殖酵母Cdc28的典型身份或配对是什么？	主要周期CDK，与不同cyclin配对。	主要周期CDK，与不同cyclin配对。			CN13-S01
CELL13-018	13_细胞增殖调控与癌细胞	保留核心答案；更新格式与来源	芽殖酵母Cdc28主要联系哪个周期调控环节？	同一CDK可借不同cyclin调节不同阶段。	同一CDK可借不同cyclin调节不同阶段。			CN13-S01
CELL13-019	13_细胞增殖调控与癌细胞	保留核心答案；更新格式与来源	cyclin D—CDK4/6的典型身份或配对是什么？	哺乳动物主要G1期CDK复合物。	哺乳动物主要G1期CDK复合物。			CN13-S01
CELL13-020	13_细胞增殖调控与癌细胞	保留核心答案；更新格式与来源	cyclin D—CDK4/6主要联系哪个周期调控环节？	联系促增殖信号与Rb等底物调控。	联系促增殖信号与Rb等底物调控。			CN13-S01
CELL13-021	13_细胞增殖调控与癌细胞	保留核心答案；更新格式与来源	cyclin E—CDK2的典型身份或配对是什么？	典型G1/S调控复合物。	典型G1/S调控复合物。			CN13-S01
CELL13-022	13_细胞增殖调控与癌细胞	保留核心答案；更新格式与来源	cyclin E—CDK2主要联系哪个周期调控环节？	参与进入S期及相关准备。	参与进入S期及相关准备。			CN13-S01
CELL13-023	13_细胞增殖调控与癌细胞	保留核心答案；更新格式与来源	cyclin A—CDK2的典型身份或配对是什么？	主要S期相关复合物。	主要S期相关复合物。			CN13-S01
CELL13-024	13_细胞增殖调控与癌细胞	保留核心答案；更新格式与来源	cyclin A—CDK2主要联系哪个周期调控环节？	促进复制进程并参与防止不适当再复制。	促进复制进程并参与防止不适当再复制。			CN13-S01
CELL13-025	13_细胞增殖调控与癌细胞	保留核心答案；更新格式与来源	cyclin A/B—CDK1的典型身份或配对是什么？	G2/M及M期相关复合物。	G2/M及M期相关复合物。			CN13-S01
CELL13-026	13_细胞增殖调控与癌细胞	保留核心答案；更新格式与来源	cyclin A/B—CDK1主要联系哪个周期调控环节？	协调进入与执行有丝分裂。	协调进入与执行有丝分裂。			CN13-S01
CELL13-027	13_细胞增殖调控与癌细胞	保留核心答案；更新格式与来源	INK4家族的典型身份或配对是什么？	包括p16等CKI。	包括p16等CKI。			CN13-S01
CELL13-028	13_细胞增殖调控与癌细胞	保留核心答案；更新格式与来源	INK4家族主要联系哪个周期调控环节？	主要抑制CDK4/6，区别于Cip/Kip范围。	主要抑制CDK4/6，区别于Cip/Kip范围。			CN13-S01
CELL13-029	13_细胞增殖调控与癌细胞	保留核心答案；更新格式与来源	Cip/Kip家族的典型身份或配对是什么？	包括p21、p27、p57等。	包括p21、p27、p57等。			CN13-S01
CELL13-030	13_细胞增殖调控与癌细胞	保留核心答案；更新格式与来源	Cip/Kip家族主要联系哪个周期调控环节？	调节相应cyclin—CDK，作用依复合物和环境。	调节相应cyclin—CDK，作用依复合物和环境。			CN13-S01
CELL13-031	13_细胞增殖调控与癌细胞	保留核心答案；更新格式与来源	cyclin结合怎样改变周期调控？	改变CDK构象并参与底物选择。	改变CDK构象并参与底物选择。			CN13-S01
CELL13-032	13_细胞增殖调控与癌细胞	保留核心答案；更新格式与来源	cyclin结合与其他修饰或降解机制有何区别？	重要但不等于在任何条件下已完全活化。	重要但不等于在任何条件下已完全活化。			CN13-S01
CELL13-033	13_细胞增殖调控与癌细胞	保留核心答案；更新格式与来源	CAK活化位点磷酸化怎样改变周期调控？	促进相应CDK获得有效活性。	促进相应CDK获得有效活性。			CN13-S01
CELL13-034	13_细胞增殖调控与癌细胞	保留核心答案；更新格式与来源	CAK活化位点磷酸化与其他修饰或降解机制有何区别？	区别于Wee1/Myt1的抑制性位点磷酸化。	区别于Wee1/Myt1的抑制性位点磷酸化。			CN13-S01,EN17-H006-H015
CELL13-035	13_细胞增殖调控与癌细胞	保留核心答案；更新格式与来源	Wee1/Myt1调节怎样改变周期调控？	向CDK1相关抑制位点加磷酸。	向CDK1相关抑制位点加磷酸。			CN13-S01,EN17-H006-H015
CELL13-036	13_细胞增殖调控与癌细胞	保留核心答案；更新格式与来源	Wee1/Myt1调节与其他修饰或降解机制有何区别？	使已有cyclin结合的CDK仍可保持受抑。	使已有cyclin结合的CDK仍可保持受抑。			CN13-S01,EN17-H006-H015
CELL13-037	13_细胞增殖调控与癌细胞	保留核心答案；更新格式与来源	Cdc25调节怎样改变周期调控？	去除CDK相关抑制性磷酸。	去除CDK相关抑制性磷酸。			CN13-S01
CELL13-038	13_细胞增殖调控与癌细胞	保留核心答案；更新格式与来源	Cdc25调节与其他修饰或降解机制有何区别？	可使CDK1迅速活化，不是去掉所有磷酸。	可使CDK1迅速活化，不是去掉所有磷酸。			CN13-S01
CELL13-039	13_细胞增殖调控与癌细胞	保留核心答案；更新格式与来源	M-CDK正反馈怎样改变周期调控？	促进Cdc25并抑制Wee1等。	促进Cdc25并抑制Wee1等。			CN13-S01,EN17-H006-H015
CELL13-040	13_细胞增殖调控与癌细胞	保留核心答案；更新格式与来源	M-CDK正反馈与其他修饰或降解机制有何区别？	有助快速协同进入M期。	有助快速协同进入M期。			CN13-S01
CELL13-041	13_细胞增殖调控与癌细胞	保留核心答案；更新格式与来源	APC/C底物识别怎样改变周期调控？	受Cdc20/Cdh1等调节的E3连接酶识别。	受Cdc20/Cdh1等调节的E3连接酶识别。		CNFIG0409	CN13-S01
CELL13-042	13_细胞增殖调控与癌细胞	保留核心答案；更新格式与来源	APC/C底物识别与其他修饰或降解机制有何区别？	结合阶段性调控，区别于蛋白酶体直接水解。	结合阶段性调控，区别于蛋白酶体直接水解。			CN13-S01
CELL13-043	13_细胞增殖调控与癌细胞	保留核心答案；更新格式与来源	SCF底物识别怎样改变周期调控？	F-box成员识别相应底物，常依磷酸化。	F-box成员识别相应底物，常依磷酸化。			CN13-S01
CELL13-044	13_细胞增殖调控与癌细胞	保留核心答案；更新格式与来源	SCF底物识别与其他修饰或降解机制有何区别？	同为E3但选择规则不同于APC/C。	同为E3但选择规则不同于APC/C。			CN13-S01
CELL13-045	13_细胞增殖调控与癌细胞	保留核心答案；更新格式与来源	cyclin破坏框怎样改变周期调控？	为相关降解系统提供识别信息。	为相关降解系统提供识别信息。		CNFIG0400	CN13-S01
CELL13-046	13_细胞增殖调控与癌细胞	保留核心答案；更新格式与来源	cyclin破坏框与其他修饰或降解机制有何区别？	去除可延迟降解，但还需考虑其他识别位点。	去除可延迟降解，但还需考虑其他识别位点。			CN13-S01
CELL13-047	13_细胞增殖调控与癌细胞	保留核心答案；更新格式与来源	ORC在复制起始控制中做什么？	参与复制起点的识别和起始组织。	参与复制起点的识别和起始组织。			CN13-S01
CELL13-048	13_细胞增殖调控与癌细胞	保留核心答案；更新格式与来源	ORC怎样联系每周期复制一次的原则？	为许可装配提供基础，但自身不等于已启动复制。	为许可装配提供基础，但自身不等于已启动复制。			CN13-S01,EN17-H016-H020
CELL13-049	13_细胞增殖调控与癌细胞	保留核心答案；更新格式与来源	Cdc6在复制起始控制中做什么？	与ORC等参与MCM加载。	与ORC等参与MCM加载。			CN13-S01,EN17-H016-H020
CELL13-050	13_细胞增殖调控与癌细胞	保留核心答案；更新格式与来源	Cdc6怎样联系每周期复制一次的原则？	主要联系许可阶段，区别于起点实际发火。	主要联系许可阶段，区别于起点实际发火。			CN13-S01,EN17-H016-H020
CELL13-051	13_细胞增殖调控与癌细胞	保留核心答案；更新格式与来源	Cdt1在复制起始控制中做什么？	帮助MCM加载到DNA。	帮助MCM加载到DNA。			CN13-S01,EN17-H016-H020
CELL13-052	13_细胞增殖调控与癌细胞	保留核心答案；更新格式与来源	Cdt1怎样联系每周期复制一次的原则？	S期需限制其重新许可活动以防再复制。	S期需限制其重新许可活动以防再复制。			CN13-S01,EN17-H016-H020
CELL13-053	13_细胞增殖调控与癌细胞	保留核心答案；更新格式与来源	MCM2—7加载在复制起始控制中做什么？	在低CDK条件下形成已许可的解旋酶前体。	在低CDK条件下形成已许可的解旋酶前体。			CN13-S01,EN17-H016-H020
CELL13-054	13_细胞增殖调控与癌细胞	保留核心答案；更新格式与来源	MCM2—7加载怎样联系每周期复制一次的原则？	许可与之后的活化在时间上分离。	许可与之后的活化在时间上分离。			CN13-S01,EN17-H016-H020
CELL13-055	13_细胞增殖调控与癌细胞	保留核心答案；更新格式与来源	Cdc45/GINS参与在复制起始控制中做什么？	与MCM形成活跃CMG解旋酶体系。	与MCM形成活跃CMG解旋酶体系。			CN13-S01,EN17-H016-H020
CELL13-056	13_细胞增殖调控与癌细胞	保留核心答案；更新格式与来源	Cdc45/GINS参与怎样联系每周期复制一次的原则？	把许可的起点推进到实际复制启动。	把许可的起点推进到实际复制启动。			CN13-S01,EN17-H016-H020
CELL13-057	13_细胞增殖调控与癌细胞	保留核心答案；更新格式与来源	S-CDK等启动信号在复制起始控制中做什么？	促进已许可起点的活化。	促进已许可起点的活化。			CN13-S01,EN17-H016-H020
CELL13-058	13_细胞增殖调控与癌细胞	保留核心答案；更新格式与来源	S-CDK等启动信号怎样联系每周期复制一次的原则？	同时高CDK状态有助阻止新一轮许可。	同时高CDK状态有助阻止新一轮许可。			CN13-S01,EN17-H016-H020
CELL13-059	13_细胞增殖调控与癌细胞	保留核心答案；更新格式与来源	geminin在复制起始控制中做什么？	在动物中抑制Cdt1的许可作用。	在动物中抑制Cdt1的许可作用。			CN13-S01,EN17-H016-H020
CELL13-060	13_细胞增殖调控与癌细胞	保留核心答案；更新格式与来源	geminin怎样联系每周期复制一次的原则？	与蛋白降解等机制协同抑制再复制，不是所有物种唯一机制。	与蛋白降解等机制协同抑制再复制，不是所有物种唯一机制。			CN13-S01,EN17-H016-H020
CELL13-061	13_细胞增殖调控与癌细胞	保留核心答案；更新格式与来源	ATM相关损伤应答主要感受或执行什么？	主要参与DNA双链断裂等反应。	主要参与DNA双链断裂等反应。			CN13-S01
CELL13-062	13_细胞增殖调控与癌细胞	保留核心答案；更新格式与来源	ATM相关损伤应答怎样避免异常周期推进？	激活下游检查点与修复，不能说只响应一种损伤。	激活下游检查点与修复，不能说只响应一种损伤。			CN13-S01
CELL13-063	13_细胞增殖调控与癌细胞	保留核心答案；更新格式与来源	ATR相关复制应答主要感受或执行什么？	响应复制压力和相应单链DNA结构等。	响应复制压力和相应单链DNA结构等。		CNFIG0461	CN13-S01
CELL13-064	13_细胞增殖调控与癌细胞	保留核心答案；更新格式与来源	ATR相关复制应答怎样避免异常周期推进？	限制不适当启动并保护复制进程。	限制不适当启动并保护复制进程。			CN13-S01
CELL13-065	13_细胞增殖调控与癌细胞	保留核心答案；更新格式与来源	Chk1/Chk2主要感受或执行什么？	把上游损伤信号传给周期调控蛋白。	把上游损伤信号传给周期调控蛋白。			CN13-S01
CELL13-066	13_细胞增殖调控与癌细胞	保留核心答案；更新格式与来源	Chk1/Chk2怎样避免异常周期推进？	可影响Cdc25等，降低不适当CDK活性。	可影响Cdc25等，降低不适当CDK活性。			CN13-S01
CELL13-067	13_细胞增殖调控与癌细胞	保留核心答案；更新格式与来源	p53—p21支路主要感受或执行什么？	损伤应答中p53促p21等表达。	损伤应答中p53促p21等表达。			CN13-S01
CELL13-068	13_细胞增殖调控与癌细胞	保留核心答案；更新格式与来源	p53—p21支路怎样避免异常周期推进？	CKI可使周期延迟，具体命运还依损伤与环境。	CKI可使周期延迟，具体命运还依损伤与环境。			CN13-S01
CELL13-069	13_细胞增殖调控与癌细胞	保留核心答案；更新格式与来源	纺锤体检查点MCC主要感受或执行什么？	由Mad/Bub相关组分形成抑制性体系。	由Mad/Bub相关组分形成抑制性体系。			CN13-S01
CELL13-070	13_细胞增殖调控与癌细胞	保留核心答案；更新格式与来源	纺锤体检查点MCC怎样避免异常周期推进？	限制Cdc20—APC/C，防过早进入后期。	限制Cdc20—APC/C，防过早进入后期。			CN13-S01
CELL13-071	13_细胞增殖调控与癌细胞	保留核心答案；更新格式与来源	M期退出去磷酸化主要感受或执行什么？	CDK下降后相应磷酸酶作用于底物。	CDK下降后相应磷酸酶作用于底物。			CN13-S01
CELL13-072	13_细胞增殖调控与癌细胞	保留核心答案；更新格式与来源	M期退出去磷酸化怎样避免异常周期推进？	使分裂结构转换和子核重建，降CDK不等于瞬间完成全部重建。	使分裂结构转换和子核重建，降CDK不等于瞬间完成全部重建。			CN13-S01
CELL13-073	13_细胞增殖调控与癌细胞	保留核心答案；更新格式与来源	为什么CDK蛋白总量相对稳定仍可出现周期性活性？	cyclin、修饰、CKI及定位等调节其活性，而非只靠CDK合成量。	cyclin、修饰、CKI及定位等调节其活性，而非只靠CDK合成量。		CNFIG0410,CNFIG0453,CNFIG0406	CN13-S01
CELL13-074	13_细胞增殖调控与癌细胞	保留核心答案；更新格式与来源	CDK1 Thr161与Tyr15磷酸化的典型作用方向有何不同？	Thr161为活化相关位点；Tyr15为抑制相关位点。	Thr161为活化相关位点；Tyr15为抑制相关位点。		CNFIG0456	CN13-S01
CELL13-075	13_细胞增殖调控与癌细胞	保留核心答案；更新格式与来源	Cdc25抑制而cyclin B已积累时，进入M期为什么可延迟？	CDK1抑制性磷酸难移除，积累cyclin不保证有效活化。	CDK1抑制性磷酸难移除，积累cyclin不保证有效活化。			CN13-S01
CELL13-076	13_细胞增殖调控与癌细胞	保留核心答案；更新格式与来源	Wee1功能减弱时为何可能发生过早有丝分裂？	对CDK1的抑制减弱，必要准备未完成即可能提高M-CDK。	对CDK1的抑制减弱，必要准备未完成即可能提高M-CDK。			CN13-S01,EN17-H006-H015
CELL13-077	13_细胞增殖调控与癌细胞	保留核心答案；更新格式与来源	表达难降解cyclin B时，为什么M期退出可能受阻？	M-CDK难及时下降，分裂期底物去磷酸化和结构恢复受影响。	M-CDK难及时下降，分裂期底物去磷酸化和结构恢复受影响。			CN13-S01
CELL13-078	13_细胞增殖调控与癌细胞	保留核心答案；更新格式与来源	正常APC/C存在但蛋白酶体被抑制，底物为何仍可能积累？	泛素化不等于最终水解，降解执行环节受阻。	泛素化不等于最终水解，降解执行环节受阻。			CN13-S01
CELL13-079	13_细胞增殖调控与癌细胞	保留核心答案；更新格式与来源	F-box蛋白改变为什么可选择性影响某些周期底物？	F-box提供底物选择，其他E3复合物核心未必完全失活。	F-box提供底物选择，其他E3复合物核心未必完全失活。		CNFIG0394	CN13-S01
CELL13-080	13_细胞增殖调控与癌细胞	保留核心答案；更新格式与来源	Rb限制E2F如何使G1/S转换受到控制？	抑制S期相关基因表达，适当磷酸化调节后E2F作用得以释放。	抑制S期相关基因表达，适当磷酸化调节后E2F作用得以释放。		ENFIG2114	CN13-S01
CELL13-081	13_细胞增殖调控与癌细胞	保留核心答案；更新格式与来源	Rb持续保持有效E2F抑制状态时，促生长信号为何未必足以进入S期？	关键转录输出仍受限，上游输入不能自动绕过该抑制。	关键转录输出仍受限，上游输入不能自动绕过该抑制。			CN13-S01
CELL13-082	13_细胞增殖调控与癌细胞	保留核心答案；更新格式与来源	低CDK利于许可而高S-CDK利于发火，这为何不是矛盾？	两过程需不同时间窗口，先装配后启动并阻止再次装配。	两过程需不同时间窗口，先装配后启动并阻止再次装配。			CN13-S01,EN17-H016-H020
CELL13-083	13_细胞增殖调控与癌细胞	保留核心答案；更新格式与来源	某区域MCM已加载是否证明该起点已开始复制？	否。还需活化和复制叉形成证据，许可不等于发火。	否。还需活化和复制叉形成证据，许可不等于发火。			CN13-S01,EN17-H016-H020
CELL13-084	13_细胞增殖调控与癌细胞	保留核心答案；更新格式与来源	限制Cdt1功能后DNA合成下降，如何区分许可缺陷与普遍细胞死亡？	检测MCM加载、细胞活性及特异补回，并比较其他周期过程。	检测MCM加载、细胞活性及特异补回，并比较其他周期过程。			CN13-S01,EN17-H016-H020
CELL13-085	13_细胞增殖调控与癌细胞	保留核心答案；更新格式与来源	S期出现超过正常4C的DNA含量，是否就证明发生再复制？	否。还可为多倍性或双细胞，需单细胞、起点和新合成证据。	否。还可为多倍性或双细胞，需单细胞、起点和新合成证据。			CN13-S01
CELL13-086	13_细胞增殖调控与癌细胞	保留核心答案；更新格式与来源	检查点被破坏为何可能缩短药物阻滞却增加基因组不稳定？	异常未纠正即继续推进，快通过不等于分配或修复正常。	异常未纠正即继续推进，快通过不等于分配或修复正常。			CN13-S01
CELL13-087	13_细胞增殖调控与癌细胞	保留核心答案；更新格式与来源	不同CDK敲除表型不同，为什么不能把体外必需性直接推广到整个个体？	代偿、细胞类型及发育背景可改变依赖关系。	代偿、细胞类型及发育背景可改变依赖关系。			CN13-S01
CELL13-088	13_细胞增殖调控与癌细胞	保留核心答案；更新格式与来源	周期基因跨物种补救温敏表型支持什么，不能说明什么？	支持功能保守；不能证明全部调控细节和表达方式相同。	支持功能保守；不能证明全部调控细节和表达方式相同。			CN13-S01
CELL13-089	13_细胞增殖调控与癌细胞	闭卷评分补充	论述CDK活性的调节应写哪五类评分要点？	cyclin配对；活化/抑制磷酸；磷酸酶；CKI；降解与定位。	cyclin配对；活化/抑制磷酸；磷酸酶；CKI；降解与定位。	"这是综合答题结构卡。复习时说全核心连接；完整展开请另做本章闭卷练习。

展开作答参考评分（10 分）：
1. 说明 cyclin 配对和周期性变化决定相应 CDK 复合体。（2分）
2. 说明 CAK 的活化位点与 Wee1 等抑制磷酸化的不同作用。（2分）
3. 说明 Cdc25 去抑制性磷酸及其他磷酸酶的调节，磷酸化不统一等于活化。（2分）
4. 说明 CKI 的结合抑制与必要的解除机制。（2分）
5. 说明 cyclin/调控蛋白降解、定位及反馈共同决定时间和不可逆转换。（2分）"		CN13-S01
CELL13-090	13_细胞增殖调控与癌细胞	闭卷评分补充	论述每周期DNA复制一次的四步框架。	低CDK许可；S期起点活化；高CDK和Cdt1限制阻止再许可；退出M期后重置。	低CDK许可；S期起点活化；高CDK和Cdt1限制阻止再许可；退出M期后重置。	"这是综合答题结构卡。复习时说全核心连接；完整展开请另做本章闭卷练习。

展开作答参考评分（10 分）：
1. 低 CDK 条件下，ORC、Cdc6、Cdt1 等促 MCM 装载，完成许可。（2分）
2. S 期 CDK/DDK 等使已许可起点活化，装载不等于已经复制。（2分）
3. 高 CDK 阻碍再次装载，部分体系另由 Cdt1 降解/抑制及 geminin 等参与。（2分）
4. M 期退出后调控因子重置，允许下一周期重新许可。（2分）
5. 区分未用起点、起点活化与重复复制；去除再许可限制可用 DNA 含量和再装载证据检验。（2分）"	CNFIG0441	CN13-S01,EN17-H016-H020
CELL13-091	13_细胞增殖调控与癌细胞	保留核心答案；更新格式与来源	增殖控制失调在癌细胞生物学中指什么？	对正常增殖约束的依赖或响应改变。	对正常增殖约束的依赖或响应改变。			CN13-S02
CELL13-092	13_细胞增殖调控与癌细胞	保留核心答案；更新格式与来源	增殖控制失调为什么不能绝对化为所有癌细胞的共同数值？	癌种与亚群增殖速度不同，不是每个细胞时时快速分裂。	癌种与亚群增殖速度不同，不是每个细胞时时快速分裂。			CN13-S02
CELL13-093	13_细胞增殖调控与癌细胞	保留核心答案；更新格式与来源	抵御细胞死亡在癌细胞生物学中指什么？	降低相应死亡通路的有效执行。	降低相应死亡通路的有效执行。			CN13-S02
CELL13-094	13_细胞增殖调控与癌细胞	保留核心答案；更新格式与来源	抵御细胞死亡为什么不能绝对化为所有癌细胞的共同数值？	仍可死亡，不等于绝对不死。	仍可死亡，不等于绝对不死。			CN13-S02
CELL13-095	13_细胞增殖调控与癌细胞	保留核心答案；更新格式与来源	复制潜能维持在癌细胞生物学中指什么？	绕过正常复制寿命限制的机制。	绕过正常复制寿命限制的机制。			CN13-S02
CELL13-096	13_细胞增殖调控与癌细胞	保留核心答案；更新格式与来源	复制潜能维持为什么不能绝对化为所有癌细胞的共同数值？	端粒酶或其他维持途径可不同。	端粒酶或其他维持途径可不同。			CN13-S02
CELL13-097	13_细胞增殖调控与癌细胞	保留核心答案；更新格式与来源	侵袭在癌细胞生物学中指什么？	突破组织边界并进入周围组织。	突破组织边界并进入周围组织。			CN13-S02
CELL13-098	13_细胞增殖调控与癌细胞	保留核心答案；更新格式与来源	侵袭为什么不能绝对化为所有癌细胞的共同数值？	不同于已完成远处定植的转移。	不同于已完成远处定植的转移。			CN13-S02
CELL13-099	13_细胞增殖调控与癌细胞	保留核心答案；更新格式与来源	转移在癌细胞生物学中指什么？	在远处组织形成继发病灶的过程。	在远处组织形成继发病灶的过程。		CNFIG0421	CN13-S02
CELL13-100	13_细胞增殖调控与癌细胞	保留核心答案；更新格式与来源	转移为什么不能绝对化为所有癌细胞的共同数值？	需要多步成功，单一迁移实验不能完整证明。	需要多步成功，单一迁移实验不能完整证明。			CN13-S02
CELL13-101	13_细胞增殖调控与癌细胞	保留核心答案；更新格式与来源	接触抑制改变在癌细胞生物学中指什么？	密度相关生长或运动限制减弱。	密度相关生长或运动限制减弱。			CN13-S02
CELL13-102	13_细胞增殖调控与癌细胞	保留核心答案；更新格式与来源	接触抑制改变为什么不能绝对化为所有癌细胞的共同数值？	不同细胞模型的程度和机制可不同。	不同细胞模型的程度和机制可不同。			CN13-S02
CELL13-103	13_细胞增殖调控与癌细胞	保留核心答案；更新格式与来源	锚定非依赖生长在癌细胞生物学中指什么？	在缺少通常黏附条件下仍能生长。	在缺少通常黏附条件下仍能生长。			CN13-S02
CELL13-104	13_细胞增殖调控与癌细胞	保留核心答案；更新格式与来源	锚定非依赖生长为什么不能绝对化为所有癌细胞的共同数值？	是转化相关证据，不能单项替代全部恶性判定。	是转化相关证据，不能单项替代全部恶性判定。			CN13-S02
CELL13-105	13_细胞增殖调控与癌细胞	保留核心答案；更新格式与来源	表达谱重编程在癌细胞生物学中指什么？	基因和蛋白表达模式发生变化。	基因和蛋白表达模式发生变化。			CN13-S02
CELL13-106	13_细胞增殖调控与癌细胞	保留核心答案；更新格式与来源	表达谱重编程为什么不能绝对化为所有癌细胞的共同数值？	总mRNA相似也不排除少数关键调控位点异常。	总mRNA相似也不排除少数关键调控位点异常。			CN13-S02
CELL13-107	13_细胞增殖调控与癌细胞	保留核心答案；更新格式与来源	肿瘤异质性在癌细胞生物学中指什么？	同一肿瘤中存在不同遗传或状态亚群。	同一肿瘤中存在不同遗传或状态亚群。			CN13-S02
CELL13-108	13_细胞增殖调控与癌细胞	保留核心答案；更新格式与来源	肿瘤异质性为什么不能绝对化为所有癌细胞的共同数值？	不能用一个样本均值代表所有癌细胞。	不能用一个样本均值代表所有癌细胞。			CN13-S02
CELL13-109	13_细胞增殖调控与癌细胞	保留核心答案；更新格式与来源	免疫逃逸在癌细胞生物学中指什么？	降低被免疫识别或清除的能力。	降低被免疫识别或清除的能力。			CN13-S02
CELL13-110	13_细胞增殖调控与癌细胞	保留核心答案；更新格式与来源	免疫逃逸为什么不能绝对化为所有癌细胞的共同数值？	机制多样且依微环境，不等于完全无免疫应答。	机制多样且依微环境，不等于完全无免疫应答。			CN13-S02
CELL13-111	13_细胞增殖调控与癌细胞	保留核心答案；更新格式与来源	原癌基因点突变如何增强促癌信号？	可使产物组成型活化或调节失常。	可使产物组成型活化或调节失常。			CN13-S02
CELL13-112	13_细胞增殖调控与癌细胞	保留核心答案；更新格式与来源	原癌基因点突变的改变应怎样与正常功能区分？	正常原癌基因本有生理作用，突变后功能依具体位点。	正常原癌基因本有生理作用，突变后功能依具体位点。			CN13-S02
CELL13-113	13_细胞增殖调控与癌细胞	保留核心答案；更新格式与来源	原癌基因扩增如何增强促癌信号？	可提高相应产物剂量。	可提高相应产物剂量。			CN13-S02
CELL13-114	13_细胞增殖调控与癌细胞	保留核心答案；更新格式与来源	原癌基因扩增的改变应怎样与正常功能区分？	表达增多不一定是编码序列本身改变。	表达增多不一定是编码序列本身改变。			CN13-S02
CELL13-115	13_细胞增殖调控与癌细胞	保留核心答案；更新格式与来源	调控区重排如何增强促癌信号？	可把基因置于异常强的表达控制下。	可把基因置于异常强的表达控制下。			CN13-S02
CELL13-116	13_细胞增殖调控与癌细胞	保留核心答案；更新格式与来源	调控区重排的改变应怎样与正常功能区分？	改变表达方式与改变蛋白结构是不同机制。	改变表达方式与改变蛋白结构是不同机制。			CN13-S02
CELL13-117	13_细胞增殖调控与癌细胞	保留核心答案；更新格式与来源	融合癌蛋白如何增强促癌信号？	重排形成具有异常功能的产物。	重排形成具有异常功能的产物。			CN13-S02
CELL13-118	13_细胞增殖调控与癌细胞	保留核心答案；更新格式与来源	融合癌蛋白的改变应怎样与正常功能区分？	需具体融合及功能证据，不能所有融合都叫癌基因。	需具体融合及功能证据，不能所有融合都叫癌基因。			CN13-S02
CELL13-119	13_细胞增殖调控与癌细胞	保留核心答案；更新格式与来源	自分泌生长环如何增强促癌信号？	细胞产生并响应自身促增殖信号。	细胞产生并响应自身促增殖信号。			CN13-S02
CELL13-120	13_细胞增殖调控与癌细胞	保留核心答案；更新格式与来源	自分泌生长环的改变应怎样与正常功能区分？	减少外部因子依赖，但仍需相应受体与下游系统。	减少外部因子依赖，但仍需相应受体与下游系统。			CN13-S02
CELL13-121	13_细胞增殖调控与癌细胞	保留核心答案；更新格式与来源	Rb的正常抑癌功能是什么？	限制E2F及不适当周期推进。	限制E2F及不适当周期推进。			CN13-S02
CELL13-122	13_细胞增殖调控与癌细胞	保留核心答案；更新格式与来源	Rb失活为何可促进癌变？	失去细胞周期的重要约束。	失去细胞周期的重要约束。			CN13-S02
CELL13-123	13_细胞增殖调控与癌细胞	保留核心答案；更新格式与来源	p53的正常抑癌功能是什么？	组织应激后的周期、修复和死亡相关应答。	组织应激后的周期、修复和死亡相关应答。		CNFIG0404	CN13-S02
CELL13-124	13_细胞增殖调控与癌细胞	保留核心答案；更新格式与来源	p53失活为何可促进癌变？	受损细胞更可能存活和继续增殖。	受损细胞更可能存活和继续增殖。			CN13-S02
CELL13-125	13_细胞增殖调控与癌细胞	保留核心答案；更新格式与来源	APC抑癌蛋白的正常抑癌功能是什么？	参与限制β-catenin积累等。	参与限制β-catenin积累等。			CN13-S02
CELL13-126	13_细胞增殖调控与癌细胞	保留核心答案；更新格式与来源	APC抑癌蛋白失活为何可促进癌变？	失活可增强相应Wnt下游输出；区别于APC/C。	失活可增强相应Wnt下游输出；区别于APC/C。			CN13-S02
CELL13-127	13_细胞增殖调控与癌细胞	保留核心答案；更新格式与来源	PTEN的正常抑癌功能是什么？	限制PI3K的PIP3脂质信号。	限制PI3K的PIP3脂质信号。			CN13-S02
CELL13-128	13_细胞增殖调控与癌细胞	保留核心答案；更新格式与来源	PTEN失活为何可促进癌变？	失活可提高相应存活和生长支路。	失活可提高相应存活和生长支路。			CN13-S02
CELL13-129	13_细胞增殖调控与癌细胞	保留核心答案；更新格式与来源	DNA修复抑癌基因产物的正常抑癌功能是什么？	维持遗传信息准确性。	维持遗传信息准确性。			CN13-S02
CELL13-130	13_细胞增殖调控与癌细胞	保留核心答案；更新格式与来源	DNA修复抑癌基因产物失活为何可促进癌变？	缺陷增加突变积累，不必直接提高每次分裂速度。	缺陷增加突变积累，不必直接提高每次分裂速度。			CN13-S02
CELL13-131	13_细胞增殖调控与癌细胞	保留核心答案；更新格式与来源	驱动改变在肿瘤发展中表示什么？	为肿瘤克隆提供选择优势的改变。	为肿瘤克隆提供选择优势的改变。			CN13-S02
CELL13-132	13_细胞增殖调控与癌细胞	保留核心答案；更新格式与来源	驱动改变为何影响癌症发生或耐药？	与搭便车的乘客改变在功能上不同。	与搭便车的乘客改变在功能上不同。			CN13-S02
CELL13-133	13_细胞增殖调控与癌细胞	保留核心答案；更新格式与来源	乘客改变在肿瘤发展中表示什么？	不直接驱动当前肿瘤优势的改变。	不直接驱动当前肿瘤优势的改变。			CN13-S02
CELL13-134	13_细胞增殖调控与癌细胞	保留核心答案；更新格式与来源	乘客改变为何影响癌症发生或耐药？	数量多不能说明每个位点都致癌。	数量多不能说明每个位点都致癌。			CN13-S02
CELL13-135	13_细胞增殖调控与癌细胞	保留核心答案；更新格式与来源	克隆选择在肿瘤发展中表示什么？	某亚群在特定环境中相对扩增。	某亚群在特定环境中相对扩增。			CN13-S02
CELL13-136	13_细胞增殖调控与癌细胞	保留核心答案；更新格式与来源	克隆选择为何影响癌症发生或耐药？	治疗可改变选择压力并改变亚群比例。	治疗可改变选择压力并改变亚群比例。			CN13-S02
CELL13-137	13_细胞增殖调控与癌细胞	保留核心答案；更新格式与来源	多步癌变在肿瘤发展中表示什么？	多个功能改变逐渐积累并被选择。	多个功能改变逐渐积累并被选择。		CNFIG0432	CN13-S02
CELL13-138	13_细胞增殖调控与癌细胞	保留核心答案；更新格式与来源	多步癌变为何影响癌症发生或耐药？	并非所有癌种都必须固定5至6次突变。	并非所有癌种都必须固定5至6次突变。			CN13-S02
CELL13-139	13_细胞增殖调控与癌细胞	解释补充	杂合性缺失LOH在肿瘤发展中表示什么？	正常等位信息在相关区域丢失。	正常等位信息在相关区域丢失。	LOH 是原本杂合的区域失去一个等位的信息，可由缺失、染色体丢失或拷贝中性重组等造成。配图还列出点突变和表观沉默等第二次打击：这些不必造成遗传学 LOH。	ENFIG2289,CNFIG0415	CN13-S02
CELL13-140	13_细胞增殖调控与癌细胞	保留核心答案；更新格式与来源	杂合性缺失LOH为何影响癌症发生或耐药？	可使已含一个失活等位基因的细胞进一步失去功能。	可使已含一个失活等位基因的细胞进一步失去功能。			CN13-S02
CELL13-141	13_细胞增殖调控与癌细胞	保留核心答案；更新格式与来源	遗传易感在肿瘤发展中表示什么？	生殖系改变提高发病概率。	生殖系改变提高发病概率。			CN13-S02
CELL13-142	13_细胞增殖调控与癌细胞	保留核心答案；更新格式与来源	遗传易感为何影响癌症发生或耐药？	遗传的是易感性，仍可能需要后续体细胞改变。	遗传的是易感性，仍可能需要后续体细胞改变。			CN13-S02
CELL13-143	13_细胞增殖调控与癌细胞	保留核心答案；更新格式与来源	肿瘤起始移植实验如何用于分析肿瘤干细胞？	比较细胞群在规定宿主条件下重建肿瘤能力。	比较细胞群在规定宿主条件下重建肿瘤能力。			CN13-S02
CELL13-144	13_细胞增殖调控与癌细胞	保留核心答案；更新格式与来源	肿瘤起始移植实验的结论边界是什么？	成瘤能力依宿主、剂量和移植环境。	成瘤能力依宿主、剂量和移植环境。		CNFIG0425	CN13-S02
CELL13-145	13_细胞增殖调控与癌细胞	保留核心答案；更新格式与来源	连续移植如何用于分析肿瘤干细胞？	检验在多代移植中的肿瘤重建能力。	检验在多代移植中的肿瘤重建能力。			CN13-S02
CELL13-146	13_细胞增殖调控与癌细胞	保留核心答案；更新格式与来源	连续移植的结论边界是什么？	支持长期自我更新相关功能，仍需体系限定。	支持长期自我更新相关功能，仍需体系限定。			CN13-S02
CELL13-147	13_细胞增殖调控与癌细胞	保留核心答案；更新格式与来源	CD133等候选标记如何用于分析肿瘤干细胞？	帮助富集某些肿瘤细胞亚群。	帮助富集某些肿瘤细胞亚群。			CN13-S02
CELL13-148	13_细胞增殖调控与癌细胞	保留核心答案；更新格式与来源	CD133等候选标记的结论边界是什么？	阳性不是所有癌种通用的充分干性证明。	阳性不是所有癌种通用的充分干性证明。			CN13-S02
CELL13-149	13_细胞增殖调控与癌细胞	保留核心答案；更新格式与来源	肿瘤细胞状态可塑性如何用于分析肿瘤干细胞？	不同状态之间可发生转换。	不同状态之间可发生转换。			CN13-S02
CELL13-150	13_细胞增殖调控与癌细胞	保留核心答案；更新格式与来源	肿瘤细胞状态可塑性的结论边界是什么？	不能假设干细胞样状态总是固定不变的唯一谱系。	不能假设干细胞样状态总是固定不变的唯一谱系。			CN13-S02
CELL13-151	13_细胞增殖调控与癌细胞	保留核心答案；更新格式与来源	ABC转运蛋白外排如何用于分析肿瘤干细胞？	降低某些药物在胞内积累。	降低某些药物在胞内积累。			CN13-S02
CELL13-152	13_细胞增殖调控与癌细胞	保留核心答案；更新格式与来源	ABC转运蛋白外排的结论边界是什么？	底物和表达不同，不能解释一切耐药。	底物和表达不同，不能解释一切耐药。			CN13-S02
CELL13-153	13_细胞增殖调控与癌细胞	保留核心答案；更新格式与来源	原癌基因与癌基因的功能状态如何区分？	原癌基因具有正常调控功能；癌基因是异常活化的促癌形式。	原癌基因具有正常调控功能；癌基因是异常活化的促癌形式。		CNFIG0438	CN13-S02
CELL13-154	13_细胞增殖调控与癌细胞	保留核心答案；更新格式与来源	癌与肉瘤按组织起源的常用区别是什么？	癌通常指上皮来源恶性肿瘤；肉瘤通常指间叶来源恶性肿瘤。	癌通常指上皮来源恶性肿瘤；肉瘤通常指间叶来源恶性肿瘤。			CN13-S02
CELL13-155	13_细胞增殖调控与癌细胞	保留核心答案；更新格式与来源	良性与恶性肿瘤为什么不能只按增殖速度区分？	侵袭和转移等生物学行为更关键，速度本身不充分。	侵袭和转移等生物学行为更关键，速度本身不充分。			CN13-S02
CELL13-156	13_细胞增殖调控与癌细胞	保留核心答案；更新格式与来源	癌基因“显性”和经典抑癌两次打击模型“隐性”主要指哪一层？	多指细胞内等位基因功能层面，区别于家系易感性的遗传方式。	多指细胞内等位基因功能层面，区别于家系易感性的遗传方式。			CN13-S02
CELL13-157	13_细胞增殖调控与癌细胞	保留核心答案；更新格式与来源	所有抑癌基因是否都必须两等位完全失活才有影响？	否。剂量不足、显性负效应和产物功能背景等可构成例外。	否。剂量不足、显性负效应和产物功能背景等可构成例外。			CN13-S02
CELL13-158	13_细胞增殖调控与癌细胞	保留核心答案；更新格式与来源	p53蛋白含量高是否证明其正常抑癌功能增强？	否。某些突变蛋白也可积累，需测序及功能输出。	否。某些突变蛋白也可积累，需测序及功能输出。			CN13-S02
CELL13-159	13_细胞增殖调控与癌细胞	保留核心答案；更新格式与来源	同一癌灶某突变频率在治疗后升高，是否证明药物定向造成该突变？	否。既有亚群被选择或新变化等均可能，需时间及谱系证据。	否。既有亚群被选择或新变化等均可能，需时间及谱系证据。			CN13-S02
CELL13-160	13_细胞增殖调控与癌细胞	保留核心答案；更新格式与来源	划痕实验闭合加快为何不能单独证明远处转移能力增强？	闭合受增殖和迁移共同影响，且未检验侵袭、循环与定植全过程。	闭合受增殖和迁移共同影响，且未检验侵袭、循环与定植全过程。			CN13-S02
CELL13-161	13_细胞增殖调控与癌细胞	保留核心答案；更新格式与来源	软琼脂克隆增加如何加强而不过度解释转化证据？	控制输入活细胞数并结合其他表型和适当体内证据。	控制输入活细胞数并结合其他表型和适当体内证据。			CN13-S02
CELL13-162	13_细胞增殖调控与癌细胞	保留核心答案；更新格式与来源	两个细胞群仅ABC表达不同，如何检验其是否造成耐药差异？	测药物积累、特异抑制/敲除与补回，排除生长和死亡基线差异。	测药物积累、特异抑制/敲除与补回，排除生长和死亡基线差异。			CN13-S02
CELL13-163	13_细胞增殖调控与癌细胞	保留核心答案；更新格式与来源	肿瘤干细胞与正常组织干细胞为何不能因共享标记就视为相同？	增殖控制、分化输出、遗传改变及组织重建性质不同。	增殖控制、分化输出、遗传改变及组织重建性质不同。			CN13-S02
CELL13-164	13_细胞增殖调控与癌细胞	保留核心答案；更新格式与来源	只清除快速增殖细胞为何可能留下复发来源？	静止或耐受亚群可存活并重新扩增，具体取决于肿瘤状态。	静止或耐受亚群可存活并重新扩增，具体取决于肿瘤状态。			CN13-S02
CELL13-165	13_细胞增殖调控与癌细胞	保留核心答案；更新格式与来源	针对特定异常蛋白的靶向策略为何仍可产生耐药？	靶点改变、旁路代偿及亚群选择等可维持生长。	靶点改变、旁路代偿及亚群选择等可维持生长。			CN13-S02
CELL13-166	13_细胞增殖调控与癌细胞	保留核心答案；更新格式与来源	细胞免疫治疗中“识别靶标”为什么仍不等于必定消除全部肿瘤？	靶标异质性、可及性、免疫抑制及逃逸可限制效果。	靶标异质性、可及性、免疫抑制及逃逸可限制效果。			CN13-S02
CELL13-167	13_细胞增殖调控与癌细胞	保留核心答案；更新格式与来源	抗肿瘤作用的细胞实验为何应同时检测正常细胞？	比较选择性与正常功能影响，不能只凭肿瘤死亡推出无副作用。	比较选择性与正常功能影响，不能只凭肿瘤死亡推出无副作用。			CN13-S02
CELL13-168	13_细胞增殖调控与癌细胞	闭卷评分补充	论述肿瘤多步发生的四个评分要点是什么？	关键改变积累；克隆选择；抑制屏障被绕过；异质性与进展。	关键改变积累；克隆选择；抑制屏障被绕过；异质性与进展。	"这是综合答题结构卡。复习时说全核心连接；完整展开请另做本章闭卷练习。

展开作答参考评分（10 分）：
1. 说明驱动性改变可逐步积累，涉及增殖、存活及其他屏障。（2分）
2. 说明具有优势的克隆受环境选择而扩增，变异产生与选择不同。（2分）
3. 说明检查点、衰老、凋亡等抑制屏障被绕过。（2分）
4. 说明后续分化、分支演化和不同微环境产生异质性/进展。（2分）
5. 指出病种间路线与时序可不同，不能强加所有肿瘤相同的固定突变次数或顺序。（2分）"		CN13-S02
CELL13-169	13_细胞增殖调控与癌细胞	闭卷评分补充	比较癌基因与抑癌基因应按哪四个维度作答？	正常功能；致癌改变方向；细胞等位作用；代表实例及例外。	正常功能；致癌改变方向；细胞等位作用；代表实例及例外。	"这是综合答题结构卡。复习时说全核心连接；完整展开请另做本章闭卷练习。

展开作答参考评分（10 分）：
1. 比较正常促增殖/存活作用与限制增殖、维护稳态/基因组的作用。（2分）
2. 比较典型癌基因的功能增强与典型抑癌基因的功能丧失。（2分）
3. 说明细胞层次的等位作用：一个活化癌基因常可起作用；许多抑癌基因符合两次打击。（2分）
4. 用 Ras 与 Rb/TP53 等代表例联系具体机制，不能只背类别。（2分）
5. 说明单倍剂量不足、显性负效应等例外，并区分细胞遗传效应和家系遗传模式。（2分）"		CN13-S02
CELL13-170	13_细胞增殖调控与癌细胞	闭卷评分补充	设计验证某肿瘤亚群具有干细胞样功能的四步框架。	分群并核实活性；限制稀释移植；连续重建；检验自我更新与异质输出。	分群并核实活性；限制稀释移植；连续重建；检验自我更新与异质输出。	"这是综合答题结构卡。复习时说全核心连接；完整展开请另做本章闭卷练习。

展开作答参考评分（10 分）：
1. 按候选标志分群，确认纯度、活性与分群过程没有选择性损伤。（2分）
2. 在明确宿主/位点条件下做限制稀释移植，估计形成肿瘤的功能频率。（2分）
3. 做连续移植以检验长期重建和自我更新。（2分）
4. 检验是否再生原有异质细胞群，而不只测一种标志或增殖速度。（2分）
5. 设适当对照并说明宿主、免疫环境与细胞可塑性的限制，不能把一次成瘤当成固定谱系证明。（2分）"		CN13-S02
CELL13-E001	13_细胞增殖调控与癌细胞	新增	M-Cdk 既激活 Cdc25 又抑制 Wee1，这种回路怎样产生突变式进入 M 期？		少量活性 M-Cdk 促进进一步去除抑制性磷酸，并减少抑制性磷酸加入，形成正反馈；可使活性从低态快速切换到高态。	是否具有双稳态和迟滞依参数；正反馈本身不保证任何系统都形成不可逆开关。	ENFIG2022	EN17-H006-H015
CELL13-E002	13_细胞增殖调控与癌细胞	新增	M-Cdk 已升高，为何仍需抑制 PP2A-B55 才利于维持有丝分裂磷酸化状态？		PP2A-B55 会去除多种有丝分裂底物磷酸；M-Cdk 激活 Greatwall，后者磷酸化 Ensa/Arpp19，抑制 PP2A-B55，防止底物立即被去磷酸化。	开关取决于激酶与磷酸酶的共同平衡，不是只看一个 Cdk 的总量。	ENFIG2023	EN17-H006-H015
CELL13-E003	13_细胞增殖调控与癌细胞	新增	有丝分裂原充足但 DNA 损伤严重，为什么细胞仍可在 G₁ 停止？		损伤应答可稳定/激活 p53，诱导 p21 等 Cdk 抑制因子，使 Rb-E2F 制动保持，抑制进入 S。	检查点是否有效依基因状态；癌细胞相关缺陷可使此制动失灵。		EN17-H062-H066
CELL13-E004	13_细胞增殖调控与癌细胞	新增	连续刺激细胞分裂而不增加生物合成，细胞群为什么可能越来越小？		每轮分裂把有限质量分给两份；如果每周期净增长不足以补偿，平均细胞质量逐步下降。	细胞生长指质量增长，增殖指数量增长；生长因子和有丝分裂原概念需区分。	CNFIG0025	EN17-H068-H070,CN01-S02
CELL13-E005	13_细胞增殖调控与癌细胞	新增	肿瘤有很高的细胞分裂率，为什么体积却可增长缓慢？		净增长＝细胞产生减去死亡/丢失；高分裂同时伴随高死亡、缺氧坏死或脱落时，净增加可较小。	肿瘤体积还受基质和液体等影响，不能只用一个增殖标记换算增长速度。		EN20-H000-H009
CELL13-E006	13_细胞增殖调控与癌细胞	新增	一基因突变集中于少数错义热点，另一基因有分散截短突变，分别更符合何种癌症机制？		少数热点常提示特定功能增强的癌基因变异；分散截短常提示通过不同方式失去功能的抑癌基因变异。	是模式线索，不是单独的确定诊断；还需功能验证、拷贝数和变异背景。	ENFIG2290,ENFIG2291	EN20-H011-H053
CELL13-E007	13_细胞增殖调控与癌细胞	新增	BRCA 相关同源重组缺陷为何可能使肿瘤对 PARP 抑制更敏感？		原有修复缺陷使细胞更依赖残余修复/复制保护；PARP 抑制及相关复制损伤使双重缺陷难以维持存活，构成合成致死逻辑。	具体作用还涉及 PARP trapping、复制叉等；不是所有携带 BRCA 变异的肿瘤都同样敏感或不会耐药。	ENFIG2318	EN20-H011-H053
CELL13-E008	13_细胞增殖调控与癌细胞	新增	Hippo 通路活跃时，为什么通常限制 YAP/TAZ 相关生长，而不是增强它？		典型激酶级联促进 YAP/TAZ 磷酸化，使其核内转录共激活功能受到限制；果蝇对应 Hippo-Warts-Yorkie。	名称跨物种有差异；机械环境和其他信号也参与调控，不能把 YAP 简化为 DNA 结合转录因子。	ENFIG2454,ENFIG2455	EN21-H060-H068
CELL13-E009	13_细胞增殖调控与癌细胞	新增	DMBA 诱导肿瘤反复出现同一 Ras 变异，能否证明 DMBA 只在该位点发生突变？		不能。观察的是最终经选择扩增的肿瘤克隆，特定激活突变可能有较大生长优势；应检测暴露后未选择细胞的突变谱。	最终肿瘤变异频率同时反映损伤、修复、突变和克隆选择。		EN20-EXERCISES
CELL13-E010	13_细胞增殖调控与癌细胞	新增	比较癌基因激活与抑癌基因失活，并用一个多步骤或合成致死实例解释肿瘤行为。（闭卷 8—10 分钟，按 10 分自评）		功能获得与细胞层面常见显性（2分）；功能丢失及常见两次打击（2分）；指出剂量敏感/显性负效应等例外（2分）；克隆选择与多步骤演化（2分）；BRCA/PARP 等机制和适用限制（2分）。	这是依据本章教材重组的练习，不标作上海大学真实历年考题；可先写提纲，再连成机制论述。	CNFIG0455	CN13-S02,EN20-H011-H053
CELL14-001	14_细胞分化与干细胞	保留核心答案；更新格式与来源	细胞分化在细胞命运研究中表示什么？	细胞获得特定结构、表达和功能的过程。	细胞获得特定结构、表达和功能的过程。		CNFIG0396	CN14-S01
CELL14-002	14_细胞分化与干细胞	保留核心答案；更新格式与来源	细胞分化与相近概念有什么关键区别？	通常源于选择性表达，不能一概说基因组大量丢失。	通常源于选择性表达，不能一概说基因组大量丢失。			CN14-S01
CELL14-003	14_细胞分化与干细胞	保留核心答案；更新格式与来源	组织特异性表达在细胞命运研究中表示什么？	相应基因在特定细胞或组织中较有选择地表达。	相应基因在特定细胞或组织中较有选择地表达。			CN14-S01
CELL14-004	14_细胞分化与干细胞	保留核心答案；更新格式与来源	组织特异性表达与相近概念有什么关键区别？	不等于该基因只存在于该组织DNA中。	不等于该基因只存在于该组织DNA中。			CN14-S01
CELL14-005	14_细胞分化与干细胞	保留核心答案；更新格式与来源	管家基因在细胞命运研究中表示什么？	较广泛表达并维持基本生命活动的基因。	较广泛表达并维持基本生命活动的基因。			CN14-S01
CELL14-006	14_细胞分化与干细胞	保留核心答案；更新格式与来源	管家基因与相近概念有什么关键区别？	表达量未必跨所有样本恒定，不能自动当稳定内参。	表达量未必跨所有样本恒定，不能自动当稳定内参。			CN14-S01
CELL14-007	14_细胞分化与干细胞	保留核心答案；更新格式与来源	组合调控在细胞命运研究中表示什么？	多个因子共同决定转录输出。	多个因子共同决定转录输出。			CN14-S01
CELL14-008	14_细胞分化与干细胞	保留核心答案；更新格式与来源	组合调控与相近概念有什么关键区别？	少量因子可形成多种组合，并非一类型只用一个因子。	少量因子可形成多种组合，并非一类型只用一个因子。			CN14-S01
CELL14-009	14_细胞分化与干细胞	保留核心答案；更新格式与来源	主导调控因子在细胞命运研究中表示什么？	在特定命运网络中起重要组织作用的因子。	在特定命运网络中起重要组织作用的因子。			CN14-S01
CELL14-010	14_细胞分化与干细胞	保留核心答案；更新格式与来源	主导调控因子与相近概念有什么关键区别？	仍受细胞背景、配合因子和染色质限制。	仍受细胞背景、配合因子和染色质限制。			CN14-S01
CELL14-011	14_细胞分化与干细胞	保留核心答案；更新格式与来源	细胞决定determination在细胞命运研究中表示什么？	命运趋向已较稳定而明显分化形态尚未出现。	命运趋向已较稳定而明显分化形态尚未出现。			CN14-S01
CELL14-012	14_细胞分化与干细胞	保留核心答案；更新格式与来源	细胞决定determination与相近概念有什么关键区别？	决定可早于形态分化，需功能性检验而非只看外观。	决定可早于形态分化，需功能性检验而非只看外观。			CN14-S01
CELL14-013	14_细胞分化与干细胞	保留核心答案；更新格式与来源	细胞谱系在细胞命运研究中表示什么？	细胞及后代在分裂、迁移和分化中的历史。	细胞及后代在分裂、迁移和分化中的历史。			CN14-S01
CELL14-014	14_细胞分化与干细胞	保留核心答案；更新格式与来源	细胞谱系与相近概念有什么关键区别？	相似表达状态不直接证明具有同一祖先。	相似表达状态不直接证明具有同一祖先。			CN14-S01
CELL14-015	14_细胞分化与干细胞	保留核心答案；更新格式与来源	去分化在细胞命运研究中表示什么？	原有分化特征减弱并回到较未分化状态。	原有分化特征减弱并回到较未分化状态。			CN14-S01
CELL14-016	14_细胞分化与干细胞	保留核心答案；更新格式与来源	去分化与相近概念有什么关键区别？	不自动等于全能性或已获得长期干性。	不自动等于全能性或已获得长期干性。			CN14-S01
CELL14-017	14_细胞分化与干细胞	保留核心答案；更新格式与来源	转分化在细胞命运研究中表示什么？	一种分化细胞转向另一种分化细胞命运。	一种分化细胞转向另一种分化细胞命运。			CN14-S01
CELL14-018	14_细胞分化与干细胞	保留核心答案；更新格式与来源	转分化与相近概念有什么关键区别？	可不经完整多能iPS中间态，区别于单纯再增殖。	可不经完整多能iPS中间态，区别于单纯再增殖。			CN14-S01
CELL14-019	14_细胞分化与干细胞	保留核心答案；更新格式与来源	母体胞质决定物怎样影响分化方向？	不均一分布的RNA/蛋白使早期后代不同。	不均一分布的RNA/蛋白使早期后代不同。		CNFIG0418	CN14-S01
CELL14-020	14_细胞分化与干细胞	保留核心答案；更新格式与来源	母体胞质决定物为何需要具体时空背景？	分配位置可启动不同合子程序，物种之间不完全相同。	分配位置可启动不同合子程序，物种之间不完全相同。			CN14-S01
CELL14-021	14_细胞分化与干细胞	保留核心答案；更新格式与来源	胚胎诱导怎样影响分化方向？	一个组织的信号改变另一组织的命运。	一个组织的信号改变另一组织的命运。			CN14-S01
CELL14-022	14_细胞分化与干细胞	保留核心答案；更新格式与来源	胚胎诱导为何需要具体时空背景？	靶组织需有相应感受能力和发育阶段。	靶组织需有相应感受能力和发育阶段。			CN14-S01
CELL14-023	14_细胞分化与干细胞	保留核心答案；更新格式与来源	形态发生素梯度怎样影响分化方向？	不同剂量及时间输入影响靶细胞程序。	不同剂量及时间输入影响靶细胞程序。			CN14-S01
CELL14-024	14_细胞分化与干细胞	保留核心答案；更新格式与来源	形态发生素梯度为何需要具体时空背景？	距离本身不是唯一信息，受体与信号处理也重要。	距离本身不是唯一信息，受体与信号处理也重要。			CN14-S01
CELL14-025	14_细胞分化与干细胞	保留核心答案；更新格式与来源	细胞位置怎样影响分化方向？	改变收到的邻近信号和基质条件。	改变收到的邻近信号和基质条件。			CN14-S01
CELL14-026	14_细胞分化与干细胞	保留核心答案；更新格式与来源	细胞位置为何需要具体时空背景？	内在历史同样影响反应，不能只凭位置定命运。	内在历史同样影响反应，不能只凭位置定命运。			CN14-S01
CELL14-027	14_细胞分化与干细胞	保留核心答案；更新格式与来源	转录因子正反馈怎样影响分化方向？	维持自身和相关命运基因表达。	维持自身和相关命运基因表达。			CN14-S01
CELL14-028	14_细胞分化与干细胞	保留核心答案；更新格式与来源	转录因子正反馈为何需要具体时空背景？	可把短暂输入转成较持久状态，仍可被其他条件扰动。	可把短暂输入转成较持久状态，仍可被其他条件扰动。			CN14-S01
CELL14-029	14_细胞分化与干细胞	保留核心答案；更新格式与来源	染色质状态记忆怎样影响分化方向？	通过包装、修饰和维护系统保持表达倾向。	通过包装、修饰和维护系统保持表达倾向。			CN14-S01
CELL14-030	14_细胞分化与干细胞	保留核心答案；更新格式与来源	染色质状态记忆为何需要具体时空背景？	不需DNA序列突变，但状态维持需具体机制。	不需DNA序列突变，但状态维持需具体机制。			CN14-S01
CELL14-031	14_细胞分化与干细胞	保留核心答案；更新格式与来源	MyoD表达怎样影响分化方向？	在适当细胞中启动肌分化相关网络。	在适当细胞中启动肌分化相关网络。			CN14-S01
CELL14-032	14_细胞分化与干细胞	保留核心答案；更新格式与来源	MyoD表达为何需要具体时空背景？	过表达可促进转分化，不证明任意细胞都同样可转换。	过表达可促进转分化，不证明任意细胞都同样可转换。			CN14-S01
CELL14-033	14_细胞分化与干细胞	保留核心答案；更新格式与来源	Pax6/Ey网络怎样影响分化方向？	参与眼发育等调控程序。	参与眼发育等调控程序。		ENFIG2378	CN14-S01
CELL14-034	14_细胞分化与干细胞	保留核心答案；更新格式与来源	Pax6/Ey网络为何需要具体时空背景？	异位器官形成需发育背景，单基因不孤立完成全部建构。	异位器官形成需发育背景，单基因不孤立完成全部建构。			CN14-S01
CELL14-035	14_细胞分化与干细胞	保留核心答案；更新格式与来源	不同细胞DNA杂交对分化研究提供什么证据？	相应基因均可在基因组中检出。	相应基因均可在基因组中检出。			CN14-S01
CELL14-036	14_细胞分化与干细胞	保留核心答案；更新格式与来源	不同细胞DNA杂交的主要解释限制是什么？	证明存在不等于证明每个位点完整且表达正常。	证明存在不等于证明每个位点完整且表达正常。			CN14-S01
CELL14-037	14_细胞分化与干细胞	保留核心答案；更新格式与来源	不同细胞RNA杂交对分化研究提供什么证据？	显示相应转录本的选择性表达。	显示相应转录本的选择性表达。			CN14-S01
CELL14-038	14_细胞分化与干细胞	保留核心答案；更新格式与来源	不同细胞RNA杂交的主要解释限制是什么？	RNA量并不直接等于蛋白量或细胞功能。	RNA量并不直接等于蛋白量或细胞功能。			CN14-S01
CELL14-039	14_细胞分化与干细胞	保留核心答案；更新格式与来源	分化转录组分析对分化研究提供什么证据？	比较细胞的表达状态和程序。	比较细胞的表达状态和程序。			CN14-S01
CELL14-040	14_细胞分化与干细胞	保留核心答案；更新格式与来源	分化转录组分析的主要解释限制是什么？	群体组成会影响均值，相关变化不必是因果。	群体组成会影响均值，相关变化不必是因果。			CN14-S01
CELL14-041	14_细胞分化与干细胞	保留核心答案；更新格式与来源	Cre—lox遗传示踪对分化研究提供什么证据？	永久记录特定时空被标记细胞的后代。	永久记录特定时空被标记细胞的后代。			CN14-S01
CELL14-042	14_细胞分化与干细胞	保留核心答案；更新格式与来源	Cre—lox遗传示踪的主要解释限制是什么？	需检查启动子特异性、泄漏和标记效率。	需检查启动子特异性、泄漏和标记效率。			CN14-S01
CELL14-043	14_细胞分化与干细胞	保留核心答案；更新格式与来源	染料谱系示踪对分化研究提供什么证据？	用可追踪标签观察后代位置。	用可追踪标签观察后代位置。			CN14-S01
CELL14-044	14_细胞分化与干细胞	保留核心答案；更新格式与来源	染料谱系示踪的主要解释限制是什么？	染料稀释、转移和细胞损伤可影响判断。	染料稀释、转移和细胞损伤可影响判断。			CN14-S01
CELL14-045	14_细胞分化与干细胞	保留核心答案；更新格式与来源	移植命运检验对分化研究提供什么证据？	比较细胞在改变环境后的分化结果。	比较细胞在改变环境后的分化结果。			CN14-S01
CELL14-046	14_细胞分化与干细胞	保留核心答案；更新格式与来源	移植命运检验的主要解释限制是什么？	移植损伤与环境适配需控制，不能仅观察原位命运。	移植损伤与环境适配需控制，不能仅观察原位命运。			CN14-S01
CELL14-047	14_细胞分化与干细胞	保留核心答案；更新格式与来源	为什么同一个体的多数分化细胞可有相似基因组却有不同功能？	选择性表达、加工及蛋白调控网络不同。	选择性表达、加工及蛋白调控网络不同。			CN14-S01
CELL14-048	14_细胞分化与干细胞	保留核心答案；更新格式与来源	B/T淋巴细胞受体基因重排为何是分化中基因组改变的特例？	相关位点确有DNA重排，但不能推广为所有细胞都靠丢失基因分化。	相关位点确有DNA重排，但不能推广为所有细胞都靠丢失基因分化。			CN14-S01
CELL14-049	14_细胞分化与干细胞	保留核心答案；更新格式与来源	纤毛虫大核与小核的分工说明什么特殊情况？	核的DNA处理及表达功能不同，是特定生物的核分化实例。	核的DNA处理及表达功能不同，是特定生物的核分化实例。			CN14-S01
CELL14-050	14_细胞分化与干细胞	保留核心答案；更新格式与来源	若3种因子只有独立开/关两态，理论有多少状态组合？	2^3=8种；不等于生物体必定形成8类细胞。	2^3=8种；不等于生物体必定形成8类细胞。		CNFIG0384	CN14-S01
CELL14-051	14_细胞分化与干细胞	保留核心答案；更新格式与来源	移到新环境后仍按原命运分化，支持什么细胞状态？	支持已发生较稳定决定，但需排除未改变有效信号的可能。	支持已发生较稳定决定，但需排除未改变有效信号的可能。			CN14-S01
CELL14-052	14_细胞分化与干细胞	保留核心答案；更新格式与来源	诱导信号相同而两个组织仅一个响应，怎样检验感受能力差异？	比较受体、近端信号、染色质及发育阶段，并做适当补救。	比较受体、近端信号、染色质及发育阶段，并做适当补救。			CN14-S01
CELL14-053	14_细胞分化与干细胞	保留核心答案；更新格式与来源	谱系标记细胞与另一细胞共享标记，为什么要排除标签转移或细胞融合？	这些过程可模拟共同祖先，永久遗传标记也需验证具体机制。	这些过程可模拟共同祖先，永久遗传标记也需验证具体机制。			CN14-S01
CELL14-054	14_细胞分化与干细胞	保留核心答案；更新格式与来源	单细胞表达轨迹为何不能完全替代真实时间谱系追踪？	拟时序是状态推断，不直接记录每个细胞的祖先和转变路径。	拟时序是状态推断，不直接记录每个细胞的祖先和转变路径。			CN14-S01
CELL14-055	14_细胞分化与干细胞	闭卷评分补充	论述细胞分化机制应按哪四层组织答案？	内外信号；转录因子网络；染色质/表达调节；结构和功能输出及维持。	内外信号；转录因子网络；染色质/表达调节；结构和功能输出及维持。	"这是综合答题结构卡。复习时说全核心连接；完整展开请另做本章闭卷练习。

展开作答参考评分（10 分）：
1. 说明细胞内部因素与外部诱导/形态发生素等输入。（2分）
2. 说明转录因子网络的组合激活、抑制和反馈。（2分）
3. 说明染色质及 RNA 表达调节如何选择性使用基因组。（2分）
4. 说明蛋白、结构与生理功能输出，区别于只有形态变化。（2分）
5. 说明细胞状态的维持及可塑性，并以功能和机制干预验证分化。（2分）"		CN14-S01
CELL14-056	14_细胞分化与干细胞	保留核心答案；更新格式与来源	全能性totipotency的分化范围怎样界定？	可形成胚内及必要胚外部分并支持完整个体发育。	可形成胚内及必要胚外部分并支持完整个体发育。			CN14-S02
CELL14-057	14_细胞分化与干细胞	保留核心答案；更新格式与来源	全能性totipotency与另一类潜能最关键的边界是什么？	区别于通常不能独立完成全部胚外组织的多潜能性。	区别于通常不能独立完成全部胚外组织的多潜能性。			CN14-S02
CELL14-058	14_细胞分化与干细胞	保留核心答案；更新格式与来源	多潜能性pluripotency的分化范围怎样界定？	可形成三个胚层的多种细胞类型。	可形成三个胚层的多种细胞类型。		CNFIG0459	CN14-S02,CN14-S01
CELL14-059	14_细胞分化与干细胞	保留核心答案；更新格式与来源	多潜能性pluripotency与另一类潜能最关键的边界是什么？	ESC/iPS通常属此类，不应直接等同完整个体全能性。	ESC/iPS通常属此类，不应直接等同完整个体全能性。			CN14-S02
CELL14-060	14_细胞分化与干细胞	保留核心答案；更新格式与来源	多能性multipotency的分化范围怎样界定？	可形成一定谱系范围的多个细胞类型。	可形成一定谱系范围的多个细胞类型。			CN14-S02
CELL14-061	14_细胞分化与干细胞	保留核心答案；更新格式与来源	多能性multipotency与另一类潜能最关键的边界是什么？	如造血干细胞，范围受限而非覆盖全部胚层。	如造血干细胞，范围受限而非覆盖全部胚层。			CN14-S02
CELL14-062	14_细胞分化与干细胞	保留核心答案；更新格式与来源	单能性unipotency的分化范围怎样界定？	主要维持一个谱系的分化输出。	主要维持一个谱系的分化输出。			CN14-S02
CELL14-063	14_细胞分化与干细胞	保留核心答案；更新格式与来源	单能性unipotency与另一类潜能最关键的边界是什么？	仍需自我更新，不能把普通短寿命祖细胞直接当干细胞。	仍需自我更新，不能把普通短寿命祖细胞直接当干细胞。			CN14-S02
CELL14-064	14_细胞分化与干细胞	保留核心答案；更新格式与来源	胚胎干细胞ESC的主要来源或输出是什么？	通常由囊胚内细胞团相关细胞建立。	通常由囊胚内细胞团相关细胞建立。		CNFIG0386	CN14-S02
CELL14-065	14_细胞分化与干细胞	保留核心答案；更新格式与来源	胚胎干细胞ESC的功能鉴定要关注什么？	长期自我更新和多潜能性，不只看克隆形状。	长期自我更新和多潜能性，不只看克隆形状。			CN14-S02
CELL14-066	14_细胞分化与干细胞	保留核心答案；更新格式与来源	诱导多潜能干细胞iPS的主要来源或输出是什么？	体细胞经过命运重编程获得。	体细胞经过命运重编程获得。			CN14-S02
CELL14-067	14_细胞分化与干细胞	保留核心答案；更新格式与来源	诱导多潜能干细胞iPS的功能鉴定要关注什么？	检验多潜能、稳定性及原细胞状态记忆等。	检验多潜能、稳定性及原细胞状态记忆等。			CN14-S02
CELL14-068	14_细胞分化与干细胞	保留核心答案；更新格式与来源	造血干细胞HSC的主要来源或输出是什么？	产生多种血液谱系并维持造血。	产生多种血液谱系并维持造血。		CNFIG0437	CN14-S02
CELL14-069	14_细胞分化与干细胞	保留核心答案；更新格式与来源	造血干细胞HSC的功能鉴定要关注什么？	长期多谱系重建及自我更新，区别于短期祖细胞输出。	长期多谱系重建及自我更新，区别于短期祖细胞输出。			CN14-S02
CELL14-070	14_细胞分化与干细胞	保留核心答案；更新格式与来源	神经干细胞的主要来源或输出是什么？	可产生神经元及相应胶质细胞等。	可产生神经元及相应胶质细胞等。			CN14-S02
CELL14-071	14_细胞分化与干细胞	保留核心答案；更新格式与来源	神经干细胞的功能鉴定要关注什么？	潜能依部位、年龄和物种，不能说任意脑区都等同。	潜能依部位、年龄和物种，不能说任意脑区都等同。			CN14-S02
CELL14-072	14_细胞分化与干细胞	保留核心答案；更新格式与来源	肠上皮干细胞的主要来源或输出是什么？	持续补充相应肠上皮谱系。	持续补充相应肠上皮谱系。		CNFIG0463	CN14-S02
CELL14-073	14_细胞分化与干细胞	保留核心答案；更新格式与来源	肠上皮干细胞的功能鉴定要关注什么？	以体内示踪或合适类器官等功能检验支持。	以体内示踪或合适类器官等功能检验支持。			CN14-S02
CELL14-074	14_细胞分化与干细胞	保留核心答案；更新格式与来源	肌肉卫星细胞的主要来源或输出是什么？	参与骨骼肌维护和修复的组织干细胞。	参与骨骼肌维护和修复的组织干细胞。			CN14-S02
CELL14-075	14_细胞分化与干细胞	保留核心答案；更新格式与来源	肌肉卫星细胞的功能鉴定要关注什么？	需结合位置、状态及损伤后贡献，而非只看增殖。	需结合位置、状态及损伤后贡献，而非只看增殖。			CN14-S02
CELL14-076	14_细胞分化与干细胞	保留核心答案；更新格式与来源	间充质相关干/基质细胞的主要来源或输出是什么？	在相应体系中有成骨、成脂等潜能。	在相应体系中有成骨、成脂等潜能。			CN14-S02
CELL14-077	14_细胞分化与干细胞	保留核心答案；更新格式与来源	间充质相关干/基质细胞的功能鉴定要关注什么？	来源异质性大，不可把有限分化直接宣传为全能性。	来源异质性大，不可把有限分化直接宣传为全能性。			CN14-S02
CELL14-078	14_细胞分化与干细胞	保留核心答案；更新格式与来源	干细胞巢niche如何参与干细胞维持？	邻近细胞、基质及信号提供适宜环境。	邻近细胞、基质及信号提供适宜环境。			CN14-S02
CELL14-079	14_细胞分化与干细胞	保留核心答案；更新格式与来源	干细胞巢niche为什么不是单项的充分干性证明？	干性来自内在程序和环境共同作用。	干性来自内在程序和环境共同作用。			CN14-S02
CELL14-080	14_细胞分化与干细胞	保留核心答案；更新格式与来源	对称自我更新分裂如何参与干细胞维持？	产生两个保持干性的后代。	产生两个保持干性的后代。			CN14-S02
CELL14-081	14_细胞分化与干细胞	保留核心答案；更新格式与来源	对称自我更新分裂为什么不是单项的充分干性证明？	对称分裂也可产生两个分化后代，需看实际命运。	对称分裂也可产生两个分化后代，需看实际命运。			CN14-S02
CELL14-082	14_细胞分化与干细胞	保留核心答案；更新格式与来源	不对称命运输出如何参与干细胞维持？	产生保持干性和偏分化的不同后代。	产生保持干性和偏分化的不同后代。			CN14-S02
CELL14-083	14_细胞分化与干细胞	保留核心答案；更新格式与来源	不对称命运输出为什么不是单项的充分干性证明？	可由内在不对称或环境差异形成，形状不同不充分。	可由内在不对称或环境差异形成，形状不同不充分。			CN14-S02
CELL14-084	14_细胞分化与干细胞	保留核心答案；更新格式与来源	短暂扩增祖细胞如何参与干细胞维持？	有限扩增后产生分化细胞。	有限扩增后产生分化细胞。			CN14-S02
CELL14-085	14_细胞分化与干细胞	保留核心答案；更新格式与来源	短暂扩增祖细胞为什么不是单项的充分干性证明？	数量增加不等于具有长期自我更新能力。	数量增加不等于具有长期自我更新能力。			CN14-S02
CELL14-086	14_细胞分化与干细胞	保留核心答案；更新格式与来源	Oct4/Sox2/Nanog网络如何参与干细胞维持？	参与维持相应多潜能表达程序。	参与维持相应多潜能表达程序。			CN14-S02
CELL14-087	14_细胞分化与干细胞	保留核心答案；更新格式与来源	Oct4/Sox2/Nanog网络为什么不是单项的充分干性证明？	单个标记阳性不足以证明完整多潜能性。	单个标记阳性不足以证明完整多潜能性。			CN14-S02
CELL14-088	14_细胞分化与干细胞	保留核心答案；更新格式与来源	体细胞核移植SCNT怎样改变细胞命运？	把体细胞核置入去核卵的重编程环境。	把体细胞核置入去核卵的重编程环境。		CNFIG0017,CNFIG0447	CN14-S02
CELL14-089	14_细胞分化与干细胞	保留核心答案；更新格式与来源	体细胞核移植SCNT与其他重编程方法有什么区别或限制？	卵胞质提供因素，不是裸核单独就能正常发育。	卵胞质提供因素，不是裸核单独就能正常发育。			CN14-S02
CELL14-090	14_细胞分化与干细胞	保留核心答案；更新格式与来源	细胞融合重编程怎样改变细胞命运？	不同细胞环境通过融合改变原表达程序。	不同细胞环境通过融合改变原表达程序。			CN14-S02
CELL14-091	14_细胞分化与干细胞	保留核心答案；更新格式与来源	细胞融合重编程与其他重编程方法有什么区别或限制？	需考虑混合基因组和倍性变化。	需考虑混合基因组和倍性变化。			CN14-S02
CELL14-092	14_细胞分化与干细胞	保留核心答案；更新格式与来源	经典OSKM组合怎样改变细胞命运？	Oct4、Sox2、Klf4、c-Myc诱导多潜能重编程。	Oct4、Sox2、Klf4、c-Myc诱导多潜能重编程。		CNFIG0417	CN14-S02
CELL14-093	14_细胞分化与干细胞	保留核心答案；更新格式与来源	经典OSKM组合与其他重编程方法有什么区别或限制？	效率和风险依递送与背景，并非每个细胞都会成功。	效率和风险依递送与背景，并非每个细胞都会成功。			CN14-S02
CELL14-094	14_细胞分化与干细胞	保留核心答案；更新格式与来源	化学重编程怎样改变细胞命运？	小分子组合调节信号和表观状态。	小分子组合调节信号和表观状态。		CNFIG0398	CN14-S02
CELL14-095	14_细胞分化与干细胞	保留核心答案；更新格式与来源	化学重编程与其他重编程方法有什么区别或限制？	过程与因子重编程可不同，不能仅检测一项报告就判成功。	过程与因子重编程可不同，不能仅检测一项报告就判成功。			CN14-S02
CELL14-096	14_细胞分化与干细胞	保留核心答案；更新格式与来源	直接谱系重编程怎样改变细胞命运？	激活另一谱系网络以转换分化状态。	激活另一谱系网络以转换分化状态。		CNFIG0427	CN14-S02
CELL14-097	14_细胞分化与干细胞	保留核心答案；更新格式与来源	直接谱系重编程与其他重编程方法有什么区别或限制？	可绕过完整多潜能中间态，产物成熟度仍需检验。	可绕过完整多潜能中间态，产物成熟度仍需检验。			CN14-S02
CELL14-098	14_细胞分化与干细胞	保留核心答案；更新格式与来源	naive与primed多潜能状态怎样改变细胞命运？	对应不同发育与调控状态的多潜能体系。	对应不同发育与调控状态的多潜能体系。			CN14-S02
CELL14-099	14_细胞分化与干细胞	保留核心答案；更新格式与来源	naive与primed多潜能状态与其他重编程方法有什么区别或限制？	不是简单一类干细胞好、一类坏，也不等于全能与单能。	不是简单一类干细胞好、一类坏，也不等于全能与单能。			CN14-S02
CELL14-100	14_细胞分化与干细胞	保留核心答案；更新格式与来源	畸胎瘤形成检验在干细胞研究中怎样应用？	观察多潜能细胞产生多胚层相关组织。	观察多潜能细胞产生多胚层相关组织。			CN14-S02
CELL14-101	14_细胞分化与干细胞	保留核心答案；更新格式与来源	畸胎瘤形成检验的模型或应用边界是什么？	是特定功能证据，也反映残留未分化细胞成瘤风险。	是特定功能证据，也反映残留未分化细胞成瘤风险。			CN14-S02
CELL14-102	14_细胞分化与干细胞	保留核心答案；更新格式与来源	小鼠嵌合体检验在干细胞研究中怎样应用？	观察细胞对宿主发育组织的贡献。	观察细胞对宿主发育组织的贡献。			CN14-S02
CELL14-103	14_细胞分化与干细胞	保留核心答案；更新格式与来源	小鼠嵌合体检验的模型或应用边界是什么？	贡献依细胞状态和宿主条件，不能任意推广到人类实验。	贡献依细胞状态和宿主条件，不能任意推广到人类实验。			CN14-S02
CELL14-104	14_细胞分化与干细胞	保留核心答案；更新格式与来源	类器官培养在干细胞研究中怎样应用？	在三维条件下形成部分器官特征及空间组织。	在三维条件下形成部分器官特征及空间组织。			CN14-S02
CELL14-105	14_细胞分化与干细胞	保留核心答案；更新格式与来源	类器官培养的模型或应用边界是什么？	不等于已拥有完整器官的血管、免疫和全部成熟功能。	不等于已拥有完整器官的血管、免疫和全部成熟功能。			CN14-S02
CELL14-106	14_细胞分化与干细胞	保留核心答案；更新格式与来源	疾病模型与药物筛选在干细胞研究中怎样应用？	由相关细胞模拟特定病理或药物反应。	由相关细胞模拟特定病理或药物反应。			CN14-S02
CELL14-107	14_细胞分化与干细胞	保留核心答案；更新格式与来源	疾病模型与药物筛选的模型或应用边界是什么？	需验证模型代表性，体外有效不直接保证临床效果。	需验证模型代表性，体外有效不直接保证临床效果。			CN14-S02
CELL14-108	14_细胞分化与干细胞	保留核心答案；更新格式与来源	分化细胞移植研究在干细胞研究中怎样应用？	检验所得细胞在目标环境中的功能。	检验所得细胞在目标环境中的功能。			CN14-S02
CELL14-109	14_细胞分化与干细胞	保留核心答案；更新格式与来源	分化细胞移植研究的模型或应用边界是什么？	需关注身份、纯度、成熟、存活及残留未分化细胞。	需关注身份、纯度、成熟、存活及残留未分化细胞。			CN14-S02
CELL14-110	14_细胞分化与干细胞	保留核心答案；更新格式与来源	干细胞定义的两个核心功能维度是什么？	自我更新和相应分化潜能；不能只按分裂快慢判定。	自我更新和相应分化潜能；不能只按分裂快慢判定。		CNFIG0424	CN14-S02
CELL14-111	14_细胞分化与干细胞	保留核心答案；更新格式与来源	祖细胞与干细胞的关键功能区别是什么？	祖细胞通常长期自我更新受限，干细胞可持续维持相应谱系。	祖细胞通常长期自我更新受限，干细胞可持续维持相应谱系。			CN14-S02
CELL14-112	14_细胞分化与干细胞	保留核心答案；更新格式与来源	造血细胞短期重建成功为何不一定证明有长期HSC？	短期祖细胞也可暂时补充血细胞，需长期及连续重建。	短期祖细胞也可暂时补充血细胞，需长期及连续重建。			CN14-S02
CELL14-113	14_细胞分化与干细胞	保留核心答案；更新格式与来源	核移植成功为何支持分化通常不依靠不可逆丢失所有其他命运基因？	分化核仍可在适当环境重新执行广泛发育程序。	分化核仍可在适当环境重新执行广泛发育程序。			CN14-S02
CELL14-114	14_细胞分化与干细胞	保留核心答案；更新格式与来源	去掉c-Myc后得到iPS，是否意味着此类细胞完全没有成瘤风险？	否。残留多潜能细胞、其他遗传改变和培养选择等仍需检查。	否。残留多潜能细胞、其他遗传改变和培养选择等仍需检查。			CN14-S02
CELL14-115	14_细胞分化与干细胞	保留核心答案；更新格式与来源	人和鼠ESC对同一信号反应不同，为什么培养条件不能直接照搬？	物种与naive/primed状态等背景不同，网络依赖可不同。	物种与naive/primed状态等背景不同，网络依赖可不同。		CNFIG0439	CN14-S02
CELL14-116	14_细胞分化与干细胞	保留核心答案；更新格式与来源	检测到胰岛素蛋白为何不足以证明分化所得β细胞已功能成熟？	还需检验合成来源、葡萄糖刺激分泌及相关成熟功能。	还需检验合成来源、葡萄糖刺激分泌及相关成熟功能。		CNFIG0428	CN14-S02
CELL14-117	14_细胞分化与干细胞	保留核心答案；更新格式与来源	移植使模型改善而取出移植物后改善消失，支持什么结论边界？	支持改善依赖移植物；不能独自证明所有机制和长期安全性。	支持改善依赖移植物；不能独自证明所有机制和长期安全性。		CNFIG0388	CN14-S02
CELL14-118	14_细胞分化与干细胞	保留核心答案；更新格式与来源	所有成体干细胞是否都处于缓慢分裂或G0？	否。组织及状态不同，活跃肠干细胞与静止亚群可不同。	否。组织及状态不同，活跃肠干细胞与静止亚群可不同。			CN14-S02
CELL14-119	14_细胞分化与干细胞	闭卷评分补充	设计判定重编程成功的四类评分指标。	身份表达与表观状态；长期自我更新；多向功能分化；稳定性与排除原细胞残留。	身份表达与表观状态；长期自我更新；多向功能分化；稳定性与排除原细胞残留。	"这是综合答题结构卡。复习时说全核心连接；完整展开请另做本章闭卷练习。

展开作答参考评分（10 分）：
1. 检测目标细胞身份的内源表达网络，排除仅由外源因子造成的表面标志。（2分）
2. 检测相应表观/染色质状态，并与目标细胞对照。（2分）
3. 检验长期自我更新与稳定性，条件允许时检测撤去诱导后的维持。（2分）
4. 检测与目标潜能相称的功能分化；iPS 多能性应有相应多胚层证据。（2分）
5. 排除原细胞残留、部分重编程和克隆异常；形态相似不能单独判定成功。（2分）"		CN14-S02
CELL14-120	14_细胞分化与干细胞	闭卷评分补充	比较SCNT、iPS与直接转分化时应写哪四项？	输入细胞与环境；关键方法；目标潜能状态；效率、功能及遗传状态限制。	输入细胞与环境；关键方法；目标潜能状态；效率、功能及遗传状态限制。	"这是综合答题结构卡。复习时说全核心连接；完整展开请另做本章闭卷练习。

展开作答参考评分（10 分）：
1. SCNT 把体细胞核放入去核卵细胞；iPS 在体细胞中引入重编程因子；转分化诱导另一体细胞命运。（2分）
2. 比較卵细胞环境、内源多能性网络重建与目标谱系网络的不同驱动力。（2分）
3. 比较产生胚胎发育状态、多能状态与较限定的新细胞类型，不能把 iPS 自动称全能。（2分）
4. 比较效率、稳定性、功能成熟度与相应验证方法。（2分）
5. 说明遗传/表观异常及培养选择等限制；SCNT 核 DNA 与细胞质/线粒体来源也应区分。（2分）"		CN14-S02
CELL14-E001	14_细胞分化与干细胞	新增	两种分化细胞 mRNA 差异不大，为什么蛋白功能仍可能明显不同？		翻译效率、蛋白降解、亚细胞定位和翻译后修饰可不同；mRNA 测量未包含这些下游调控。	多数体细胞共享基因组是一般原则，成熟红细胞无核、免疫细胞受体重排等应单独看待。		EN07-H000-H008
CELL14-E002	14_细胞分化与干细胞	新增	Eve stripe 2 的两个激活因子与两个抑制因子共同分布，如何形成窄条带？		表达发生在激活足够而抑制不足的交集区域；抑制因子的空间边界限制条带宽度和位置。	删除抑制位点可使边界扩展；不能只说“该处激活因子最多”而忽略组合逻辑。	ENFIG0889	EN07-H036-H041
CELL14-E003	14_细胞分化与干细胞	新增	OSKM 诱导得到类似胚胎干细胞的形态后，为何不能仅凭形态称其完全重编程？		还需检验内源多能性网络、表观状态、分化潜能及对外源因子的依赖；部分重编程细胞也可有相似形态。	Oct4、Sox2、Klf4、c-Myc 是经典组合，c-Myc 不是所有有效方案的必需因子。		EN07-H042-H042
CELL14-E004	14_细胞分化与干细胞	新增	短暂信号消失后主调控因子仍高表达，怎样用正反馈解释细胞记忆？		主调控因子激活自身基因和谱系相关基因；达到足够水平后，自我维持回路可使子细胞继续保持同一表达状态。	仍需考虑蛋白稀释、染色质及外部信号；正反馈并不自动保证无限保持。	ENFIG0902	EN07-H043-H047
CELL14-E005	14_细胞分化与干细胞	新增	图中横轴为距源距离、纵轴为形态发生素浓度。产生率和扩散系数不变而降解更快，其稳态作用范围通常怎样改变？		分子在远离源之前更容易被清除，梯度更陡、特定阈值覆盖的范围通常变小。	结论需源产生率、几何和受体等近似不变；组织生长和主动运输可改变结果。	ENFIG2348	EN21-H000-H043
CELL14-E006	14_细胞分化与干细胞	新增	CreERT2 短时诱导永久标记后，为什么后续 GFP 阳性细胞能用于谱系追踪？		诱导窗口内 Cre 切除报告基因前的阻断序列，DNA 重组被后代继承；后续标记无需细胞继续表达最初的特异启动子。	需检查诱导泄漏、初始标记特异性和采样时间；标记关系不等于每个细胞的命运由该启动子决定。	ENFIG2473	EN22-H000-H016
CELL14-E007	14_细胞分化与干细胞	新增	维持干细胞数量，是否要求每次分裂都“一干一分化”？		不要求。单细胞可对称或随机选择命运，群体中自我更新与分化概率平衡仍能维持长期数量。	个别克隆可消失或扩增；群体稳态不等于每个克隆都恒定。	ENFIG2492	EN22-H000-H016,EN22-H018-H035
CELL14-E008	14_细胞分化与干细胞	新增	撤去外源 OSKM 后仍维持多能性，为什么是比持续高表达外源因子更强的重编程证据？		支持细胞已建立可自维持的内源多能性调控网络，而不只是被外源表达暂时推到相似表型。	仍需分化和稳定性验证；仅有撤除后的短时存活不够。	ENFIG2506	EN22-H018-H035
CELL14-E009	14_细胞分化与干细胞	新增	果蝇早期胚胎中，转录因子可直接在多个核间形成梯度，为什么不一定需要普通跨细胞膜信号？		早期多轮核分裂后尚未完成细胞化，多个核共享合胞体胞质，调控分子可在共同胞质中扩散。	细胞化后的阶段不同；不能推广为整个果蝇发育都不存在细胞间信号。		EN21-EXERCISES
CELL14-E010	14_细胞分化与干细胞	新增	短时胸腺嘧啶核苷标记后，某组织标记很少，能否证明它没有干细胞？		不能。标记只捕获该窗口内 DNA 合成；静息或分裂很慢的干细胞可能未被标记，应延长窗口、诱导或用其他谱系方法。	还需排除标记到达不足；不增殖不等于无再生潜能。		EN22-EXERCISES
CELL14-E011	14_细胞分化与干细胞	新增	怎样证明一个细胞群含有能长期自我更新并生成多谱系后代的干细胞，而非仅快速增殖祖细胞？（闭卷 8—10 分钟，按 10 分自评）		特异且永久的谱系追踪（2分）；长期而非一次短脉冲观察（2分）；多谱系输出（2分）；功能移植/连续移植或适当原位证据（2分）；单克隆、龛与标记特异性对照，区分数量和潜能（2分）。	这是依据本章教材重组的练习，不标作上海大学真实历年考题；可先写提纲，再连成机制论述。		CN14-S02,EN22-H000-H016
CELL15-001	15_细胞衰老与细胞程序性死亡	保留核心答案；更新格式与来源	复制性衰老在细胞衰老中表示什么？	有限复制后形成持久增殖停滞等状态。	有限复制后形成持久增殖停滞等状态。			CN15-S01
CELL15-002	15_细胞衰老与细胞程序性死亡	保留核心答案；更新格式与来源	复制性衰老怎样区别于相近概念？	区别于短暂G0；不是所有细胞固定同一倍增次数。	区别于短暂G0；不是所有细胞固定同一倍增次数。			CN15-S01
CELL15-003	15_细胞衰老与细胞程序性死亡	保留核心答案；更新格式与来源	Hayflick界限在细胞衰老中表示什么？	特定正常培养细胞的有限群体倍增能力。	特定正常培养细胞的有限群体倍增能力。			CN15-S01
CELL15-004	15_细胞衰老与细胞程序性死亡	保留核心答案；更新格式与来源	Hayflick界限怎样区别于相近概念？	依细胞和条件变化，不能把传代瓶数直接当分裂次数。	依细胞和条件变化，不能把传代瓶数直接当分裂次数。			CN15-S01
CELL15-005	15_细胞衰老与细胞程序性死亡	保留核心答案；更新格式与来源	胁迫诱导早熟衰老SIPS在细胞衰老中表示什么？	损伤或异常信号使细胞提前进入衰老状态。	损伤或异常信号使细胞提前进入衰老状态。			CN15-S01
CELL15-006	15_细胞衰老与细胞程序性死亡	保留核心答案；更新格式与来源	胁迫诱导早熟衰老SIPS怎样区别于相近概念？	不必先达到同样的端粒复制界限。	不必先达到同样的端粒复制界限。			CN15-S01
CELL15-007	15_细胞衰老与细胞程序性死亡	保留核心答案；更新格式与来源	端粒功能障碍在细胞衰老中表示什么？	染色体末端保护不足而引发损伤样应答。	染色体末端保护不足而引发损伤样应答。			CN15-S01
CELL15-008	15_细胞衰老与细胞程序性死亡	保留核心答案；更新格式与来源	端粒功能障碍怎样区别于相近概念？	长度是相关因素之一，平均长度不等于每个末端均正常。	长度是相关因素之一，平均长度不等于每个末端均正常。			CN15-S01
CELL15-009	15_细胞衰老与细胞程序性死亡	保留核心答案；更新格式与来源	末端复制问题在细胞衰老中表示什么？	常规复制难完整复制线性染色体末端。	常规复制难完整复制线性染色体末端。			CN15-S01
CELL15-010	15_细胞衰老与细胞程序性死亡	保留核心答案；更新格式与来源	末端复制问题怎样区别于相近概念？	区别于随机DNA损伤，端粒酶可补充相关末端序列。	区别于随机DNA损伤，端粒酶可补充相关末端序列。			CN15-S01
CELL15-011	15_细胞衰老与细胞程序性死亡	保留核心答案；更新格式与来源	端粒酶在细胞衰老中表示什么？	以自身RNA为模板延长端粒DNA。	以自身RNA为模板延长端粒DNA。			CN15-S01
CELL15-012	15_细胞衰老与细胞程序性死亡	保留核心答案；更新格式与来源	端粒酶怎样区别于相近概念？	是逆转录型酶，不直接修复一切细胞损伤。	是逆转录型酶，不直接修复一切细胞损伤。			CN15-S01
CELL15-013	15_细胞衰老与细胞程序性死亡	保留核心答案；更新格式与来源	p16—Rb衰老约束在细胞衰老中表示什么？	p16抑制CDK4/6并保持Rb限制作用。	p16抑制CDK4/6并保持Rb限制作用。		CNFIG0448	CN15-S01
CELL15-014	15_细胞衰老与细胞程序性死亡	保留核心答案；更新格式与来源	p16—Rb衰老约束怎样区别于相近概念？	与p53—p21支路可协同，不能一概说只有一个通路。	与p53—p21支路可协同，不能一概说只有一个通路。			CN15-S01
CELL15-015	15_细胞衰老与细胞程序性死亡	保留核心答案；更新格式与来源	细胞衰老的抑癌作用在细胞衰老中表示什么？	阻止潜在异常细胞持续增殖。	阻止潜在异常细胞持续增殖。			CN15-S01
CELL15-016	15_细胞衰老与细胞程序性死亡	保留核心答案；更新格式与来源	细胞衰老的抑癌作用怎样区别于相近概念？	长期累积与分泌改变又可能不利于组织功能。	长期累积与分泌改变又可能不利于组织功能。			CN15-S01
CELL15-017	15_细胞衰老与细胞程序性死亡	保留核心答案；更新格式与来源	持久增殖停滞提供哪种衰老相关信息？	再刺激后仍难正常进入周期。	再刺激后仍难正常进入周期。			CN15-S01
CELL15-018	15_细胞衰老与细胞程序性死亡	保留核心答案；更新格式与来源	持久增殖停滞为什么需要与其他证据联合？	死亡、终末分化和实验损伤也会低增殖。	死亡、终末分化和实验损伤也会低增殖。			CN15-S01
CELL15-019	15_细胞衰老与细胞程序性死亡	保留核心答案；更新格式与来源	SA-β-gal染色提供哪种衰老相关信息？	规定pH下检测衰老相关酶活性增加。	规定pH下检测衰老相关酶活性增加。			CN15-S01
CELL15-020	15_细胞衰老与细胞程序性死亡	保留核心答案；更新格式与来源	SA-β-gal染色为什么需要与其他证据联合？	并非完全特异，不能单项定义所有衰老细胞。	并非完全特异，不能单项定义所有衰老细胞。			CN15-S01
CELL15-021	15_细胞衰老与细胞程序性死亡	保留核心答案；更新格式与来源	SAHF提供哪种衰老相关信息？	某些体系的衰老相关异染色质聚集。	某些体系的衰老相关异染色质聚集。			CN15-S01
CELL15-022	15_细胞衰老与细胞程序性死亡	保留核心答案；更新格式与来源	SAHF为什么需要与其他证据联合？	并非所有细胞和衰老形式都具有同样结构。	并非所有细胞和衰老形式都具有同样结构。			CN15-S01
CELL15-023	15_细胞衰老与细胞程序性死亡	保留核心答案；更新格式与来源	SASP提供哪种衰老相关信息？	炎性因子、蛋白酶等分泌模式改变。	炎性因子、蛋白酶等分泌模式改变。			CN15-S01
CELL15-024	15_细胞衰老与细胞程序性死亡	保留核心答案；更新格式与来源	SASP为什么需要与其他证据联合？	组成依刺激和细胞背景，作用可多向。	组成依刺激和细胞背景，作用可多向。			CN15-S01
CELL15-025	15_细胞衰老与细胞程序性死亡	保留核心答案；更新格式与来源	端粒长度检测提供哪种衰老相关信息？	测量相关末端重复的长度或分布。	测量相关末端重复的长度或分布。			CN15-S01
CELL15-026	15_细胞衰老与细胞程序性死亡	保留核心答案；更新格式与来源	端粒长度检测为什么需要与其他证据联合？	不能单凭平均长度判断完整细胞命运。	不能单凭平均长度判断完整细胞命运。			CN15-S01
CELL15-027	15_细胞衰老与细胞程序性死亡	保留核心答案；更新格式与来源	细胞大而扁平提供哪种衰老相关信息？	某些培养细胞衰老时的形态变化。	某些培养细胞衰老时的形态变化。		CNFIG0391,CNFIG0413	CN15-S01
CELL15-028	15_细胞衰老与细胞程序性死亡	保留核心答案；更新格式与来源	细胞大而扁平为什么需要与其他证据联合？	形态也受培养和细胞类型影响，需要功能证据。	形态也受培养和细胞类型影响，需要功能证据。			CN15-S01
CELL15-029	15_细胞衰老与细胞程序性死亡	保留核心答案；更新格式与来源	某细胞每轮群体倍增一次，经过10轮后细胞数理论扩大多少倍？	2^10=1024倍；假定无死亡、无退出周期且每轮净倍增。	2^10=1024倍；假定无死亡、无退出周期且每轮净倍增。			CN15-S01
CELL15-030	15_细胞衰老与细胞程序性死亡	保留核心答案；更新格式与来源	连续传代次数为何不等于每个细胞的精确分裂次数？	分瓶比例、细胞死亡和亚群扩增不同，需计算群体倍增。	分瓶比例、细胞死亡和亚群扩增不同，需计算群体倍增。			CN15-S01
CELL15-031	15_细胞衰老与细胞程序性死亡	保留核心答案；更新格式与来源	混合年轻与较老细胞后仍保持各自复制寿命，支持怎样的有限结论？	在该体系中支持内在状态贡献；不能推出环境对衰老完全无影响。	在该体系中支持内在状态贡献；不能推出环境对衰老完全无影响。			CN15-S01
CELL15-032	15_细胞衰老与细胞程序性死亡	保留核心答案；更新格式与来源	衰老与凋亡在细胞是否仍存活上的关键区别是什么？	衰老细胞仍可存活并有代谢；凋亡是受调控的死亡过程。	衰老细胞仍可存活并有代谢；凋亡是受调控的死亡过程。			CN15-S01
CELL15-033	15_细胞衰老与细胞程序性死亡	保留核心答案；更新格式与来源	端粒酶提高后复制寿命延长，为什么不能推出个体必然延寿？	个体衰老有多层机制且增殖潜能增强有不同组织后果。	个体衰老有多层机制且增殖潜能增强有不同组织后果。			CN15-S01
CELL15-034	15_细胞衰老与细胞程序性死亡	保留核心答案；更新格式与来源	细胞衰老与个体衰老为什么不能完全同义？	个体还涉及多种细胞功能、组织互动和非复制性损伤。	个体还涉及多种细胞功能、组织互动和非复制性损伤。			CN15-S01
CELL15-035	15_细胞衰老与细胞程序性死亡	闭卷评分补充	论述细胞衰老的证据与双重作用应包含哪四点？	持久停滞及多指标；端粒/应激机制；抑制异常增殖；累积和SASP的组织效应。	持久停滞及多指标；端粒/应激机制；抑制异常增殖；累积和SASP的组织效应。	"这是综合答题结构卡。复习时说全核心连接；完整展开请另做本章闭卷练习。

展开作答参考评分（10 分）：
1. 以持久增殖停滞及再进入能力评估衰老，与可逆静息区别。（2分）
2. 联合多种分子/形态标志，单个 SA-β-gal 或 p16 信号不独立定义全部衰老。（2分）
3. 说明端粒损伤或其他应激如何经相应检查点维持停滞。（2分）
4. 说明抑制异常细胞增殖及在部分修复环境中的有利作用。（2分）
5. 说明长期累积及 SASP 对炎症/组织的影响依背景而异，不能一概有益或有害。（2分）"		CN15-S01
CELL15-036	15_细胞衰老与细胞程序性死亡	保留核心答案；更新格式与来源	细胞凋亡的典型执行或形态特征是什么？	常见皱缩、染色质凝集及膜包裹碎片。	常见皱缩、染色质凝集及膜包裹碎片。		CNFIG0436,CNFIG0440	CN15-S02
CELL15-037	15_细胞衰老与细胞程序性死亡	保留核心答案；更新格式与来源	细胞凋亡为什么不能仅靠一个形态判定完整机制？	晚期膜也可破裂，需分子证据和时间判断。	晚期膜也可破裂，需分子证据和时间判断。		CNFIG0449,CNFIG0390	CN15-S02
CELL15-038	15_细胞衰老与细胞程序性死亡	保留核心答案；更新格式与来源	necroptosis坏死性凋亡的典型执行或形态特征是什么？	典型RIPK3—MLKL介导膜屏障破坏。	典型RIPK3—MLKL介导膜屏障破坏。			CN15-S02
CELL15-039	15_细胞衰老与细胞程序性死亡	保留核心答案；更新格式与来源	necroptosis坏死性凋亡为什么不能仅靠一个形态判定完整机制？	膜破裂也见于其他死亡，不能单看坏死形态。	膜破裂也见于其他死亡，不能单看坏死形态。		CNFIG0435	CN15-S02
CELL15-040	15_细胞衰老与细胞程序性死亡	保留核心答案；更新格式与来源	细胞焦亡pyroptosis的典型执行或形态特征是什么？	gasdermin相关成孔，常伴炎症信号。	gasdermin相关成孔，常伴炎症信号。			CN15-S02
CELL15-041	15_细胞衰老与细胞程序性死亡	保留核心答案；更新格式与来源	细胞焦亡pyroptosis为什么不能仅靠一个形态判定完整机制？	应检验相应gasdermin及上游通路，不只看IL1β。	应检验相应gasdermin及上游通路，不只看IL1β。			CN15-S02
CELL15-042	15_细胞衰老与细胞程序性死亡	保留核心答案；更新格式与来源	植物程序性死亡的典型执行或形态特征是什么？	常利用液泡等系统执行分解。	常利用液泡等系统执行分解。			CN15-S02
CELL15-043	15_细胞衰老与细胞程序性死亡	保留核心答案；更新格式与来源	植物程序性死亡为什么不能仅靠一个形态判定完整机制？	不能把动物Fas—caspase通路完整照搬。	不能把动物Fas—caspase通路完整照搬。			CN15-S02
CELL15-044	15_细胞衰老与细胞程序性死亡	保留核心答案；更新格式与来源	caspase酶活性在凋亡通路中主要做什么？	以活性半胱氨酸切割特定Asp后的肽键。	以活性半胱氨酸切割特定Asp后的肽键。			CN15-S02
CELL15-045	15_细胞衰老与细胞程序性死亡	保留核心答案；更新格式与来源	caspase酶活性的作用如何连接上下游？	选择性切割使底物活化或失活，不是无差别消化全部蛋白。	选择性切割使底物活化或失活，不是无差别消化全部蛋白。			CN15-S02
CELL15-046	15_细胞衰老与细胞程序性死亡	保留核心答案；更新格式与来源	起始caspase在凋亡通路中主要做什么？	在相应激活平台中被募集并活化。	在相应激活平台中被募集并活化。		CNFIG0395	CN15-S02
CELL15-047	15_细胞衰老与细胞程序性死亡	保留核心答案；更新格式与来源	起始caspase的作用如何连接上下游？	主要开启下游执行酶，聚集/构象步骤不可省略。	主要开启下游执行酶，聚集/构象步骤不可省略。			CN15-S02
CELL15-048	15_细胞衰老与细胞程序性死亡	保留核心答案；更新格式与来源	执行caspase在凋亡通路中主要做什么？	切割多种结构和调控底物。	切割多种结构和调控底物。			CN15-S02
CELL15-049	15_细胞衰老与细胞程序性死亡	保留核心答案；更新格式与来源	执行caspase的作用如何连接上下游？	产生凋亡执行表型，典型如caspase-3/7。	产生凋亡执行表型，典型如caspase-3/7。		CNFIG0385	CN15-S02
CELL15-050	15_细胞衰老与细胞程序性死亡	保留核心答案；更新格式与来源	Fas/FasL在凋亡通路中主要做什么？	受体结合膜配体并组织死亡信号。	受体结合膜配体并组织死亡信号。		ENFIG2135	CN15-S02
CELL15-051	15_细胞衰老与细胞程序性死亡	保留核心答案；更新格式与来源	Fas/FasL的作用如何连接上下游？	聚集的受体招募接头蛋白而形成DISC。	聚集的受体招募接头蛋白而形成DISC。			CN15-S02
CELL15-052	15_细胞衰老与细胞程序性死亡	保留核心答案；更新格式与来源	FADD在凋亡通路中主要做什么？	通过相关结构域连接Fas与procaspase-8等。	通过相关结构域连接Fas与procaspase-8等。			CN15-S02
CELL15-053	15_细胞衰老与细胞程序性死亡	保留核心答案；更新格式与来源	FADD的作用如何连接上下游？	是接头蛋白，不是切割DNA的核酸酶。	是接头蛋白，不是切割DNA的核酸酶。			CN15-S02
CELL15-054	15_细胞衰老与细胞程序性死亡	保留核心答案；更新格式与来源	DISC在凋亡通路中主要做什么？	死亡诱导信号复合物。	死亡诱导信号复合物。			CN15-S02
CELL15-055	15_细胞衰老与细胞程序性死亡	保留核心答案；更新格式与来源	DISC的作用如何连接上下游？	在胞质侧募集相应起始caspase，促进其活化。	在胞质侧募集相应起始caspase，促进其活化。			CN15-S02
CELL15-056	15_细胞衰老与细胞程序性死亡	保留核心答案；更新格式与来源	caspase-8在凋亡通路中主要做什么？	典型外源凋亡起始酶。	典型外源凋亡起始酶。			CN15-S02
CELL15-057	15_细胞衰老与细胞程序性死亡	保留核心答案；更新格式与来源	caspase-8的作用如何连接上下游？	激活执行酶，也可切割Bid连接线粒体途径。	激活执行酶，也可切割Bid连接线粒体途径。			CN15-S02
CELL15-058	15_细胞衰老与细胞程序性死亡	保留核心答案；更新格式与来源	Apaf1在凋亡通路中主要做什么？	响应胞质细胞色素c等条件并寡聚化。	响应胞质细胞色素c等条件并寡聚化。		ENFIG2139	CN15-S02,EN18-H000-H010
CELL15-059	15_细胞衰老与细胞程序性死亡	保留核心答案；更新格式与来源	Apaf1的作用如何连接上下游？	形成凋亡复合体apoptosome并招募caspase-9。	形成凋亡复合体apoptosome并招募caspase-9。			CN15-S02,EN18-H000-H010
CELL15-060	15_细胞衰老与细胞程序性死亡	保留核心答案；更新格式与来源	apoptosome凋亡复合体在凋亡通路中主要做什么？	Apaf1等组织的起始酶激活平台。	Apaf1等组织的起始酶激活平台。			CN15-S02,EN18-H000-H010
CELL15-061	15_细胞衰老与细胞程序性死亡	保留核心答案；更新格式与来源	apoptosome凋亡复合体的作用如何连接上下游？	区别于细胞表面脱落的apoptotic body凋亡小体。	区别于细胞表面脱落的apoptotic body凋亡小体。			CN15-S02,EN18-H000-H010
CELL15-062	15_细胞衰老与细胞程序性死亡	保留核心答案；更新格式与来源	caspase-9在凋亡通路中主要做什么？	典型内源凋亡起始酶。	典型内源凋亡起始酶。			CN15-S02
CELL15-063	15_细胞衰老与细胞程序性死亡	保留核心答案；更新格式与来源	caspase-9的作用如何连接上下游？	在apoptosome中活化并传向执行caspase。	在apoptosome中活化并传向执行caspase。			CN15-S02,EN18-H000-H010
CELL15-064	15_细胞衰老与细胞程序性死亡	保留核心答案；更新格式与来源	Bax/Bak如何调节线粒体或caspase阶段？	寡聚化促进线粒体外膜通透化MOMP。	寡聚化促进线粒体外膜通透化MOMP。			CN15-S02,EN18-H000-H010
CELL15-065	15_细胞衰老与细胞程序性死亡	保留核心答案；更新格式与来源	Bax/Bak与同家族其他成员的作用有何不同？	为促凋亡效应成员，不能仅写成普遍依赖VDAC开放。	为促凋亡效应成员，不能仅写成普遍依赖VDAC开放。			CN15-S02
CELL15-066	15_细胞衰老与细胞程序性死亡	保留核心答案；更新格式与来源	Bcl2/Bcl-xL如何调节线粒体或caspase阶段？	限制相应促凋亡成员和MOMP。	限制相应促凋亡成员和MOMP。		CNFIG0460	CN15-S02,EN18-H000-H010
CELL15-067	15_细胞衰老与细胞程序性死亡	保留核心答案；更新格式与来源	Bcl2/Bcl-xL与同家族其他成员的作用有何不同？	为抗凋亡成员，家族名称不代表全体都抗凋亡。	为抗凋亡成员，家族名称不代表全体都抗凋亡。			CN15-S02
CELL15-068	15_细胞衰老与细胞程序性死亡	保留核心答案；更新格式与来源	BH3-only蛋白如何调节线粒体或caspase阶段？	感受应激并调节Bcl2家族相互作用。	感受应激并调节Bcl2家族相互作用。			CN15-S02
CELL15-069	15_细胞衰老与细胞程序性死亡	保留核心答案；更新格式与来源	BH3-only蛋白与同家族其他成员的作用有何不同？	成员可通过不同方式促凋亡，非全部等同Bax成孔。	成员可通过不同方式促凋亡，非全部等同Bax成孔。			CN15-S02
CELL15-070	15_细胞衰老与细胞程序性死亡	保留核心答案；更新格式与来源	Bid/tBid如何调节线粒体或caspase阶段？	caspase-8切割Bid产生促线粒体作用形式。	caspase-8切割Bid产生促线粒体作用形式。			CN15-S02
CELL15-071	15_细胞衰老与细胞程序性死亡	保留核心答案；更新格式与来源	Bid/tBid与同家族其他成员的作用有何不同？	把外源与内源通路相连，不能说两途径互不联系。	把外源与内源通路相连，不能说两途径互不联系。			CN15-S02
CELL15-072	15_细胞衰老与细胞程序性死亡	保留核心答案；更新格式与来源	Bad磷酸化如何调节线粒体或caspase阶段？	在相应存活信号下减弱其促凋亡作用。	在相应存活信号下减弱其促凋亡作用。			CN15-S02
CELL15-073	15_细胞衰老与细胞程序性死亡	保留核心答案；更新格式与来源	Bad磷酸化与同家族其他成员的作用有何不同？	体现位点与背景依赖，磷酸化不一定活化促死亡蛋白。	体现位点与背景依赖，磷酸化不一定活化促死亡蛋白。			CN15-S02
CELL15-074	15_细胞衰老与细胞程序性死亡	保留核心答案；更新格式与来源	XIAP如何调节线粒体或caspase阶段？	可直接抑制相应caspase-9、3、7等。	可直接抑制相应caspase-9、3、7等。			CN15-S02,EN18-H000-H010
CELL15-075	15_细胞衰老与细胞程序性死亡	保留核心答案；更新格式与来源	XIAP与同家族其他成员的作用有何不同？	不能把所有IAP成员都写成直接caspase抑制酶。	不能把所有IAP成员都写成直接caspase抑制酶。			CN15-S02,EN18-H000-H010
CELL15-076	15_细胞衰老与细胞程序性死亡	保留核心答案；更新格式与来源	Smac/DIABLO如何调节线粒体或caspase阶段？	MOMP后释放并拮抗相应IAP抑制。	MOMP后释放并拮抗相应IAP抑制。			CN15-S02,EN18-H000-H010
CELL15-077	15_细胞衰老与细胞程序性死亡	保留核心答案；更新格式与来源	Smac/DIABLO与同家族其他成员的作用有何不同？	区别于主要组织Apaf1平台的细胞色素c。	区别于主要组织Apaf1平台的细胞色素c。			CN15-S02,EN18-H000-H010
CELL15-078	15_细胞衰老与细胞程序性死亡	保留核心答案；更新格式与来源	细胞色素c胞质释放如何调节线粒体或caspase阶段？	与Apaf1等参与内源凋亡启动。	与Apaf1等参与内源凋亡启动。			CN15-S02,EN18-H000-H010
CELL15-079	15_细胞衰老与细胞程序性死亡	保留核心答案；更新格式与来源	细胞色素c胞质释放与同家族其他成员的作用有何不同？	在线粒体原位置有电子传递功能，位置改变功能语境。	在线粒体原位置有电子传递功能，位置改变功能语境。			CN15-S02
CELL15-080	15_细胞衰老与细胞程序性死亡	保留核心答案；更新格式与来源	CAD与ICAD如何参与凋亡执行或检测？	执行caspase切割ICAD，释放CAD切割DNA。	执行caspase切割ICAD，释放CAD切割DNA。			CN15-S02
CELL15-081	15_细胞衰老与细胞程序性死亡	保留核心答案；更新格式与来源	CAD与ICAD需要怎样解释其特异性？	DNA降解是执行环节，不是唯一死亡判据。	DNA降解是执行环节，不是唯一死亡判据。			CN15-S02
CELL15-082	15_细胞衰老与细胞程序性死亡	保留核心答案；更新格式与来源	DNA梯状条带如何参与凋亡执行或检测？	核小体间切割可产生约180—200bp倍数片段。	核小体间切割可产生约180—200bp倍数片段。		CNFIG0387	CN15-S02
CELL15-083	15_细胞衰老与细胞程序性死亡	保留核心答案；更新格式与来源	DNA梯状条带需要怎样解释其特异性？	部分凋亡不出现清晰梯带，阴性不能单独排除。	部分凋亡不出现清晰梯带，阴性不能单独排除。			CN15-S02
CELL15-084	15_细胞衰老与细胞程序性死亡	保留核心答案；更新格式与来源	PARP切割如何参与凋亡执行或检测？	相应执行caspase使DNA损伤应答蛋白发生切割。	相应执行caspase使DNA损伤应答蛋白发生切割。			CN15-S02
CELL15-085	15_细胞衰老与细胞程序性死亡	保留核心答案；更新格式与来源	PARP切割需要怎样解释其特异性？	是相关执行证据，不等于只有凋亡能造成所有PARP变化。	是相关执行证据，不等于只有凋亡能造成所有PARP变化。			CN15-S02
CELL15-086	15_细胞衰老与细胞程序性死亡	保留核心答案；更新格式与来源	Annexin V标记如何参与凋亡执行或检测？	在适当Ca2+条件下检测暴露的PS等。	在适当Ca2+条件下检测暴露的PS等。			CN15-S02
CELL15-087	15_细胞衰老与细胞程序性死亡	保留核心答案；更新格式与来源	Annexin V标记需要怎样解释其特异性？	PS暴露不完全特异，需配膜完整性及动态证据。	PS暴露不完全特异，需配膜完整性及动态证据。			CN15-S02
CELL15-088	15_细胞衰老与细胞程序性死亡	保留核心答案；更新格式与来源	TUNEL检测如何参与凋亡执行或检测？	标记DNA断裂相关3′-OH末端。	标记DNA断裂相关3′-OH末端。		CNFIG0450	CN15-S02
CELL15-089	15_细胞衰老与细胞程序性死亡	保留核心答案；更新格式与来源	TUNEL检测需要怎样解释其特异性？	损伤及某些其他死亡也可阳性，不能单项定凋亡。	损伤及某些其他死亡也可阳性，不能单项定凋亡。			CN15-S02
CELL15-090	15_细胞衰老与细胞程序性死亡	保留核心答案；更新格式与来源	RIPK3在炎症性死亡中主要做什么？	参与necroptosis平台并磷酸化MLKL。	参与necroptosis平台并磷酸化MLKL。			CN15-S02
CELL15-091	15_细胞衰老与细胞程序性死亡	保留核心答案；更新格式与来源	RIPK3的分类或上下游区别是什么？	是激酶，区别于膜执行分子MLKL。	是激酶，区别于膜执行分子MLKL。			CN15-S02
CELL15-092	15_细胞衰老与细胞程序性死亡	保留核心答案；更新格式与来源	MLKL在炎症性死亡中主要做什么？	活化后寡聚化并扰乱膜屏障。	活化后寡聚化并扰乱膜屏障。			CN15-S02
CELL15-093	15_细胞衰老与细胞程序性死亡	保留核心答案；更新格式与来源	MLKL的分类或上下游区别是什么？	名称含kinase-like但并非通常意义的活性蛋白激酶。	名称含kinase-like但并非通常意义的活性蛋白激酶。			CN15-S02
CELL15-094	15_细胞衰老与细胞程序性死亡	保留核心答案；更新格式与来源	炎性小体inflammasome在炎症性死亡中主要做什么？	组织相应炎症caspase活化。	组织相应炎症caspase活化。			CN15-S02
CELL15-095	15_细胞衰老与细胞程序性死亡	保留核心答案；更新格式与来源	炎性小体inflammasome的分类或上下游区别是什么？	区别于凋亡Apaf1复合体，输入与输出不同。	区别于凋亡Apaf1复合体，输入与输出不同。			CN15-S02,EN18-H000-H010
CELL15-096	15_细胞衰老与细胞程序性死亡	保留核心答案；更新格式与来源	caspase-1在炎症性死亡中主要做什么？	加工相关炎性因子并可切割GSDMD。	加工相关炎性因子并可切割GSDMD。			CN15-S02
CELL15-097	15_细胞衰老与细胞程序性死亡	保留核心答案；更新格式与来源	caspase-1的分类或上下游区别是什么？	主要炎症相关成员，不能因名称把它当典型执行凋亡酶。	主要炎症相关成员，不能因名称把它当典型执行凋亡酶。			CN15-S02
CELL15-098	15_细胞衰老与细胞程序性死亡	保留核心答案；更新格式与来源	人caspase-4/5与鼠caspase-11在炎症性死亡中主要做什么？	参与非经典胞质LPS相关炎症通路。	参与非经典胞质LPS相关炎症通路。			CN15-S02
CELL15-099	15_细胞衰老与细胞程序性死亡	保留核心答案；更新格式与来源	人caspase-4/5与鼠caspase-11的分类或上下游区别是什么？	成员名称有物种差别，不能一律当人体同一成员。	成员名称有物种差别，不能一律当人体同一成员。			CN15-S02
CELL15-100	15_细胞衰老与细胞程序性死亡	保留核心答案；更新格式与来源	GSDMD切割在炎症性死亡中主要做什么？	释放有成孔能力的N端。	释放有成孔能力的N端。			CN15-S02
CELL15-101	15_细胞衰老与细胞程序性死亡	保留核心答案；更新格式与来源	GSDMD切割的分类或上下游区别是什么？	上游是蛋白酶切割，成孔由gasdermin片段执行。	上游是蛋白酶切割，成孔由gasdermin片段执行。			CN15-S02
CELL15-102	15_细胞衰老与细胞程序性死亡	保留核心答案；更新格式与来源	IL1β/IL18加工在炎症性死亡中主要做什么？	前体被相应酶切割形成成熟信号。	前体被相应酶切割形成成熟信号。			CN15-S02
CELL15-103	15_细胞衰老与细胞程序性死亡	保留核心答案；更新格式与来源	IL1β/IL18加工的分类或上下游区别是什么？	表达前体与释放成熟因子是不同调控步骤。	表达前体与释放成熟因子是不同调控步骤。			CN15-S02
CELL15-104	15_细胞衰老与细胞程序性死亡	保留核心答案；更新格式与来源	植物液泡水解系统在植物死亡或清除中有什么作用？	参与死亡细胞内容物的分解。	参与死亡细胞内容物的分解。			CN15-S02
CELL15-105	15_细胞衰老与细胞程序性死亡	保留核心答案；更新格式与来源	植物液泡水解系统为什么不能照搬动物凋亡解释？	植物有细胞壁且无动物式迁移吞噬细胞清除模式。	植物有细胞壁且无动物式迁移吞噬细胞清除模式。			CN15-S02
CELL15-106	15_细胞衰老与细胞程序性死亡	保留核心答案；更新格式与来源	植物超敏反应HR在植物死亡或清除中有什么作用？	病原感染局部的防御相关反应。	病原感染局部的防御相关反应。			CN15-S02
CELL15-107	15_细胞衰老与细胞程序性死亡	保留核心答案；更新格式与来源	植物超敏反应HR为什么不能照搬动物凋亡解释？	效果依病原生活方式，不能断言任何细胞死亡都保护植物。	效果依病原生活方式，不能断言任何细胞死亡都保护植物。			CN15-S02
CELL15-108	15_细胞衰老与细胞程序性死亡	保留核心答案；更新格式与来源	木质部管状分子成熟在植物死亡或清除中有什么作用？	壁增厚、木质化并经历受控内容物清除。	壁增厚、木质化并经历受控内容物清除。			CN15-S02
CELL15-109	15_细胞衰老与细胞程序性死亡	保留核心答案；更新格式与来源	木质部管状分子成熟为什么不能照搬动物凋亡解释？	成熟死亡可服务运输与支持，而非一概为病理损害。	成熟死亡可服务运输与支持，而非一概为病理损害。			CN15-S02
CELL15-110	15_细胞衰老与细胞程序性死亡	保留核心答案；更新格式与来源	metacaspase在植物死亡或清除中有什么作用？	植物等生物中相关半胱氨酸蛋白酶。	植物等生物中相关半胱氨酸蛋白酶。			CN15-S02
CELL15-111	15_细胞衰老与细胞程序性死亡	保留核心答案；更新格式与来源	metacaspase为什么不能照搬动物凋亡解释？	典型底物偏好Arg/Lys，区别于动物caspase偏好Asp。	典型底物偏好Arg/Lys，区别于动物caspase偏好Asp。			CN15-S02
CELL15-112	15_细胞衰老与细胞程序性死亡	保留核心答案；更新格式与来源	典型凋亡中PS从哪侧转向哪侧，主要清除意义是什么？	由质膜内叶增加暴露到外叶，提供吞噬识别的“吃我”信号。	由质膜内叶增加暴露到外叶，提供吞噬识别的“吃我”信号。			CN15-S02
CELL15-113	15_细胞衰老与细胞程序性死亡	保留核心答案；更新格式与来源	凋亡为什么常比膜破裂性死亡更少引起炎症？	内容物较受膜保护并及时被清除；并非所有情形绝对无炎症。	内容物较受膜保护并及时被清除；并非所有情形绝对无炎症。			CN15-S02
CELL15-114	15_细胞衰老与细胞程序性死亡	保留核心答案；更新格式与来源	凋亡未及时清除时为何可能出现继发性坏死？	持续退变导致膜屏障破坏，内容物泄漏。	持续退变导致膜屏障破坏，内容物泄漏。			CN15-S02
CELL15-115	15_细胞衰老与细胞程序性死亡	保留核心答案；更新格式与来源	程序性死亡与偶发性被动损伤死亡的关键区分是什么？	前者有可调控的分子执行机制，后者可由压倒性物理化学破坏造成。	前者有可调控的分子执行机制，后者可由压倒性物理化学破坏造成。			CN15-S02
CELL15-116	15_细胞衰老与细胞程序性死亡	保留核心答案；更新格式与来源	caspase-8与caspase-9为什么不是同一激活平台？	前者典型在DISC等平台，后者在Apaf1凋亡复合体。	前者典型在DISC等平台，后者在Apaf1凋亡复合体。		CNFIG0462	CN15-S02,EN18-H000-H010
CELL15-117	15_细胞衰老与细胞程序性死亡	保留核心答案；更新格式与来源	线虫CED-3、CED-4、CED-9分别对应怎样的功能类别？	CED-3为caspase；CED-4为促激活接头平台；CED-9为抗凋亡Bcl2相关蛋白。	CED-3为caspase；CED-4为促激活接头平台；CED-9为抗凋亡Bcl2相关蛋白。			CN15-S02
CELL15-118	15_细胞衰老与细胞程序性死亡	保留核心答案；更新格式与来源	凋亡小体与凋亡复合体的空间和功能怎样区分？	前者为膜包裹细胞碎片；后者为胞质内起始酶激活平台。	前者为膜包裹细胞碎片；后者为胞质内起始酶激活平台。			CN15-S02,EN18-H000-H010
CELL15-119	15_细胞衰老与细胞程序性死亡	保留核心答案；更新格式与来源	外源通路启动后，Bax/Bak缺失为何只可能阻断其中一部分效应？	线粒体放大受阻，但直接执行酶支路可依细胞背景保留。	线粒体放大受阻，但直接执行酶支路可依细胞背景保留。			CN15-S02
CELL15-120	15_细胞衰老与细胞程序性死亡	保留核心答案；更新格式与来源	只有细胞色素c总量增加，为何不能证明内源凋亡已启动？	需证实胞质释放及Apaf1/caspase活化，总量不提供定位。	需证实胞质释放及Apaf1/caspase活化，总量不提供定位。			CN15-S02,EN18-H000-H010
CELL15-121	15_细胞衰老与细胞程序性死亡	保留核心答案；更新格式与来源	细胞膜染料阳性为何不能立即区分焦亡与necroptosis？	两者均可损坏膜，应测gasdermin或RIPK3/MLKL等特异机制。	两者均可损坏膜，应测gasdermin或RIPK3/MLKL等特异机制。			CN15-S02
CELL15-122	15_细胞衰老与细胞程序性死亡	保留核心答案；更新格式与来源	抑制全部caspase后细胞仍死亡，为什么不能判定实验失败？	可能采用其他死亡途径，也需核实抑制有效性。	可能采用其他死亡途径，也需核实抑制有效性。			CN15-S02
CELL15-123	15_细胞衰老与细胞程序性死亡	保留核心答案；更新格式与来源	TNF为何不能简单称为对所有细胞必定致死的信号？	受体复合体、存活反馈和执行蛋白背景可使结果不同。	受体复合体、存活反馈和执行蛋白背景可使结果不同。			CN15-S02
CELL15-124	15_细胞衰老与细胞程序性死亡	保留核心答案；更新格式与来源	TNF条件下阻断caspase-8，是否必定发生necroptosis？	不必定；还需具备RIPK3、MLKL及适当上游条件。	不必定；还需具备RIPK3、MLKL及适当上游条件。			CN15-S02
CELL15-125	15_细胞衰老与细胞程序性死亡	保留核心答案；更新格式与来源	TUNEL阳性而缺乏caspase切割证据，应如何作结论？	报告DNA断裂，进一步结合形态、膜完整性和机制干预判断死亡类型。	报告DNA断裂，进一步结合形态、膜完整性和机制干预判断死亡类型。			CN15-S02
CELL15-126	15_细胞衰老与细胞程序性死亡	保留核心答案；更新格式与来源	Annexin V阳性/膜染料阴性，最稳妥的即时解释是什么？	PS暴露且膜尚相对完整，与早期凋亡相容但需其他证据确认。	PS暴露且膜尚相对完整，与早期凋亡相容但需其他证据确认。			CN15-S02
CELL15-127	15_细胞衰老与细胞程序性死亡	保留核心答案；更新格式与来源	自噬体增加为什么不能直接定义为“自噬导致死亡”？	可为保护性应答或降解受阻，需证明死亡依赖相关执行机制。	可为保护性应答或降解受阻，需证明死亡依赖相关执行机制。			CN15-S02
CELL15-128	15_细胞衰老与细胞程序性死亡	闭卷评分补充	比较凋亡、necroptosis与焦亡应写哪四类评分要点？	主要平台/执行分子；膜与形态；炎症和清除；验证性干预。	主要平台/执行分子；膜与形态；炎症和清除；验证性干预。	"这是综合答题结构卡。复习时说全核心连接；完整展开请另做本章闭卷练习。

展开作答参考评分（10 分）：
1. 凋亡典型由起始/执行 caspase 控制，出现细胞收缩及受控拆解。（2分）
2. necroptosis 典型以 RIPK3-MLKL 为核心，RIPK1 的参与依触发背景。（2分）
3. 焦亡典型由相应炎性 caspase 或其他适用途径切割 gasdermin 成孔，不能一概只归 caspase-1。（2分）
4. 比较膜完整性变化、内容物释放和炎症/清除，但形态会随时程交叉。（2分）
5. 用多指标和遗传/特异干预验证；通路可交叉或转换，单一抑制剂不足以唯一判型。（2分）"		CN15-S02
CELL15-129	15_细胞衰老与细胞程序性死亡	闭卷评分补充	设计判别细胞死亡类型的四步实验框架。	时间分辨形态与膜；多分子标记；特异遗传/药理干预；救援并排除非特异损伤。	时间分辨形态与膜；多分子标记；特异遗传/药理干预；救援并排除非特异损伤。	"这是综合答题结构卡。复习时说全核心连接；完整展开请另做本章闭卷练习。

展开作答参考评分（10 分）：
1. 按时间连续观察形态、膜通透性及内容物释放，避免只看末端时点。（2分）
2. 组合 caspase、MLKL、gasdermin 等与候选机制相符的分子证据。（2分）
3. 用相应遗传缺失/回补及合理药理干预检验必要性。（2分）
4. 检验救援是否同时恢复存活/功能，还是只改变死亡形态或时间。（2分）
5. 控制剂量、细胞状态、非特异毒性及通路转换，不把单一阴性标记直接当另一通路阳性。（2分）"		CN15-S02
CELL15-130	15_细胞衰老与细胞程序性死亡	闭卷评分补充	论述内外源凋亡通路的连接应包含哪些关键环节？	Fas—FADD—caspase-8；Bid联系MOMP；细胞色素c—Apaf1—caspase-9；执行酶与清除。	Fas—FADD—caspase-8；Bid联系MOMP；细胞色素c—Apaf1—caspase-9；执行酶与清除。	"这是综合答题结构卡。复习时说全核心连接；完整展开请另做本章闭卷练习。

展开作答参考评分（10 分）：
1. 外源通路以 Fas 等死亡受体、FADD 和 caspase-8 平台为典型例。（2分）
2. 说明 caspase-8 可切割 Bid，tBid 促进相应 Bcl-2 家族调节及 MOMP。（2分）
3. MOMP 后细胞色素 c 参与 Apaf1 凋亡体组装和 caspase-9 活化。（2分）
4. 两条通路汇入执行 caspase，促关键底物切割及细胞受控拆解。（2分）
5. 说明清除信号与吞噬，并指出部分细胞依赖线粒体放大，不能说所有外源凋亡都必须经过 MOMP。（2分）"		CN15-S02,EN18-H000-H010
CELL15-E001	15_细胞衰老与细胞程序性死亡	新增	端粒缩短为什么可使细胞停止增殖，而不是简单地把某个周期蛋白“用完”？		端粒保护失效可被识别为 DNA 损伤，激活检查点与 p53/p21、Rb 等制动，形成长期增殖停滞。	衰老还可由应激和癌基因等触发，并非全部由端粒长度决定。		EN17-H067-H067
CELL15-E002	15_细胞衰老与细胞程序性死亡	新增	凋亡 DNA 电泳为何可能出现核小体间隔相关的梯状条带？		执行 caspase 切割 iCAD，释放 CAD；CAD 偏向切割可及的连接 DNA，产生包含一个或多个核小体单位的片段。	阶梯是支持证据之一，不是每种凋亡都必现；也不能单独排除其他死亡或降解方式。	ENFIG2134	EN18-H000-H010
CELL15-E003	15_细胞衰老与细胞程序性死亡	新增	凋亡时磷脂酰丝氨酸外翻，为什么是“停止维持不对称＋增加双向交换”的组合？		执行 caspase 可失活保持 PS 内向分布的 flippase，并激活相应 scramblase，使膜脂更易跨小叶混排，PS 外露。	PS 外露也可见于其他状态；Annexin V 检测需结合膜完整性和其他凋亡证据。	ENFIG2146	EN18-H000-H010
CELL15-E004	15_细胞衰老与细胞程序性死亡	新增	检测不到端粒酶活性，为什么不能据此断定癌细胞必然很快发生复制衰老？		部分肿瘤可用 ALT 等重组相关路线维持端粒；还需检测端粒维持、检查点状态和真实长期增殖能力。	端粒酶与 ALT 是不同维护机制，缺少一个不等于缺少全部。		EN20-H010-H010
CELL15-E005	15_细胞衰老与细胞程序性死亡	新增	年轻和年老小鼠共享循环后，老年组织修复改善，为什么不能直接证明老干细胞内在损伤已被永久修复？		共同循环改变了可溶性因子、免疫环境与龛等，可能暂时改善功能；需分离细胞后移植或解除共享循环等区分内在与环境效应。	应设年轻-年轻、老-老及手术对照，实验结果也不能直接推广到人类抗衰老疗效。	ENFIG2495	EN22-H017-H017
CELL15-E006	15_细胞衰老与细胞程序性死亡	新增	靶细胞 MHCⅠ下调为何可能逃避 CTL，却更容易被某些 NK 细胞攻击？		CTL 的特异识别依赖肽-MHCⅠ；NK 的抑制性受体可因缺少自身 MHCⅠ配体而减少制动，在活化信号足够时触发杀伤。	缺 MHCⅠ不是充分的唯一开关，NK 取决于活化与抑制信号整合。		EN24-H009-H009
CELL15-E007	15_细胞衰老与细胞程序性死亡	新增	细胞毒 T 细胞为何把毒性颗粒极性地释放到免疫突触？		定向运输和胞吐使穿孔素/颗粒酶集中作用于识别到的靶细胞，减少对邻近细胞的无差别伤害。	颗粒酶促靶细胞启动死亡程序；Fas-FasL 是另一路线，不能把所有杀伤都归成直接物理破裂。	ENFIG2632,ENFIG2633	EN24-H033-H033
CELL15-E008	15_细胞衰老与细胞程序性死亡	新增	Fas 少一份正常基因可无明显病，表达某些失活 Fas 却可显性致病，怎样用多聚体解释？		失活亚基若仍能参与受体聚集，可干扰正常复合体装配/信号形成，产生显性负效应；单纯减少数量不一定同样破坏功能。	具体需证实突变保留聚合而丧失信号功能；不是所有受体失活突变都必然显性。		EN18-EXERCISES
CELL15-E009	15_细胞衰老与细胞程序性死亡	新增	比较内源与外源凋亡，并设计证据链区分凋亡发生、膜完整性变化和末端清除。（闭卷 8—10 分钟，按 10 分自评）		死亡受体/启动 caspase（2分）；Bax/Bak-MOMP-cytochrome c-Apaf1-caspase（2分）；执行 caspase 的形态与底物效应（2分）；PS、膜不透染料、DNA/活性检测相互印证（2分）；时间序列、通路阻断及吞噬清除，避免单指标定性（2分）。	这是依据本章教材重组的练习，不标作上海大学真实历年考题；可先写提纲，再连成机制论述。		CN15-S02,EN18-H000-H010
CELL16-001	16_细胞的社会联系	保留核心答案；更新格式与来源	细胞连接按主要功能可分为哪三类？	封闭连接、锚定连接和通讯连接。	封闭连接、锚定连接和通讯连接。			CN16-S01
CELL16-002	16_细胞的社会联系	保留核心答案；更新格式与来源	细胞连接为什么需要与细胞骨架耦联，而不能仅有胞外黏附？	骨架连接能分配机械负荷、维持形态并参与连接的装配和调节。	骨架连接能分配机械负荷、维持形态并参与连接的装配和调节。			CN16-S01
CELL16-003	16_细胞的社会联系	保留核心答案；更新格式与来源	细胞间连接和细胞—基质连接的判别依据是什么？	比较连接两端：前者连接两个细胞，后者连接细胞与胞外基质。	比较连接两端：前者连接两个细胞，后者连接细胞与胞外基质。			CN16-S01
CELL16-004	16_细胞的社会联系	保留核心答案；更新格式与来源	为什么不能把所有细胞间连接都理解为物质通道？	紧密连接主要控制屏障，锚定连接传递机械力；缝隙连接才直接连通胞质。	紧密连接主要控制屏障，锚定连接传递机械力；缝隙连接才直接连通胞质。			CN16-S01,EN19-H005-H015
CELL16-005	16_细胞的社会联系	保留核心答案；更新格式与来源	紧密连接主要连接哪两端？	相邻上皮细胞的膜，形成封闭带。	相邻上皮细胞的膜，形成封闭带。		CNFIG0431,CNFIG0411	CN16-S01
CELL16-006	16_细胞的社会联系	保留核心答案；更新格式与来源	紧密连接的关键跨膜蛋白是什么？	claudin、occludin等。	claudin、occludin等。			CN16-S01,EN19-H005-H015
CELL16-007	16_细胞的社会联系	保留核心答案；更新格式与来源	紧密连接主要联系哪类细胞骨架？	通过ZO等支架蛋白联系肌动蛋白。	通过ZO等支架蛋白联系肌动蛋白。			CN16-S01,EN19-H005-H015
CELL16-008	16_细胞的社会联系	保留核心答案；更新格式与来源	黏着连接主要连接哪两端？	相邻细胞。	相邻细胞。		CNFIG0443	CN16-S01
CELL16-009	16_细胞的社会联系	保留核心答案；更新格式与来源	黏着连接的关键跨膜蛋白是什么？	经典钙黏蛋白。	经典钙黏蛋白。			CN16-S01
CELL16-010	16_细胞的社会联系	保留核心答案；更新格式与来源	黏着连接主要联系哪类细胞骨架？	肌动蛋白丝。	肌动蛋白丝。			CN16-S01
CELL16-011	16_细胞的社会联系	保留核心答案；更新格式与来源	桥粒主要连接哪两端？	相邻细胞。	相邻细胞。		CNFIG0445,CNFIG0419	CN16-S01
CELL16-012	16_细胞的社会联系	保留核心答案；更新格式与来源	桥粒的关键跨膜蛋白是什么？	桥粒钙黏蛋白，如desmoglein、desmocollin。	桥粒钙黏蛋白，如desmoglein、desmocollin。		ENFIG2180,ENFIG2181	CN16-S01
CELL16-013	16_细胞的社会联系	保留核心答案；更新格式与来源	桥粒主要联系哪类细胞骨架？	中间丝，如上皮角蛋白丝。	中间丝，如上皮角蛋白丝。			CN16-S01
CELL16-014	16_细胞的社会联系	保留核心答案；更新格式与来源	黏着斑主要连接哪两端？	细胞与胞外基质。	细胞与胞外基质。		CNFIG0454	CN16-S01
CELL16-015	16_细胞的社会联系	保留核心答案；更新格式与来源	黏着斑的关键跨膜蛋白是什么？	整联蛋白。	整联蛋白。			CN16-S01,EN19-H038-H046
CELL16-016	16_细胞的社会联系	保留核心答案；更新格式与来源	黏着斑主要联系哪类细胞骨架？	肌动蛋白丝。	肌动蛋白丝。			CN16-S01
CELL16-017	16_细胞的社会联系	保留核心答案；更新格式与来源	半桥粒主要连接哪两端？	上皮细胞与基膜。	上皮细胞与基膜。		ENFIG2241,CNFIG0429	CN16-S01,EN19-H005-H015,EN19-H018-H037
CELL16-018	16_细胞的社会联系	保留核心答案；更新格式与来源	半桥粒的关键跨膜蛋白是什么？	α6β4整联蛋白等。	α6β4整联蛋白等。			CN16-S01,EN19-H005-H015,EN19-H038-H046
CELL16-019	16_细胞的社会联系	保留核心答案；更新格式与来源	半桥粒主要联系哪类细胞骨架？	角蛋白中间丝。	角蛋白中间丝。			CN16-S01,EN19-H005-H015
CELL16-020	16_细胞的社会联系	保留核心答案；更新格式与来源	缝隙连接主要连接哪两端？	相邻细胞的胞质。	相邻细胞的胞质。			CN16-S01,EN19-H005-H015
CELL16-021	16_细胞的社会联系	保留核心答案；更新格式与来源	缝隙连接的关键跨膜蛋白是什么？	连接蛋白connexin组成的连接子。	连接蛋白connexin组成的连接子。			CN16-S01,EN19-H005-H015
CELL16-022	16_细胞的社会联系	保留核心答案；更新格式与来源	缝隙连接主要联系哪类细胞骨架？	功能分类为通讯连接；不以承力骨架连接为主要功能。	功能分类为通讯连接；不以承力骨架连接为主要功能。			CN16-S01,EN19-H005-H015
CELL16-023	16_细胞的社会联系	保留核心答案；更新格式与来源	紧密连接的“屏障”功能主要限制哪条运输途径？	相邻细胞之间的旁细胞途径，不直接封闭跨细胞运输。	相邻细胞之间的旁细胞途径，不直接封闭跨细胞运输。			CN16-S01
CELL16-024	16_细胞的社会联系	保留核心答案；更新格式与来源	紧密连接的“围栏”功能如何帮助维持上皮极性？	限制部分膜成分在顶端膜和基底外侧膜之间的侧向扩散。	限制部分膜成分在顶端膜和基底外侧膜之间的侧向扩散。		ENFIG1302	CN16-S01,EN10-H022-H026
CELL16-025	16_细胞的社会联系	保留核心答案；更新格式与来源	为什么紧密连接不等于完全不透水、不透离子的密封墙？	不同claudin组合形成不同选择性和通透性，屏障随组织与调控状态变化。	不同claudin组合形成不同选择性和通透性，屏障随组织与调控状态变化。			CN16-S01,EN19-H005-H015
CELL16-026	16_细胞的社会联系	保留核心答案；更新格式与来源	在紧密连接中，claudin与occludin的作用能否完全等同？	不能；claudin是封闭链形成的核心，occludin参与通透性调节。	不能；claudin是封闭链形成的核心，occludin参与通透性调节。			CN16-S01,EN19-H005-H015
CELL16-027	16_细胞的社会联系	保留核心答案；更新格式与来源	ZO蛋白在紧密连接中起什么桥接作用？	在胞质侧组织跨膜连接蛋白，并把连接与肌动蛋白骨架联系起来。	在胞质侧组织跨膜连接蛋白，并把连接与肌动蛋白骨架联系起来。			CN16-S01,EN19-H005-H015
CELL16-028	16_细胞的社会联系	保留核心答案；更新格式与来源	上皮旁细胞示踪物通透性升高，可直接证明顶端转运体本身失活吗？	不能；可能是紧密连接屏障受损，须分别检测旁细胞与跨细胞运输。	不能；可能是紧密连接屏障受损，须分别检测旁细胞与跨细胞运输。			CN16-S01
CELL16-029	16_细胞的社会联系	保留核心答案；更新格式与来源	若紧密连接围栏功能减弱，顶端与基底外侧膜蛋白分布可能如何改变？	两类膜区成分可能混合，使极性分布和定向运输效率下降。	两类膜区成分可能混合，使极性分布和定向运输效率下降。			CN16-S01
CELL16-030	16_细胞的社会联系	保留核心答案；更新格式与来源	claudin-1缺失为何可能造成皮肤失水？	表皮紧密连接屏障受损，水经旁细胞途径流失增加。	表皮紧密连接屏障受损，水经旁细胞途径流失增加。			CN16-S01,EN19-H005-H015
CELL16-031	16_细胞的社会联系	保留核心答案；更新格式与来源	经典黏着连接中，钙黏蛋白如何间接联系肌动蛋白？	胞质端通过连环蛋白等适配体系与肌动蛋白联系；并非胞外域直接接骨架。	胞质端通过连环蛋白等适配体系与肌动蛋白联系；并非胞外域直接接骨架。			CN16-S01
CELL16-032	16_细胞的社会联系	保留核心答案；更新格式与来源	桥粒中的桥粒斑起什么作用？	将桥粒跨膜黏附蛋白与胞内中间丝耦联并传递机械力。	将桥粒跨膜黏附蛋白与胞内中间丝耦联并传递机械力。			CN16-S01
CELL16-033	16_细胞的社会联系	保留核心答案；更新格式与来源	为什么桥粒适合皮肤等经受机械拉力的组织？	桥粒连接邻细胞的中间丝网络，使拉力在组织中分散。	桥粒连接邻细胞的中间丝网络，使拉力在组织中分散。			CN16-S01
CELL16-034	16_细胞的社会联系	保留核心答案；更新格式与来源	半桥粒为何不是“切成一半的桥粒”这一简单分子结构？	它连接细胞与基膜，核心黏附体系为整联蛋白等；桥粒连接细胞且用桥粒钙黏蛋白。	它连接细胞与基膜，核心黏附体系为整联蛋白等；桥粒连接细胞且用桥粒钙黏蛋白。			CN16-S01,EN19-H005-H015,EN19-H038-H046,EN19-H018-H037
CELL16-035	16_细胞的社会联系	保留核心答案；更新格式与来源	黏着斑中的talin与vinculin主要帮助完成什么连接？	把整联蛋白胞质端与肌动蛋白骨架耦联并调节承力。	把整联蛋白胞质端与肌动蛋白骨架耦联并调节承力。			CN16-S01,EN19-H038-H046
CELL16-036	16_细胞的社会联系	保留核心答案；更新格式与来源	上皮角蛋白丝受损，为何可削弱桥粒和半桥粒的机械稳定性？	两类连接均依赖角蛋白中间丝把局部黏附整合为承力网络。	两类连接均依赖角蛋白中间丝把局部黏附整合为承力网络。			CN16-S01,EN19-H005-H015
CELL16-037	16_细胞的社会联系	保留核心答案；更新格式与来源	胚胎上皮发生收缩性形态变化时，黏着连接为何尤其重要？	将各细胞的肌动蛋白—肌球蛋白收缩力传递给邻细胞，协调组织变形。	将各细胞的肌动蛋白—肌球蛋白收缩力传递给邻细胞，协调组织变形。			CN16-S01
CELL16-038	16_细胞的社会联系	保留核心答案；更新格式与来源	一个典型连接子connexon由多少个connexin亚基组成？	6个亚基组成一个半通道。	6个亚基组成一个半通道。		CNFIG0408	CN16-S01,EN19-H005-H015
CELL16-039	16_细胞的社会联系	保留核心答案；更新格式与来源	一个典型完整缝隙连接通道怎样跨越两细胞膜？	两细胞各提供一个连接子，对接后构成完整通道。	两细胞各提供一个连接子，对接后构成完整通道。			CN16-S01,EN19-H005-H015
CELL16-040	16_细胞的社会联系	保留核心答案；更新格式与来源	典型connexin分子有多少个跨膜区？	4个跨膜区。	4个跨膜区。			CN16-S01,EN19-H005-H015
CELL16-041	16_细胞的社会联系	保留核心答案；更新格式与来源	缝隙连接通常允许哪类物质通过？	离子及部分小分子代谢物、第二信使；选择性依连接蛋白组成而变。	离子及部分小分子代谢物、第二信使；选择性依连接蛋白组成而变。			CN16-S01,EN19-H005-H015
CELL16-042	16_细胞的社会联系	保留核心答案；更新格式与来源	缝隙连接可否常规转运整条mRNA或大型蛋白质？	通常不能；其孔径和选择性限制大分子通过。	通常不能；其孔径和选择性限制大分子通过。			CN16-S01,EN19-H005-H015
CELL16-043	16_细胞的社会联系	保留核心答案；更新格式与来源	缝隙连接如何使相邻细胞发生电耦联？	离子可直接经连接通道流动，使电活动影响相邻细胞。	离子可直接经连接通道流动，使电活动影响相邻细胞。		CNFIG0434	CN16-S01,EN19-H005-H015
CELL16-044	16_细胞的社会联系	保留核心答案；更新格式与来源	缝隙连接形成的代谢耦联和受体介导的旁分泌有何区别？	前者经通道直接交换胞质小分子，后者经胞外信号与受体传递信息。	前者经通道直接交换胞质小分子，后者经胞外信号与受体传递信息。			CN16-S01,EN19-H005-H015
CELL16-045	16_细胞的社会联系	保留核心答案；更新格式与来源	常见缝隙连接为何会在胞质Ca²⁺明显升高或pH降低时关闭？	门控可隔离受损细胞、限制损伤扩散；具体敏感性依连接蛋白而异。	门控可隔离受损细胞、限制损伤扩散；具体敏感性依连接蛋白而异。			CN16-S01,EN19-H005-H015
CELL16-046	16_细胞的社会联系	保留核心答案；更新格式与来源	用小分子荧光染料检测细胞间缝隙连接，应设置什么关键对照？	比较未接触细胞及连接受阻条件，并排除染料外泄后被邻细胞摄取。	比较未接触细胞及连接受阻条件，并排除染料外泄后被邻细胞摄取。			CN16-S01,EN19-H005-H015
CELL16-047	16_细胞的社会联系	保留核心答案；更新格式与来源	受体细胞缺某代谢酶，却因接触正常细胞获代谢救援，能证明酶本身穿过缝隙连接吗？	不能；救援可能来自小分子代谢产物转移，不能据此推出大型酶转移。	不能；救援可能来自小分子代谢产物转移，不能据此推出大型酶转移。			CN16-S01,EN19-H005-H015
CELL16-048	16_细胞的社会联系	保留核心答案；更新格式与来源	植物胞间连丝与动物缝隙连接共有的主要功能是什么？	使邻细胞之间发生直接通讯和物质交换。	使邻细胞之间发生直接通讯和物质交换。		ENFIG2200	CN16-S01,EN19-H005-H015
CELL16-049	16_细胞的社会联系	保留核心答案；更新格式与来源	胞间连丝为何能在细胞壁存在时连通相邻植物细胞？	通道穿过细胞壁，其外周质膜与两侧细胞质膜连续。	通道穿过细胞壁，其外周质膜与两侧细胞质膜连续。			CN16-S01,EN19-H005-H015
CELL16-050	16_细胞的社会联系	保留核心答案；更新格式与来源	胞间连丝中央的连丝微管desmotubule源于什么结构？	内质网，并与两侧细胞的内质网相连续。	内质网，并与两侧细胞的内质网相连续。		CNFIG0430	CN16-S01,EN19-H005-H015
CELL16-051	16_细胞的社会联系	保留核心答案；更新格式与来源	胞间连丝中的主要胞质交换空间位于何处？	通常在质膜与中央连丝微管之间的胞质袖套。	通常在质膜与中央连丝微管之间的胞质袖套。			CN16-S01,EN19-H005-H015
CELL16-052	16_细胞的社会联系	保留核心答案；更新格式与来源	植物病毒运动蛋白为何可能促进病毒基因组跨细胞传播？	可调节胞间连丝通透性或帮助病毒核酸通过；不能把通道当成固定孔径筛子。	可调节胞间连丝通透性或帮助病毒核酸通过；不能把通道当成固定孔径筛子。			CN16-S01,EN19-H005-H015
CELL16-053	16_细胞的社会联系	保留核心答案；更新格式与来源	示踪物漏过上皮而电耦联仍存在，能否认定所有细胞连接均已破坏？	不能；屏障功能与缝隙连接通讯由不同结构承担，须分别测试。	不能；屏障功能与缝隙连接通讯由不同结构承担，须分别测试。			CN16-S01,EN19-H005-H015
CELL16-054	16_细胞的社会联系	保留核心答案；更新格式与来源	缺Ca²⁺导致上皮机械完整性降低，为什么不能只凭此定位为桥粒异常？	多类Ca²⁺依赖黏附受影响；须结合蛋白定位和骨架连接类型判断。	多类Ca²⁺依赖黏附受影响；须结合蛋白定位和骨架连接类型判断。			CN16-S01
CELL16-055	16_细胞的社会联系	闭卷评分补充	比较紧密连接、黏着连接和缝隙连接，应抓住哪三个功能维度？	紧密连接控制屏障与膜区；黏着连接耦联骨架承力；缝隙连接直接交换胞质小分子。	紧密连接控制屏障与膜区；黏着连接耦联骨架承力；缝隙连接直接交换胞质小分子。	"这是综合答题结构卡。复习时说全核心连接；完整展开请另做本章闭卷练习。

展开作答参考评分（10 分）：
1. 紧密连接限制旁细胞通路，屏障强度及选择性依相关蛋白组成。（2分）
2. 紧密连接还参与维持顶端/基底侧膜域，屏障与围栏功能需要分别检验。（2分）
3. 黏着连接经钙黏蛋白和胞内连接组分耦联微丝，传递细胞间机械力。（2分）
4. 缝隙连接由相邻细胞连接子对接，允许一定小分子/离子直接交换。（2分）
5. 比较屏障、承力与胞质通讯；不把黏着连接与桥粒或三类连接的实验读数互换。（2分）"		CN16-S01,EN19-H005-H015
CELL16-056	16_细胞的社会联系	保留核心答案；更新格式与来源	同亲性黏附与异亲性黏附的区别是什么？	同亲性是同类黏附分子相互结合；异亲性是不同类型分子相互结合。	同亲性是同类黏附分子相互结合；异亲性是不同类型分子相互结合。			CN16-S02
CELL16-057	16_细胞的社会联系	保留核心答案；更新格式与来源	“胞外桥接分子介导黏附”与直接异亲性结合有何不同？	桥接分子同时结合两侧受体，把它们间接连接起来。	桥接分子同时结合两侧受体，把它们间接连接起来。			CN16-S02
CELL16-058	16_细胞的社会联系	保留核心答案；更新格式与来源	细胞黏附分子是否都必须以跨膜多肽方式固定于质膜？	不是；某些形式可采用GPI等膜锚定方式，不能把所有膜相关分子都说成跨膜蛋白。	不是；某些形式可采用GPI等膜锚定方式，不能把所有膜相关分子都说成跨膜蛋白。			CN16-S02,EN19-H002-H004
CELL16-059	16_细胞的社会联系	保留核心答案；更新格式与来源	混合不同组织细胞后发生重新排序，能直接推出只由一种黏附蛋白决定吗？	不能；差异黏附、皮层张力、细胞运动等均可影响排序。	不能；差异黏附、皮层张力、细胞运动等均可影响排序。		CNFIG0446	CN16-S02
CELL16-060	16_细胞的社会联系	保留核心答案；更新格式与来源	经典钙黏蛋白最典型的胞外结合方式是什么？	Ca²⁺依赖的同亲性结合。	Ca²⁺依赖的同亲性结合。			CN16-S02,EN19-H002-H004
CELL16-061	16_细胞的社会联系	保留核心答案；更新格式与来源	Ca²⁺如何维持经典钙黏蛋白的黏附能力？	结合胞外结构域间位点，维持刚性和可黏附构象。	结合胞外结构域间位点，维持刚性和可黏附构象。		CNFIG0444	CN16-S02,EN19-H002-H004
CELL16-062	16_细胞的社会联系	保留核心答案；更新格式与来源	E-cadherin典型地在哪类组织细胞中发挥黏附作用？	上皮细胞。	上皮细胞。			CN16-S02
CELL16-063	16_细胞的社会联系	保留核心答案；更新格式与来源	N-cadherin典型参与哪些组织的细胞黏附？	神经组织及其他多种组织；不是神经细胞独有。	神经组织及其他多种组织；不是神经细胞独有。			CN16-S02
CELL16-064	16_细胞的社会联系	保留核心答案；更新格式与来源	VE-cadherin的典型细胞定位是什么？	血管内皮细胞的细胞间黏附连接。	血管内皮细胞的细胞间黏附连接。			CN16-S02
CELL16-065	16_细胞的社会联系	保留核心答案；更新格式与来源	经典钙黏蛋白胞质端为何需要连环蛋白体系？	把胞外黏附与胞内骨架、力学调节联系起来。	把胞外黏附与胞内骨架、力学调节联系起来。			CN16-S02
CELL16-066	16_细胞的社会联系	保留核心答案；更新格式与来源	E-cadherin降低与细胞迁移增强的关联，为什么不等于已证明必然发生转移？	黏附改变只是迁移和转移机制的一部分，尚需其他表型及功能证据。	黏附改变只是迁移和转移机制的一部分，尚需其他表型及功能证据。			CN16-S02
CELL16-067	16_细胞的社会联系	保留核心答案；更新格式与来源	干扰钙黏蛋白胞质端而保留胞外结合域，为何仍可能使连接变弱？	胞外结合可能保留，但骨架耦联、组织承力和连接稳定性受损。	胞外结合可能保留，但骨架耦联、组织承力和连接稳定性受损。			CN16-S02
CELL16-068	16_细胞的社会联系	保留核心答案；更新格式与来源	选择素胞外凝集素结构域主要识别什么？	特定寡糖结构。	特定寡糖结构。		CNFIG0412	CN16-S02
CELL16-069	16_细胞的社会联系	保留核心答案；更新格式与来源	选择素介导黏附通常属于同亲性还是异亲性？	异亲性：选择素结合对侧糖蛋白或糖脂上的特定糖链。	异亲性：选择素结合对侧糖蛋白或糖脂上的特定糖链。			CN16-S02
CELL16-070	16_细胞的社会联系	保留核心答案；更新格式与来源	L-selectin典型表达于哪类细胞？	白细胞。	白细胞。			CN16-S02
CELL16-071	16_细胞的社会联系	保留核心答案；更新格式与来源	P-selectin典型与哪两类细胞有关？	血小板和被激活的血管内皮细胞。	血小板和被激活的血管内皮细胞。			CN16-S02
CELL16-072	16_细胞的社会联系	保留核心答案；更新格式与来源	E-selectin典型在何处参与炎症反应？	被炎症激活的血管内皮细胞。	被炎症激活的血管内皮细胞。			CN16-S02
CELL16-073	16_细胞的社会联系	保留核心答案；更新格式与来源	选择素介导的短暂结合为何适合白细胞滚动？	连接可反复形成和解离，使流动中的白细胞减速并沿内皮滚动。	连接可反复形成和解离，使流动中的白细胞减速并沿内皮滚动。			CN16-S02
CELL16-074	16_细胞的社会联系	保留核心答案；更新格式与来源	白细胞滚动与牢固停靠为何常需不同黏附体系协作？	选择素支持捕获和滚动，激活的整联蛋白与内皮配体加强稳定黏附。	选择素支持捕获和滚动，激活的整联蛋白与内皮配体加强稳定黏附。		CNFIG0451	CN16-S02,EN19-H038-H046
CELL16-075	16_细胞的社会联系	保留核心答案；更新格式与来源	阻断内皮选择素，血流中白细胞首先受影响的典型步骤是什么？	初始捕获和滚动；不能直接等同所有后续趋化反应消失。	初始捕获和滚动；不能直接等同所有后续趋化反应消失。			CN16-S02
CELL16-076	16_细胞的社会联系	保留核心答案；更新格式与来源	免疫球蛋白超家族黏附分子的名称依据是什么？	含有与免疫球蛋白相似的结构域，不意味着它们就是抗体。	含有与免疫球蛋白相似的结构域，不意味着它们就是抗体。		CNFIG0452	CN16-S02
CELL16-077	16_细胞的社会联系	保留核心答案；更新格式与来源	Ig超家族黏附分子的典型Ca²⁺依赖性如何？	其本身介导的黏附通常不依赖Ca²⁺。	其本身介导的黏附通常不依赖Ca²⁺。			CN16-S02
CELL16-078	16_细胞的社会联系	保留核心答案；更新格式与来源	NCAM的典型功能是什么？	参与神经等组织细胞识别和黏附；功能随表达形式和糖基化变化。	参与神经等组织细胞识别和黏附；功能随表达形式和糖基化变化。			CN16-S02
CELL16-079	16_细胞的社会联系	保留核心答案；更新格式与来源	ICAM与VCAM在白细胞黏附中的典型角色是什么？	作为内皮等细胞上的配体，与白细胞整联蛋白结合。	作为内皮等细胞上的配体，与白细胞整联蛋白结合。			CN16-S02,EN19-H038-H046
CELL16-080	16_细胞的社会联系	保留核心答案；更新格式与来源	ICAM本身属Ca²⁺非依赖黏附分子，是否说明ICAM—整联蛋白相互作用不需要任何二价离子？	不能；整联蛋白的配体结合受二价离子调节，须区分双方的性质。	不能；整联蛋白的配体结合受二价离子调节，须区分双方的性质。			CN16-S02,EN19-H038-H046
CELL16-081	16_细胞的社会联系	保留核心答案；更新格式与来源	整联蛋白的基本亚基结构是什么？	由α、β两个非共价结合的跨膜亚基组成异二聚体。	由α、β两个非共价结合的跨膜亚基组成异二聚体。		CNFIG0416	CN16-S02,EN19-H038-H046
CELL16-082	16_细胞的社会联系	保留核心答案；更新格式与来源	整联蛋白为何能把胞外基质与胞内骨架功能相连？	胞外头部结合基质配体，胞质尾经适配蛋白耦联骨架。	胞外头部结合基质配体，胞质尾经适配蛋白耦联骨架。			CN16-S02,EN19-H038-H046
CELL16-083	16_细胞的社会联系	保留核心答案；更新格式与来源	整联蛋白只介导细胞—基质黏附吗？	不是；某些整联蛋白也介导细胞间黏附，如白细胞与内皮的黏附。	不是；某些整联蛋白也介导细胞间黏附，如白细胞与内皮的黏附。			CN16-S02,EN19-H038-H046
CELL16-084	16_细胞的社会联系	保留核心答案；更新格式与来源	整联蛋白的inside-out调控是什么意思？	胞内信号改变整联蛋白构象与亲和性，使其胞外配体结合能力改变。	胞内信号改变整联蛋白构象与亲和性，使其胞外配体结合能力改变。			CN16-S02,EN19-H038-H046
CELL16-085	16_细胞的社会联系	保留核心答案；更新格式与来源	整联蛋白的outside-in信号是什么意思？	胞外配体结合与受力经整联蛋白引发胞内骨架和信号反应。	胞外配体结合与受力经整联蛋白引发胞内骨架和信号反应。			CN16-S02,EN19-H038-H046
CELL16-086	16_细胞的社会联系	保留核心答案；更新格式与来源	RGD序列是否是所有整联蛋白配体的唯一识别位点？	不是；某些配体采用RGD，另一些采用其他序列或结构。	不是；某些配体采用RGD，另一些采用其他序列或结构。			CN16-S02,EN19-H038-H046
CELL16-087	16_细胞的社会联系	保留核心答案；更新格式与来源	某些贴壁细胞脱离基质后为何可发生失巢凋亡anoikis？	基质—整联蛋白存活信号减少，可能启动凋亡；敏感性依细胞类型与状态而变。	基质—整联蛋白存活信号减少，可能启动凋亡；敏感性依细胞类型与状态而变。			CN16-S02,EN19-H038-H046
CELL16-088	16_细胞的社会联系	保留核心答案；更新格式与来源	整联蛋白表达量不变而配体黏附增强，可以用什么调节机制解释？	亲和性构象变化或受体聚集增强亲合力；不必假定蛋白量增加。	亲和性构象变化或受体聚集增强亲合力；不必假定蛋白量增加。			CN16-S02,EN19-H038-H046
CELL16-089	16_细胞的社会联系	保留核心答案；更新格式与来源	白细胞能正常滚动却难以牢固停靠，优先检验哪个黏附环节？	整联蛋白激活、配体结合及相关内皮配体，而非仅检查选择素表达。	整联蛋白激活、配体结合及相关内皮配体，而非仅检查选择素表达。			CN16-S02,EN19-H038-H046
CELL16-090	16_细胞的社会联系	闭卷评分补充	设计区分钙黏蛋白与整联蛋白黏附功能的实验，应比较哪些条件？	分别测试细胞—细胞与细胞—基质黏附，结合特异阻断、离子条件及骨架定位。	分别测试细胞—细胞与细胞—基质黏附，结合特异阻断、离子条件及骨架定位。	"这是综合答题结构卡。复习时说全核心连接；完整展开请另做本章闭卷练习。

展开作答参考评分（10 分）：
1. 分别建立细胞—细胞和细胞—基质黏附测定，明确实际基质配体。（2分）
2. 对钙黏蛋白、整联蛋白做特异阻断/遗传干预及回补。（2分）
3. 改变并恢复适用的二价离子条件；整联蛋白离子依赖复杂，不能只靠去 Ca²⁺唯一判定类别。（2分）
4. 检测连接位置和骨架联系，区分黏附、铺展及后续信号。（2分）
5. 控制细胞活性、受体表达、非特异螯合效应和机械条件，联合功能读数作结论。（2分）"		CN16-S02,EN19-H038-H046
CELL16-091	16_细胞的社会联系	保留核心答案；更新格式与来源	胶原纤维在胞外基质中最典型的力学或黏附作用是什么？	提供抗张强度。	提供抗张强度。			CN16-S03,EN19-H018-H037
CELL16-092	16_细胞的社会联系	保留核心答案；更新格式与来源	胶原纤维在胞外基质中的力学或黏附功能有何结构或化学基础？	三股螺旋分子组装成纤维并发生交联。	三股螺旋分子组装成纤维并发生交联。			CN16-S03,EN19-H018-H037
CELL16-093	16_细胞的社会联系	保留核心答案；更新格式与来源	弹性蛋白网络在胞外基质中最典型的力学或黏附作用是什么？	提供伸展后的弹性回缩。	提供伸展后的弹性回缩。			CN16-S03
CELL16-094	16_细胞的社会联系	保留核心答案；更新格式与来源	弹性蛋白网络在胞外基质中的力学或黏附功能有何结构或化学基础？	弹性蛋白链的柔性与共价交联网络。	弹性蛋白链的柔性与共价交联网络。		CNFIG0392	CN16-S03
CELL16-095	16_细胞的社会联系	保留核心答案；更新格式与来源	糖胺聚糖及蛋白聚糖在胞外基质中最典型的力学或黏附作用是什么？	形成水合胶体、抵抗压缩。	形成水合胶体、抵抗压缩。			CN16-S03,EN19-H018-H037
CELL16-096	16_细胞的社会联系	保留核心答案；更新格式与来源	糖胺聚糖及蛋白聚糖在胞外基质中的力学或黏附功能有何结构或化学基础？	大量负电荷吸引阳离子和水。	大量负电荷吸引阳离子和水。			CN16-S03,EN19-H018-H037
CELL16-097	16_细胞的社会联系	保留核心答案；更新格式与来源	纤连蛋白在胞外基质中最典型的力学或黏附作用是什么？	连接细胞与多种胞外基质组分。	连接细胞与多种胞外基质组分。			CN16-S03
CELL16-098	16_细胞的社会联系	保留核心答案；更新格式与来源	纤连蛋白在胞外基质中的力学或黏附功能有何结构或化学基础？	多个结合结构域可分别结合受体和基质成分。	多个结合结构域可分别结合受体和基质成分。		ENFIG2227	CN16-S03
CELL16-099	16_细胞的社会联系	保留核心答案；更新格式与来源	层粘连蛋白在胞外基质中最典型的力学或黏附作用是什么？	帮助细胞附着于基膜并组织基膜网络。	帮助细胞附着于基膜并组织基膜网络。		ENFIG2236	CN16-S03,EN19-H018-H037
CELL16-100	16_细胞的社会联系	保留核心答案；更新格式与来源	层粘连蛋白在胞外基质中的力学或黏附功能有何结构或化学基础？	不同结构域结合细胞受体及基膜组分。	不同结构域结合细胞受体及基膜组分。			CN16-S03,EN19-H018-H037
CELL16-101	16_细胞的社会联系	保留核心答案；更新格式与来源	典型胶原分子的基本空间结构是什么？	三条α链缠绕形成三股螺旋；α链名称不意味着典型α螺旋。	三条α链缠绕形成三股螺旋；α链名称不意味着典型α螺旋。			CN16-S03,EN19-H018-H037
CELL16-102	16_细胞的社会联系	保留核心答案；更新格式与来源	胶原α链的Gly-X-Y重复为何需要每三位有甘氨酸？	甘氨酸侧链小，可进入三股螺旋拥挤的内部。	甘氨酸侧链小，可进入三股螺旋拥挤的内部。		ENFIG2212,CNFIG0405	CN16-S03,EN19-H018-H037
CELL16-103	16_细胞的社会联系	保留核心答案；更新格式与来源	纤维型胶原与Ⅳ型胶原的典型组装形式有何不同？	前者形成胶原原纤维，Ⅳ型胶原主要形成基膜网络。	前者形成胶原原纤维，Ⅳ型胶原主要形成基膜网络。			CN16-S03,EN19-H018-H037
CELL16-104	16_细胞的社会联系	保留核心答案；更新格式与来源	Ⅰ型和Ⅱ型胶原的典型组织分布分别是什么？	Ⅰ型常见于皮肤、骨、肌腱等；Ⅱ型主要见于软骨。	Ⅰ型常见于皮肤、骨、肌腱等；Ⅱ型主要见于软骨。			CN16-S03,EN19-H018-H037
CELL16-105	16_细胞的社会联系	保留核心答案；更新格式与来源	胶原前体链的脯氨酸、赖氨酸羟化主要发生在哪个区室？	内质网腔。	内质网腔。			CN16-S03,EN19-H018-H037
CELL16-106	16_细胞的社会联系	保留核心答案；更新格式与来源	维生素C缺乏为何会损害新胶原的形成？	羟化酶功能受影响，三股螺旋稳定性和胶原成熟受损。	羟化酶功能受影响，三股螺旋稳定性和胶原成熟受损。			CN16-S03,EN19-H018-H037
CELL16-107	16_细胞的社会联系	保留核心答案；更新格式与来源	前胶原的N端、C端前肽在何时何处被切除？	分泌到胞外后，由特异蛋白酶切除。	分泌到胞外后，由特异蛋白酶切除。			CN16-S03,EN19-H018-H037
CELL16-108	16_细胞的社会联系	保留核心答案；更新格式与来源	前胶原保留前肽直到分泌后有何生物学意义？	帮助正确组装，并防止在细胞内过早形成胶原原纤维。	帮助正确组装，并防止在细胞内过早形成胶原原纤维。		CNFIG0403	CN16-S03,EN19-H018-H037
CELL16-109	16_细胞的社会联系	保留核心答案；更新格式与来源	胶原纤维的共价交联为何有助于抗张强度？	将相邻胶原分子连接，限制负荷下的相对滑动。	将相邻胶原分子连接，限制负荷下的相对滑动。		CNFIG0414	CN16-S03,EN19-H018-H037
CELL16-110	16_细胞的社会联系	保留核心答案；更新格式与来源	胞外赖氨酰氧化酶在胶原交联中的直接作用是什么？	把部分赖氨酸或羟赖氨酸侧链氧化形成反应性醛基，为交联创造条件。	把部分赖氨酸或羟赖氨酸侧链氧化形成反应性醛基，为交联创造条件。			CN16-S03,EN19-H018-H037
CELL16-111	16_细胞的社会联系	保留核心答案；更新格式与来源	阻断胞外前胶原肽酶后，内质网正常折叠能否保证正常原纤维形成？	不能；前肽切除受阻可妨碍胞外原纤维组装。	不能；前肽切除受阻可妨碍胞外原纤维组装。			CN16-S03,EN19-H018-H037
CELL16-112	16_细胞的社会联系	保留核心答案；更新格式与来源	将胶原Gly-X-Y中的甘氨酸换成较大侧链残基，为何可能破坏三股螺旋？	较大侧链难以进入螺旋内部，干扰紧密堆积与稳定性。	较大侧链难以进入螺旋内部，干扰紧密堆积与稳定性。			CN16-S03,EN19-H018-H037
CELL16-113	16_细胞的社会联系	保留核心答案；更新格式与来源	糖胺聚糖GAG的基本链结构是什么？	由重复二糖单位组成的不分支多糖链。	由重复二糖单位组成的不分支多糖链。		CNFIG0383	CN16-S03,EN19-H018-H037
CELL16-114	16_细胞的社会联系	保留核心答案；更新格式与来源	为什么不能说所有GAG重复二糖均必含糖醛酸？	糖醛酸是常见组分，但硫酸角质素等为例外。	糖醛酸是常见组分，但硫酸角质素等为例外。			CN16-S03
CELL16-115	16_细胞的社会联系	保留核心答案；更新格式与来源	透明质酸与多数其他GAG在硫酸化及核心蛋白连接上有何区别？	通常不硫酸化，也不与核心蛋白共价连接。	通常不硫酸化，也不与核心蛋白共价连接。		ENFIG2209	CN16-S03
CELL16-116	16_细胞的社会联系	保留核心答案；更新格式与来源	蛋白聚糖与普通糖蛋白在糖链结构上怎样区别？	蛋白聚糖具有GAG长链；普通糖蛋白主要含较短、分支的寡糖链。	蛋白聚糖具有GAG长链；普通糖蛋白主要含较短、分支的寡糖链。			CN16-S03,EN19-H018-H037
CELL16-117	16_细胞的社会联系	保留核心答案；更新格式与来源	蛋白聚糖核心蛋白与GAG链的关系是什么？	GAG链共价连于核心蛋白；不能把游离透明质酸等同核心蛋白。	GAG链共价连于核心蛋白；不能把游离透明质酸等同核心蛋白。		CNFIG0442	CN16-S03,EN19-H018-H037
CELL16-118	16_细胞的社会联系	保留核心答案；更新格式与来源	软骨中透明质酸与蛋白聚糖聚合物怎样结合？	许多蛋白聚糖经连接蛋白非共价附着于一条透明质酸链。	许多蛋白聚糖经连接蛋白非共价附着于一条透明质酸链。		CNFIG0457	CN16-S03,EN19-H018-H037
CELL16-119	16_细胞的社会联系	保留核心答案；更新格式与来源	蛋白聚糖为何除支撑外还可调节生长因子信号？	可结合生长因子，影响其储存、分布及与受体的相互作用。	可结合生长因子，影响其储存、分布及与受体的相互作用。			CN16-S03,EN19-H018-H037
CELL16-120	16_细胞的社会联系	保留核心答案；更新格式与来源	大量GAG负电荷被削弱，基质抗压能力为何可能下降？	结合阳离子和水的能力减弱，水合及膨胀支撑下降。	结合阳离子和水的能力减弱，水合及膨胀支撑下降。			CN16-S03
CELL16-121	16_细胞的社会联系	保留核心答案；更新格式与来源	若透明质酸酶破坏软骨中的聚合物骨架，为什么不必同时切断每条GAG—核心蛋白共价键？	透明质酸是聚合物的非共价组装骨架，其降解即可拆散大型聚合物。	透明质酸是聚合物的非共价组装骨架，其降解即可拆散大型聚合物。			CN16-S03
CELL16-122	16_细胞的社会联系	保留核心答案；更新格式与来源	典型纤连蛋白分子的两条亚基主要如何相连？	在C端以二硫键相连形成二聚体。	在C端以二硫键相连形成二聚体。			CN16-S03
CELL16-123	16_细胞的社会联系	保留核心答案；更新格式与来源	纤连蛋白为何能发挥“分子桥”作用？	不同结构域分别结合整联蛋白、胶原等，耦联细胞与基质。	不同结构域分别结合整联蛋白、胶原等，耦联细胞与基质。		CNFIG0407	CN16-S03,EN19-H038-H046,EN19-H018-H037
CELL16-124	16_细胞的社会联系	保留核心答案；更新格式与来源	RGD三肽的氨基酸顺序是什么？	精氨酸—甘氨酸—天冬氨酸，即Arg-Gly-Asp。	精氨酸—甘氨酸—天冬氨酸，即Arg-Gly-Asp。			CN16-S03,EN19-H038-H046
CELL16-125	16_细胞的社会联系	保留核心答案；更新格式与来源	可溶性RGD短肽为何可抑制某些细胞在纤连蛋白上的黏附？	竞争RGD识别性整联蛋白与固定基质配体的结合。	竞争RGD识别性整联蛋白与固定基质配体的结合。			CN16-S03,EN19-H038-H046
CELL16-126	16_细胞的社会联系	保留核心答案；更新格式与来源	纤连蛋白不同剪接形式为何可能具有不同作用？	不同结构域组合改变分布和结合特性；不是由不同整联蛋白基因产生纤连蛋白。	不同结构域组合改变分布和结合特性；不是由不同整联蛋白基因产生纤连蛋白。			CN16-S03,EN19-H038-H046
CELL16-127	16_细胞的社会联系	保留核心答案；更新格式与来源	典型层粘连蛋白的亚基组成是什么？	一条α链、一条β链和一条γ链组成异三聚体。	一条α链、一条β链和一条γ链组成异三聚体。		CNFIG0433	CN16-S03,EN19-H018-H037
CELL16-128	16_细胞的社会联系	保留核心答案；更新格式与来源	层粘连蛋白与纤连蛋白的典型分布有何不同？	层粘连蛋白是基膜核心组分，纤连蛋白广泛参与多种间质基质和血浆功能。	层粘连蛋白是基膜核心组分，纤连蛋白广泛参与多种间质基质和血浆功能。			CN16-S03,EN19-H018-H037
CELL16-129	16_细胞的社会联系	保留核心答案；更新格式与来源	RGD短肽使纤连蛋白黏附下降，却不影响某种层粘连蛋白黏附，是否矛盾？	不矛盾；不同受体—配体组合可使用不同识别位点，并非全部依赖RGD。	不矛盾；不同受体—配体组合可使用不同识别位点，并非全部依赖RGD。			CN16-S03,EN19-H038-H046,EN19-H018-H037
CELL16-130	16_细胞的社会联系	保留核心答案；更新格式与来源	基膜的四类典型主要组分是什么？	Ⅳ型胶原、层粘连蛋白、巢蛋白和基膜蛋白聚糖。	Ⅳ型胶原、层粘连蛋白、巢蛋白和基膜蛋白聚糖。			CN16-S03,EN19-H018-H037
CELL16-131	16_细胞的社会联系	保留核心答案；更新格式与来源	基膜通常处于上皮组织的什么位置？	上皮基底面与下面结缔组织之间；其他细胞表面也可有基膜。	上皮基底面与下面结缔组织之间；其他细胞表面也可有基膜。		CNFIG0382,CNFIG0397	CN16-S03,EN19-H018-H037
CELL16-132	16_细胞的社会联系	保留核心答案；更新格式与来源	肾小球基膜的屏障功能为何不能概括为单纯机械支撑？	它参与选择性过滤；完整过滤屏障还包括内皮和足细胞等。	它参与选择性过滤；完整过滤屏障还包括内皮和足细胞等。			CN16-S03,EN19-H018-H037
CELL16-133	16_细胞的社会联系	保留核心答案；更新格式与来源	组织修复中，残留基膜为何可帮助细胞重新组织？	提供附着、极性和迁移的空间支架，并影响细胞信号。	提供附着、极性和迁移的空间支架，并影响细胞信号。			CN16-S03,EN19-H018-H037
CELL16-134	16_细胞的社会联系	保留核心答案；更新格式与来源	糖萼与胞外基质的主要空间差别是什么？	糖萼主要是紧贴质膜外面的糖链层；胞外基质分布于细胞外的组织空间。	糖萼主要是紧贴质膜外面的糖链层；胞外基质分布于细胞外的组织空间。		CNFIG0389,ENFIG1286	CN16-S03,EN10-H011-H021
CELL16-135	16_细胞的社会联系	保留核心答案；更新格式与来源	糖萼中的糖链主要来自哪些膜成分？	膜糖蛋白、糖脂及膜相关蛋白聚糖等。	膜糖蛋白、糖脂及膜相关蛋白聚糖等。		ENFIG1287	CN16-S03,EN19-H018-H037,EN10-H011-H021
CELL16-136	16_细胞的社会联系	保留核心答案；更新格式与来源	植物细胞壁中纤维素的基本单体和糖苷键是什么？	葡萄糖通过β(1→4)糖苷键形成直链。	葡萄糖通过β(1→4)糖苷键形成直链。			CN16-S03
CELL16-137	16_细胞的社会联系	保留核心答案；更新格式与来源	纤维素微原纤维为何适合提供细胞壁抗张强度？	许多纤维素链有序聚集，形成坚强的长纤维结构。	许多纤维素链有序聚集，形成坚强的长纤维结构。			CN16-S03
CELL16-138	16_细胞的社会联系	保留核心答案；更新格式与来源	半纤维素在初生壁中的典型结构作用是什么？	与纤维素及其他基质组分相互作用，参与组织壁网络。	与纤维素及其他基质组分相互作用，参与组织壁网络。			CN16-S03
CELL16-139	16_细胞的社会联系	保留核心答案；更新格式与来源	果胶为何能形成水合凝胶？	带负电荷的糖基结合水及Ca²⁺等离子，形成水合网络。	带负电荷的糖基结合水及Ca²⁺等离子，形成水合网络。			CN16-S03
CELL16-140	16_细胞的社会联系	保留核心答案；更新格式与来源	相邻植物细胞之间中间层的典型主要组分是什么？	果胶。	果胶。		CNFIG0426	CN16-S03
CELL16-141	16_细胞的社会联系	保留核心答案；更新格式与来源	初生壁和次生壁形成时期的主要区别是什么？	初生壁随生长建立并可扩展；次生壁通常在伸长停止后内侧加厚。	初生壁随生长建立并可扩展；次生壁通常在伸长停止后内侧加厚。			CN16-S03
CELL16-142	16_细胞的社会联系	保留核心答案；更新格式与来源	次生壁常含的木质素主要增强什么性质？	壁的刚性、机械强度及抗降解能力。	壁的刚性、机械强度及抗降解能力。			CN16-S03
CELL16-143	16_细胞的社会联系	保留核心答案；更新格式与来源	纤维素合酶与多数分泌型基质成分的合成路径有何区别？	纤维素在质膜合酶处向胞外延伸；多数其他壁组分经分泌途径送出。	纤维素在质膜合酶处向胞外延伸；多数其他壁组分经分泌途径送出。			CN16-S03,EN19-H047-H053
CELL16-144	16_细胞的社会联系	保留核心答案；更新格式与来源	皮层微管如何影响新生纤维素微原纤维的排列？	可指导质膜纤维素合酶复合体的运动方向，从而影响微原纤维方向。	可指导质膜纤维素合酶复合体的运动方向，从而影响微原纤维方向。			CN16-S03,EN19-H047-H053
CELL16-145	16_细胞的社会联系	保留核心答案；更新格式与来源	植物细胞膨压为何不一定导致细胞无限膨胀破裂？	细胞壁提供向内的机械约束，平衡膨压；生长还需壁可扩展性调节。	细胞壁提供向内的机械约束，平衡膨压；生长还需壁可扩展性调节。			CN16-S03,EN19-H047-H053
CELL16-146	16_细胞的社会联系	保留核心答案；更新格式与来源	植物细胞壁多糖片段为何也可作为信号？	某些片段可被受体识别，诱导防御或发育反应，而非仅作结构材料。	某些片段可被受体识别，诱导防御或发育反应，而非仅作结构材料。			CN16-S03
CELL16-147	16_细胞的社会联系	保留核心答案；更新格式与来源	抑制植物质膜纤维素合酶后，Golgi囊泡运输正常能否保证纤维素微原纤维正常生成？	不能；纤维素直接依赖质膜合酶，不能仅由Golgi分泌代偿。	不能；纤维素直接依赖质膜合酶，不能仅由Golgi分泌代偿。			CN16-S03,EN19-H047-H053
CELL16-148	16_细胞的社会联系	保留核心答案；更新格式与来源	若只检测胶原总量，为什么可能漏掉基质力学缺陷？	折叠、纤维组装、交联及空间排列异常，都可能在总量正常时损害力学性质。	折叠、纤维组装、交联及空间排列异常，都可能在总量正常时损害力学性质。			CN16-S03,EN19-H018-H037
CELL16-149	16_细胞的社会联系	保留核心答案；更新格式与来源	在不同基质培养细胞得到不同形态，如何避免把变化简单归因于营养浓度？	控制培养液与密度，比较基质配体、硬度及受体阻断，并检测骨架和存活。	控制培养液与密度，比较基质配体、硬度及受体阻断，并检测骨架和存活。			CN16-S03
CELL16-150	16_细胞的社会联系	闭卷评分补充	比较动物胞外基质与植物细胞壁，可围绕哪四点组织答案？	组成、合成与装配位置、力学和信号功能、与质膜骨架及细胞通讯的关系。	组成、合成与装配位置、力学和信号功能、与质膜骨架及细胞通讯的关系。	"这是综合答题结构卡。复习时说全核心连接；完整展开请另做本章闭卷练习。

展开作答参考评分（10 分）：
1. 比较动物基质的胶原/弹性蛋白、糖蛋白与 GAG，及植物壁的纤维素、半纤维素和果胶等。（2分）
2. 比较细胞内合成和胞外装配；纤维素通常由质膜复合体合成输出，不能把全部植物壁组分都归此途径。（2分）
3. 比较承力、抗拉/支撑及植物膨压下限制伸长等功能。（2分）
4. 比较动物整联蛋白等基质—骨架/信号联系与植物壁—膜相关机械调控。（2分）
5. 比较组织重塑和细胞通讯，包括胞间连丝与动物的对应机制；组成差异不代表只有一方有信号功能。（2分）"		CN16-S03
CELL16-E001	16_细胞的社会联系	新增	黏着连接、桥粒、黏着斑和半桥粒，怎样按胞外对象和胞内骨架作 2×2 比较？		细胞-细胞＋微丝：黏着连接；细胞-细胞＋中间丝：桥粒；细胞-基质＋微丝：黏着斑；细胞-基质＋中间丝：半桥粒。	前两者典型跨膜黏着分子属于 cadherin 家族，后两者主要用 integrin；接头蛋白介导胞内连接。	ENFIG2160	EN19-H000-H001
CELL16-E002	16_细胞的社会联系	新增	同一类 cadherin 表达量高低不同，为什么也可能导致细胞分选？		表达量影响接触的有效黏着强度，细胞重排可形成不同排序；分选不只取决于 cadherin 名称是否相同。	还需考虑皮质张力、活跃迁移及其他黏着分子，不能把分选完全归为单一静态黏性。	ENFIG2173	EN19-H002-H004
CELL16-E003	16_细胞的社会联系	新增	张力增加怎样通过 α-catenin 增强黏着连接，而不只是把它拉断？		适当张力促 α-catenin 构象展开，暴露 vinculin 结合位点，募集更多微丝连接和相关组分，提高机械连接强度。	承力有范围，过大或持续异常力仍可破坏连接；需区分适应与损伤。	ENFIG2178	EN19-H005-H015
CELL16-E004	16_细胞的社会联系	新增	示踪分子停在相邻上皮细胞顶端连接处，如何判断紧密连接的哪种功能？		支持限制细胞间隙的旁细胞通路，即屏障功能；膜蛋白顶端/基底侧分布保持则反映栅栏功能，两者应分别验证。	不同上皮的屏障选择性不同；不能由一个示踪分子的阻断断言所有物质完全不可通过。	ENFIG2187	EN19-H005-H015
CELL16-E005	16_细胞的社会联系	新增	白细胞从血流到组织，选择素介导滚动和 integrin 介导牢固黏附怎样衔接？		选择素与糖配体形成可快速解离的接触，使细胞滚动；局部趋化因子促 integrin 活化，与 ICAM/VCAM 等结合，形成牢固黏附并帮助穿出。	滚动与牢固黏附是不同动力学阶段，不宜都写成一种持续强结合。	ENFIG2202	EN19-H016-H017
CELL16-E006	16_细胞的社会联系	新增	胶原与弹性蛋白都交联，为什么前者主要抗拉、后者可伸展回弹？		胶原的三股螺旋与纤维排列提供抗拉强度；弹性蛋白的柔性链段和交联网络允许拉伸后回到更无序的构象。	功能依分子构象与网络组织，不是只由“有没有交联”决定。	ENFIG2224	EN19-H018-H037
CELL16-E007	16_细胞的社会联系	新增	基膜为何不能只写成一张由胶原纤维构成的支撑网？		典型基底板含 laminin 与Ⅳ型胶原网络，并与 nidogen、perlecan 等相联系；还承担受体连接、过滤和组织定位等功能。	Ⅳ型胶原主要成网，不应与Ⅰ型等纤维状胶原结构直接互换。	ENFIG2237	EN19-H018-H037
CELL16-E008	16_细胞的社会联系	新增	拉伸 talin 后 vinculin 结合增多，支持何种机械传感机制？		拉力使 talin 部分结构域展开，暴露原来被遮蔽的 vinculin 结合位点，促黏着连接强化。	需排除蛋白非特异变性或聚集，并控制拉力范围；“受力后结合”仍需相应结构和对照支持。	ENFIG2246	EN19-H038-H046
CELL16-E009	16_细胞的社会联系	新增	皮质微管为何能影响植物伸长方向，而不直接作为细胞壁中的承力纤维？		皮质微管可引导质膜上的纤维素合成酶复合体运动，影响新沉积微纤丝方向；微纤丝约束膨压驱动的细胞扩张。	微管在胞质侧，纤维素微纤丝在胞外壁；二者不能画成同一条跨膜纤维。	ENFIG2253,ENFIG2251	EN19-H047-H053
CELL16-E010	16_细胞的社会联系	新增	图中 FGF10 促生长而芽尖 Shh 抑制局部 FGF10，怎样产生分支的一个可能机制？		芽向 FGF10 区域生长；芽尖 Shh 限制正前方局部 FGF10，使两侧形成新的相对生长中心，可能引导分叉。	这是教材列举的候选模型，真实分支还受其他信号和力学影响，不能视为唯一机制。	ENFIG2429	EN21-H044-H059
CELL16-E011	16_细胞的社会联系	新增	病原菌菌毛如何帮助其跨过黏液层附着，却不等于整菌已经进入胞质？		较长菌毛把末端 adhesin 伸向上皮表面特定糖脂/受体，帮助固定细菌；附着是克服屏障的一步，之后是否进入还需不同机制。	受体与黏着分子具有组织和菌株选择性。	ENFIG2549	EN23-H011-H012
CELL16-E012	16_细胞的社会联系	新增	紧密连接结构正常，为什么呼吸道仍可能因纤毛运动受损而易感染？		上皮防御除细胞间屏障外，还依赖黏液捕获、纤毛清除、抗菌物质和共生群体竞争；一个环节正常不能补足所有防御。	屏障结构与主动清除是不同层面。		EN24-H002-H002
CELL16-E013	16_细胞的社会联系	新增	NCAM、MHC、TCR 同属 Ig 超家族，为什么不能据此说它们都像抗体一样结合游离抗原？		共同点是 Ig 样结构域和演化联系；具体成员分别承担黏着、抗原呈递、受体识别或共刺激等不同功能。	结构域同源不保证配体、装配方式和生理作用相同。		EN24-H037-H037
CELL16-E014	16_细胞的社会联系	新增	降低胞内 Ca²⁺ 与用 EDTA 降低胞外 Ca²⁺，对 cadherin 黏着为何不是同一干预？		cadherin 胞外结构域依赖外侧 Ca²⁺ 保持合适刚性和黏着；胞内 Ca²⁺ 则影响另一组信号与收缩过程，作用位置不同。	EDTA 还可影响其他二价离子依赖过程，需合适补回和特异性对照。		EN19-EXERCISES
CELL16-E015	16_细胞的社会联系	新增	上皮承受张力同时维持屏障与极性，连接复合体、基膜和机械信号如何共同参与？（闭卷 8—10 分钟，按 10 分自评）		cadherin-微丝黏着连接（2分）；桥粒/半桥粒-中间丝承力（2分）；紧密连接的屏障与栅栏（2分）；integrin-基质/基膜联系（2分）；α-catenin/talin 力敏感与适应，分别验证通透性和力学功能（2分）。	这是依据本章教材重组的练习，不标作上海大学真实历年考题；可先写提纲，再连成机制论述。		CN16-S01,CN16-S02,EN19-H005-H015,EN19-H038-H046
CELL17-E001	17_免疫系统补充专题	新增	初次感染中，适应性免疫为何通常比先天防御启动慢？		可识别该抗原的初始淋巴细胞数目少，需要活化、克隆扩增及分化；先天屏障和已有效应机器可更快应答。	先天也有识别特异性和部分记忆样效应，不能简单写成完全不识别或永不改变。		EN24-H000-H001
CELL17-E002	17_免疫系统补充专题	新增	经典、凝集素与替代补体途径为何可用不同起点产生共同的效应？		不同识别步骤最终汇入 C3 等级联，产生调理、炎症相关片段及末端膜攻击复合物等效应。	经典途径并非只可由抗体启动；宿主调节因子限制误攻击。	ENFIG2592,ENFIG2593	EN24-H007-H008
CELL17-E003	17_免疫系统补充专题	新增	MHCⅠ-CD8 与 MHCⅡ-CD4 的识别关系和典型肽来源如何比较？		CD8 T 细胞通常识别 MHCⅠ呈递的肽，典型源自胞内蛋白；CD4 T 细胞通常识别 MHCⅡ，典型源自内吞加工的蛋白。	交叉呈递等例外存在；初始 T 细胞的启动主要依专业 APC，不能说所有有 MHCⅠ的细胞都同等启动初始 T 细胞。	ENFIG2623,ENFIG2626,ENFIG2627	EN24-H010-H032
CELL17-E004	17_免疫系统补充专题	新增	V(D)J 重排与抗体类别转换，哪一个主要改变可变区构成，哪一个主要改变恒定区效应？		V(D)J 重排组装可变区，贡献抗原识别多样性；类别转换换用重链恒定区，通常保留已重排可变区及其主要识别特性。	体细胞高频突变又是另一过程，可改变亲和性；不能把三者都称同一次重排。	ENFIG2614,ENFIG2616	EN24-H010-H032
CELL17-E005	17_免疫系统补充专题	新增	多糖-蛋白结合疫苗为何能使识别多糖的 B 细胞获得 T 细胞帮助？		BCR 结合多糖并内吞整个结合物；蛋白部分加工成肽经 MHCⅡ呈递，辅助 T 细胞识别该肽后帮助这同一个 B 细胞。	T 细胞识别的是载体蛋白肽-MHC，不是直接识别多糖；这是关联识别。	ENFIG2643	EN24-H038-H039
CELL17-E006	17_免疫系统补充专题	新增	为何即使 V、D、J 片段数量固定，连接区仍可产生很大抗体多样性？		重排连接过程中可发生核苷酸切除及非模板加入，改变连接序列和编码结果；与片段组合共同扩大多样性。	许多重排会移码或产生终止，需选择有效产物；轻链使用 V-J，不含 D。		EN24-EXERCISES
