图片ID,语言,章,处理,卡片ID,逐图判读,排除理由,原文件
CN0001,CN,0,已读后排除,,教材封面及装帧信息，不作为细胞机制或实验判读考点。,封面、出版信息、人物肖像或数字课程入口，不增加独立机制卡,来源/中文教材/images/part_001_c67636026da0cd33ac60bb2cd2a99491361ea3f1549103300245f7b236fa7fc5.jpg
CN0002,CN,0,已读后排除,,出版标识，不作为细胞机制或实验判读考点。,封面、出版信息、人物肖像或数字课程入口，不增加独立机制卡,来源/中文教材/images/part_001_ba0d40ac6b8e27c261cfad43c6e5b5b6662895e5c611ede0cfb911ef4bfe7cb6.jpg
CN0003,CN,0,已读后排除,,编者照片及署名，不单独制卡。,封面、出版信息、人物肖像或数字课程入口，不增加独立机制卡,来源/中文教材/images/part_001_662168542b2db70e96e38f555daee9aaa3c9b33af26cd42f9c35d93e7498df71.jpg
CN0004,CN,0,已读后排除,,编者照片及署名，不单独制卡。,封面、出版信息、人物肖像或数字课程入口，不增加独立机制卡,来源/中文教材/images/part_001_d54c6712f680ec3bce2c7b44607e59f113f21624ee3b8818567a67d7be170933.jpg
CN0005,CN,0,已读后排除,,编者照片及署名，不单独制卡。,封面、出版信息、人物肖像或数字课程入口，不增加独立机制卡,来源/中文教材/images/part_001_7eac336c6c750ea8d162095e088222816b0e189f0632d04b2fbfbee839cb604d.jpg
CN0006,CN,0,已读后排除,,编者照片及署名，不单独制卡。,封面、出版信息、人物肖像或数字课程入口，不增加独立机制卡,来源/中文教材/images/part_001_6ef86103d559a1964b861144c744dc359b740cccf2776ddeff5987a2b77bc35f.jpg
CN0007,CN,0,已读后排除,,编者照片及署名，不单独制卡。,封面、出版信息、人物肖像或数字课程入口，不增加独立机制卡,来源/中文教材/images/part_001_2c8de272d82874ec4f735814921a53827c19424126aff794845a7b535e944a88.jpg
CN0008,CN,0,已读后排除,,编者照片及署名，不单独制卡。,封面、出版信息、人物肖像或数字课程入口，不增加独立机制卡,来源/中文教材/images/part_001_26c7d45ccb39531d71fc1ae8389ec2f70aec08ec0c8174d0198eecacc16f8ecb.jpg
CN0009,CN,0,已读后排除,,编者照片及署名，不单独制卡。,封面、出版信息、人物肖像或数字课程入口，不增加独立机制卡,来源/中文教材/images/part_001_419aaf83ba6c06d80eb495328eaa47fe4614a311cd9782c9a4ce013d34459299.jpg
CN0010,CN,0,已读后排除,,编者照片及署名，不单独制卡。,封面、出版信息、人物肖像或数字课程入口，不增加独立机制卡,来源/中文教材/images/part_001_b04abfaa53fe64c045fe82d7311c54ee8f88005e5621e22ea0364dba3fb3dde7.jpg
CN0011,CN,0,已读后排除,,编者照片及署名，不单独制卡。,封面、出版信息、人物肖像或数字课程入口，不增加独立机制卡,来源/中文教材/images/part_001_8143853f7def90ae99c083010c6a58b043918784671727f292a4c3079541365b.jpg
CN0012,CN,0,已读后排除,,编者照片及署名，不单独制卡。,封面、出版信息、人物肖像或数字课程入口，不增加独立机制卡,来源/中文教材/images/part_001_08cac973e1e713b81cb5f3a0e14d3fd4c2ab189fa739364406c7d636161223a8.jpg
CN0013,CN,0,已读后排除,,编者照片及署名，不单独制卡。,封面、出版信息、人物肖像或数字课程入口，不增加独立机制卡,来源/中文教材/images/part_001_6c1be1769ef5630c9f2bef963f911af6b915f997182d6b6fb33ef34d678b586c.jpg
CN0014,CN,0,已读后排除,,编者照片及署名，不单独制卡。,封面、出版信息、人物肖像或数字课程入口，不增加独立机制卡,来源/中文教材/images/part_001_223ebedb2550e47a6e0fd7a4c90b556cc573aa0e36469eeb1eb656cd11e9fb35.jpg
CN0015,CN,0,已读后排除,,编者照片及署名，不单独制卡。,封面、出版信息、人物肖像或数字课程入口，不增加独立机制卡,来源/中文教材/images/part_001_06c835743fa89ad75a6a06e36afdb75d28461eaad174af6c873f7587f98f3fb4.jpg
CN0016,CN,0,已读后排除,,数字课程二维码及登录信息，无教材机制考点。,封面、出版信息、人物肖像或数字课程入口，不增加独立机制卡,来源/中文教材/images/part_001_7bc8bd6446c3089fb03efcda37efb7952b0ef1e504376b6163c1a2914a7e7b6f.jpg
CN0017,CN,1,已读后排除,,施莱登人物照片；细胞学说已用文字卡覆盖，肖像不单独制卡。,封面、出版信息、人物肖像或数字课程入口，不增加独立机制卡,来源/中文教材/images/part_001_da2cddffcca1417e1ad8fa7fe9f5fd527b7aecdd100bb38c25dc93716c567b3a.jpg
CN0018,CN,1,已读后排除,,施旺人物照片；细胞学说已用文字卡覆盖，肖像不单独制卡。,封面、出版信息、人物肖像或数字课程入口，不增加独立机制卡,来源/中文教材/images/part_001_f6dea066ed3fbed77652fef8daf70768263647f5211a01706f0c2961a120c1b3.jpg
CN0019,CN,1,已读并纳入,CELL01-044,生物结构尺度跨越多个数量级；比较病毒、细菌、真核细胞、细胞器及分子时必须结合尺度与显微镜分辨率，不能把放大倍数当分辨率。,,来源/中文教材/images/part_001_57bf2cdad3f11d39b151c45af2a5dd32d7420aaa6ede8d9b7ecbf58c0e5efddd.jpg
CN0020,CN,1,已读并纳入,CELL01-047,细胞大小受营养及生长信号调控；IGF受体经PI3K-Akt等支路联系mTOR与蛋白质合成。通路图中的连线表示调控关系，不能把所有连接解释为直接物理结合。,,来源/中文教材/images/part_001_2d6a0ef70de9b90673d60f3324dbbb908374501258a78a960db6962d92710ec0.jpg
CN0021,CN,1,已读并纳入,CELL01-048,人体细胞形态多样，与分化功能相关；共同细胞基础不意味着所有细胞都保留相同细胞器。,,来源/中文教材/images/part_001_d6d3bd850cd914d1f17a94a04dcde2985bfe6af714295ceba8e278d3c6721047.jpg
CN0022,CN,1,已读并纳入,CELL01-048,传统生物界分类图反映历史分类框架；现代细胞谱系需区分细菌、古菌、真核三域，不能按细胞形态等同演化关系。,,来源/中文教材/images/part_001_9fb57540ba1095aa9e0a8d529dd2049dfb52360522b9b116479bd2f0c62e6d7c.jpg
CN0023,CN,1,已读并纳入,CELL01-050,细菌基本结构与电镜；旧图标注的中体可能为固定制样伪影，不能作为普遍独立呼吸细胞器背诵。,,来源/中文教材/images/part_001_287ba3bad039e4ac1deb938e2453da0db887ba323da2849616d21fce95dc44a0.jpg
CN0024,CN,1,已读并纳入,CELL01-042,原核细胞无核膜隔离，可在转录尚未结束时开始翻译；图中的核糖体沿新生mRNA形成多核糖体，不是直接读取DNA。,,来源/中文教材/images/part_001_1b101acd5b23a4c45cd9e15dce7698b15fe4202886fade877aef3f43c540bbae.jpg
CN0025,CN,1,已读并纳入,CELL01-019,蓝细菌光合膜及细胞结构；与叶绿体有演化联系，但不具独立叶绿体。,,来源/中文教材/images/part_001_16ae6c214c282d6d36004fe8e6328bf5a0a784147f0b7891a5b53823232d2c2d.jpg
CN0026,CN,1,已读并纳入,CELL01-055,丝状蓝细菌营养细胞与异形胞分工；某些种类在缺氮条件形成异形胞，抑制产氧以保护固氮酶，不能推广为全部蓝细菌。,,来源/中文教材/images/part_001_eff158490ed5d1878674f90c461e56d943501053edd6f41da9c16597b81246de.jpg
CN0027,CN,1,已读并纳入,CELL01-055,蓝细菌荧光图中营养细胞与异形胞信号不同，需结合标记及光合色素判断；颜色本身不证明全部细胞均固氮。,,来源/中文教材/images/part_001_6d526da591116db894ac8b687333b2c73a7e2c0078e004b036fa0f02569ab61a.jpg
CN0028,CN,1,已读并纳入,CELL01-053,古菌膜脂以醚键连接异戊二烯链；可有双层或跨膜四醚单层，不是所有古菌都形成单层。,,来源/中文教材/images/part_001_2fdd556007471b1993a2e221e3b80f65a18fc650e6b6843547a2026128b2befc.jpg
CN0029,CN,1,已读并纳入,CELL01-025,动物与植物细胞结构比较；植物典型细胞有细胞壁、液泡及质体，不是全部植物细胞都具有绿色叶绿体。,,来源/中文教材/images/part_001_1f815e13154e475386cfb00e5533f6838c428f205e4af2eae445b4d8ebbbf7f5.jpg
CN0030,CN,1,已读并纳入,CELL01-034,肠道共生细菌与宿主免疫联系示例，说明细胞相互作用依环境和宿主背景，不能把一个菌种作用推广为所有微生物。,,来源/中文教材/images/part_001_958708da04d63371535bf4d297da48453e7d0883705eb9c10b4dc991fa1691a8.jpg
CN0031,CN,1,已读并纳入,CELL01-035,病毒核酸、衣壳及部分病毒包膜的结构比较；病毒不具完整独立代谢与翻译系统，包膜并非全部病毒共有。,,来源/中文教材/images/part_001_59314d565a863a252f4ab8955da56452d3dca4bd3e214f7a000200fc9dada7c4.jpg
CN0032,CN,1,已读并纳入,CELL01-057,辛德毕斯病毒复制装配与出芽示意；病毒蛋白借宿主ER和Golgi加工，出芽获得包膜，出芽不是所有病毒的唯一释放方式。,,来源/中文教材/images/part_001_9bd8db059148e435ebead76adaaee42d0b3194f867ad61e5e7669ded79ad7e52.jpg
CN0033,CN,2,已读并纳入,CELL02-161,相邻物点能否分开取决于分辨率；把模糊像继续放大不能新增细节。,,来源/中文教材/images/part_001_ac49de37a77e7f4de91d68fb3e8a7fa3aed3b9fbfcfa38e71a3d1197f11f2398.jpg
CN0034,CN,2,已读并纳入,CELL02-001,光学显微镜光路：照明经聚光镜、样品、物镜、目镜形成像；物镜性能和照明条件共同影响可辨细节。,,来源/中文教材/images/part_001_56cdb3f9d70f888b4ac78b85318af6f4676445a0decd18abb48a1f2e96a5428d.jpg
CN0035,CN,2,已读并纳入,CELL02-161,数值孔径NA=n sinα，α为物镜可接收光锥的半角；增大NA可改善分辨率，油浸主要提高介质折射率。,,来源/中文教材/images/part_001_ae339cb2e31634bc9fc65425ff737950f1f22939f8485ac8888529a8b6017092.jpg
CN0036,CN,2,已读并纳入,CELL02-002,石蜡切片与苏木精-伊红染色显示组织结构；固定、脱水和切片会影响形态，不能当作活细胞动态图。,,来源/中文教材/images/part_001_27e1cb21cd93c1e25c0363eb52f56d0da2fac8bfe0d5fe7fe25d83af7a3dcfa2.jpg
CN0037,CN,2,已读并纳入,CELL02-004,相差显微镜把折射率或厚度引起的相位差转成亮度差，可观察未染色活细胞；相差环不代表荧光标记。,,来源/中文教材/images/part_001_fea820743d22a38a3107e17c56c47e807be26c37b5c046764bf879a2fa8702a4.jpg
CN0038,CN,2,已读并纳入,CELL02-005,明场与相差观察比较；未染色活细胞在明场对比低，相差增强内部结构对比。,,来源/中文教材/images/part_001_c62fbce4a1628f0acfb509aa8835271dbd4ea5afe8637d895852a365f6bbba60.jpg
CN0039,CN,2,已读并纳入,CELL02-005,相差图的亮暗和晕圈反映光学相位对比，不能直接当作特异分子含量。,,来源/中文教材/images/part_001_398692c61c74f16010c372a486bea114dd022d989ea23c8a640ee161cfab31d6.jpg
CN0040,CN,2,已读并纳入,CELL02-010,荧光显微镜用激发滤光片、二向色镜及发射滤光片分离激发光和发射光；一般发射波长较长。,,来源/中文教材/images/part_001_62c479a6e0e74c473d976019e508911fb354453f4316bf3caa3a454557bb98bc.jpg
CN0041,CN,2,已读并纳入,CELL02-010,荧光光路的滤片分工：激发滤片选择激发波段，二向色镜反射激发而透过发射，发射滤片抑制残余激发光。,,来源/中文教材/images/part_001_5fc4974c85ffb43e366767381ec0971c669e2ee3a8a25f5beede6044bea575f9.jpg
CN0042,CN,2,已读并纳入,CELL02-014,共聚焦针孔抑制离焦信号获得光学切片；不能把光学切片等同物理切片。,,来源/中文教材/images/part_001_8aae97a040daf13b0f25ecafc03aa385e0eee0cbcff49681959bc40dc4fcb7f2.jpg
CN0043,CN,2,已读并纳入,CELL02-013,肾组织宽场图包含较多离焦背景；信号范围大并不直接证明分子分布更广。,,来源/中文教材/images/part_001_eb158b0e6f4260afe17e321cd0ca9e13fa0fadd9bf0155bf254c916f2eb3fa2a.jpg
CN0044,CN,2,已读并纳入,CELL02-013,同类标本共聚焦图背景较低、结构较清楚；比较时还需控制染色、曝光及样品深度。,,来源/中文教材/images/part_001_e56f3c81b3a40b929df3ff0afc57f73bf521fda5f7c72b275dad3bf653426bb0.jpg
CN0045,CN,2,已读并纳入,CELL02-016,TIRF利用界面倏逝场选择性激发近膜区域；主要减少远离界面的背景，不自动提高横向分辨率。,,来源/中文教材/images/part_001_7963d2097435724a6f9fcda152ae6c59ce92b6ae38e854813d23ca358ed2876d.jpg
CN0046,CN,2,已读并纳入,CELL02-019,STORM等定位显微镜让稀疏荧光分子分批发光并定位重构；单分子定位精度与最终结构分辨率不能直接等同。,,来源/中文教材/images/part_001_0d308b62c609b96c8599063f4f4d432a55fc17a8b02f1b8ecb5b09f5fcf35fe0.jpg
CN0047,CN,2,已读并纳入,CELL02-022,STED用受激发射损耗光抑制外围荧光，缩小有效发光区域；不是单纯增大放大倍数。,,来源/中文教材/images/part_001_dc88eae7e8b50ec73e720ed928bee5dcdbf60acb5ea2a43f01f571fce8bf47a3.jpg
CN0048,CN,2,已读并纳入,CELL02-022,STED与常规荧光图比较显示邻近结构的分离；应结合标尺、采集条件及标签密度判断改善。,,来源/中文教材/images/part_001_5a04941bb7885792d77cdee4b6e0428db56f70da099a84a4755ccbd2805fecd9.jpg
CN0049,CN,2,已读并纳入,CELL02-025,SIM以结构化照明和计算重构提取高空间频率；重构伪影和信噪比仍需检查。,,来源/中文教材/images/part_001_62bcce477942b99b9a1f96db7036a52c33f14d33c8e239254b3e6b7c8415881e.jpg
CN0050,CN,2,已读并纳入,CELL02-025,纤毛常规荧光与SIM比较；颜色和可见间距须结合标尺及标记，不能仅凭颜色判断分子互作。,,来源/中文教材/images/part_001_84fae9e11fa76f3422a4104f0115e1ffddc2a56147f8c85b2e6255679420a418.jpg
CN0051,CN,2,已读并纳入,CELL02-028,光学显微镜与透射电镜光路比较；TEM以电子束及电磁透镜成像，样品及真空条件不同。,,来源/中文教材/images/part_001_d424bff42dc8cbce0d8e58037eb86e3a956cfb3750f543dc0f87c1755896fff0.jpg
CN0052,CN,2,已读并纳入,CELL02-028,TEM样本经固定、脱水、包埋、超薄切片、重金属染色；铜网直径常见约3 mm，不能把OCR的3 nm当网格尺寸。,,来源/中文教材/images/part_001_9ae51dbf41fc0b24c5dd0056aae1cfde4967cc013b3c50826b63c8aa5b804049.jpg
CN0053,CN,2,已读并纳入,CELL02-029,超薄切片电镜显示膜性细胞器的断面；二维断面不能直接等同细胞器完整三维形状。,,来源/中文教材/images/part_001_20d994f3233f4021970f3e0cfcd501b8a80d209c6d0975aa2d0b3381ae347408.jpg
CN0054,CN,2,已读并纳入,CELL02-034,负染色使背景电子密度较高而凸显病毒或分子颗粒轮廓；不等于细胞组织常规染色。,,来源/中文教材/images/part_001_fbeb07a5dd6f08f2aa879a0a5dfb4b6e83ec1c9bd181100d44acb2ed4967f5c5.jpg
CN0055,CN,2,已读并纳入,CELL02-037,冷冻断裂、蚀刻及金属复型显示膜断裂面和表面；核孔结构须结合断裂层次判读。,,来源/中文教材/images/part_001_78bc3ae7cca2d4647da530c889446e01d3ea5509defde528d50b3986160f7ba7.jpg
CN0056,CN,2,已读并纳入,CELL02-044,电子断层成像以不同倾角二维投影重构三维结构；单张投影不是三维结果。,,来源/中文教材/images/part_001_0ce8838b5a8e2dfef7a8762b24840e47682ae3e3ae798b2e0d143b0b4ec92cde.jpg
CN0057,CN,2,已读并纳入,CELL02-044,三维重构与同区二维切片比较显示膜泡之间的空间关系；重构依赖角度采样及分割质量。,,来源/中文教材/images/part_001_a0ca47a3d23ae805d2463dce4e8a5b5546fac7a78b91b4ed728986fadd12c12f.jpg
CN0058,CN,2,已读并纳入,CELL02-033,背散射电子配合切面可显示细胞内部超微结构；所有SEM只看表面的说法不成立。,,来源/中文教材/images/part_001_0bb7898f052d038d18c54b512c995d4041fc619645cc22d4227f643ec3ba6d46.jpg
CN0059,CN,2,已读并纳入,CELL02-033,常规二次电子SEM显示四膜虫表面纤毛及口器；样品制备可改变表面，不能推广为内部断面图。,,来源/中文教材/images/part_001_b2db5c8be599f124a8e2476dc0252231213fe0ad857f45065f2c6538aaaae8e1.jpg
CN0060,CN,2,已读并纳入,CELL02-074,差速离心逐步提高离心力和时间，依次富集不同组分；沉淀并非天然纯品，需标志物验证。,,来源/中文教材/images/part_001_07c9d4adac63fdbfc1387e4d73ab9b638713122c1138344a33d3300944e3adac.jpg
CN0061,CN,2,已读并纳入,CELL02-050,密度梯度离心使组分形成不同带；速度区带与等密度方式的分离依据及终点不同。,,来源/中文教材/images/part_001_6fe75336aaec549ee6a558bc92205632732b480bfff01a264a847ec50c46abab.jpg
CN0062,CN,2,已读并纳入,CELL02-054,直接免疫荧光用标记一抗，间接法用未标记一抗及标记二抗，后者可放大信号但需二抗对照。,,来源/中文教材/images/part_001_8ce69f4f498dc2b13fe09af850fe086dc4d39479d269a7d524296c013f35581c.jpg
CN0063,CN,2,已读并纳入,CELL02-056,免疫金把特异抗体定位与电镜颗粒结合；金颗粒位置反映标记而非全部抗原，需阴性对照。,,来源/中文教材/images/part_001_78f1464ab0cf75e1a3ae714f5185320b9e7937ef671261ab53d3608f4496fed7.jpg
CN0064,CN,2,已读并纳入,CELL02-058,斑马鱼Z13转录本原位杂交显示RNA空间分布，不能直接证明对应蛋白含量或功能。,,来源/中文教材/images/part_001_f5b86829fa8ee44194dd3a682b4ad56a44a9205f5d49e8a71cb0a47e7cc7a468.jpg
CN0065,CN,2,已读并纳入,CELL02-062,FACS按散射及荧光测量单细胞并可分选；群体身份须依特异标记、活细胞门和双细胞排除。,,来源/中文教材/images/part_001_7d3217586b8a465459ac5db9058436b6c2e44d2922062c681ce87d71cb9b9b61.jpg
CN0066,CN,2,已读并纳入,CELL02-162,DNA含量直方图：G1峰约2C、S期居中、G2/M峰约4C；不能单凭DNA含量分开G2与M或G0与G1。,,来源/中文教材/images/part_001_fdaeafc2fdece01c110701ba7e72484ebde6a4748c74633ef0588132559dc7c5.jpg
CN0067,CN,2,已读并纳入,CELL02-081,培养细胞形态及贴壁状态示例；形态改变可提示状态变化但不单独证明细胞身份或转化。,,来源/中文教材/images/part_001_7194aea345ede0be983175b0dc31f338375af7c0e5b28446c175f5ba2459eb2c.jpg
CN0068,CN,2,已读并纳入,CELL02-081,培养条件和细胞类型影响贴壁及生长方式；比较增殖需统一接种密度和培养条件。,,来源/中文教材/images/part_001_267de864ff310080eb7f22b07abc879d81a3a3e2d512973602674315225447a0.jpg
CN0069,CN,2,已读并纳入,CELL02-081,培养细胞图用于辨认形态及生长分布，不能仅据一幅图确定永生化或恶性。,,来源/中文教材/images/part_001_a39beb84d8254223d5b7909d462a7457aeae690c9aca6b7a491269772dcb1eee.jpg
CN0070,CN,2,已读并纳入,CELL02-100,杂交瘤制备先融合，再HAT选择、筛选抗体特异性与单克隆化；HAT存活不等于分泌目标抗体。,,来源/中文教材/images/part_001_f788042052ae80c4eecb949aedaac9580bb94fe1c805c003b330249cc7fd3c7b.jpg
CN0071,CN,2,已读并纳入,CELL02-101,体细胞核移植将供体核置入去核卵细胞，经重编程支持发育；核基因来源与胞质、线粒体来源不同。,,来源/中文教材/images/part_001_22fd7a10addea36182db57c11424101b8312ff6c848b7c707a7985277734be83.jpg
CN0072,CN,2,已读并纳入,CELL02-126,FRAP荧光漂白后信号恢复反映未漂白分子交换；校正背景和整体漂白后可用(F2-F0)/(F1-F0)估算可移动比例，不等于新合成率。,,来源/中文教材/images/part_001_2501f161147b99af0649b94d00174833ce403c806b26e2167bea40bdb724d822.jpg
CN0073,CN,2,已读并纳入,CELL02-110,酵母双杂交由诱饵和猎物使DNA结合域与激活域靠近，激活报告基因；阳性需排除自激活并另法验证互作。,,来源/中文教材/images/part_001_a8d236acc47474e5b2877fa2969e41cb23b0e57d5b8030c2ee0e2685d562d328.jpg
CN0074,CN,2,已读并纳入,CELL02-128,CFP/YFP FRET中供体激发可引起受体发射，支持纳米级接近；不能单独证明直接结合，需串色和直接激发对照。,,来源/中文教材/images/part_001_61c3e3a5efc8330d87c045464cd20c6c754171682066b38a52ef7b38bf2fd699.jpg
CN0075,CN,2,已读并纳入,CELL02-114,³H-尿苷脉冲追踪标记新生RNA，标记可由核内向胞质转移；放射位置不直接等同核糖体蛋白合成。,,来源/中文教材/images/part_001_0a9d9a813ef5b3433f3c3c0e00998377324d1743350e6d767a9bb251113c20f9.jpg
CN0076,CN,3,已读并纳入,CELL03-005,膜三层电镜外观来自染色对比，不支持所有膜都有固定蛋白-脂质-蛋白夹层模型。,,来源/中文教材/images/part_001_ce9c2bdd14f549b5b7274e3336a6421cc8bf95e6d1e673d0c75ebfe879373083.jpg
CN0077,CN,3,已读并纳入,CELL03-007,流动镶嵌模型将脂双层作为连续基质、膜蛋白以不同方式嵌入；局部骨架和复合体可限制移动。,,来源/中文教材/images/part_001_39aa519f434bc347de3e0520c4b6145668352e243a18c731965477cdde56492f.jpg
CN0078,CN,3,已读并纳入,CELL03-012,膜脂包括甘油磷脂、鞘脂及胆固醇等，头基和脂链不同影响膜性质。,,来源/中文教材/images/part_001_866a763b1aaee2c87e3292b95a3952c2a9d05ec685730cdef0a031ca0ca9ae0d.jpg
CN0079,CN,3,已读并纳入,CELL03-009,脂筏是富含胆固醇和鞘脂的动态膜微区，不是固定、巨大且永久不变的岛。,,来源/中文教材/images/part_001_8a2315160507f227b1ec3e9d993b4e34506096a5b072cf58be0f4f85b4190503.jpg
CN0080,CN,3,已读并纳入,CELL03-111,耳蜗毛细胞静纤毛内为肌动蛋白束；名称有纤毛不能据此判断为微管轴丝。,,来源/中文教材/images/part_001_8b3629e73204554633bc20ec8e1707625bf5eaa68db9824e30073c1c55d12339.jpg
CN0081,CN,3,已读并纳入,CELL03-015,脂双层局部曲率与出芽相关，蛋白和脂质共同参与，不能只用单个脂质种类解释全部出芽。,,来源/中文教材/images/part_001_40d975a335e57bca9109fe94b9bcd3ca06c170941f688f1f53003b5120d49958.jpg
CN0082,CN,3,已读并纳入,CELL03-030,不同脂质组成改变膜厚度和有序性；鞘磷脂与磷脂酰胆碱的比较还受脂链组成影响。,,来源/中文教材/images/part_001_7a9be034811487ad57c996538b592138f67b99f77cbaebac4e8ae271458c906f.jpg
CN0083,CN,3,已读并纳入,CELL03-015,磷脂酰乙醇胺等头小尾大的脂质具有曲率倾向；实际曲率还受双层不对称和蛋白作用影响。,,来源/中文教材/images/part_001_2c79ef24a2b7a941ef83574a6c58628e1902f5a79c48b50335b842261cbb6e36.jpg
CN0084,CN,3,已读并纳入,CELL03-030,胆固醇在不同脂质背景下改变脂链有序性及厚度，不能把作用绝对化为总是增大或减小流动性。,,来源/中文教材/images/part_001_f4a5a9df52b6876af78659d398eee30bdc396ec4300f1553d85d3f6ae92b0f05.jpg
CN0085,CN,3,已读并纳入,CELL03-030,脂质双层模拟示意应结合脂链及胆固醇条件比较，图中色块不等同固定真实分子尺寸。,,来源/中文教材/images/part_001_b0e1b126405a3000b0460ef25dff1211a88da2ad6eec66621a6585946de317a7.jpg
CN0086,CN,3,已读并纳入,CELL03-030,鞘磷脂、磷脂酰胆碱及胆固醇组合影响膜有序性和厚度；不宜仅按头基名称推出全部物性。,,来源/中文教材/images/part_001_11e6a2ff20cdc94e3d1467516794d5a1d895f7fc20fad52daa4384e9eccf93e4.jpg
CN0087,CN,3,已读并纳入,CELL03-031,脂质体具有脂双层包围的水相腔，胶束通常单层且内部疏水；两者结构及装载对象不同。,,来源/中文教材/images/part_001_7f8222828f96b0c2bcec00bfcd66179ab97035af97e9150edd5ba8bd13713dee.jpg
CN0088,CN,3,已读并纳入,CELL03-043,膜蛋白可跨膜、脂锚定或外周结合，分离条件与连接方式有关。,,来源/中文教材/images/part_001_eedd444ab63deefffca52f36ceaa458976b8617a70f947d168e7db2ecaeabb70.jpg
CN0089,CN,3,已读并纳入,CELL03-047,GPI锚位于膜非胞质侧，胞质侧脂锚可为酰基或异戊二烯基；不能把GPI画成胞质侧锚。,,来源/中文教材/images/part_001_f56a28f17db899367309037c8d25b02ad4cd8a80989d4e351a72722ee57c1312.jpg
CN0090,CN,3,已读并纳入,CELL03-043,跨膜α螺旋与β桶外表面疏水、面向脂质，内孔可亲水；疏水残基不意味着全部蛋白表面均疏水。,,来源/中文教材/images/part_001_8068379e2af18f43592b22d9afeca170b6df12cc3b6f09fe8fcb38d1f70bbbe1.jpg
CN0091,CN,3,已读并纳入,CELL03-043,跨膜蛋白复合体可由多亚基构成，跨膜区与胞外、胞质区的功能应分开。,,来源/中文教材/images/part_001_2e28fa33219596182a96482c25fcbecdff9a304ab142ef9978d2b2f113b37d84.jpg
CN0092,CN,3,已读并纳入,CELL03-043,GlpF为水甘油通道示例，不能把所有AQP家族成员概括为只通水而完全不通其他小分子。,,来源/中文教材/images/part_001_0685a493e20e7a2b2910a208084b79d2aba190b4812a053523d57ced55f0e680.jpg
CN0093,CN,3,已读并纳入,CELL03-043,γ-分泌酶为多亚基膜蛋白复合体，膜内切割与底物识别依赖复合体结构。,,来源/中文教材/images/part_001_a9c24022b52a4641d62d97662516b967ac3b35f6090252db84f6fba40041b1e7.jpg
CN0094,CN,3,已读并纳入,CELL03-057,去垢剂溶解膜并可包围膜蛋白；电泳分离提示组成，不能单凭条带证明蛋白仍有活性。,,来源/中文教材/images/part_001_f0c4954b65ebbfc255737bcab00fc44ea4e729fd9ca1a385837b58bfa15751f4.jpg
CN0095,CN,3,已读并纳入,CELL03-086,冷冻断裂EF/PF为脂双层内部断裂面，ES/PS为实际外、内表面；原图标注易混淆，应分清层次。,,来源/中文教材/images/part_001_c82ee8f97cabdddb514d625554d45852f84cf66e5ea1e6cf58d819b233fd5716.jpg
CN0096,CN,3,已读并纳入,CELL03-091,ER腔侧在膜泡运输中对应Golgi腔及细胞外侧；跨膜拓扑保持，不是蛋白在运输中自动翻面。,,来源/中文教材/images/part_001_921aa4e03420408700d77ca6fa5732346e5a29d6c26a5d1cad6e2869307d0dc8.jpg
CN0097,CN,3,已读并纳入,CELL03-092,脂质与糖链分布不对称，糖链一般位于非胞质侧；不对称需由合成位置和转运机制维持。,,来源/中文教材/images/part_001_af4ba5cb99d10bb3272923ae0124eaf921549d740be22c5006350979d19ba377.jpg
CN0098,CN,3,已读并纳入,CELL03-112,ABO以H抗原为前体：A加GalNAc、B加Gal，O通常不加这一步糖；O型不是表面完全没有糖链。,,来源/中文教材/images/part_001_38ff570aa18007c87fbb399503f83073575e2bb3a3f7bd3ea5f56cf3a60cdd57.jpg
CN0099,CN,3,已读并纳入,CELL03-105,红细胞血影及电泳显示膜蛋白组分，需区分跨膜蛋白与膜骨架蛋白。,,来源/中文教材/images/part_001_3a729bfb46c6e61c30fe053cf925f67172cad78f6f95212df355d33dbe3299e7.jpg
CN0100,CN,3,已读并纳入,CELL03-105,红细胞膜骨架电镜显示网络，形态支持承力和稳定作用但不直接给出某蛋白功能因果。,,来源/中文教材/images/part_001_48c629a91065a249329941cb99ddbd5a06dc292075fd98c0431f367438dc522b.jpg
CN0101,CN,3,已读并纳入,CELL03-105,血影蛋白、肌动蛋白经锚蛋白-带3或蛋白4.1-糖蛋白等连接膜，连接缺陷可导致膜面积丢失及溶血。,,来源/中文教材/images/part_001_219efd2d5e3fae3cb56eaef1325a249d40b8c712d45f448e472277910b86a4ee.jpg
CN0102,CN,3,已读并纳入,CELL03-111,毛细胞静纤毛超微结构与肌动蛋白骨架联系；与微管纤毛应分清。,,来源/中文教材/images/part_001_c2e314647b856294e056aa90d3578db2df52003a93fc005cc57c6d2eefe71f85.jpg
CN0103,CN,4,已读并纳入,CELL04-041,转运蛋白交替开放使结合位点先后向两侧暴露，不是贯穿膜的持续开放孔道。,,来源/中文教材/images/part_001_d28f9d1da1c751a30cf234c3e9aa0cfdbd692ab07189e9709243813a00be7771.jpg
CN0104,CN,4,已读并纳入,CELL04-027,离子通道门控可依电压、配体或机械刺激；开放不意味着运输必逆梯度。,,来源/中文教材/images/part_001_48413bd99622b2d6ab53dd2c2bb16578314b233c0502fbdbca320a0dfc911577.jpg
CN0105,CN,4,已读并纳入,CELL04-018,单向转运、同向转运与反向转运描述底物数及相对方向，不能仅凭方向名称判断能源。,,来源/中文教材/images/part_001_ec30e5e47d1ec9c6670a388f572f22df139fe41b4a2ee402c946d353071412f5.jpg
CN0106,CN,4,已读并纳入,CELL04-003,脂双层对小疏水分子较通透、对离子很低；通透性与浓度梯度共同决定净流量。,,来源/中文教材/images/part_001_5575e5d2186a843adc4719ae7122c1677e658ec8a4e2e2f57da3bb3831eacbad.jpg
CN0107,CN,4,已读并纳入,CELL04-004,GLUT以协助扩散运输葡萄糖，可双向按梯度净运输，不直接消耗ATP。,,来源/中文教材/images/part_001_84e68b83e4dcbee06ce709433380d59de553e8087fb9409f3249e5aade6c8083.jpg
CN0108,CN,4,已读并纳入,CELL04-039,典型水通道每个单体有水孔，水单列通过并排斥H⁺等离子；不是四聚体中央孔通水。,,来源/中文教材/images/part_001_73ffff777e9e72218303b2ec6142cc921342f34cc735216a3dd948b41448df0f.jpg
CN0109,CN,4,已读并纳入,CELL04-012,主动运输三种能源：ATP水解、另一溶质电化学梯度、光；不是所有主动运输都直接水解ATP。,,来源/中文教材/images/part_001_9eef1ff974ed51aeb1635cef351f92b73aad504858a8ca705349579914c72389.jpg
CN0110,CN,4,已读并纳入,CELL04-073,P型泵形成磷酸化中间体；V型泵消耗ATP泵H⁺；F型通常利用H⁺梯度合成ATP；ABC以ATP结合域耦联运输。,,来源/中文教材/images/part_001_9c8cd85df7d08ef682578799275dff8ef475b843d078c930889bbebbf9cd3f78.jpg
CN0111,CN,4,已读并纳入,CELL04-089,Na⁺-K⁺泵每ATP排3Na⁺、入2K⁺，净排一个正电荷；维持梯度并有直接生电性。,,来源/中文教材/images/part_001_61dd99c7f4d40f13cc8656d35ff3bbbce67e1775fba00d5ef7958c4a6909baf9.jpg
CN0112,CN,4,已读并纳入,CELL04-050,肠上皮顶端Na⁺-葡萄糖同向转运、基底外侧GLUT2协助扩散和Na⁺-K⁺泵共同完成定向吸收；紧密连接限制旁路与膜蛋白混合。,,来源/中文教材/images/part_001_d64d661fca7dc7c59a6b62f7325f5b5bf8edab1f9a56e4f3d306fdf339a91928.jpg
CN0113,CN,4,已读并纳入,CELL04-062,SERCA胞质侧结合2Ca²⁺，ATP驱动磷酸化和构象重排向肌质网腔释放；P型ATP酶不能用静态孔道概念解释。,,来源/中文教材/images/part_001_f80eabeb70e5e324455dce166ef60b099f50c901ba03125f71b95107eee9a899.jpg
CN0114,CN,4,已读并纳入,CELL04-077,原核ABC示意：两个跨膜域和两个ATP结合域，ATP结合及水解驱动交替开放；摄取不依赖Na⁺梯度。,,来源/中文教材/images/part_001_75f9707d0c4311f022b7d8ff923535f764347ab051a897046a4be419c91641c9.jpg
CN0115,CN,4,已读并纳入,CELL04-078,真核ABC外排示意：底物由胞内侧结合，ATP驱动向胞外释放；与前图方向不同，不能一概规定全家族方向。,,来源/中文教材/images/part_001_3f8dd6beee898495cac87cd3acbdd262c3eabf8afc59e3d52bdc9cf0cfcebe2a.jpg
CN0116,CN,4,已读并纳入,CELL04-107,动作电位轨迹：静息、去极化、峰值反极化、复极化和后超极化；ENa与EK界定极限，峰值不必恰等于ENa。,,来源/中文教材/images/part_001_37897d2d9b97ebd68dc9ff5d271bafaf11a60aa3b66720d3eaf070b07b7b8d70.jpg
CN0117,CN,4,已读并纳入,CELL04-107,静息时电压门控Na⁺和K⁺通道多关闭，K⁺漏通道仍开放；Na⁺-K⁺泵维持长期梯度。,,来源/中文教材/images/part_001_86b889dec12169c2101c4be32020eb2a181ebbdec4b64cdab568655e47b6a698.jpg
CN0118,CN,4,已读并纳入,CELL04-101,去极化时电压门控Na⁺通道快速开放，Na⁺沿电化学梯度内流。,,来源/中文教材/images/part_001_c496e1355b61362ba9c7b1c5130e13637479cb45d7675cdb7da41df766360f93.jpg
CN0119,CN,4,已读并纳入,CELL04-108,复极化时Na⁺通道失活，延迟开启的K⁺通道介导外流；泵不负责每个动作电位的快速下降相。,,来源/中文教材/images/part_001_c0ed99ee99fbf8eb14b34c4ac585a70d2b19037c1d11271a041ab1f2d3e79c77.jpg
CN0120,CN,4,已读并纳入,CELL04-107,Na⁺通透性先快速增大并下降，K⁺通透性随后升高且持续较久，解释峰值与后超极化。,,来源/中文教材/images/part_001_b7ce4eeee9c3d7e77d20aecffd82ebedb25ad5ac58ba6312dfba5cd0c25c33a1.jpg
CN0121,CN,4,已读并纳入,CELL04-104,后超极化来自K⁺通透性尚未恢复，膜电位暂接近EK；通道关闭后回静息。,,来源/中文教材/images/part_001_fca9bee029beb980da7f1240404a8e2fc4f0fad32811b7ecf0cbdcbd990abd43.jpg
CN0122,CN,4,已读并纳入,CELL04-128,胞吞类型示意同时包括吞噬、网格蛋白、胞膜窖、大胞饮和非网格蛋白／胞膜窖途径；不能按单一包被推广全部胞吞。,,来源/中文教材/images/part_001_fe80c4ff7132126cd5e2fc01ddd3c18ce71c36699cdb3633266866ad79bfeb36.jpg
CN0123,CN,4,已读并纳入,CELL04-137,吞噬体形成后与溶酶体融合降解货物；吞噬体、溶酶体及残余小体是不同阶段。,,来源/中文教材/images/part_001_4ab1414a155855b722d950cb46a4b4d766ddbc4e2d45ddfb60a07f3ec1327739.jpg
CN0124,CN,4,已读并纳入,CELL04-128,包被小窝的衔接蛋白选择受体尾部货物，网格蛋白形成支架，发动蛋白在颈部切离，脱包被后才能继续融合。,,来源/中文教材/images/part_001_53862840c5fd2351495849242d322962ff8378bfbcb1e506017e964babf0fb55.jpg
CN0125,CN,4,已读并纳入,CELL04-142,LDL内吞后酸性内体促配体与受体解离，受体回收而LDL送溶酶体；必须区分两条去向。,,来源/中文教材/images/part_001_51b9f9ffd469fcfac11171a2010935c749c25ff4a1ef3495929a2af87557374d.jpg
CN0126,CN,4,已读并纳入,CELL11-197,Notch配体细胞内吞产生牵拉，暴露S2切点；靶细胞受体经γ-分泌酶S3切割释放NICD入核，胞吞可激活信号。,,来源/中文教材/images/part_001_c670d19a2f7295e345fe3cb6007a674def35b62eb5211ce2d0e2bbe3d56a1368.jpg
CN0127,CN,5,已读并纳入,CELL05-041,内膜系统示意和电镜：粗面ER膜囊胞质面有核糖体，光面ER呈管状，高尔基体与内体是相联系但独立的区室。,,来源/中文教材/images/part_001_90558392b931959809cc037cbc228159e9c715c9a2b245036e237d42342d7f1e.jpg
CN0128,CN,5,已读并纳入,CELL05-033,26S蛋白酶体由20S核心与19S调节颗粒构成；E1消耗ATP活化泛素，E2接受，E3识别底物，多聚泛素底物需去泛素化和展开后进入核心。,,来源/中文教材/images/part_001_3a5ee3c2ab3a10cdd78424ae2ca49eb0d119b04135dc9cb1ea89b2d0007542ad.jpg
CN0129,CN,5,已读并纳入,CELL05-042,粗面ER电镜显示平行膜囊及胞质侧颗粒，形态支持分泌蛋白合成旺盛，但不直接证明某特定蛋白含量。,,来源/中文教材/images/part_001_e4129c7a59ab09526dbd2eec14417f839a836e390b2d8f9ad7682298e13ab853.jpg
CN0130,CN,5,已读并纳入,CELL05-043,光面ER电镜显示小管网且少附着核糖体；与粗面ER连通，不能视为不同起源独立系统。,,来源/中文教材/images/part_001_14c43e76d2c77599d2f3cabd03d4530bed57c46b1a58c0f53b11f3a0c5743f59.jpg
CN0131,CN,5,已读并纳入,CELL05-041,ER荧光网状分布能示空间组织，需依据标记的特异性判断区室，荧光颜色本身不等于脂质种类。,,来源/中文教材/images/part_001_9b0b06eac73c8b3ebb3f13c5b9de8d96c7a30f152d0d96d815206f8e203ae5a9.jpg
CN0132,CN,5,已读并纳入,CELL05-150,ER胞质侧磷脂合成：脂酰CoA与甘油3磷酸生成磷脂酸，再形成二酰甘油及磷脂酰胆碱；双层扩展还需跨小叶转移。,,来源/中文教材/images/part_001_a0f124294eed230e84b45aab631439a6913843f4e6cb84ba414f68f164ec9750.jpg
CN0133,CN,5,已读并纳入,CELL05-151,脂质可随膜泡转运、由磷脂交换蛋白PEP在两膜间转移，或在膜接触位点转移；图不是形成毒素孔的示意。,,来源/中文教材/images/part_001_b69e34900bd6a6b81ecbf1719071444f9e448d1f22c468a4605495bf09c8140d.jpg
CN0134,CN,5,已读并纳入,CELL05-142,N-连接糖基化以Asn侧链酰胺氮连接GlcNAc，连接位点不同于O型。,,来源/中文教材/images/part_001_4f049d77649f983e933413e5c65e03b487b6adcc3adf01e8475941f5a369fb9f.jpg
CN0135,CN,5,已读并纳入,CELL05-142,图示典型O-连接糖基化以Ser羟基连接GalNAc；不能混同胞质／核O-GlcNAc单糖修饰。,,来源/中文教材/images/part_001_5dfad849818747b43a1024728f39c71011f009dd493f2a3a4aa0830191cdb1de.jpg
CN0136,CN,5,已读并纳入,CELL05-061,糖链在磷酸多萜醇上预组装，翻到ER腔侧并整链转移到Asn，随后切去葡萄糖和部分甘露糖进入Golgi。,,来源/中文教材/images/part_001_858c50abddf6270abe7d87ab4c43f2d1df0f8c1dff3068410e22a19e2b31035a.jpg
CN0137,CN,5,已读并纳入,CELL05-144,ER应激涉及UPR等支路；IRE1、PERK、ATF6为主要UPR感受器，SREBP主要参与脂质稳态，不能统称同一效应。,,来源/中文教材/images/part_001_d40e6b1264f64a20a10fbd15fc56048f501cc4b8f70c6f3a7e164f6326fe7864.jpg
CN0138,CN,5,已读并纳入,CELL05-075,图把酵母IRE1-Hac1和哺乳动物PERK-ATF4／ATF6混排；哺乳动物IRE1剪接XBP1，HAC1是酵母例子。,,来源/中文教材/images/part_001_f24fa5d169a9c61d76b98a7a8ad669f1a4b6676a96eeb63447f100aa0b9a280c.jpg
CN0139,CN,5,已读并纳入,CELL05-085,低胆固醇使SCAP-SREBP脱离ER保留并前往Golgi，经S1P、S2P切割释放N端转录因子；高胆固醇促Insig依赖保留。,,来源/中文教材/images/part_002_2cc3e3b4fe0552106770b4ca81cd51d46e441b23991fb4f82fa1710793bb1f0a.jpg
CN0140,CN,5,已读并纳入,CELL05-094,高尔基体从CGN、顺面、中间、反面到TGN具有极性，各膜囊不等同。,,来源/中文教材/images/part_002_f083a8a802255814c77ed29b54d070e7a5cd72e7d3e3c33c618d19a510d5cc10.jpg
CN0141,CN,5,已读并纳入,CELL05-095,电镜展示Golgi极性膜囊及CGN/TGN网状区域；二维切面不能证明所有膜囊间运输只靠小囊泡。,,来源/中文教材/images/part_002_3053df184647e26b06e8ea46a2dbb02a0aedaf8e3f0b48b777ee7ed5e3bcd759.jpg
CN0142,CN,5,已读并纳入,CELL05-099,囊泡运输与膜囊成熟是不同模型；后者货物随膜囊前进而酶逆向回收，两种机制可并存。,,来源/中文教材/images/part_002_e46df47f153d4318e60a02d8504d4dfa77673c6059256472866c293ecf302958.jpg
CN0143,CN,5,已读并纳入,CELL05-097,TGN三路分选：溶酶体途径、信号触发的调节分泌、连续组成型分泌；不能把所有输出都送质膜。,,来源/中文教材/images/part_002_fce0b110677ca2e06f8fca0f4ab487249e15740f3ed0f71089aefa6ef7fcdc2a.jpg
CN0144,CN,5,已读并纳入,CELL05-152,Golgi沿顺面到反面顺序去甘露糖并加GlcNAc、半乳糖和唾液酸，形成不同成熟糖链；图为示例而非每种糖链唯一配方。,,来源/中文教材/images/part_002_808740cf9c91824ef009b6b05ace350c73a4eecb0349b2dde51342560b087156.jpg
CN0145,CN,5,已读并纳入,CELL05-171,次级溶酶体内有不均一降解物，形态不同于均一初级溶酶体。,,来源/中文教材/images/part_002_1ee0a37379a441b31b67ba92bc741f41c162cecdaf6006dea511c16171453753.jpg
CN0146,CN,5,已读并纳入,CELL05-171,初级溶酶体、次级溶酶体和线粒体须依据结构及酶标志区分。,,来源/中文教材/images/part_002_6ac797ba938ed075420d2115cc68195faac29b889b32640d9433d3388dc2d110.jpg
CN0147,CN,5,已读并纳入,CELL05-127,内吞、吞噬及自噬货物在溶酶体汇合；自噬体双层膜不能等同所有溶酶体膜。,,来源/中文教材/images/part_002_9974f8d2fe81abdba51484dfba9f3773c4a6bcdf22466d4a19fa2af71a7bf59f.jpg
CN0148,CN,5,已读并纳入,CELL05-114,M6P受体在TGN结合酶，内体低pH释放酶并回收；表面受体也可摄取外源酶。,,来源/中文教材/images/part_002_3fba6b435f1a7335fcb0841b6177af9eba3a8bb65906000f9d20c6e825dc5444.jpg
CN0149,CN,5,已读并纳入,CELL05-166,过氧化物酶体与线粒体同时出现，识别微体不能仅靠大小。,,来源/中文教材/images/part_002_60c65f973f515d8545cdd90da11df5db92e3b47055154e121efbeec7cd614cd8.jpg
CN0150,CN,5,已读并纳入,CELL05-139,Pex5识别PTS1、Pex7识别PTS2，受体循环和Pex11相关分裂共同支持生物发生。,,来源/中文教材/images/part_002_d3a43f8c75735fcdae7f98147b61bdcefc8747d15598a9c6e856ebb20d9034a5.jpg
CN0151,CN,6,已读并纳入,CELL06-002,ER可切信号肽有疏水核心，序列各异，不能把一个例子当唯一信号序列。,,来源/中文教材/images/part_002_3173d91fb88b4d6f1682abd0f448230ea74da0befa2b9db369d02bdbdcd45d76.jpg
CN0152,CN,6,已读并纳入,CELL06-025,SRP含7S RNA及多种蛋白，具有信号识别和核糖体结合／延伸暂停相关区。,,来源/中文教材/images/part_002_e5842649d9c3df7fb4da28b3039d302fbb90ef55d455a2628d2c10fcddaa9130.jpg
CN0153,CN,6,已读并纳入,CELL06-037,SRP识别新生信号，SRP受体对接，转交移位子并恢复延伸；可切信号由腔侧信号肽酶切除。,,来源/中文教材/images/part_002_7754ea327231c3fd341e2c64004186e5a6ff7737c87c0bdfd00fd93c9ba046b2.jpg
CN0154,CN,6,已读并纳入,CELL06-044,I型N腔C胞质、II型N胞质C腔、III型N腔C胞质，信号锚和停止转移序列决定拓扑。,,来源/中文教材/images/part_002_a820f82928b3a7ac4b53a55d94e17cae5f21987fb2916bd2582816e0624e2c7e.jpg
CN0155,CN,6,已读并纳入,CELL06-025,游离与附着核糖体并非两种固定品种，定位信号决定ER或翻译后细胞器导入。,,来源/中文教材/images/part_002_b3e894e1ab084bdd0d7211a8c438572ce469f81ed40e26775b166c9b35cb81d1.jpg
CN0156,CN,6,已读并纳入,CELL06-059,线粒体TOM入口后分支：TIM23入基质／内膜，TIM22装配多跨膜载体；不是全都带可切前序列。,,来源/中文教材/images/part_002_1ec737e592d76617c3337fdcf9c4d96e4d55d64828969c429891ae7e05afbcd7.jpg
CN0157,CN,6,已读并纳入,CELL06-073,TOC/TIC先入叶绿体基质；第二段信号决定类囊体定位，某些通路可转运已折叠金属结合蛋白。,,来源/中文教材/images/part_002_9bc87b9655ba23b6ba624602705bfdf6e27f5352820f2fe1c66e82d17cd9c6cc.jpg
CN0158,CN,6,已读并纳入,CELL06-143,分泌、内吞和溶酶体路线互联；腔内货物保持非胞质拓扑。,,来源/中文教材/images/part_002_1fa3b78adbadd73b8f018c514df777667f08f8b2d2090f4a9a1a8d113798ff3e.jpg
CN0159,CN,6,已读并纳入,CELL06-091,COPII从ER输出，COPI逆向回收，网格蛋白参与质膜与TGN—内体路线。,,来源/中文教材/images/part_002_91f2e6a8a567efec749e8ce4f53f10f3ed30ddb1b9b485701dcfdee3a4e1c7e9.jpg
CN0160,CN,6,已读并纳入,CELL06-113,Sec12激活Sar1，Sec23／Sec24内层选货、Sec13／Sec31外层形成包被，GTP循环支持解包。,,来源/中文教材/images/part_002_c6871b184ecfbaa6fbc1e35cb439949e60c87f125d979ae62df9eb62901fcb82.jpg
CN0161,CN,6,已读并纳入,CELL06-128,KDEL受体在较酸Golgi结合逃逸ER腔蛋白，COPI回ER后较高pH释放；信号须位于腔内C端。,,来源/中文教材/images/part_002_dcb6cfa990d6d7aa811a55f61d66587ec9d43ca5309a45d5999802676248113f.jpg
CN0162,CN,6,已读并纳入,CELL06-099,网格蛋白三脚架组装外壳，接头识别受体尾，发动蛋白参与质膜泡颈部切离。,,来源/中文教材/images/part_002_9a57378ead48235cf5055b6ebc593baf5d1d4bfb5dc0c8e42ed11a66ca1da5bd.jpg
CN0163,CN,6,已读并纳入,CELL06-124,Rab-GTP及效应器介导锚定；VAMP、syntaxin和SNAP25组装促融合，NSF／α-SNAP拆解同膜cis复合体。,,来源/中文教材/images/part_002_1dccc2a1cd3ed866a841aadd98d955b7665f24645592a005d382f78934aaab00.jpg
CN0164,CN,7,已读并纳入,CELL07-065,Kaede红绿线粒体融合后变黄，结合时间序列支持内容物混合；颜色重叠单帧不能排除贴靠。,,来源/中文教材/images/part_002_08264612ac2b4d4828b4b4386eced5fa83b6cd248fd015d68e80e3f31c6a7cf9.jpg
CN0165,CN,7,已读并纳入,CELL07-041,果蝇fzo突变线粒体聚集但不融合；Fzo为膜相关大GTP酶。,,来源/中文教材/images/part_002_6e1a8122d1a6cb19604a42ebee2bff9cad445cfffe8694c69da65fc3b2cca423.jpg
CN0166,CN,7,已读并纳入,CELL07-065,Mfn1突变造成片段化，可由融合减少导致；不能仅凭小颗粒增多断言分裂加速。,,来源/中文教材/images/part_002_315af2e14e49ea5932ec874fac8066ddab01ede4e24fe15fe557dd0b7c0b9580.jpg
CN0167,CN,7,已读并纳入,CELL07-045,Drp1在分裂位置聚集，GTP酶装配及缢缩参与线粒体切离。,,来源/中文教材/images/part_002_958a46199966af1aff52571c147a186220b13658a6ff36cf13f8e8bf484381fd.jpg
CN0168,CN,7,已读并纳入,CELL07-150,红藻叶绿体、线粒体及细胞核先后分裂为物种实例，不是所有细胞固定时序。,,来源/中文教材/images/part_002_6fd5c978a85e2d730342db2cb8db504be4c9a3d9a69500e94665aefab908ab5f.jpg
CN0169,CN,7,已读并纳入,CELL07-005,线粒体内膜折成嵴，基质与膜间隙由内膜分隔。,,来源/中文教材/images/part_002_236ef72746c1f172293a90319f97ec7cd7a48ea82c5ab150622e0cfea2238f15.jpg
CN0170,CN,7,已读并纳入,CELL07-121,DAPI信号可指示细胞器DNA；无信号受拷贝数、染色与检测阈值影响，不能直接证明DNA绝对不存在。,,来源/中文教材/images/part_002_d4abba2d6727097da613f359cee264c115951633bfe117075e5102941af4ebd7.jpg
CN0171,CN,7,已读并纳入,CELL07-003,人淋巴细胞线粒体电镜的双膜及嵴，与前幅植物实例可作对照。,,来源/中文教材/images/part_002_9228258f22f2f5485fe86b53f535b52194cbe201d88c2994d331f0f84efd451f.jpg
CN0172,CN,7,已读并纳入,CELL07-013,超声形成亚线粒体泡，负染可见ATP合酶F₁颗粒；F₁催化头朝向原基质侧。,,来源/中文教材/images/part_002_f62a0fef44299888b4fb37e4eb115941190df3ab95448dd0c54b82bf17aec33f.jpg
CN0173,CN,7,已读并纳入,CELL07-014,F₁三β亚基轮流L、T、O构象，转轴旋转使底物结合、ATP形成及释放循环。,,来源/中文教材/images/part_002_7553539d9af50f79e513a05dfbdf4cdb2cb37e32d58278e4660c2d4a99a91bde.jpg
CN0174,CN,7,已读并纳入,CELL07-052,NADH电子经呼吸链最终交O₂；泵H⁺建立内膜梯度，ATP合酶利用回流，胞质NADH需穿梭。,,来源/中文教材/images/part_002_d2f0f7616a5e4b18fd38b2cd03493ac98a389e832fc833f6b1b9d7d878815fe6.jpg
CN0175,CN,7,已读并纳入,CELL07-022,复合体Ⅰ、Ⅲ、Ⅳ泵质子，Ⅱ不泵；NADH一对电子典型共泵10H⁺，须区分传电子与泵质子。,,来源/中文教材/images/part_002_d84e1c72b2b467d0925b4892c22c08edc51613c0895e79d8fafefd8708267d6a.jpg
CN0176,CN,7,已读并纳入,CELL07-121,叶绿素自发荧光显示叶绿体，DAPI标记核和DNA；不能凭荧光颜色推出同一物质。,,来源/中文教材/images/part_002_17adcb4636f7588265d4ef96d48d4d261142c3b38789bb6499ed5b8465da79ad.jpg
CN0177,CN,7,已读并纳入,CELL07-151,强光使野生型叶绿体避光重新分布，chup1突变反应异常；需区别位置变化与叶绿素合成减少。,,来源/中文教材/images/part_002_682249daae8158728de8f2eebb873c9844d90e534cf56fb4ae67db9eedfe7a91.jpg
CN0178,CN,7,已读并纳入,CELL07-153,叶绿体基质小管可形成动态连接，不等于所有叶绿体已融合成一个细胞器。,,来源/中文教材/images/part_002_f757f1088d39f170abd478b7e90ee929aa8723373f633b8d588f3b13d25ae180.jpg
CN0179,CN,7,已读并纳入,CELL07-153,叶绿体延伸小管的第二视图支持动态形态观察。,,来源/中文教材/images/part_002_37805138b68c551bb55e4f57ddff1233148f59a35280a9f45fcf7c052026563e.jpg
CN0180,CN,7,已读并纳入,CELL07-152,WT叶片绿色，对照var2白斑用于分化异常比较。,,来源/中文教材/images/part_002_9783b10916cbab335e41bd20a89035ab34ff5137407c3188565b3b954d5118f2.jpg
CN0181,CN,7,已读并纳入,CELL07-152,var2叶片绿色／白色区体现叶绿体形成异常，但单幅照片不能给出所有花叶成因。,,来源/中文教材/images/part_002_0ec088f4b9587ae2957a40b2a4be8f23c8899c7f44fd885d5f37439e48c992e7.jpg
CN0182,CN,7,已读并纳入,CELL07-152,WT原质体形成正常叶绿体，var2白区形成未正常发育的质体。,,来源/中文教材/images/part_002_f99aded17c13631bea5d7de2bb2dddee7c1f2f4fa7623695fbfc4757f372d9de.jpg
CN0183,CN,7,已读并纳入,CELL07-152,常春藤花叶图的遗传机制标为未知，不由表型反推特定基因。,,来源/中文教材/images/part_002_9e4e8955284faa1805e9803304c3cbf21c14a83bd6d45e9aaba0d8de637cd596.jpg
CN0184,CN,7,已读并纳入,CELL07-154,红藻叶绿体分裂外环在表面缢缩处。,,来源/中文教材/images/part_002_9231bfcca0a4d769090f2d41be2d295abb287ef2a5f20e4f57c8fe8a76fdddc1.jpg
CN0185,CN,7,已读并纳入,CELL07-154,分裂外环随分裂收缩，作为另一阶段的表面证据。,,来源/中文教材/images/part_002_1ec4e1d9583777cb7dd6aabc0c9c41833a39faedcb6ca5b82d9f11bc67a052a3.jpg
CN0186,CN,7,已读并纳入,CELL07-154,超薄切面在缢缩处看到分裂环横截面，须区别表面环和二维切面。,,来源/中文教材/images/part_002_9ec3b4a87e308c48dd150d415fde72850df45377a77cd66966134e21fdf8423f.jpg
CN0187,CN,7,已读并纳入,CELL07-154,放大切面显示内外环，二者由叶绿体包膜分隔。,,来源/中文教材/images/part_002_ef7530a1d535769ee09d3da59d8eaf25939d5920cb9aa3422d8bd99299195b38.jpg
CN0188,CN,7,已读并纳入,CELL07-154,FtsZ环在基质侧，Arc6跨内膜传位置给Pdv2，外膜Pdv1／Pdv2招募胞质侧Arc5。,,来源/中文教材/images/part_002_0e010f5fc2b6f2590621dd44bda81dfdd860efaf75f43f2a68696c14c1929ce5.jpg
CN0189,CN,7,已读并纳入,CELL07-075,基粒与基质类囊体连成连续膜腔，S为淀粉粒；淀粉粒不是膜囊。,,来源/中文教材/images/part_002_ed8ad16b3db9223b44310c5ae11fb1ed1a94e41eb3295b3528d2330da13f5964.jpg
CN0190,CN,7,已读并纳入,CELL07-082,天线传递激发能给反应中心，反应中心电子转移造成电荷分离，能量传递不等于电子逐色素传递。,,来源/中文教材/images/part_002_2fff58601a72df5001bd71313666bf510e47503fe7b3d029a4511dbb1338edd5.jpg
CN0191,CN,7,已读并纳入,CELL07-113,Z方案为PSII→PQ→b₆f→PC→PSI→Fd→NADP⁺；每O₂至少需8光子，产生4电子。,,来源/中文教材/images/part_002_ee22d3e5e90d4d123bd9e389e75ded97ff843a49d2cbeff938e475439871fa83.jpg
CN0192,CN,7,已读并纳入,CELL07-087,PSII氧化水在腔侧产生O₂和H⁺，PQ在基质侧取H⁺；易错OCR不能将PQ写作质体醛。,,来源/中文教材/images/part_002_716fd4b02aeb9a2e90d9a4df7384ae12c287d9ad78780f342f947256bfc1940d.jpg
CN0193,CN,7,已读并纳入,CELL07-095,PSI的P700再次激发电子，经铁硫中心和Fd交给NADP⁺还原酶，NADPH在基质侧形成。,,来源/中文教材/images/part_002_f4341379ee52a3f9657669e4f38dedec9f121443a9310d6fd0e7ae40ab5d436d.jpg
CN0194,CN,7,已读并纳入,CELL07-110,PSII水氧化和PQ／b₆f共同积累腔内H⁺；H⁺经ATP合酶回基质，催化头向基质，光反应膜不是叶绿体包膜。,,来源/中文教材/images/part_002_f473ec256d8e9835bfa56341a431d66720a936aa7067a2f3a79125f971afa274.jpg
CN0195,CN,7,已读并纳入,CELL07-115,固定6CO₂经12个三碳中间物净产2个三碳糖，消耗18ATP及12NADPH；其余碳再生RuBP。,,来源/中文教材/images/part_002_bfefe3df48740a5fd0dbccb22253a0c041f5e6197a88b7e065187211dbee5956.jpg
CN0196,CN,7,已读并纳入,CELL07-155,核基因突变影响叶绿体RNA编辑可使幼叶黄化；表型不必由叶绿体DNA突变直接造成。,,来源/中文教材/images/part_002_209b788261af85447c07227df811ab234fd03491309faf144f34e9d53f3fed7c.jpg
CN0197,CN,8,已读并纳入,CELL08-199,微丝单通道荧光分布，需依据抗体／探针说明区分骨架。,,来源/中文教材/images/part_002_a1f35825f8cc95f7734b10e49a1c498fbc53dbd7d28f33165ad053af8bf46a55.jpg
CN0198,CN,8,已读并纳入,CELL08-199,微管单通道网络，不能只凭红色推断结构名称。,,来源/中文教材/images/part_002_82e55caff05d168f0bfd3481600422762858bb6684eb26e4035dd7872a5beaae.jpg
CN0199,CN,8,已读并纳入,CELL08-199,中间丝单通道网络，与微丝、微管需并列比较。,,来源/中文教材/images/part_002_55690b9ebbb1207dee8ac738707ce8ec284dc7d145fd4fb0d2b4b8beb2788049.jpg
CN0200,CN,8,已读并纳入,CELL08-199,三通道叠加显示三类骨架共存且分布不同，重叠不证明直接分子结合。,,来源/中文教材/images/part_002_79b7eac531ce6f1989c079dfa560c3ecb5baff2de57100dc2ba85c8560bfe928.jpg
CN0201,CN,8,已读并纳入,CELL08-067,G-actin有ATP结合位点，F-actin同向聚合具有正负端，重复螺距约36nm。,,来源/中文教材/images/part_002_7578cc18a0b6433c9ee6682b5f55ed770e61909cdfcb7af7c35f06fe44a8b4b4.jpg
CN0202,CN,8,已读并纳入,CELL08-038,正端添加、负端丢失形成踏车，可保持总长度而亚基持续周转。,,来源/中文教材/images/part_002_ff95695e01dca973418d4e8ea0ffc3be2b12c9a97dbcb03ea088ccd58ec3451e.jpg
CN0203,CN,8,已读并纳入,CELL08-009,胸腺素β4结合储存单体，profilin促进核苷酸交换和正端装配；名称“前纤维／抑制”不能代表唯一功能。,,来源/中文教材/images/part_002_1850ff2ed9ed78c5a98120e3dcde7344e6ef7968a4fa917a459d5e8509cae4af.jpg
CN0204,CN,8,已读并纳入,CELL08-005,Arp2／3在旧丝侧成核分支，新丝正端延伸；加帽蛋白封端限制继续添加。,,来源/中文教材/images/part_002_93f81e4df7bf2187df965a2e4c6c3cdb1eb157e9bbd6c7a33b30a05bb13a56c0.jpg
CN0205,CN,8,已读并纳入,CELL08-019,Fimbrin紧密交联平行束，适合微绒毛支撑。,,来源/中文教材/images/part_002_ac0810ec2a8fd1e6b5476ca2976a12011eada8803d5823977847421814a1aa44.jpg
CN0206,CN,8,已读并纳入,CELL08-021,α-actinin形成较松间距交联，给肌球蛋白收缩留空间。,,来源/中文教材/images/part_002_b023226a1c15c5f6fadb8a0d2ebceb24051a279d201263c2df38e4451e5d69ec.jpg
CN0207,CN,8,已读并纳入,CELL08-023,Filamin形成交叉网络，支持细胞皮层。,,来源/中文教材/images/part_002_1fe66949fb16c814da915bdb20e7d087337808d46ec32937f2d889200cfda134.jpg
CN0208,CN,8,已读并纳入,CELL08-048,微丝荧光显示应力纤维及皮层，但形态不能单独给出聚合速率。,,来源/中文教材/images/part_002_5a5e22be744ba3656dd76bb5293d54fe75cf5a07301ee69f5d476abdf4dd7d5f.jpg
CN0209,CN,8,已读并纳入,CELL08-047,应力纤维反向束、片足交叉网、丝足平行束体现同种亚基的不同几何组织。,,来源/中文教材/images/part_002_9b1418ba4a0bbf04d3a92a8087e3917255398be9f5f04fbe899d8727a899fd66.jpg
CN0210,CN,8,已读并纳入,CELL08-077,微绒毛由平行微丝束支撑，微丝正端靠顶端，肌球蛋白I联接膜；不能把微绒毛称纤毛。,,来源/中文教材/images/part_002_263ffbf049cfdb571fb76f8f173918827b7beeea2edd746efd80ba4c624b22ed.jpg
CN0211,CN,8,已读并纳入,CELL08-078,分裂沟处微丝富集的荧光图，支持收缩环定位，需要与微管纺锤体区分。,,来源/中文教材/images/part_002_2f4d350dc24a16509ef9def1869dc651fc661c6ba048e4890b674de93830071b.jpg
CN0212,CN,8,已读并纳入,CELL08-078,收缩环包围两子细胞间的分裂沟，环收缩作用于胞质分裂。,,来源/中文教材/images/part_002_0fc3a9e251c32999303f0c67340b9a2eb33846999f0e7271c46af38a1c973645.jpg
CN0213,CN,8,已读并纳入,CELL08-027,肌球蛋白II双头具有ATP及肌动蛋白结合位点，尾形成双极粗丝。,,来源/中文教材/images/part_002_bb5ac779a6405904ac15dbcdafe4cd756ffbf20155bf33a28ec8bb03fd0c55ec.jpg
CN0214,CN,8,已读并纳入,CELL08-028,不同肌球蛋白共享马达域但尾及寡聚方式不同，不能全都看成双极粗丝。,,来源/中文教材/images/part_002_b020d593422e743b07482e0882f8c66640827434bf179dabacdc7bf1320ae593.jpg
CN0215,CN,8,已读并纳入,CELL08-088,固定肌球蛋白推动轨道微丝反向滑动，必须区分马达行走方向和实验中微丝移动方向。,,来源/中文教材/images/part_002_09c662e7a50375ee067d8dcee23634576f1a1b744c2e11018e73ae4122706bda.jpg
CN0216,CN,8,已读并纳入,CELL08-087,肌节为两Z线之间，A带含粗丝，H区无细丝重叠，I带无粗丝。,,来源/中文教材/images/part_002_2c135b326bb6db18dea957efee26bf26515814f815504bcb6cbfb0a22ce72e34.jpg
CN0217,CN,8,已读并纳入,CELL08-087,肌节电镜的明暗带由丝的分布造成，不能由二维明暗断言蛋白成分。,,来源/中文教材/images/part_002_d8d9b8113ae206d637c33df73b26906bd60e801be267281e008a725a031fe795.jpg
CN0218,CN,8,已读并纳入,CELL08-087,另一收缩状态可比较Z线距离和H／I区域，A带宽度近似不变。,,来源/中文教材/images/part_002_460792365a70388b3edd5561d7562a9b34bad64f108af4a8da9156ad187f0a8a.jpg
CN0219,CN,8,已读并纳入,CELL08-050,肌节模式中细丝锚Z线，粗丝位于中央，肌联蛋白联系粗丝与Z线，CapZ封正端。,,来源/中文教材/images/part_002_0d79f0cfae227ef7968045129c51f6ac0d3fd5c058263f81c5f0479f3eb6ef13.jpg
CN0220,CN,8,已读并纳入,CELL08-050,收缩时粗细丝重叠增加，丝长度不变；图与前幅是状态对照。,,来源/中文教材/images/part_002_d38c3e96c35a5a2f46e9e524fa8aa67f93996d3d6242ad9bec2ee690c3daa4a9.jpg
CN0221,CN,8,已读并纳入,CELL08-049,横切面显示粗丝与细丝的六角分布，是重叠区域结构证据。,,来源/中文教材/images/part_002_d435a9d670595240c1d397ed9ca92530371a0739f2549d7d557ae05982ad3da2.jpg
CN0222,CN,8,已读并纳入,CELL08-049,另一肌节横切面反映取样位置不同，不能把所有截面粗细丝比例视为固定常数。,,来源/中文教材/images/part_002_2469968bc16362e5b4e320b300d08eceb24b3da2dd849cd1399e7fdcf8a218b3.jpg
CN0223,CN,8,已读并纳入,CELL08-049,纵切面显示粗细丝平行排列，结合横切面构成立体结构判断。,,来源/中文教材/images/part_002_810c77b95f5b26d395665a733a8eb36ac718aa94e3a0d89f1fb8f6812b55fa2f.jpg
CN0224,CN,8,已读并纳入,CELL08-064,肌钙蛋白C结合Ca²⁺，T连接原肌球蛋白，I参与抑制；Ca²⁺变化使结合位点暴露。,,来源/中文教材/images/part_002_b2337b558088dcae223fdabbe5d2d8a47073033762841a3305a3761e02c7a8fa.jpg
CN0225,CN,8,已读并纳入,CELL08-081,ATP结合使肌球蛋白从actin解离，水解使头复位，Pi释放伴做功，ADP释放后等待下一ATP。,,来源/中文教材/images/part_002_989a1687160549ea85062979f02f0f8c385ac0c2632b02f985782a87e2676bb7.jpg
CN0226,CN,8,已读并纳入,CELL08-095,微管由α／β二聚体同向聚合，典型13条原纤维形成中空管，β朝正端，α朝负端。,,来源/中文教材/images/part_002_1a3d137dbf0bd8f61eea23f96c61538f8e68a52bd21ab0c01bbb5b07b8d26d9a.jpg
CN0227,CN,8,已读并纳入,CELL08-101,微管从中心附近向外辐射的荧光图，形态不能独自证明所有微管都由中心体成核。,,来源/中文教材/images/part_002_90b96442df270f23e82f88014296213af4833e8b0be561ee3b4227298b603c8d.jpg
CN0228,CN,8,已读并纳入,CELL08-158,GTP微管蛋白加到端部，β上的可交换GTP装配后水解，α上的GTP不是同样的交换位点。,,来源/中文教材/images/part_002_68efdabe30506cc4bd6903f50a63e4a15935a801d817da67d177f0b4fd7626ed.jpg
CN0229,CN,8,已读并纳入,CELL08-111,GTP帽丢失后GDP区域原纤维外翻快速缩短，体现动态不稳定性。,,来源/中文教材/images/part_002_fc53989ff87ad8fe2e61f0a1e75f5c3a523d92277ef79c059f24ddeadd0d317d.jpg
CN0230,CN,8,已读并纳入,CELL08-123,秋水仙碱使微管解聚，洗去药物37℃恢复后从MTOC重新组织；动态网络不是永久固定管。,,来源/中文教材/images/part_002_bb8dfe69018f14cbf332bdb2f403f4edf80605d23293a1d9896d9604905b9fe2.jpg
CN0231,CN,8,已读并纳入,CELL08-108,中心粒9组三联管与PCM不同，γ-微管蛋白模板位于周围物质并组织负端成核。,,来源/中文教材/images/part_002_dbf135e9d6be726c5549278f294fa95588a3f95fa9f9cac8124b56e47302246e.jpg
CN0232,CN,8,已读并纳入,CELL08-157,活细胞微管末端0秒时间帧，仅是动态起点，需与后续帧比较。,,来源/中文教材/images/part_002_2caacaa292371a233c53df5930640ebfb24ae6ef6be8f60c2907676454e15cc4.jpg
CN0233,CN,8,已读并纳入,CELL08-157,48秒微管末端位置变化支持生长或缩短的追踪。,,来源/中文教材/images/part_002_97910022ef20f16ddd39ef425a847c27aac2a3855932a5c3181e5f0da2d55ccd.jpg
CN0234,CN,8,已读并纳入,CELL08-157,78秒继续显示同根微管末端可改变方向，不能把快照当稳定长度。,,来源/中文教材/images/part_002_6a338dba90765ef9f4dc5d37a353999e60e00c55887da2ec3d54de39582c965c.jpg
CN0235,CN,8,已读并纳入,CELL08-157,117秒终帧与前三幅共同解释动态不稳定性。,,来源/中文教材/images/part_002_79f4009fc9116d26f62c30fd70b2da10913fe8bea82aad924d64b15a00c0c18d.jpg
CN0236,CN,8,已读后排除,,二维码仅为动态录像入口，不含独立考点，不作为图片卡。,录像二维码，没有独立生物学图形考点,来源/中文教材/images/part_002_aae350fd821eca5ac0449051b72f81a42aec0e3eb786325143132a9c8430bc06.jpg
CN0237,CN,8,已读并纳入,CELL08-117,MAP2与tau可交联微管但间距和神经元区室不同；神经丝也是并行存在的骨架。,,来源/中文教材/images/part_002_54e563344089c50b05f415e41a576b209cae661a1aa7eba3f13d3c0b1fe18bb9.jpg
CN0238,CN,8,已读并纳入,CELL08-139,轴突货物与微管间有桥接结构，静态接触不能证明运动方向或特定马达。,,来源/中文教材/images/part_002_58069c9a84e9dc1dcb1af98fb6a2a3ddf49d45d08146745de5027b76d8c3141d.jpg
CN0239,CN,8,已读并纳入,CELL08-201,GFP-calumenin荧光时间序列；分泌蛋白经ER和高尔基体形成囊泡，箭头显示运动；静态定位不能单独证明运输方向。,,来源/中文教材/images/part_002_7efc8b9e0d9610d92c972a738b7165da860ad9b39c7dae130ab2ae9dc4df0a57.jpg
CN0240,CN,8,已读并纳入,CELL08-201,GFP-calumenin荧光时间序列；须按图内时间排序追踪同一囊泡，不按Markdown图片顺序判方向。,,来源/中文教材/images/part_002_f5623954f1ea5b429dbcc0e3a75edd3f44e83478b608e4920027825d5f2f4042.jpg
CN0241,CN,8,已读并纳入,CELL08-201,GFP-calumenin囊泡时间序列48秒；箭头位置需和其他时间点比较判断运动。,,来源/中文教材/images/part_002_7aa156b4a6df80aa8888a998a27ef6169fddbc022e91d00c2df8e77a69fd770e.jpg
CN0242,CN,8,已读并纳入,CELL08-201,GFP-calumenin囊泡时间序列51秒；与48秒等帧比较，不凭单帧判定马达。,,来源/中文教材/images/part_002_9a867d83eb405a7d16120378d7c8e3622b6732d92040e2d514e23ced698e6724.jpg
CN0243,CN,8,已读并纳入,CELL08-201,GFP-calumenin囊泡时间序列39秒；高尔基体附近荧光并非全部固定不动。,,来源/中文教材/images/part_002_aa894f600bf015cb533fa1f941e755d6c2e8b4fa446e5d492867287870862669.jpg
CN0244,CN,8,已读并纳入,CELL08-201,GFP-calumenin囊泡时间序列43秒；多帧追踪显示运输，马达身份需额外干预。,,来源/中文教材/images/part_002_e7f37ff514e63fe9ad5db4b665482040ceadd92e9955a9fecea189ab56f5d475.jpg
CN0245,CN,8,已读后排除,,二维码；不是生物学图，排除出卡片。,录像二维码，没有独立生物学图形考点,来源/中文教材/images/part_002_7d689fc356e9c8647838ec4754db1a95966db98473763d1f298ba24b1bb76591.jpg
CN0246,CN,8,已读并纳入,CELL08-127,常规驱动蛋白双头马达结构域、杆状区、尾及货物结合；马达头在微管上运动。,,来源/中文教材/images/part_002_c407bbd00641d5b7ef552a67e17dfa1ec7df04e4c10154c9f279415f5011badb.jpg
CN0247,CN,8,已读并纳入,CELL08-134,细胞内微管极性及双向运输；常规kinesin朝正端，胞质dynein朝负端，方向以轨道极性为准。,,来源/中文教材/images/part_002_cf588a4f324bbcd6ffa3519f41ea1f4f49b11969293731ff602580cbce6e07e9.jpg
CN0248,CN,8,已读并纳入,CELL08-128,常规kinesin双头ATP循环交替步进，图示朝微管正端；不能推广所有kinesin都向正端。,,来源/中文教材/images/part_002_00ca8c3f5f1f0aab77d44ae6e474afb045b2b083e6536ba95dfe99b1c2576418.jpg
CN0249,CN,8,已读并纳入,CELL08-143,胞质动力蛋白与dynactin货物连接复合体；ATP酶马达头和微管结合柄属于动力蛋白，dynactin为辅助复合体。,,来源/中文教材/images/part_002_c7f060d44fc1e3b8bdeb9d6017c2a839f9fb4a40ea0411613fa2889e4ac344c2.jpg
CN0250,CN,8,已读并纳入,CELL08-133,图8-31胞质动力蛋白负染/金属投影电镜：两个马达头；不是纤毛横切面。,,来源/中文教材/images/part_002_35b160b414fb9f04fdb55ef8412fc45fc2f315d7799044de1049cc3d148fefa6.jpg
CN0251,CN,8,已读并纳入,CELL08-135,图8-31轴丝动力蛋白电镜：示例有三个马达头；不同轴丝动力蛋白头数可不同，不能推广全部。,,来源/中文教材/images/part_002_43e2850868469e5ca690783a41ebd9c0666b89930bcf388e10ed96878dfadd68.jpg
CN0252,CN,8,已读并纳入,CELL08-147,轴丝典型9+2二联微管与中央单管，基体9组三联；A管完整、B/C不完整，辐射辐条和内外动力蛋白臂。,,来源/中文教材/images/part_002_8c1ceba56f595aa340ecb1f43b0d8373e94467f9a458ae32e0e12f481dc59f63.jpg
CN0253,CN,8,已读并纳入,CELL08-149,原生纤毛发生；母中心粒与来源高尔基体囊泡对接，轴丝伸长并与质膜连续，常为9+0感觉纤毛。,,来源/中文教材/images/part_002_ae3cdcbd91c9fee71d72ed334ae2a336a4ff4dc3d49dc148f7396f7f4913ce79.jpg
CN0254,CN,8,已读并纳入,CELL08-151,纤毛内运输IFT，kinesin-2向顶端、动力蛋白向基体；跨越过渡区的IFT列车运输组分。,,来源/中文教材/images/part_002_3be1e5f17ef3f8b535570f8325456d6bf4ea252d41a0b51e31b02eff1d82527e.jpg
CN0255,CN,8,已读并纳入,CELL08-156,轴丝动力蛋白使邻二联微管相对滑动；连接蛋白及结构约束把滑动转为弯曲。,,来源/中文教材/images/part_002_18d5ad2bee4a45c1d25dc660016e4f5e0cb761901f54f01eb305e7108e0f2e31.jpg
CN0256,CN,8,已读并纳入,CELL08-190,中间丝细胞质网络电镜与免疫荧光；IF支持抗拉，不作为常规囊泡马达轨道。,,来源/中文教材/images/part_002_33082bcecb35c5cfb99afd516dceaef3e889ef03eb9c90e57f26e2091868d8e5.jpg
CN0257,CN,8,已读并纳入,CELL08-191,中间丝单体中央α螺旋杆状区与非螺旋头尾区；结构域并不表示纤维有正负端。,,来源/中文教材/images/part_002_e82e09ece0137daea195cb8b88a5b6a39e3e6fd9e057bec2d26abe5be1c24b06.jpg
CN0258,CN,8,已读并纳入,CELL08-188,中间丝平行双螺旋二聚体→反向错位四聚体→纤维；反向装配导致无极性，约10nm。,,来源/中文教材/images/part_002_c15f78004d2dbb265acfeed93ffdc266e9679ad9dd5c5443195943ed64c98399.jpg
CN0259,CN,8,已读并纳入,CELL08-186,核内膜下核纤层，核外膜与ER连续，核孔贯穿双膜；核纤层为lamin中间丝网络。,,来源/中文教材/images/part_002_b8f215d13b41353b853b78e7634e40f4fd7aee322f8414a4357f77992763f5aa.jpg
CN0260,CN,8,已读并纳入,CELL08-186,核纤层网架电子显微图；残留网状结构的提取条件应结合原位证据解释。,,来源/中文教材/images/part_002_008d7ba45c37de41fd3ab7ea3a244f93dd9799a03eddd70f983d66eece260aeb.jpg
CN0261,CN,9,已读并纳入,CELL09-006,核被膜双层与核孔、核周腔；核外膜延续ER并可附核糖体，核周腔与ER腔连续。,,来源/中文教材/images/part_002_5e1a353eaad712ddb957a1c045f857418ec4d07d0b60169380d502be0d0e244e.jpg
CN0262,CN,9,已读并纳入,CELL09-006,核电镜Chr染色质、Nu核仁、双层核被膜，200nm尺；核仁没有脂双层膜。,,来源/中文教材/images/part_002_69ccb08bd084f711b3017f05c779dc65de9e3d5cc438a7c31a9c35403b47a5be.jpg
CN0263,CN,9,已读并纳入,CELL09-008,核表面核孔阵列形貌图；点状/环状结构需与下幅电镜和结构图比较。,,来源/中文教材/images/part_002_a14ced6f81812b09984b238abe1bc9ed39a682cb926fed4882e87fad219fe8c3.jpg
CN0264,CN,9,已读并纳入,CELL09-008,核孔复合体电镜环状孔口；形态不能单独证明选择性运输功能。,,来源/中文教材/images/part_002_f719f7588c51a93274099ec5f1520bc2febd5792e40c09ebc89192a456d4825a.jpg
CN0265,CN,9,已读并纳入,CELL09-008,核孔复合体高分辨率扫描电镜，核侧可见核篮；与胞质侧形态有差别。,,来源/中文教材/images/part_002_fd27e6f26e219bfb5614f88e6217e31eaa4f1daa8223c4eaeef018ba0ca47f05.jpg
CN0266,CN,9,已读并纳入,CELL09-008,核孔结构模型显示八重对称环与胞质纤维、核篮的两侧不对称；中央栓不是所有孔都有的固定堵塞物。,,来源/中文教材/images/part_002_27177d29241cc6e8cbde516d9645e3bd6ecf13077fe08a9ceb0da71469134755.jpg
CN0267,CN,9,已读并纳入,CELL09-008,核孔被动扩散与受体介导的输入/输出对照；图中50kDa阈值是近似，受形状等影响，受体运输也不是ATP直接推货物。,,来源/中文教材/images/part_002_f915064ebc3db8108d55a8f78d54246ff77a8c617224a2b4d37cd3874478537f.jpg
CN0268,CN,9,已读并纳入,CELL09-021,经典importin-α/β核输入；胞质识别NLS，核内Ran-GTP促货物释放，受体回收；方向来自Ran梯度。,,来源/中文教材/images/part_002_f44c78987c6c8749777987898061275b51e787a5f4f9dadef9120d634e37f58b.jpg
CN0269,CN,9,已读并纳入,CELL09-018,冷冻蚀刻电镜显示核纤层网状纤维，支持核形并联系染色质。,,来源/中文教材/images/part_002_3909752883fc575ea8cff32bfbe9064bb9998793bdc432076177ebd7e2aac6f6.jpg
CN0270,CN,9,已读并纳入,CELL09-109,复制、转录、修复在染色质模板上进行；复制前局部解包、复制后重新装配核小体。,,来源/中文教材/images/part_002_549b3fab66d5a2a5d36752c931d77f3cc77cbc2fe05f7d4715a4fc1fb1a2d656.jpg
CN0271,CN,9,已读并纳入,CELL09-047,串珠状核小体电镜，颗粒间有连接DNA；重复单位约200bp而核心约147bp。,,来源/中文教材/images/part_003_e10e2c804932914dfd1b7cfd96bd070719c2bbfc2809188b6a6237337abbbd0f.jpg
CN0272,CN,9,已读并纳入,CELL09-047,核小体晶体结构模型显示DNA绕核心八聚体；H1不在核心八聚体内。,,来源/中文教材/images/part_003_a8fa744e4fab260b3534425d07d4399c1c13a97907a84f8337ce7f868597c51c.jpg
CN0273,CN,9,已读并纳入,CELL09-043,核小体、连接DNA、H1与非组蛋白示意；H1结合进出与连接区，而不是核心八聚体组分。,,来源/中文教材/images/part_003_5466134d957b2448784808043aa54839696474ed114d7d309ffb3bfe10325dc1.jpg
CN0274,CN,9,已读并纳入,CELL09-047,染色质装配与辅助因子示意；H3-H4四聚体及两H2A-H2B二聚体形成八聚体，装配、重塑、修饰是不同过程。,,来源/中文教材/images/part_003_defad542ed2cb4dadee4a301e159d1deaa019cdaa7026201b05105593c71457c.jpg
CN0275,CN,9,已读并纳入,CELL09-076,30nm染色质纤维结构研究模型；图示特定重构/研究条件，不应当作所有活细胞普遍必经层级。,,来源/中文教材/images/part_003_9ba29adf7dcf4e0b88e9a675cbeaf1332afe801da26df61378e4116353d804af.jpg
CN0276,CN,9,已读并纳入,CELL09-076,DNA到中期染色体的经典多级折叠模型；保留考研模型同时注明30nm纤维体内存在条件和异质性。,,来源/中文教材/images/part_003_04641c457c31cbe26e4aab641654120d1784430e5f05fefdc6a4505e00a88959.jpg
CN0277,CN,9,已读并纳入,CELL09-096,果蝇相关H3/H4修饰和酶的示例；活性/非活性区域的关联不同，甲基化效果依赖残基与级别。,,来源/中文教材/images/part_003_88d0e69d0668134eec32c149688f59f375d8c8dea8b2f07e29c620aa0905837f.jpg
CN0278,CN,9,已读并纳入,CELL09-096,H3尾部修饰位点组合示意；不能由是否甲基化一项判断转录开关。,,来源/中文教材/images/part_003_61ba9266f25c485f92a82aeb24bdf3fffb7370aba4b88411129a6f9d4e8a3681.jpg
CN0279,CN,9,已读并纳入,CELL09-110,复制叉后亲代/新生组蛋白分配与写入/读取因子重建异染色质；新生DNA仍需维持性标记。,,来源/中文教材/images/part_003_614986da47ab4fbe978f7405168094b64a6624013603e685050e227631aa2ea4.jpg
CN0280,CN,9,已读并纳入,CELL09-099,ATP依赖核小体重塑暴露转录因子结合位点；核小体位置变化可改变可及性，未必减少核小体总量。,,来源/中文教材/images/part_003_aa82953fab76ca0299abacc780cf0e21f3139ffa2305dad4e2e79e78d3a3207d.jpg
CN0281,CN,9,已读并纳入,CELL09-093,HAT乙酰化赖氨酸、HDAC去乙酰化；正电性质和招募发生变化，调控结果具有背景依赖性。,,来源/中文教材/images/part_003_52f5b6d5f3a2257adbd2286135919107d49ae397e639fdae03de560d26bf4f99.jpg
CN0282,CN,9,已读并纳入,CELL09-093,序列特异转录因子招募去乙酰化复合体或HAT复合体；定位决定受调控区域。,,来源/中文教材/images/part_003_2b0536d4738c60c857f2f4735cb7e4ded937b24fbdc520b195217f59f4577d47.jpg
CN0283,CN,9,已读并纳入,CELL09-105,Xist RNA顺式参与X染色体失活；失活X仍有逃逸基因，并非所有基因永久关闭。,,来源/中文教材/images/part_003_1228d99e6d3ef992279e0ffc3c8108c40610ecbf59b33130cd79fe0ab310ebda.jpg
CN0284,CN,9,已读并纳入,CELL09-129,酵母HO基因逐步招募重塑、HAT、转录因子和聚合酶II；不同调控机器协同。,,来源/中文教材/images/part_003_9c924fac4d8b88462012cc6e862838805dff866108948d25bffd3efd899403c2.jpg
CN0285,CN,9,已读并纳入,CELL09-191,图9-22果蝇翅成虫盘的空间表达：红色为dpp-GAL4介导的Uif、绿色为Wg，在前后/背腹边界分布不同；不是灯刷染色体。,,来源/中文教材/images/part_003_a05fe89ac788bbeceaa5c86d681c2865bb2a4868c5e94cc982b53ee4aa9f6d06.jpg
CN0286,CN,9,已读并纳入,CELL09-161,按着丝粒位置区分中/亚中/亚端/端着丝粒染色体；短臂p、长臂q，主缢痕不同于次缢痕。,,来源/中文教材/images/part_003_9ed0c6dd02ef705e7cac0d99adf398e43c7ce7f5f9af85e9751af017d030ef7b.jpg
CN0287,CN,9,已读并纳入,CELL09-142,着丝粒染色质与外侧动粒复合体；动粒连接微管，着丝粒并不是整个动粒蛋白层。,,来源/中文教材/images/part_003_cf686cb3d10a95c42bfac741328a07df3d74511009932d5f839433c8acafa304.jpg
CN0288,CN,9,已读并纳入,CELL09-148,真核染色体端粒、多个复制起点、着丝粒三类元件：复制、分离、保护末端分别有需求。,,来源/中文教材/images/part_003_4d711076da1a164037a0591ee7944e489aac927c907ab492c49d691ab9969076.jpg
CN0289,CN,9,已读并纳入,CELL09-159,端粒酶以内置RNA为模板延伸3′端DNA，后续DNA聚合酶填补互补链；延长方向5′→3′。,,来源/中文教材/images/part_003_ae82045cd7a6bca00540bd745571e774f337baf2fb3f740ed5b1ff02a0883738.jpg
CN0290,CN,9,已读并纳入,CELL09-155,人染色体显带/大小示意；带型识别需数目、着丝粒和带纹，图内Mb数字不是用于背诵的固定现行基因组值。,,来源/中文教材/images/part_003_f70b0e5da38308c37e0931387d825936c05362fec67583b61045202e25987225.jpg
CN0291,CN,9,已读并纳入,CELL09-162,果蝇唾腺多线染色体免疫荧光：红色HP1、绿色dCAF1-p180；条带与区域分布体现不同组分定位，不据颜色直接判断全部基因转录。,,来源/中文教材/images/part_003_50107ce715f95f1aea610268225496b23056d1773d3796e1a0104fa4a167370b.jpg
CN0292,CN,9,已读并纳入,CELL09-171,核仁电镜显示纤维中心FC、致密纤维组分DFC和颗粒组分GC；区分rRNA早期加工和后期装配。,,来源/中文教材/images/part_003_f5f245a28176b7c9ef927fec4d8022a29f048581e34b8ca4800ef364c9ec4670.jpg
CN0293,CN,10,已读并纳入,CELL10-021,核糖体大小亚基可解离与重组；70S不是50S+30S算术和，S为沉降系数。,,来源/中文教材/images/part_003_25ef4efc56bc904eb9c5f80900e2cffeb4e29df9778ec10a9256282f4f1f30b3.jpg
CN0294,CN,10,已读并纳入,CELL10-002,大肠杆菌70S核糖体三维结构；rRNA构成核心，tRNA在A/P/E位点，肽键催化核心为大亚基rRNA。,,来源/中文教材/images/part_003_af755800634d8852ff4e8f33461b56a08584725f74aca9d2c4a278e78b0c94aa.jpg
CN0295,CN,10,已读并纳入,CELL10-015,核糖体A/P/E位点、mRNA结合和肽链出口；A进氨酰tRNA，P承载肽酰tRNA，E退出。,,来源/中文教材/images/part_003_772f2fa181d11c1272072c4d62504cf0307b14e15643d445137000f35f20c8dc.jpg
CN0296,CN,10,已读并纳入,CELL10-061,多聚核糖体在同一mRNA同时翻译，多条新生肽长短不同；每个核糖体独立合成一条肽。,,来源/中文教材/images/part_003_4dbe47d7118abc4c2145e524019231c097b925af367b18e53f07388aef0e99af.jpg
CN0297,CN,10,已读并纳入,CELL10-046,细菌翻译起始、延长、终止；mRNA5′→3′，肽链N→C，终止由释放因子识别。,,来源/中文教材/images/part_003_fd8f7ff3d497f1c7157d097d488ea24427361db404ee1ba85ae7ee43ba52a150.jpg
CN0298,CN,10,已读并纳入,CELL10-032,细菌IF3结合30S防止提前与50S结合；正确起始复合体组装后允许大亚基加入。,,来源/中文教材/images/part_003_4571c8402c5c0d6e30ae1231905179687de5ca3db2579a7daba4ba058c9eae61.jpg
CN0299,CN,10,已读并纳入,CELL10-038,细菌延长循环EF-Tu递送氨酰tRNA、肽键形成、EF-G促移位；图中因子标注有OCR混淆，应依文字校正。,,来源/中文教材/images/part_003_37c8a896416e415d2366af6ac888deeeee627f833c44ba810bb2e99db29bbf46.jpg
CN0300,CN,10,已读并纳入,CELL10-070,RNA世界演化假说示意；RNA可兼信息与催化，假说不等于完整历史过程已被直接证实。,,来源/中文教材/images/part_003_9f5a44c59d74127161b1fd9367346ebf7df9d1e7e6a4d4d9ab7d58b6ea17c31d.jpg
CN0301,CN,11,已读并纳入,CELL11-009,内分泌、旁分泌、自分泌、突触与接触依赖信号对照；作用距离和运输方式不同。,,来源/中文教材/images/part_003_1d6b74347c697d6cce732945201c58db9bdcc225b2cc7773c24b782143c459dc.jpg
CN0302,CN,11,已读并纳入,CELL11-238,膜受体三类：配体门控离子通道、GPCR、酶联受体；酶联受体可有自身催化域或招募相关激酶。,,来源/中文教材/images/part_003_da0800877cb83845e4b83e373620c3d1c3fc1e32c557a3707a20617fcffb02d8.jpg
CN0303,CN,11,已读并纳入,CELL11-040,细胞信号快反应改变现有蛋白，慢反应改变基因表达和蛋白合成；并非所有应答都先转录。,,来源/中文教材/images/part_003_edf68fe0f4be819fc3954cd4ccf8170046d10d25cf4a1f1fe5e8679ba4a7443b.jpg
CN0304,CN,11,已读并纳入,CELL11-019,cAMP/cGMP/IP3/DAG等第二信使结构；IP3水溶性释放ER钙，DAG留膜激活相关PKC。,,来源/中文教材/images/part_003_872ed9d0d257d3c3337fee0a9d98ef5a11eb01c7adb28d7556e882a621dc84c7.jpg
CN0305,CN,11,已读并纳入,CELL11-052,GTP酶GDP/GTP开关；GEF促进交换，GAP促进水解；GDI适用于特定GTP酶，不是所有GTP酶通用抑制剂。,,来源/中文教材/images/part_003_21c068f904a78dc11329180f8a42a73249adf751501b4521cd1e7b3a5597a54f.jpg
CN0306,CN,11,已读并纳入,CELL11-036,激酶磷酸化与磷酸酶去磷酸化；图画磷酸化激活示例，其他靶蛋白可相反。,,来源/中文教材/images/part_003_f9209cdb3f33a4cf243c66abc19f6762185882e349d305f87fafb702f84c3c14.jpg
CN0307,CN,11,已读并纳入,CELL11-237,信号接收→胞内传递/放大→效应蛋白→代谢、表达、骨架等结果；放大程度依环节。,,来源/中文教材/images/part_003_cf414e8b7d2cf6fc3a1a061f92b1fd150ea1bcbc9c0376b66a8d44e962a0fa35.jpg
CN0308,CN,11,已读并纳入,CELL11-025,受体磷酪氨酸招募含SH2/PTB蛋白，Grb2用SH3接富脯氨酸Sos；支架组织而非自己承担全部酶催化。,,来源/中文教材/images/part_003_698cec3c2b8584e0215320c7649e839babcec40e3ce9fb46d8a60dee62098ec4.jpg
CN0309,CN,11,已读并纳入,CELL11-038,信号复合体预组装、配体诱导招募、磷脂定位三种组织方式；空间定位影响信号特异性。,,来源/中文教材/images/part_003_431257af189fc8e39934a27e7fec7a00ca37c48f764068f31248b57c9648428e.jpg
CN0310,CN,11,已读并纳入,CELL11-041,GPCR七次跨膜拓扑，N端胞外C端胞内；异三聚体G蛋白位于胞质侧。,,来源/中文教材/images/part_003_a7dab683bb03be2f0d8903727ba4ad84779c127984b008963f05eba745553332.jpg
CN0311,CN,11,已读并纳入,CELL11-013,GPCR激活Gα GDP→GTP，Gα与Gβγ调节效应器，Gα水解GTP关闭并重新组合。,,来源/中文教材/images/part_003_b44279bde757a7a348a865d87b345df6854a6aa2b6c2eb6bdf3222d542307d75.jpg
CN0312,CN,11,已读并纳入,CELL11-048,心肌M2乙酰胆碱受体通过Gβγ开启K+通道；GPCR作用可以直接调通道，不一定先产生第二信使。,,来源/中文教材/images/part_003_36e8fd6452ffaf0e68e062966e0f90d9b2015f0ae5d11f572a55516d2cb606aa.jpg
CN0313,CN,11,已读并纳入,CELL11-066,视杆光反应：光活化视紫红质→传导素→PDE→cGMP下降→阳离子通道关闭→超极化；暗态cGMP通道开放。,,来源/中文教材/images/part_003_5b7700ff2fd611c6d9664f1959f97e79dc805e7449cf229031ceb7e631db0553.jpg
CN0314,CN,11,已读并纳入,CELL11-058,Gsα刺激、Giα抑制相应AC，ATP→cAMP；相同第二信使可接受相反输入。,,来源/中文教材/images/part_003_d895f844e4e7a654e5ba102524b433c3796be76abbdd004e01c40d05ee675f83.jpg
CN0315,CN,11,已读并纳入,CELL11-067,跨膜腺苷酸环化酶典型两个六跨膜模块和胞质催化域；不是七次跨膜GPCR。,,来源/中文教材/images/part_003_9e94b3e6077db1824b26972f3c68fec31fd9dcc86d82ec7e36e7e4f160827a09.jpg
CN0316,CN,11,已读并纳入,CELL11-055,Gsα与腺苷酸环化酶催化域相互作用的三维结构模型；G蛋白调节效应器而非受体自身产cAMP。,,来源/中文教材/images/part_003_92bd0a6caa434630dbf99817407408a58f5b1dd59d5dc00b733d8f7506a02d03.jpg
CN0317,CN,11,已读并纳入,CELL11-071,PKA典型R2C2；cAMP结合调节亚基解除对催化亚基的抑制，催化亚基磷酸化底物。,,来源/中文教材/images/part_003_dd24ba83a291b26b0e3b3948f9c76c6f61453e449ae6f729f1455662c370c45c.jpg
CN0318,CN,11,已读并纳入,CELL11-075,PKA活化糖原磷酸化酶激酶→磷酸化酶→糖原分解，同时抑制糖原合酶；磷酸化效果依蛋白不同。,,来源/中文教材/images/part_003_a908b8d99e777803502ef1511955f206564d001cf99af850f59fcc7499005c84.jpg
CN0319,CN,11,已读并纳入,CELL11-078,cAMP→PKA→CREB磷酸化→CBP/p300共激活及CRE靶基因转录；转录响应比已有酶活改变需更多步骤。,,来源/中文教材/images/part_003_7de498c2964f999fccda3a326ed22c4171fee77aeb629134950be44a66e935e8.jpg
CN0320,CN,11,已读并纳入,CELL11-079,"PI→PI4P→PI(4,5)P2的磷酸化及PLC切割→DAG和IP3；勿与PI3K产PIP3混淆。",,来源/中文教材/images/part_003_8793aec385117ea5fb285508bdf34e43d195c4efca17a89be1e40f81216680d2.jpg
CN0321,CN,11,已读并纳入,CELL11-091,Gq/PLCβ切割PIP2，IP3扩散至ER开放IP3受体放钙，DAG留膜；传统PKC受DAG和Ca2+共同调节。,,来源/中文教材/images/part_003_ee00e412199ad3f1e99d9c80731d32b14962ef8b434d44ed56dad3df001928a1.jpg
CN0322,CN,11,已读并纳入,CELL11-110,Ca2+来自胞外进入或ER释放，SERCA回ER、PMCA/交换体向胞外及线粒体缓冲；IP3受体是通道不是泵。,,来源/中文教材/images/part_003_01585831597b75dbdfef391a296aff4a2f1651209505ddc9e03a01da37748fda.jpg
CN0323,CN,11,已读并纳入,CELL11-241,Fluo-3心肌细胞共聚焦线扫描的时间—空间图显示局部短暂钙火花；荧光变化反映胞内Ca²⁺变化，钙源需配合RyR和膜通道干预判定。,,来源/中文教材/images/part_003_653d816e6748483c921ba62ced793d123cf4aca50d1099213a842b3089ccb6bd.jpg
CN0324,CN,11,已读并纳入,CELL11-241,钙火花三维荧光强度图显示局部Ca²⁺升高；质膜Ca²⁺入流可触发RyR簇的钙诱导钙释放，单幅荧光图不能独立证明因果。,,来源/中文教材/images/part_003_7cf1f207637283b742ead7df74a6f6cf22eb7cb5926ab6c66f9e7c0e1c64c709.jpg
CN0325,CN,11,已读并纳入,CELL11-102,ACh刺激内皮Ca2+/NOS，精氨酸生成NO扩散入平滑肌→可溶GC→cGMP→舒张；NO可跨膜。,,来源/中文教材/images/part_003_b41a795403af8b4a5a13380bfe6c5c8f1ee20b445ec98983938c88a248b98f25.jpg
CN0326,CN,11,已读并纳入,CELL11-091,PKC下游通路示例：MAPK转录调节和NFκB解除抑制；不得把示例画法当全部NFκB通路的唯一启动方式。,,来源/中文教材/images/part_003_ed266b2ed5049f48e53e5cf502753d2a3b1ee52dd86b504c50797d6e9a37a663.jpg
CN0327,CN,11,已读并纳入,CELL11-137,RTK家族胞外结构多样，胞质有酪氨酸激酶域；胰岛素受体预组装，不能说所有RTK配体后才二聚化。,,来源/中文教材/images/part_003_9841d9767cb50586598046d41aaa924fca790cda497ef1a282184c5f1f121aaa.jpg
CN0328,CN,11,已读并纳入,CELL11-118,典型RTK二聚/构象变化与反式自磷酸化，磷酪氨酸成为下游结合位点。,,来源/中文教材/images/part_003_f4b4dce638939348769ef712441a43d04181af07c50ce4cf5686652f71687864.jpg
CN0329,CN,11,已读并纳入,CELL11-136,酶联受体输出分支总览，包含JAK/STAT、Ras/MAPK、PLC、PI3K；JAK关联细胞因子受体与有内在激酶的RTK应区分。,,来源/中文教材/images/part_003_a18b87ca0c1ee33f2378ff1cb08b7bd00e64895fc63c54bae416485afd84c34c.jpg
CN0330,CN,11,已读并纳入,CELL11-124,Ras小GTP酶，GEF促进GDP释放/GTP结合，GAP促水解关闭；两者不是添加/移除磷酸的酶。,,来源/中文教材/images/part_003_a7e76546aa6c789d5fd239c681518ab2d50f4c80251dab4bc05e32e34bba53e6.jpg
CN0331,CN,11,已读并纳入,CELL11-122,RTK磷酪氨酸→Grb2(SH2)→Sos(SH3)→Ras-GTP；Sos是GEF，Grb2是接头。,,来源/中文教材/images/part_003_3cc6e94d99afc68f7fc9217bdef3a48923aa549bef9eb5a18dce34ef7d6b51d0.jpg
CN0332,CN,11,已读并纳入,CELL11-130,Raf(MAPKKK)→MEK(MAPKK)→ERK(MAPK)依次磷酸化级联，ERK作用核内和胞质底物。,,来源/中文教材/images/part_003_9af44d42ec6a4cbe41c459269e55aeca600a3febafc863c98872168292ed1f72.jpg
CN0333,CN,11,已读并纳入,CELL11-136,细胞因子受体相关JAK/Tyk磷酸化STAT，STAT以SH2结合、二聚及入核；受体本身通常没有内在激酶域。,,来源/中文教材/images/part_003_4479f359b8e64846272fd4b4cfb0905c849adcca4fb29f0938dc3ae91e7b1156.jpg
CN0334,CN,11,已读并纳入,CELL11-137,Epo受体通过JAK及STAT等多个分支调表达/存活；不宜只把所有输出归为STAT5。,,来源/中文教材/images/part_003_438ceafabb34950adcb3b332940d3171f82568a217ba48a99f67a20291ce06a7.jpg
CN0335,CN,11,已读并纳入,CELL11-150,PI3K产PIP3募集Akt/PDK1，mTORC2参与Akt活化；Akt磷酸化Bad可由14-3-3结合，存活信号需具体背景。,,来源/中文教材/images/part_003_56dc37444e2c6651eb6c36d48d789ccb1462cfa48aa5bb1de429c6cbcbd62a41.jpg
CN0336,CN,11,已读并纳入,CELL11-158,TGFβⅡ型受体→Ⅰ型受体→Smad2/3→Smad4复合物入核；受体为Ser/Thr激酶，与RTK不同。,,来源/中文教材/images/part_003_ac97677f14e3af87c737059a1e8cef817c3c5ea30856f226e650ab22e5ea6fca.jpg
CN0337,CN,11,已读并纳入,CELL11-172,无Wnt时Axin/APC/GSK3等构成破坏复合体，使β-catenin磷酸化、泛素化并降解，TCF保持抑制状态。,,来源/中文教材/images/part_003_7710b0019d1fcc566cf77962688c0e010dfea8f04eabbfe08ee9549a82ff0527.jpg
CN0338,CN,11,已读并纳入,CELL11-172,Wnt结合Frizzled/LRP后经Dsh等抑制破坏复合体，β-catenin积累入核并调节TCF依赖转录；不是使β-catenin直接成为激酶。,,来源/中文教材/images/part_003_c550132a20cf3286ae33f86dc9e179ed56799903fe131d6014ff924553cb6e27.jpg
CN0339,CN,11,已读并纳入,CELL11-182,果蝇Hh图：无Hh时Patched抑制Smoothened，Ci部分蛋白水解产生抑制形式；有Hh则释放抑制并保留活化Ci，脊椎动物对应Gli，不能混用物种名称。,,来源/中文教材/images/part_003_a1df6c33fc44c2aef568ea2d8c993370501acd7c5d54a1908940805417e5b367.jpg
CN0340,CN,11,已读并纳入,CELL11-189,IKK磷酸化IκB，随后泛素化和蛋白酶体降解，NF-κB释放入核；IκB重新表达构成负反馈。,,来源/中文教材/images/part_003_be75d62113440dcad55a2ce76bc60ec49823b75e80d299654855417638fb4716.jpg
CN0341,CN,11,已读并纳入,CELL11-196,膜结合Delta与Notch接触后，受体顺序蛋白水解释放NICD入核；区别受体成熟加工与配体触发的ADAM/γ-分泌酶切割。,,来源/中文教材/images/part_003_83cb8d3d64306c4a9ed8beef0b52896a3e259c6cb37dcb36f3c46363bafce2ab.jpg
CN0342,CN,11,已读并纳入,CELL11-212,整合素、GPCR与RTK信号可汇入Ras/MAPK等节点；图示交叉不能推广为所有受体必经同一条路径。,,来源/中文教材/images/part_003_60d9cab68b01a10aba6e4727b8f7dcf9e69fc7a447336266c2342a25c168dd2e.jpg
CN0343,CN,11,已读并纳入,CELL11-214,PKA、CaMK、PKC、MAPK、Akt等网络存在交叉、支架和反馈；多信号整合并非对单一路径输出作简单相加。,,来源/中文教材/images/part_003_e4854c83f5828ac053351fa0320b573e563320658ee80fd022d0558cb1070e97.jpg
CN0344,CN,11,已读并纳入,CELL11-225,GRK磷酸化GPCR后β-arrestin阻断G蛋白偶联，并连接AP2/网格蛋白促进内吞；也可形成其他信号复合体，脱敏不是所有胞内信号立即关闭。,,来源/中文教材/images/part_003_f23b4e7fed6a296f188a621033092e93df8a7fde7c0329ba10084ebc408d8089.jpg
CN0345,CN,12,已读并纳入,CELL12-001,标准细胞周期G1→S→G2→M；M期含核分配及相关胞质分裂，S期复制DNA后仍通常为2n、4C。,,来源/中文教材/images/part_003_7984d872003a842d6a9e9075fc585b9c607ff78abb5f4f8aad5f6c0766798be4.jpg
CN0346,CN,12,已读并纳入,CELL12-041,细胞周期检查点示意：G1/S、G2/M及纺锤体监控不同问题；G0退出与限制点承诺不能和DNA损伤检查点直接等同。,,来源/中文教材/images/part_003_0efee7fb11c74eb3b7d9071b1efb507734acdb6c67e12df81b29dc1ee3a94e32.jpg
CN0347,CN,12,已读并纳入,CELL12-024,双TdR阻断/释放图：第一轮留下不同S期位置，释放再阻断使群体富集G1/S附近；不能称全部细胞无应激、绝对同步。,,来源/中文教材/images/part_003_cfc61876242777f2bfb0370ec1d37949597c31ba47c0dbf095d1cf44bc0d72ea.jpg
CN0348,CN,12,已读并纳入,CELL12-022,有丝分裂摇落法利用贴壁细胞M期圆化、黏附减弱，适于相应培养体系；机械选择仍可能产生样本偏倚。,,来源/中文教材/images/part_003_da002758a9a0dfeba006b3e9aef5ac1ea2fdfa328d2e3c99ccffe5937a28c409.jpg
CN0349,CN,12,已读并纳入,CELL12-149,芽殖酵母出芽大小与周期相关，纺锤体极体/核内纺锤体显示封闭式分裂；芽体大小仅粗估时期。,,来源/中文教材/images/part_003_d34a42753bad07ed813eeb38030eefa4d1b0d1ceb6fe9727278735d5c5ac55c4.jpg
CN0350,CN,12,已读并纳入,CELL12-149,裂殖酵母呈棒状，主要长度增长且分裂近均等；核内纺锤体不要求核被膜完整崩解。,,来源/中文教材/images/part_003_6af5840bae15a0447f7a72c2ab346af966a672332275738305f1100012ad3bb9.jpg
CN0351,CN,12,已读并纳入,CELL12-150,植物有丝分裂：绿色为微管、红色为DNA，下排福尔根染色；没有典型中心体仍形成纺锤体，末期细胞板从中央向外扩展。,,来源/中文教材/images/part_003_717276d10aabc9dab7d19d8a15d6c063cf9003f9a17a40148c24e43b5de2b2bb.jpg
CN0352,CN,12,已读并纳入,CELL12-045,细菌慢生长复制、染色体分离与分裂可依次进行；图针对大肠杆菌示例，不给所有细菌套用真核四期名称。,,来源/中文教材/images/part_003_4b838da9002ea1faf84813c6e34d506590264a02ca0451fe94093bf19ed9e464.jpg
CN0353,CN,12,已读并纳入,CELL12-045,快生长大肠杆菌通过多轮复制重叠起始，使倍增时间短于单次复制完成时间；不表示DNA复制速度凭空加倍。,,来源/中文教材/images/part_003_0d92881c65884211a514ca505fee2f78357540cf68be41661e57575e1948db36.jpg
CN0354,CN,12,已读并纳入,CELL12-050,动物细胞有丝分裂前期、前中期、中期：微管绿色、DNA红色；核膜解体后才便于开放式分裂的微管捕获染色体。,,来源/中文教材/images/part_003_80ed8957d8bd740151b812d088dc9523224b7d313135bf6594dde55b76ae68d1.jpg
CN0355,CN,12,已读并纳入,CELL12-156,动物细胞后期A/B和末期：同时比较染色体至极距离与两极距离，区别核分配与胞质缢裂；颜色由标记决定。,,来源/中文教材/images/part_003_b2f8d4d7fc8099038bb29d8fc2b95f30f4fbc576407d77548e1b4964e1bd31e4.jpg
CN0356,CN,12,已读并纳入,CELL12-057,SMC结构：长卷曲螺旋臂、铰链和ATP酶头；cohesin的SMC1/3维持姐妹联系，condensin的SMC2/4组织凝缩，二者不能互代。,,来源/中文教材/images/part_003_5feb609b3f215882ec0faefbe53e6b45f2bef5ca7b55989a7cb28d4fe2bfb5ba.jpg
CN0357,CN,12,已读并纳入,CELL12-004,中心体复制与周期协调：S期形成新前中心粒、G2/M成熟并分离为两极，子细胞各继承一个中心体；不是中心粒DNA半保留复制。,,来源/中文教材/images/part_003_0c8fe0266b1051317a13f6dbc0e244f23e1eceff347352ed39f1fb62a4de79be.jpg
CN0358,CN,12,已读并纳入,CELL12-149,核纤层磷酸化促开放式分裂解体，去磷酸化促末期重建；图中核膜小泡模型不应排除与ER连续膜的重排。,,来源/中文教材/images/part_003_e4a087c6e7d982a518b0bc88232b09c94d26198e731427ec904f9ffc74946dd6.jpg
CN0359,CN,12,已读并纳入,CELL12-151,纺锤体荧光：红色DNA、绿色微管；可见双极性与染色体整列，但静态图片不能证明每个动粒附着都正确。,,来源/中文教材/images/part_003_5119a9d62dfd5e7e1d8fc772ce810a4512c7f0abb4fc6453e65698ae45522284.jpg
CN0360,CN,12,已读并纳入,CELL12-063,动粒、极间和星体微管位置与功能不同；极间微管反向重叠，星体联系皮层，动粒微管连接染色体。,,来源/中文教材/images/part_003_24a3a599ee0fe6521f7d1a7d52916e1935c2958b5bbb6b1b57a7c248554abb47.jpg
CN0361,CN,12,已读并纳入,CELL12-049,纺锤体装配示例：负向马达桥接不同极来源微管；应按结合几何判断净力，不把所有负向马达都称作促两极分离。,,来源/中文教材/images/part_003_6f32489210c01c6b83af877244107c5b8fd010b9394b93a970cc6d13ba572b67.jpg
CN0362,CN,12,已读并纳入,CELL12-049,负向马达可整理微管束和建立早期双极结构；结构定位及搭桥方式决定净效应。,,来源/中文教材/images/part_003_a909e59f0df58382a9e6dc8355ef4880342301864fb1e18bc1a950226c2ebbe1.jpg
CN0363,CN,12,已读并纳入,CELL12-065,双极正向马达沿反平行微管向正端运动，促极间滑动和两极分离。,,来源/中文教材/images/part_003_8afb1d4b9cd06ec391603d5a20ab3da0eff4a6acd5f7c0fb2e2eecdf6b313da2.jpg
CN0364,CN,12,已读并纳入,CELL12-067,皮层固定的动力蛋白向微管负端行走，牵拉星体微管和纺锤体极；区分马达行走方向与被牵拉结构方向。,,来源/中文教材/images/part_003_c2c114e2cf40478de26ef65c41cacaf2e8ab90bed27ebe21f3b80d26cfd3517f.jpg
CN0365,CN,12,已读并纳入,CELL12-060,DNA蓝色、Hec1红色；动粒位于着丝粒染色质外侧并连接微管，电镜和标记互补，不能把动粒当DNA本身。,,来源/中文教材/images/part_003_a90b30e9a16113bb4f907550b8f21380657aedaa7a04c276ec4c20e02099c027.jpg
CN0366,CN,12,已读并纳入,CELL12-152,未附着动粒保留Mad/Bub相关检查点信号，限制后期启动；整列不等于所有错误附着已纠正。,,来源/中文教材/images/part_003_4cc77f94eb488ce2cc55b23b8a82de072906967ee972a402146e3d624869c64a.jpg
CN0367,CN,12,已读并纳入,CELL12-050,牵拉和极排斥力参与染色体整列；两种经典假说不是静态图已独立证明的唯一机制。,,来源/中文教材/images/part_003_3e4ec83da95b1548230f8df8504ac23e253a8f13fd976820e2df19eda9e87472.jpg
CN0368,CN,12,已读并纳入,CELL12-083,图示马达牵引与动粒端微管解聚相耦联；后期A还可有极端解聚及其他力，不能只写唯一动力蛋白机制。,,来源/中文教材/images/part_003_4e04ae61444ff773eeb02879c2d3599df70ede7e5422966516ec6aef63117c7a.jpg
CN0369,CN,12,已读并纳入,CELL12-083,动粒蛋白与解聚微管末端保持耦联，将微管解聚能转成运动；不是每次运动都靠马达ATP水解直接拉动。,,来源/中文教材/images/part_003_70d12c06dfd3c04352bbb47fa5ab15f9290eb787a78a7fd2e346c29b1e7f6448.jpg
CN0370,CN,12,已读并纳入,CELL12-156,后期A染色体至极距离缩短，后期B两极距离增加；二者可重叠，不要求严格先后排斥。,,来源/中文教材/images/part_003_04c4e64739ead831cd6de580e9f5a8ddabd52402c5bc9cfbae7d26c6822195d2.jpg
CN0371,CN,12,已读并纳入,CELL12-081,APC/C—Cdc20促securin和cyclin B降解，分离酶切割cohesin解除姐妹粘连；APC/C是E3，不是直接切割DNA的酶。,,来源/中文教材/images/part_003_d10a29960032fe629f083d118efb8b6f993c2c1379dc931fd6848c0cf335052d.jpg
CN0372,CN,12,已读并纳入,CELL12-086,动物胞质分裂包括沟定位、肌动蛋白/肌球蛋白II收缩环组织、缢缩与最终分离；中体位于细胞间桥，区别于收缩环。,,来源/中文教材/images/part_003_ab7b4f05b0d89547b3e17a0ae52ccf313f0cfd3d8563fa32f89ad998cc1883b1.jpg
CN0373,CN,12,已读并纳入,CELL12-088,中央纺锤体和星体微管可促进赤道皮层收缩或抑制极部收缩，共同决定分裂沟位置；图中三种模式是互补调控。,,来源/中文教材/images/part_003_768358105d9586a1e456134bbd3a4a815c4de7c4eac81c27c94698b60f60c746.jpg
CN0374,CN,12,已读并纳入,CELL12-148,动物配子、植物孢子和部分真菌合子减数分裂位置不同；高等植物减数产物先是孢子，不能一律直接叫配子。,,来源/中文教材/images/part_003_9a0fb7609bdb02877bf320bcf61d848e0b0e95e9ffefa250babb4d2dfa1ab78d.jpg
CN0375,CN,12,已读并纳入,CELL12-158,一次DNA复制、两次分裂：I分同源，II分姐妹；图中DNA量与染色体组必须用C/n分别表示，复制不使2n自动变4n。,,来源/中文教材/images/part_003_8ee0428875b6d85f2d45eedabc4caba05d354626fec447089f8ef0a29f01cf5a.jpg
CN0376,CN,12,已读后排除,,偶线期DNA延迟复制为旧教材特定体系模型；不作为普遍的姐妹粘连机制，姐妹联系主要由cohesin维持。,旧教材特定体系的延迟复制模型，不作为普遍姐妹粘连机制；校正说明保留在核对记录,来源/中文教材/images/part_003_77f6afaaa0dae946c355c0d64c87994df2f5f20a090fb4b38ccd5e5e64aa5836.jpg
CN0377,CN,12,已读并纳入,CELL12-114,联会复合体两侧轴、中央组分和重组节；同源之间联系，非每个显微结节都能仅凭形态确定交换功能。,,来源/中文教材/images/part_003_c9f829a5f09919ecec73c9587034d963930025114ae18db787a76827568c8af4.jpg
CN0378,CN,12,已读并纳入,CELL12-104,双线期二价体可见四条染色单体及交叉；交叉维持同源联系，不等同未分离的姐妹着丝粒。,,来源/中文教材/images/part_003_8cb59a783c4b646f8f729204090172242fe62d78a02979c96404eb2d5a9fe17f.jpg
CN0379,CN,12,已读并纳入,CELL12-139,减数I姐妹动粒同向、同源朝相反两极；保护着丝粒附近粘连，使先分同源而保留姐妹。,,来源/中文教材/images/part_003_aa681a5f66412a8013c432889bbe87e50254eebd6946f2ed3cfd24d089decc06.jpg
CN0380,CN,12,已读并纳入,CELL12-139,减数II姐妹动粒朝相反两极，类似有丝分裂；两次分裂之间不再进行全基因组复制。,,来源/中文教材/images/part_003_596ac40abba64e1de0ab15b29527cd63548d8795ce23a5a71703061b0a9442a3.jpg
CN0381,CN,12,已读并纳入,CELL12-115,粗线期联会复合体电镜与模型：侧生组分、横向纤维、中央组分；配对、联会与重组不是同一概念。,,来源/中文教材/images/part_003_179d6bb20284fd0486a111aa5e0e7aa90ac18e0ebeaa146c8a97cbea21ef7e0c.jpg
CN0382,CN,13,已读并纳入,CELL13-001,M期间期细胞融合诱导PCC：G1单线、S粉末样、G2双线；支持可转移的M期胞质活性，不能仅此确定MPF化学身份。,,来源/中文教材/images/part_004_8de568933bd4fc5c56bde404c3bb729c33e3ade920e15de1f46f23a8ac780873.jpg
CN0383,CN,13,已读并纳入,CELL13-007,爪蟾卵成熟后停留减数II中期，受精后完成并进入卵裂；孕酮刺激与成熟卵胞质移植是不同输入。,,来源/中文教材/images/part_004_86ec97c24d11e452a757dab1a2fca0f4b4ae10fce0e98e4e3fcdb0190be480d4.jpg
CN0384,CN,13,已读并纳入,CELL13-007,成熟卵胞质注入未成熟卵可诱导GVBD，支持胞质促成熟活性；连续转移可涉及内源pre-MPF激活，不能证明新合成同量外源MPF。,,来源/中文教材/images/part_004_48667ebf9f1bdf5967378513f6d8fcf6979067566f9d91ce10654e490f69aebf.jpg
CN0385,CN,13,已读并纳入,CELL13-046,周期蛋白框介导CDK结合；破坏框、PEST与降解相关，序列示意不是各类蛋白都有同一降解标记的证据。,,来源/中文教材/images/part_004_3d59b92f613cbef0d137d887a180407a4463aab7d2d1826137d695de374c21bd.jpg
CN0386,CN,13,已读并纳入,CELL13-009,哺乳动物cyclin E在G1/S、A在S/G2、B在G2/M附近相关活动；图是典型曲线，蛋白含量与复合物激酶活性需分别测量。,,来源/中文教材/images/part_004_6cd4718b9cfcdff9cd7848d02d71cf0fe483c69b31f0fa10296130fde99c66a1.jpg
CN0387,CN,13,已读并纳入,CELL13-017,芽殖酵母不同Cln/Clb配对调节各阶段；图中A/B/C顺序或OCR可错，应按标注的蛋白和物种核对。,,来源/中文教材/images/part_004_e5461298acf30886fe4460b70a5b55da6b7f36e49325f61d69c8ce4f9a556892.jpg
CN0388,CN,13,已读并纳入,CELL13-015,裂殖酵母Cdc13/Cig与Cdc2调节周期；各曲线不能直接照搬为哺乳动物cyclin名称。,,来源/中文教材/images/part_004_55d28ab1f37ef085335e3c2686459fb3d6076db9fad1c53636bb4af48a2f45fe.jpg
CN0389,CN,13,已读并纳入,CELL13-015,CDK激酶结构域相似且有保守序列，但相似度不能单独证明所有功能相同；不背旧图中的固定百分比。,,来源/中文教材/images/part_004_8b423bc8038eeaea8ae9984cd0ded2d464367d0df5c9b6a6b3a0d6a9948efd86.jpg
CN0390,CN,13,已读并纳入,CELL13-032,cyclin B先积累，CDK1活性后出现并在M期退出下降；结合、活化磷酸及抑制磷酸移除共同调节。,,来源/中文教材/images/part_004_f1353352f205c78b3bbd6f2ec92448a18bff06203cdd3219e69761358405b918.jpg
CN0391,CN,13,已读并纳入,CELL13-074,CDK1 Thr161活化相关，Thr14/Tyr15抑制相关；Cdc25移除抑制性磷酸，不能把去磷酸化一概看作失活。,,来源/中文教材/images/part_004_edf1d3f6b28e4819a50ca8f68a64b3f8f56c0eac5f7a0352e56004ae75745a95.jpg
CN0392,CN,13,已读并纳入,CELL13-044,SCF通过不同F-box识别底物，APC/C通过Cdc20/Cdh1选择底物；图示阶段偏好不表示SCF在M期绝对无作用。,,来源/中文教材/images/part_004_6b739e7f153f6ba8ee80d78197ac993fd5bc5f3d4720c87169f2fb785a050be9.jpg
CN0393,CN,13,已读并纳入,CELL13-043,E1活化、E2转移、SCF E3识别并泛素化，蛋白酶体执行降解；F-box选择底物，不是直接水解酶。,,来源/中文教材/images/part_004_315cf073b0cfddddd57dc2dfac5de1d9359b8d94e063992489eac998efb38552.jpg
CN0394,CN,13,已读并纳入,CELL13-049,ORC、Cdc6/Cdt1加载MCM为许可，CDK/DDK促Cdc45/GINS加入活化CMG；geminin限制Cdt1再许可，许可不等于复制已发火。,,来源/中文教材/images/part_004_bf39179342481f20e286ed79591ee49fcf49f5aa39c9f1508b96754348ef32e1.jpg
CN0395,CN,13,已读并纳入,CELL13-064,RPA单链DNA相关信号促ATR/Chk1，双链断裂相关信号促ATM/Chk2；限制Cdc25/CDK并保护复制，不能把两通路完全互斥。,,来源/中文教材/images/part_004_f51cda2fabea1e27087a1e7dc6a292ec88b4d6b37302ddb98934da594aa30ec5.jpg
CN0396,CN,13,已读并纳入,CELL13-100,肿瘤突破基底膜、入血/淋巴、外渗与远处定植为不同步骤；迁移能力提高不独自证明转移完成。,,来源/中文教材/images/part_004_89e7ef1cd8ec61da59a37cdb4c1e1eab7acdcf63dfd1d5ae16f9c7c0ee017d94.jpg
CN0397,CN,13,已读并纳入,CELL13-169,生长因子、受体、信号蛋白、转录因子、周期/修复/凋亡蛋白均可参与肿瘤形成；功能改变方向和背景决定作用。,,来源/中文教材/images/part_004_bb6286474efb5d667e904262d31250dfe855863c178ca4746d805e49f0d35f59.jpg
CN0398,CN,13,已读并纳入,CELL13-158,DNA损伤可经p53诱导p21抑制CDK并组织修复或死亡应答；p53含量升高不必证明野生型功能正常。,,来源/中文教材/images/part_004_4f1e8b0c9ae667eb99aa2a41618ec84ee89bff81749e2bb16066494514df449b.jpg
CN0399,CN,13,已读并纳入,CELL13-169,增殖、存活、凋亡通路交叉影响肿瘤表型；不能用图中任一激酶总量代替其磷酸化活性及定位。,,来源/中文教材/images/part_004_eabc98d6eeba8ee79b88d223c3765adae7808eddc05c5d3491f38d91bef5cfb4.jpg
CN0400,CN,13,已读并纳入,CELL13-138,结肠癌多步模型涉及APC、KRAS、p53等改变；示意顺序不是每种癌的固定突变清单或必需5—6次突变。,,来源/中文教材/images/part_004_afc9bd8d0a0eabe614b2bf16df2352eafa0181042cd661405594cbca060ee117.jpg
CN0401,CN,13,已读并纳入,CELL13-139,错误分离/染色体丢失及有丝分裂重组可造成LOH；后者可以拷贝数不变，区分正常等位信息丢失与整段DNA必然删除。,,来源/中文教材/images/part_004_7da9444771333633040cb7d5edffd3b4ac2cff902da81b315d6700d694e0008d.jpg
CN0402,CN,13,已读并纳入,CELL13-170,肿瘤干细胞模型涉及自我更新与异质输出；成瘤能力受宿主和剂量影响，图不证明所有癌具有固定不可逆谱系。,,来源/中文教材/images/part_004_904e3f63d36bf3e4c74f79410cdc1ba4768441f5edf19b0652e9bd666ea0098a.jpg
CN0403,CN,14,已读并纳入,CELL14-050,三种独立二态调控因子理论有2³=8种组合；生物网络约束下不必实际形成8类细胞。,,来源/中文教材/images/part_004_0e9489defa587e43c2255cefd10f90f18c2a86d2b3cfcf4a3f1dd8db8f1ddac2.jpg
CN0404,CN,14,已读并纳入,CELL14-001,黏菌聚集成假原质团再分化为柄/孢子；环境反应可导致分化，非多细胞动物独有。,,来源/中文教材/images/part_004_33d247adb3e264079e0d4cb1e1f77500eaed6d4c03ca89ebefb79b5f6a83d85e.jpg
CN0405,CN,14,已读并纳入,CELL14-019,Bicoid母体mRNA/蛋白空间分布启动gap、pair-rule和segment-polarity级联；7条与14条纹对应不同层，不把母体RNA位置等同蛋白梯度宽度。,,来源/中文教材/images/part_004_83cf519af3a54a910d0dcfaa843ae0e5ff0eb9c01f0723d3e5861b0b5f03ffaf.jpg
CN0406,CN,14,已读并纳入,CELL14-010,胚层定向分化受FGF、Wnt、BMP、activin/Nodal组合、剂量与位置影响；单个因子不是所有细胞背景的固定命运开关。,,来源/中文教材/images/part_004_f21b9f49b33589f14dace9930c97ca1400b2b1900529cb825bbaac918eeb6862.jpg
CN0407,CN,14,已读并纳入,CELL14-110,干细胞功能是自我更新加相应分化潜能；不以增殖速度或单一形态作为定义。,,来源/中文教材/images/part_004_8ecbd9d6c510adb598767280a128138231007acc248aa12610d6f70f0223d2a3.jpg
CN0408,CN,14,已读并纳入,CELL14-064,ESC从囊胚内细胞团建立，饲养层维持培养；人ESC集落形态是辅助信息，必须检验多潜能与稳定自我更新。,,来源/中文教材/images/part_004_10858b1dd3f09b88eb876449de868cb31785c711f0927d001bbefa534aac94ee.jpg
CN0409,CN,14,已读并纳入,CELL14-088,治疗性核移植示意：患者体细胞核进入去核卵细胞，获得胚胎干细胞再分化；是研究和应用策略，不能由路线图推断全部疾病已可安全治愈。,,来源/中文教材/images/part_004_cbad46525bf04645fa6c9f6341408a05bfa43e136df2da33091c4a93dfa4f4c3.jpg
CN0410,CN,14,已读并纳入,CELL14-010,FGF、Wnt、TGFβ/Activin/Nodal-Smad2/3、BMP-Smad1/5/8和Notch-NICD等共同调节多潜能状态；效果依物种、状态、剂量和培养条件。,,来源/中文教材/images/part_004_bbeb9e5e5dddda9d6d9dd5e21c6b4e8b506ef777f71bc2236acc5f4795b5ed5b.jpg
CN0411,CN,14,已读并纳入,CELL14-068,经典造血谱系示意HSC、CMP和CLP等分支，巨核细胞产生血小板；是组织理解的模型，不代表所有实际分化路径均固定不变。,,来源/中文教材/images/part_004_b9433f747c4ca4bd3a3998d969ef518f4c2919a28b21d80fda7fddf81f5bb930.jpg
CN0412,CN,14,已读并纳入,CELL14-078,肠隐窝Lgr5⁺干细胞、Paneth细胞及过渡扩增细胞位置不同；吸收及分泌谱系大多向绒毛移动，Paneth细胞不适用全部细胞向上的说法。,,来源/中文教材/images/part_004_fab79aa5563eb3c7b5e06f326c9e0c6f39178abc3e784e028a972e71cc34b603.jpg
CN0413,CN,14,已读并纳入,CELL14-092,Oct4、Sox2、Klf4、c-Myc诱导iPS；不用c-Myc可降低部分风险，不能推断肿瘤风险完全消失。,,来源/中文教材/images/part_004_82d58109b28cee7d59ea20f84919e93107cc9f148c5cd5d70649c9cef3e1f4ec.jpg
CN0414,CN,14,已读并纳入,CELL14-095,化学重编程分阶段用小分子组合诱导多潜能状态，后期培养条件为2i而不是OCR的2×；Oct4-GFP阳性克隆仍需多潜能和功能验证。,,来源/中文教材/images/part_004_38e74fcc2dfdcaf77be132ff12efc2fc3f9b7b6a39761190fd4001334c6b8833.jpg
CN0415,CN,14,已读并纳入,CELL14-018,成纤维细胞可经特定转录因子直接转成肝细胞，也可先成为iPS再定向分化；直接转分化绕过多潜能中间状态。,,来源/中文教材/images/part_004_94f69744c95a93e0565e049af9179cf96adbcad5b3cbc058953c89248ea2d8d8.jpg
CN0416,CN,14,已读并纳入,CELL14-109,诱导肝细胞形态可接近肝细胞，但形态不足以证明完整代谢功能或成熟度，需表达及功能实验。,,来源/中文教材/images/part_004_2acb1d72757b3a38dccfaef1a244534212abb2dc9693445f71aa602034c1f0d7.jpg
CN0417,CN,14,已读并纳入,CELL14-116,胰岛素与NKX6.1或PDX1共染支持胰岛β细胞相关身份；不能单凭共染证明成熟葡萄糖刺激分泌功能。,,来源/中文教材/images/part_004_95acd15c2566d18e54de6eaf7e7e44ff2638f09fddafb56753c509eec57ce708.jpg
CN0418,CN,14,已读并纳入,CELL14-117,移植后血糖改善、约42天移除移植物后再升高，支持改善依赖移植物；不单独证明长期安全性或排除其他作用机制。,,来源/中文教材/images/part_004_21357db6218183c7cea7e79ca38dcdb4e8265ef4640cea26990cc998b1ebd093.jpg
CN0419,CN,15,已读并纳入,CELL15-020,较低传代IMR90细胞较小、SA-β-gal阳性少；比较应统一密度、培养及染色条件。,,来源/中文教材/images/part_004_26ec3d326e19b136ab00b7d97e5fecbfaba26508a91f68082633e98232d64167.jpg
CN0420,CN,15,已读并纳入,CELL15-020,较高传代IMR90出现大而扁平及SA-β-gal阳性增多；染色与形态提示衰老，但需增殖停滞等指标共同判断。,,来源/中文教材/images/part_004_7a1c40a151c482683c407313c7793cc4a75afc487367c3e69d25f275e021bfa5.jpg
CN0421,CN,15,已读并纳入,CELL15-013,端粒损伤等可经p53-p21及p16-Rb抑制E2F、维持停滞；p16通路并非所有情况下都由p53直接驱动。,,来源/中文教材/images/part_004_cc7076001796f7851782fa21befe9ebb057a73a0e9eaf7c6d2c86294853c0777.jpg
CN0422,CN,15,已读并纳入,CELL15-125,斑马鱼突变体TUNEL信号增多提示DNA断端增加；不能仅凭TUNEL认定全部阳性细胞为caspase依赖凋亡。,,来源/中文教材/images/part_004_d6c47b2d3884360a50460948ea57b4d8a3e3d85cfee2e314860b77974103499b.jpg
CN0423,CN,15,已读并纳入,CELL15-131,靶组织提供有限存活因子，使部分发育神经元存活、其余凋亡，调整神经元数目；不是全部神经元只依赖NGF。,,来源/中文教材/images/part_004_3d44a0e91cadfba2f448825b1526b42c3e8af57f771283002cd51773d26019b5.jpg
CN0424,CN,15,已读并纳入,CELL15-039,L929在TNF加凋亡抑制条件下出现肿胀和膜破裂，支持坏死样形态；证明程序性坏死还需RIPK3-MLKL及干预证据。,,来源/中文教材/images/part_004_b66a267893e345212036e470197a8842bdb8f7b3d80ef0125a480182621b3901.jpg
CN0425,CN,15,已读并纳入,CELL15-036,凋亡出现细胞皱缩、染色质凝聚、出芽和凋亡小体，随后吞噬；有效及时清除通常限制炎症，但不应绝对说永不引起炎症。,,来源/中文教材/images/part_004_b7154edd5a8037bf80911bbf0097516b2f376ae9cb496b64fd99953a33c47680.jpg
CN0426,CN,15,已读并纳入,CELL15-036,凋亡电镜可见染色质边集和核碎裂；超微结构支持判读，机制结论还需分子证据。,,来源/中文教材/images/part_004_be90ca6c046e88271437875158a98726e28ec99e8a9795a63fc7314f918a8106.jpg
CN0427,CN,15,已读并纳入,CELL15-036,正常DAPI核较均匀完整，作为形态对照；染料颜色不能独自判断存活。,,来源/中文教材/images/part_004_d1b5b9748d51d7ec9226343889473a4b2b5e352f36d5d88c081eee7aefcf0b48.jpg
CN0428,CN,15,已读并纳入,CELL15-036,凋亡DAPI核凝聚和碎裂，与正常图对照；DNA染色形态不是充分的单一机制判据。,,来源/中文教材/images/part_004_22574e4efc97c1176370b5f06cda8ce4e692a9b67fee59ccc38527069fc34fa6.jpg
CN0429,CN,15,已读并纳入,CELL15-047,启动caspase由适配平台诱导接近和二聚而活化，执行caspase通常需切割；不是全部caspase都必须先切割才活化。,,来源/中文教材/images/part_004_32ff45a1a262ae15a5b57c239e1e80c7950f851e561156369eb59ad38b85bb4e.jpg
CN0430,CN,15,已读并纳入,CELL15-045,caspase级联放大信号并选择性切割细胞骨架、核纤层等底物；不是无选择地完全降解全部蛋白。,,来源/中文教材/images/part_004_0ea791a30e93b36bcb2872164a402414e721d9083905b8fdec25498e66b96636.jpg
CN0431,CN,15,已读并纳入,CELL15-082,凋亡DNA可出现约180～200 bp整数倍梯带，与核小体间连接区切割有关；正常样品该提取条件未见条带，不表示正常细胞没有DNA。,,来源/中文教材/images/part_004_209ddd9444b7e85bfb9f895105cd8b0f805914ff360645c91b77007007db2cf0.jpg
CN0432,CN,15,已读并纳入,CELL15-130,Fas-FADD-DISC-caspase-8和MOMP-细胞色素c-Apaf1-caspase-9汇合执行caspase，Bid可联系两路；AIF不是直接核酸酶，EndoG是核酸酶；凋亡体不等于凋亡小体。,,来源/中文教材/images/part_004_f7801cfdf69a0b40f24ff6594c5e064b9840339edbf5cf1a14934d4cb1070a8b.jpg
CN0433,CN,15,已读并纳入,CELL15-073,存活信号可经PI3K-Akt磷酸化Bad及NF-κB调节表达，抑制凋亡；磷酸化不是所有凋亡蛋白统一的激活标志。,,来源/中文教材/images/part_004_f45238f482ff4b5904e5ad8220aed60b5d5c45d21b483ed252a18bfcf33d4f19.jpg
CN0434,CN,16,已读并纳入,CELL16-005,上皮冷冻断裂图显示微绒毛与紧密连接网状条索，标尺约200 nm；形态显示位置和组织，不直接给出屏障通量。,,来源/中文教材/images/part_004_a62459e0c1b0e7abe98d448d2d73fbd21fee61d2e077b00ba1985f6733a0019d.jpg
CN0435,CN,16,已读并纳入,CELL16-006,claudin、occludin等参与紧密连接，形成旁细胞屏障并限制膜成分横向混合；通透性具选择性和可调性，并非绝对不透。,,来源/中文教材/images/part_004_7535a26ea30cd1b4d5af00fd4b0fbce91da1c1ef6d15090f60c675044eafdc38.jpg
CN0436,CN,16,已读并纳入,CELL16-011,桥粒以钙黏蛋白、胞质斑及中间丝连接相邻细胞，分散机械应力，骨架不是肌动蛋白。,,来源/中文教材/images/part_004_c88064fab44f5f4e79c57373717d4b7dbc5040d88cd07713c8bfd45f9ccf808f.jpg
CN0437,CN,16,已读并纳入,CELL16-011,桥粒电镜显示相对膜及胞质致密斑、中间丝；承力连接不等于封闭细胞间隙的紧密连接。,,来源/中文教材/images/part_004_83cffd74912c4a093514e412cd41ff4ad1dea69034950f1d78a9f1d8b46b1cd3.jpg
CN0438,CN,16,已读并纳入,CELL16-018,半桥粒经α6β4整联蛋白、层粘连蛋白和角蛋白连接细胞与基膜；与桥粒的细胞-细胞、钙黏蛋白连接不同。,,来源/中文教材/images/part_004_a06708ef742ec6540f032192dcc094bd6ba4954a0a374f236c9cd6c478aa1f92.jpg
CN0439,CN,16,已读并纳入,CELL16-031,黏着带经钙黏蛋白和连环蛋白连接肌动蛋白，常在紧密连接下方成带，协同收缩可改变上皮形态。,,来源/中文教材/images/part_004_c5cefb9a652481baa15bf7233db13d23aefce9c0e430df2bbdbc745ecb2b7f7b.jpg
CN0440,CN,16,已读并纳入,CELL16-035,黏着斑经整联蛋白、talin、vinculin等连接肌动蛋白与ECM，FAK等参与信号；与中间丝相连的半桥粒不同。,,来源/中文教材/images/part_004_e63f3ed2e57a45b8edf33bb3ac9db4099eec848bc2ff75c31a75eb4831858065.jpg
CN0441,CN,16,已读并纳入,CELL16-022,连接子蛋白每个有4个跨膜段，6个组成半通道，两个半通道对接共12个亚基；通透小离子及分子，约1 kDa为粗略范围而非统一硬阈值。,,来源/中文教材/images/part_004_6623ad1ccc04082a0eb55fa58e1e4e98ffd80eed0dd84fce90036dd60f21e2c8.jpg
CN0442,CN,16,已读并纳入,CELL16-022,电突触经缝隙连接直接传离子，化学突触经递质释放与受体作用；速度和信号形式不同。,,来源/中文教材/images/part_004_b24c0599e4c627138af25f0030945c693d88bc3f22ebf5b61f362a2a1b8a7dac.jpg
CN0443,CN,16,已读并纳入,CELL16-048,胞间连丝的质膜连续，含ER来源连丝管及周围胞质套；通透性可调，不能套用缝隙连接的小分子阈值。,,来源/中文教材/images/part_004_a54fea1d2ae4bc958f6b8aebd221789718bdaa6ea2fd9fa85d58554ff04f0a3b.jpg
CN0444,CN,16,已读并纳入,CELL16-059,解离细胞重新排序支持细胞相互作用具有选择性；结果还受皮质张力和运动影响，不足以单独证明某一种黏着分子。,,来源/中文教材/images/part_004_c8aa59fb88d2b707a693725adc701230bb9ded2fd7593785b1332b71beb10f4c.jpg
CN0445,CN,16,已读并纳入,CELL16-060,钙黏蛋白的胞外重复结构域需Ca²⁺稳定并参与同亲性结合；胞外钙的结构作用不能混同胞内激酶调控。,,来源/中文教材/images/part_004_c81393b88fd17b4414cf09e1f81428c94f58f76ed2575eb2f33ea1a651379497.jpg
CN0446,CN,16,已读并纳入,CELL16-068,P-选择素含凝集素及EGF样结构域，通过糖配体参与黏着；EGF样结构域不等于该分子为EGF受体。,,来源/中文教材/images/part_004_77b79805a468f0e650b422093d0990ef873c341ef103e8f0801315b38fbbb075.jpg
CN0447,CN,16,已读并纳入,CELL16-073,选择素介导白细胞滚动，趋化激活整联蛋白后牢固停驻再穿出；两类黏着分子作用阶段不同。,,来源/中文教材/images/part_004_da340f306ba197cedbe66dd8a2c6cd3294d4963a00ea4ae62e72105da043e6ba.jpg
CN0448,CN,16,已读并纳入,CELL16-076,NCAM含Ig样结构域，可同亲结合；存在GPI锚定形式，不能把所有CAM或NCAM都归为跨膜蛋白。,,来源/中文教材/images/part_004_dc517120f3967a9df754fffdca7b72bceeda280176052d90592f2dd78221454e.jpg
CN0449,CN,16,已读并纳入,CELL16-081,整联蛋白由α、β异二聚体组成，各自跨膜；配体结合受二价阳离子及构象影响，胞内经接头蛋白联系骨架，不是全部整联蛋白都识别RGD。,,来源/中文教材/images/part_004_828a3db39fc710653d4f11228a26a1c2fd7dfc3c2f41d82dfc1fbc621998e3e0.jpg
CN0450,CN,16,已读并纳入,CELL16-150,结缔组织ECM由胶原、弹性蛋白、蛋白聚糖及黏着糖蛋白等构成，成纤维细胞参与分泌；不同组织的比例和排列不同。,,来源/中文教材/images/part_004_06bf504fa0cbfd21782b227dc7eb56da4f9f42757f5c8b0cd37c81762d5ac3ca.jpg
CN0451,CN,16,已读并纳入,CELL16-101,胶原单条α链为左手螺旋，三链绕成右手三股螺旋；Gly-X-Y中甘氨酸在紧密内部，不能把单链等同典型α螺旋。,,来源/中文教材/images/part_004_52a90e8f3ad858e87e873ce5e258e6a55b3047227ca2a2f22597ecedf7777bbf.jpg
CN0452,CN,16,已读并纳入,CELL16-111,ER内前体链羟化、糖基化并形成前胶原，分泌后切除前肽再在胞外装配原纤维；维生素C参与羟化，交联另依赖相应酶。,,来源/中文教材/images/part_004_4b8b103d417685d27739a78de455b278afb61bd62da30c029fe5cf38b643d96a.jpg
CN0453,CN,16,已读并纳入,CELL16-111,胶原电镜显示排列及周期性横纹；图示空间组织不能单独量化抗拉强度或全部ECM功能。,,来源/中文教材/images/part_004_7da42831f70f7e781ca510f41b0f873ad05a07bb23867166a82bed58512785ca.jpg
CN0454,CN,16,已读并纳入,CELL16-094,弹性蛋白以交联网络连接卷曲链，伸展后回缩；与胶原三股螺旋及Gly-X-Y规律不同。,,来源/中文教材/images/part_004_287de6d471a4a20335c4d3978627dc74c279281b8f4d51130791c9c77b6f726e.jpg
CN0455,CN,16,已读并纳入,CELL16-114,多数GAG重复二糖含糖醛酸和氨基糖，硫酸基及羧基形成负电荷；硫酸角质素不含糖醛酸，透明质酸不硫酸化。,,来源/中文教材/images/part_004_08a9339cea4705a74cb759433706f00d60c6966ef1fe39fad4a499384180ff2a.jpg
CN0456,CN,16,已读并纳入,CELL16-117,图示常见GAG经Ser连接木糖-Gal-Gal-GlcA四糖；不能推广全部GAG，硫酸角质素的连接方式不同。,,来源/中文教材/images/part_004_c24da43212569bc92a793173b68ede1dd12d14e0f1a849de64484ffcfb9da170.jpg
CN0457,CN,16,已读并纳入,CELL16-118,蛋白聚糖的GAG与核心蛋白共价相连，聚合体经连接蛋白与透明质酸非共价结合；透明质酸并非直接共价连接核心蛋白。,,来源/中文教材/images/part_004_ef2bdbbb1861380b4e0be0e246c52f19e78bd10091f4d427e5d3b889c57e7e60.jpg
CN0458,CN,16,已读并纳入,CELL16-122,纤连蛋白C端二硫键连接二聚体，各结构域结合胶原、肝素或整联蛋白等，RGD是部分结合位点。,,来源/中文教材/images/part_004_5a929dac377dc02673532f6b1b4223e7cfbff73032d1c46fdfe3da4b7c630ec2.jpg
CN0459,CN,16,已读并纳入,CELL16-099,层粘连蛋白由α、β、γ三链组成并参与基膜网络，连接细胞与ECM；不能概括为全部成员都以RGD完成黏着。,,来源/中文教材/images/part_004_b0267fa642cd978b4f1f58055c295a949f231261a141a24fa684951a3b698973.jpg
CN0460,CN,16,已读并纳入,CELL16-132,基膜位于上皮下、肌细胞周围及肾小球等，组织形式不同；肾小球滤过还需内皮和足细胞共同参与。,,来源/中文教材/images/part_004_389c651bfe540a3a5c70a61d0a440ea70af260a6e01216825debcc099a376d45.jpg
CN0461,CN,16,已读并纳入,CELL16-134,糖萼位于质膜外侧，由膜蛋白及膜脂糖链构成，钌红等可显影；不等同全部胞外基质。,,来源/中文教材/images/part_004_2175d23daf708d5d957d0c6510197c0037f657e87b3ce29c66b22bf7d6ae99e9.jpg
CN0462,CN,16,已读并纳入,CELL16-140,植物相邻细胞质膜外有细胞壁，中间层富果胶；不是所有细胞均形成次生壁，纤维素主要由质膜复合体合成。,,来源/中文教材/images/part_004_948e4a1d1d627956138db9968595b6396271734f6d151355eb26a2b481705684.jpg
CN0463,CN,16,已读后排除,,封底ISBN与出版信息，无细胞机制或实验考点。,封底ISBN及出版信息,来源/中文教材/images/part_004_4a2a8f6d689ea8f583a14d4771bc5d1dc5328094c3291e6f2e1e22fb6398276c.jpg
EN0001,EN,,英文未逐图审阅,,,,来源/英文教材/00_Front_Matter/chunks/pages_0001-0001/images/page_0_image_1.jpg
EN0002,EN,,英文未逐图审阅,,,,来源/英文教材/00_Front_Matter/chunks/pages_0011-0011/images/page_10_image_8.jpg
EN0003,EN,,英文未逐图审阅,,,,来源/英文教材/00_Front_Matter/chunks/pages_0011-0011/images/page_10_chart_9.jpg
EN0004,EN,1,英文未逐图审阅,,,,来源/英文教材/01_Cells_Genomes_and_the_Diversity_of_Life/chunks/pages_0001-0012/images/page_2_image_2.jpg
EN0005,EN,1,英文未逐图审阅,,,,来源/英文教材/01_Cells_Genomes_and_the_Diversity_of_Life/chunks/pages_0001-0012/images/page_2_image_3.jpg
EN0006,EN,1,英文未逐图审阅,,,,来源/英文教材/01_Cells_Genomes_and_the_Diversity_of_Life/chunks/pages_0001-0012/images/page_2_image_4.jpg
EN0007,EN,1,英文未逐图审阅,,,,来源/英文教材/01_Cells_Genomes_and_the_Diversity_of_Life/chunks/pages_0001-0012/images/page_2_image_5.jpg
EN0008,EN,1,英文未逐图审阅,,,,来源/英文教材/01_Cells_Genomes_and_the_Diversity_of_Life/chunks/pages_0001-0012/images/page_2_image_6.jpg
EN0009,EN,1,英文未逐图审阅,,,,来源/英文教材/01_Cells_Genomes_and_the_Diversity_of_Life/chunks/pages_0001-0012/images/page_2_image_7.jpg
EN0010,EN,1,英文未逐图审阅,,,,来源/英文教材/01_Cells_Genomes_and_the_Diversity_of_Life/chunks/pages_0001-0012/images/page_3_image_2.jpg
EN0011,EN,1,英文未逐图审阅,,,,来源/英文教材/01_Cells_Genomes_and_the_Diversity_of_Life/chunks/pages_0001-0012/images/page_4_image_2.jpg
EN0012,EN,1,英文未逐图审阅,,,,来源/英文教材/01_Cells_Genomes_and_the_Diversity_of_Life/chunks/pages_0001-0012/images/page_4_image_9.jpg
EN0013,EN,1,英文未逐图审阅,,,,来源/英文教材/01_Cells_Genomes_and_the_Diversity_of_Life/chunks/pages_0001-0012/images/page_5_image_10.jpg
EN0014,EN,1,英文未逐图审阅,,,,来源/英文教材/01_Cells_Genomes_and_the_Diversity_of_Life/chunks/pages_0001-0012/images/page_5_image_11.jpg
EN0015,EN,1,英文未逐图审阅,,,,来源/英文教材/01_Cells_Genomes_and_the_Diversity_of_Life/chunks/pages_0001-0012/images/page_7_image_10.jpg
EN0016,EN,1,英文未逐图审阅,,,,来源/英文教材/01_Cells_Genomes_and_the_Diversity_of_Life/chunks/pages_0001-0012/images/page_9_image_2.jpg
EN0017,EN,1,英文未逐图审阅,,,,来源/英文教材/01_Cells_Genomes_and_the_Diversity_of_Life/chunks/pages_0001-0012/images/page_9_image_10.jpg
EN0018,EN,1,英文未逐图审阅,,,,来源/英文教材/01_Cells_Genomes_and_the_Diversity_of_Life/chunks/pages_0001-0012/images/page_11_image_5.jpg
EN0019,EN,1,英文未逐图审阅,,,,来源/英文教材/01_Cells_Genomes_and_the_Diversity_of_Life/chunks/pages_0013-0024/images/page_12_image_8.jpg
EN0020,EN,1,英文未逐图审阅,,,,来源/英文教材/01_Cells_Genomes_and_the_Diversity_of_Life/chunks/pages_0013-0024/images/page_13_image_3.jpg
EN0021,EN,1,英文未逐图审阅,,,,来源/英文教材/01_Cells_Genomes_and_the_Diversity_of_Life/chunks/pages_0013-0024/images/page_13_image_7.jpg
EN0022,EN,1,英文未逐图审阅,,,,来源/英文教材/01_Cells_Genomes_and_the_Diversity_of_Life/chunks/pages_0013-0024/images/page_14_image_5.jpg
EN0023,EN,1,英文未逐图审阅,,,,来源/英文教材/01_Cells_Genomes_and_the_Diversity_of_Life/chunks/pages_0013-0024/images/page_14_chart_14.jpg
EN0024,EN,1,英文未逐图审阅,,,,来源/英文教材/01_Cells_Genomes_and_the_Diversity_of_Life/chunks/pages_0013-0024/images/page_15_image_7.jpg
EN0025,EN,1,英文未逐图审阅,,,,来源/英文教材/01_Cells_Genomes_and_the_Diversity_of_Life/chunks/pages_0013-0024/images/page_16_image_3.jpg
EN0026,EN,1,英文未逐图审阅,,,,来源/英文教材/01_Cells_Genomes_and_the_Diversity_of_Life/chunks/pages_0013-0024/images/page_16_image_5.jpg
EN0027,EN,1,英文未逐图审阅,,,,来源/英文教材/01_Cells_Genomes_and_the_Diversity_of_Life/chunks/pages_0013-0024/images/page_18_image_9.jpg
EN0028,EN,1,英文未逐图审阅,,,,来源/英文教材/01_Cells_Genomes_and_the_Diversity_of_Life/chunks/pages_0013-0024/images/page_19_chart_2.jpg
EN0029,EN,1,英文未逐图审阅,,,,来源/英文教材/01_Cells_Genomes_and_the_Diversity_of_Life/chunks/pages_0013-0024/images/page_20_image_2.jpg
EN0030,EN,1,英文未逐图审阅,,,,来源/英文教材/01_Cells_Genomes_and_the_Diversity_of_Life/chunks/pages_0013-0024/images/page_22_image_6.jpg
EN0031,EN,1,英文未逐图审阅,,,,来源/英文教材/01_Cells_Genomes_and_the_Diversity_of_Life/chunks/pages_0013-0024/images/page_23_image_2.jpg
EN0032,EN,1,英文未逐图审阅,,,,来源/英文教材/01_Cells_Genomes_and_the_Diversity_of_Life/chunks/pages_0013-0024/images/page_23_image_9.jpg
EN0033,EN,1,英文未逐图审阅,,,,来源/英文教材/01_Cells_Genomes_and_the_Diversity_of_Life/chunks/pages_0025-0036/images/page_24_image_2.jpg
EN0034,EN,7,英文未逐图审阅,,,,来源/英文教材/01_Cells_Genomes_and_the_Diversity_of_Life/chunks/pages_0025-0036/images/page_24_image_9.jpg
EN0035,EN,7,英文未逐图审阅,,,,来源/英文教材/01_Cells_Genomes_and_the_Diversity_of_Life/chunks/pages_0025-0036/images/page_24_image_11.jpg
EN0036,EN,7,英文未逐图审阅,,,,来源/英文教材/01_Cells_Genomes_and_the_Diversity_of_Life/chunks/pages_0025-0036/images/page_25_image_8.jpg
EN0037,EN,7,英文未逐图审阅,,,,来源/英文教材/01_Cells_Genomes_and_the_Diversity_of_Life/chunks/pages_0025-0036/images/page_25_image_9.jpg
EN0038,EN,7,英文未逐图审阅,,,,来源/英文教材/01_Cells_Genomes_and_the_Diversity_of_Life/chunks/pages_0025-0036/images/page_26_image_2.jpg
EN0039,EN,7,英文未逐图审阅,,,,来源/英文教材/01_Cells_Genomes_and_the_Diversity_of_Life/chunks/pages_0025-0036/images/page_26_image_8.jpg
EN0040,EN,1,英文未逐图审阅,,,,来源/英文教材/01_Cells_Genomes_and_the_Diversity_of_Life/chunks/pages_0025-0036/images/page_27_chart_9.jpg
EN0041,EN,1,英文未逐图审阅,,,,来源/英文教材/01_Cells_Genomes_and_the_Diversity_of_Life/chunks/pages_0025-0036/images/page_28_image_9.jpg
EN0042,EN,1,英文未逐图审阅,,,,来源/英文教材/01_Cells_Genomes_and_the_Diversity_of_Life/chunks/pages_0025-0036/images/page_29_image_2.jpg
EN0043,EN,1,英文未逐图审阅,,,,来源/英文教材/01_Cells_Genomes_and_the_Diversity_of_Life/chunks/pages_0025-0036/images/page_29_image_9.jpg
EN0044,EN,1,英文未逐图审阅,,,,来源/英文教材/01_Cells_Genomes_and_the_Diversity_of_Life/chunks/pages_0025-0036/images/page_30_image_3.jpg
EN0045,EN,1,英文未逐图审阅,,,,来源/英文教材/01_Cells_Genomes_and_the_Diversity_of_Life/chunks/pages_0025-0036/images/page_30_image_6.jpg
EN0046,EN,2,英文未逐图审阅,,,,来源/英文教材/01_Cells_Genomes_and_the_Diversity_of_Life/chunks/pages_0025-0036/images/page_31_image_2.jpg
EN0047,EN,2,英文未逐图审阅,,,,来源/英文教材/01_Cells_Genomes_and_the_Diversity_of_Life/chunks/pages_0025-0036/images/page_32_image_9.jpg
EN0048,EN,2,英文未逐图审阅,,,,来源/英文教材/01_Cells_Genomes_and_the_Diversity_of_Life/chunks/pages_0025-0036/images/page_32_image_10.jpg
EN0049,EN,2,英文未逐图审阅,,,,来源/英文教材/01_Cells_Genomes_and_the_Diversity_of_Life/chunks/pages_0025-0036/images/page_33_image_5.jpg
EN0050,EN,2,英文未逐图审阅,,,,来源/英文教材/01_Cells_Genomes_and_the_Diversity_of_Life/chunks/pages_0025-0036/images/page_33_image_7.jpg
EN0051,EN,2,英文未逐图审阅,,,,来源/英文教材/01_Cells_Genomes_and_the_Diversity_of_Life/chunks/pages_0025-0036/images/page_33_image_9.jpg
EN0052,EN,2,英文未逐图审阅,,,,来源/英文教材/01_Cells_Genomes_and_the_Diversity_of_Life/chunks/pages_0025-0036/images/page_33_image_12.jpg
EN0053,EN,2,英文未逐图审阅,,,,来源/英文教材/01_Cells_Genomes_and_the_Diversity_of_Life/chunks/pages_0025-0036/images/page_33_image_15.jpg
EN0054,EN,2,英文未逐图审阅,,,,来源/英文教材/01_Cells_Genomes_and_the_Diversity_of_Life/chunks/pages_0025-0036/images/page_35_image_2.jpg
EN0055,EN,2,英文未逐图审阅,,,,来源/英文教材/01_Cells_Genomes_and_the_Diversity_of_Life/chunks/pages_0037-0048/images/page_36_image_2.jpg
EN0056,EN,2,英文未逐图审阅,,,,来源/英文教材/01_Cells_Genomes_and_the_Diversity_of_Life/chunks/pages_0037-0048/images/page_36_image_9.jpg
EN0057,EN,2,英文未逐图审阅,,,,来源/英文教材/01_Cells_Genomes_and_the_Diversity_of_Life/chunks/pages_0037-0048/images/page_37_image_10.jpg
EN0058,EN,2,英文未逐图审阅,,,,来源/英文教材/01_Cells_Genomes_and_the_Diversity_of_Life/chunks/pages_0037-0048/images/page_37_image_11.jpg
EN0059,EN,2,英文未逐图审阅,,,,来源/英文教材/01_Cells_Genomes_and_the_Diversity_of_Life/chunks/pages_0037-0048/images/page_38_image_4.jpg
EN0060,EN,2,英文未逐图审阅,,,,来源/英文教材/01_Cells_Genomes_and_the_Diversity_of_Life/chunks/pages_0037-0048/images/page_38_image_10.jpg
EN0061,EN,2,英文未逐图审阅,,,,来源/英文教材/01_Cells_Genomes_and_the_Diversity_of_Life/chunks/pages_0037-0048/images/page_39_image_2.jpg
EN0062,EN,2,英文未逐图审阅,,,,来源/英文教材/01_Cells_Genomes_and_the_Diversity_of_Life/chunks/pages_0037-0048/images/page_39_image_8.jpg
EN0063,EN,2,英文未逐图审阅,,,,来源/英文教材/01_Cells_Genomes_and_the_Diversity_of_Life/chunks/pages_0037-0048/images/page_39_image_11.jpg
EN0064,EN,2,英文未逐图审阅,,,,来源/英文教材/01_Cells_Genomes_and_the_Diversity_of_Life/chunks/pages_0037-0048/images/page_39_image_12.jpg
EN0065,EN,2,英文未逐图审阅,,,,来源/英文教材/01_Cells_Genomes_and_the_Diversity_of_Life/chunks/pages_0037-0048/images/page_40_chart_6.jpg
EN0066,EN,2,英文未逐图审阅,,,,来源/英文教材/01_Cells_Genomes_and_the_Diversity_of_Life/chunks/pages_0037-0048/images/page_41_image_2.jpg
EN0067,EN,2,英文未逐图审阅,,,,来源/英文教材/01_Cells_Genomes_and_the_Diversity_of_Life/chunks/pages_0037-0048/images/page_41_image_3.jpg
EN0068,EN,2,英文未逐图审阅,,,,来源/英文教材/01_Cells_Genomes_and_the_Diversity_of_Life/chunks/pages_0037-0048/images/page_42_image_2.jpg
EN0069,EN,2,英文未逐图审阅,,,,来源/英文教材/01_Cells_Genomes_and_the_Diversity_of_Life/chunks/pages_0037-0048/images/page_43_image_9.jpg
EN0070,EN,1,英文未逐图审阅,,,,来源/英文教材/01_Cells_Genomes_and_the_Diversity_of_Life/chunks/pages_0037-0048/images/page_45_chart_11.jpg
EN0071,EN,1,英文未逐图审阅,,,,来源/英文教材/01_Cells_Genomes_and_the_Diversity_of_Life/chunks/pages_0037-0048/images/page_46_chart_7.jpg
EN0072,EN,1,英文未逐图审阅,,,,来源/英文教材/02_Cell_Chemistry_and_Bioenergetics/chunks/pages_0001-0012/images/page_1_image_2.jpg
EN0073,EN,1,英文未逐图审阅,,,,来源/英文教材/02_Cell_Chemistry_and_Bioenergetics/chunks/pages_0001-0012/images/page_1_image_10.jpg
EN0074,EN,1,英文未逐图审阅,,,,来源/英文教材/02_Cell_Chemistry_and_Bioenergetics/chunks/pages_0001-0012/images/page_1_image_11.jpg
EN0075,EN,1,英文未逐图审阅,,,,来源/英文教材/02_Cell_Chemistry_and_Bioenergetics/chunks/pages_0001-0012/images/page_3_image_9.jpg
EN0076,EN,1,英文未逐图审阅,,,,来源/英文教材/02_Cell_Chemistry_and_Bioenergetics/chunks/pages_0001-0012/images/page_3_image_10.jpg
EN0077,EN,1,英文未逐图审阅,,,,来源/英文教材/02_Cell_Chemistry_and_Bioenergetics/chunks/pages_0001-0012/images/page_3_image_11.jpg
EN0078,EN,1,英文未逐图审阅,,,,来源/英文教材/02_Cell_Chemistry_and_Bioenergetics/chunks/pages_0001-0012/images/page_5_image_2.jpg
EN0079,EN,1,英文未逐图审阅,,,,来源/英文教材/02_Cell_Chemistry_and_Bioenergetics/chunks/pages_0001-0012/images/page_5_image_3.jpg
EN0080,EN,1,英文未逐图审阅,,,,来源/英文教材/02_Cell_Chemistry_and_Bioenergetics/chunks/pages_0001-0012/images/page_5_chart_9.jpg
EN0081,EN,1,英文未逐图审阅,,,,来源/英文教材/02_Cell_Chemistry_and_Bioenergetics/chunks/pages_0001-0012/images/page_6_image_4.jpg
EN0082,EN,1,英文未逐图审阅,,,,来源/英文教材/02_Cell_Chemistry_and_Bioenergetics/chunks/pages_0001-0012/images/page_6_image_10.jpg
EN0083,EN,1,英文未逐图审阅,,,,来源/英文教材/02_Cell_Chemistry_and_Bioenergetics/chunks/pages_0001-0012/images/page_7_image_2.jpg
EN0084,EN,1,英文未逐图审阅,,,,来源/英文教材/02_Cell_Chemistry_and_Bioenergetics/chunks/pages_0001-0012/images/page_7_image_9.jpg
EN0085,EN,1,英文未逐图审阅,,,,来源/英文教材/02_Cell_Chemistry_and_Bioenergetics/chunks/pages_0001-0012/images/page_8_image_3.jpg
EN0086,EN,1,英文未逐图审阅,,,,来源/英文教材/02_Cell_Chemistry_and_Bioenergetics/chunks/pages_0001-0012/images/page_8_image_5.jpg
EN0087,EN,1,英文未逐图审阅,,,,来源/英文教材/02_Cell_Chemistry_and_Bioenergetics/chunks/pages_0001-0012/images/page_8_image_7.jpg
EN0088,EN,1,英文未逐图审阅,,,,来源/英文教材/02_Cell_Chemistry_and_Bioenergetics/chunks/pages_0001-0012/images/page_8_image_8.jpg
EN0089,EN,1,英文未逐图审阅,,,,来源/英文教材/02_Cell_Chemistry_and_Bioenergetics/chunks/pages_0001-0012/images/page_8_image_9.jpg
EN0090,EN,7,英文未逐图审阅,,,,来源/英文教材/02_Cell_Chemistry_and_Bioenergetics/chunks/pages_0001-0012/images/page_8_image_16.jpg
EN0091,EN,7,英文未逐图审阅,,,,来源/英文教材/02_Cell_Chemistry_and_Bioenergetics/chunks/pages_0001-0012/images/page_8_image_17.jpg
EN0092,EN,7,英文未逐图审阅,,,,来源/英文教材/02_Cell_Chemistry_and_Bioenergetics/chunks/pages_0001-0012/images/page_9_image_2.jpg
EN0093,EN,7,英文未逐图审阅,,,,来源/英文教材/02_Cell_Chemistry_and_Bioenergetics/chunks/pages_0001-0012/images/page_10_image_4.jpg
EN0094,EN,7,英文未逐图审阅,,,,来源/英文教材/02_Cell_Chemistry_and_Bioenergetics/chunks/pages_0001-0012/images/page_10_image_5.jpg
EN0095,EN,7,英文未逐图审阅,,,,来源/英文教材/02_Cell_Chemistry_and_Bioenergetics/chunks/pages_0001-0012/images/page_10_image_11.jpg
EN0096,EN,7,英文未逐图审阅,,,,来源/英文教材/02_Cell_Chemistry_and_Bioenergetics/chunks/pages_0001-0012/images/page_11_image_2.jpg
EN0097,EN,7,英文未逐图审阅,,,,来源/英文教材/02_Cell_Chemistry_and_Bioenergetics/chunks/pages_0013-0024/images/page_12_image_2.jpg
EN0098,EN,7,英文未逐图审阅,,,,来源/英文教材/02_Cell_Chemistry_and_Bioenergetics/chunks/pages_0013-0024/images/page_12_image_8.jpg
EN0099,EN,7,英文未逐图审阅,,,,来源/英文教材/02_Cell_Chemistry_and_Bioenergetics/chunks/pages_0013-0024/images/page_13_image_3.jpg
EN0100,EN,7,英文未逐图审阅,,,,来源/英文教材/02_Cell_Chemistry_and_Bioenergetics/chunks/pages_0013-0024/images/page_13_image_5.jpg
EN0101,EN,7,英文未逐图审阅,,,,来源/英文教材/02_Cell_Chemistry_and_Bioenergetics/chunks/pages_0013-0024/images/page_14_image_10.jpg
EN0102,EN,7,英文未逐图审阅,,,,来源/英文教材/02_Cell_Chemistry_and_Bioenergetics/chunks/pages_0013-0024/images/page_14_image_11.jpg
EN0103,EN,7,英文未逐图审阅,,,,来源/英文教材/02_Cell_Chemistry_and_Bioenergetics/chunks/pages_0013-0024/images/page_15_image_2.jpg
EN0104,EN,7,英文未逐图审阅,,,,来源/英文教材/02_Cell_Chemistry_and_Bioenergetics/chunks/pages_0013-0024/images/page_15_image_7.jpg
EN0105,EN,7,英文未逐图审阅,,,,来源/英文教材/02_Cell_Chemistry_and_Bioenergetics/chunks/pages_0013-0024/images/page_15_image_8.jpg
EN0106,EN,7,英文未逐图审阅,,,,来源/英文教材/02_Cell_Chemistry_and_Bioenergetics/chunks/pages_0013-0024/images/page_16_image_5.jpg
EN0107,EN,7,英文未逐图审阅,,,,来源/英文教材/02_Cell_Chemistry_and_Bioenergetics/chunks/pages_0013-0024/images/page_16_image_10.jpg
EN0108,EN,7,英文未逐图审阅,,,,来源/英文教材/02_Cell_Chemistry_and_Bioenergetics/chunks/pages_0013-0024/images/page_17_image_4.jpg
EN0109,EN,7,英文未逐图审阅,,,,来源/英文教材/02_Cell_Chemistry_and_Bioenergetics/chunks/pages_0013-0024/images/page_17_image_12.jpg
EN0110,EN,7,英文未逐图审阅,,,,来源/英文教材/02_Cell_Chemistry_and_Bioenergetics/chunks/pages_0013-0024/images/page_18_image_15.jpg
EN0111,EN,7,英文未逐图审阅,,,,来源/英文教材/02_Cell_Chemistry_and_Bioenergetics/chunks/pages_0013-0024/images/page_18_image_19.jpg
EN0112,EN,7,英文未逐图审阅,,,,来源/英文教材/02_Cell_Chemistry_and_Bioenergetics/chunks/pages_0013-0024/images/page_18_image_23.jpg
EN0113,EN,7,英文未逐图审阅,,,,来源/英文教材/02_Cell_Chemistry_and_Bioenergetics/chunks/pages_0013-0024/images/page_19_image_2.jpg
EN0114,EN,7,英文未逐图审阅,,,,来源/英文教材/02_Cell_Chemistry_and_Bioenergetics/chunks/pages_0013-0024/images/page_19_image_5.jpg
EN0115,EN,7,英文未逐图审阅,,,,来源/英文教材/02_Cell_Chemistry_and_Bioenergetics/chunks/pages_0013-0024/images/page_19_image_7.jpg
EN0116,EN,7,英文未逐图审阅,,,,来源/英文教材/02_Cell_Chemistry_and_Bioenergetics/chunks/pages_0013-0024/images/page_21_image_2.jpg
EN0117,EN,7,英文未逐图审阅,,,,来源/英文教材/02_Cell_Chemistry_and_Bioenergetics/chunks/pages_0013-0024/images/page_21_image_8.jpg
EN0118,EN,7,英文未逐图审阅,,,,来源/英文教材/02_Cell_Chemistry_and_Bioenergetics/chunks/pages_0013-0024/images/page_21_image_11.jpg
EN0119,EN,7,英文未逐图审阅,,,,来源/英文教材/02_Cell_Chemistry_and_Bioenergetics/chunks/pages_0013-0024/images/page_21_image_13.jpg
EN0120,EN,7,英文未逐图审阅,,,,来源/英文教材/02_Cell_Chemistry_and_Bioenergetics/chunks/pages_0013-0024/images/page_22_image_8.jpg
EN0121,EN,7,英文未逐图审阅,,,,来源/英文教材/02_Cell_Chemistry_and_Bioenergetics/chunks/pages_0013-0024/images/page_23_image_2.jpg
EN0122,EN,7,英文未逐图审阅,,,,来源/英文教材/02_Cell_Chemistry_and_Bioenergetics/chunks/pages_0025-0036/images/page_24_image_2.jpg
EN0123,EN,7,英文未逐图审阅,,,,来源/英文教材/02_Cell_Chemistry_and_Bioenergetics/chunks/pages_0025-0036/images/page_25_image_3.jpg
EN0124,EN,7,英文未逐图审阅,,,,来源/英文教材/02_Cell_Chemistry_and_Bioenergetics/chunks/pages_0025-0036/images/page_25_image_5.jpg
EN0125,EN,7,英文未逐图审阅,,,,来源/英文教材/02_Cell_Chemistry_and_Bioenergetics/chunks/pages_0025-0036/images/page_26_image_0.jpg
EN0126,EN,7,英文未逐图审阅,,,,来源/英文教材/02_Cell_Chemistry_and_Bioenergetics/chunks/pages_0025-0036/images/page_26_image_9.jpg
EN0127,EN,7,英文未逐图审阅,,,,来源/英文教材/02_Cell_Chemistry_and_Bioenergetics/chunks/pages_0025-0036/images/page_27_image_5.jpg
EN0128,EN,7,英文未逐图审阅,,,,来源/英文教材/02_Cell_Chemistry_and_Bioenergetics/chunks/pages_0025-0036/images/page_27_image_9.jpg
EN0129,EN,7,英文未逐图审阅,,,,来源/英文教材/02_Cell_Chemistry_and_Bioenergetics/chunks/pages_0025-0036/images/page_28_image_6.jpg
EN0130,EN,7,英文未逐图审阅,,,,来源/英文教材/02_Cell_Chemistry_and_Bioenergetics/chunks/pages_0025-0036/images/page_29_image_3.jpg
EN0131,EN,7,英文未逐图审阅,,,,来源/英文教材/02_Cell_Chemistry_and_Bioenergetics/chunks/pages_0025-0036/images/page_30_image_2.jpg
EN0132,EN,7,英文未逐图审阅,,,,来源/英文教材/02_Cell_Chemistry_and_Bioenergetics/chunks/pages_0025-0036/images/page_30_image_8.jpg
EN0133,EN,7,英文未逐图审阅,,,,来源/英文教材/02_Cell_Chemistry_and_Bioenergetics/chunks/pages_0025-0036/images/page_31_image_12.jpg
EN0134,EN,7,英文未逐图审阅,,,,来源/英文教材/02_Cell_Chemistry_and_Bioenergetics/chunks/pages_0025-0036/images/page_32_image_5.jpg
EN0135,EN,7,英文未逐图审阅,,,,来源/英文教材/02_Cell_Chemistry_and_Bioenergetics/chunks/pages_0025-0036/images/page_33_image_4.jpg
EN0136,EN,7,英文未逐图审阅,,,,来源/英文教材/02_Cell_Chemistry_and_Bioenergetics/chunks/pages_0025-0036/images/page_34_image_6.jpg
EN0137,EN,7,英文未逐图审阅,,,,来源/英文教材/02_Cell_Chemistry_and_Bioenergetics/chunks/pages_0025-0036/images/page_35_image_4.jpg
EN0138,EN,7,英文未逐图审阅,,,,来源/英文教材/02_Cell_Chemistry_and_Bioenergetics/chunks/pages_0025-0036/images/page_35_image_8.jpg
EN0139,EN,7,英文未逐图审阅,,,,来源/英文教材/02_Cell_Chemistry_and_Bioenergetics/chunks/pages_0037-0048/images/page_36_image_7.jpg
EN0140,EN,7,英文未逐图审阅,,,,来源/英文教材/02_Cell_Chemistry_and_Bioenergetics/chunks/pages_0037-0048/images/page_36_image_8.jpg
EN0141,EN,7,英文未逐图审阅,,,,来源/英文教材/02_Cell_Chemistry_and_Bioenergetics/chunks/pages_0037-0048/images/page_36_image_9.jpg
EN0142,EN,7,英文未逐图审阅,,,,来源/英文教材/02_Cell_Chemistry_and_Bioenergetics/chunks/pages_0037-0048/images/page_36_image_10.jpg
EN0143,EN,7,英文未逐图审阅,,,,来源/英文教材/02_Cell_Chemistry_and_Bioenergetics/chunks/pages_0037-0048/images/page_36_image_13.jpg
EN0144,EN,7,英文未逐图审阅,,,,来源/英文教材/02_Cell_Chemistry_and_Bioenergetics/chunks/pages_0037-0048/images/page_37_image_2.jpg
EN0145,EN,7,英文未逐图审阅,,,,来源/英文教材/02_Cell_Chemistry_and_Bioenergetics/chunks/pages_0037-0048/images/page_37_image_10.jpg
EN0146,EN,7,英文未逐图审阅,,,,来源/英文教材/02_Cell_Chemistry_and_Bioenergetics/chunks/pages_0037-0048/images/page_37_image_11.jpg
EN0147,EN,7,英文未逐图审阅,,,,来源/英文教材/02_Cell_Chemistry_and_Bioenergetics/chunks/pages_0037-0048/images/page_37_image_12.jpg
EN0148,EN,7,英文未逐图审阅,,,,来源/英文教材/02_Cell_Chemistry_and_Bioenergetics/chunks/pages_0037-0048/images/page_38_image_2.jpg
EN0149,EN,7,英文未逐图审阅,,,,来源/英文教材/02_Cell_Chemistry_and_Bioenergetics/chunks/pages_0037-0048/images/page_38_image_10.jpg
EN0150,EN,7,英文未逐图审阅,,,,来源/英文教材/02_Cell_Chemistry_and_Bioenergetics/chunks/pages_0037-0048/images/page_39_image_2.jpg
EN0151,EN,7,英文未逐图审阅,,,,来源/英文教材/02_Cell_Chemistry_and_Bioenergetics/chunks/pages_0037-0048/images/page_40_image_2.jpg
EN0152,EN,7,英文未逐图审阅,,,,来源/英文教材/02_Cell_Chemistry_and_Bioenergetics/chunks/pages_0037-0048/images/page_40_image_9.jpg
EN0153,EN,7,英文未逐图审阅,,,,来源/英文教材/02_Cell_Chemistry_and_Bioenergetics/chunks/pages_0037-0048/images/page_42_image_2.jpg
EN0154,EN,7,英文未逐图审阅,,,,来源/英文教材/02_Cell_Chemistry_and_Bioenergetics/chunks/pages_0037-0048/images/page_43_image_11.jpg
EN0155,EN,7,英文未逐图审阅,,,,来源/英文教材/02_Cell_Chemistry_and_Bioenergetics/chunks/pages_0037-0048/images/page_44_image_2.jpg
EN0156,EN,1,英文未逐图审阅,,,,来源/英文教材/02_Cell_Chemistry_and_Bioenergetics/chunks/pages_0037-0048/images/page_45_image_5.jpg
EN0157,EN,1,英文未逐图审阅,,,,来源/英文教材/02_Cell_Chemistry_and_Bioenergetics/chunks/pages_0037-0048/images/page_45_image_8.jpg
EN0158,EN,1,英文未逐图审阅,,,,来源/英文教材/02_Cell_Chemistry_and_Bioenergetics/chunks/pages_0037-0048/images/page_45_image_10.jpg
EN0159,EN,1,英文未逐图审阅,,,,来源/英文教材/02_Cell_Chemistry_and_Bioenergetics/chunks/pages_0037-0048/images/page_45_image_12.jpg
EN0160,EN,1,英文未逐图审阅,,,,来源/英文教材/02_Cell_Chemistry_and_Bioenergetics/chunks/pages_0037-0048/images/page_45_image_13.jpg
EN0161,EN,1,英文未逐图审阅,,,,来源/英文教材/02_Cell_Chemistry_and_Bioenergetics/chunks/pages_0037-0048/images/page_45_image_18.jpg
EN0162,EN,1,英文未逐图审阅,,,,来源/英文教材/02_Cell_Chemistry_and_Bioenergetics/chunks/pages_0037-0048/images/page_45_image_19.jpg
EN0163,EN,1,英文未逐图审阅,,,,来源/英文教材/02_Cell_Chemistry_and_Bioenergetics/chunks/pages_0037-0048/images/page_45_image_20.jpg
EN0164,EN,1,英文未逐图审阅,,,,来源/英文教材/02_Cell_Chemistry_and_Bioenergetics/chunks/pages_0037-0048/images/page_45_image_22.jpg
EN0165,EN,1,英文未逐图审阅,,,,来源/英文教材/02_Cell_Chemistry_and_Bioenergetics/chunks/pages_0037-0048/images/page_45_image_23.jpg
EN0166,EN,1,英文未逐图审阅,,,,来源/英文教材/02_Cell_Chemistry_and_Bioenergetics/chunks/pages_0037-0048/images/page_45_image_24.jpg
EN0167,EN,1,英文未逐图审阅,,,,来源/英文教材/02_Cell_Chemistry_and_Bioenergetics/chunks/pages_0037-0048/images/page_45_image_25.jpg
EN0168,EN,1,英文未逐图审阅,,,,来源/英文教材/02_Cell_Chemistry_and_Bioenergetics/chunks/pages_0037-0048/images/page_45_image_30.jpg
EN0169,EN,1,英文未逐图审阅,,,,来源/英文教材/02_Cell_Chemistry_and_Bioenergetics/chunks/pages_0037-0048/images/page_45_image_35.jpg
EN0170,EN,1,英文未逐图审阅,,,,来源/英文教材/02_Cell_Chemistry_and_Bioenergetics/chunks/pages_0037-0048/images/page_45_image_37.jpg
EN0171,EN,1,英文未逐图审阅,,,,来源/英文教材/02_Cell_Chemistry_and_Bioenergetics/chunks/pages_0037-0048/images/page_45_image_39.jpg
EN0172,EN,1,英文未逐图审阅,,,,来源/英文教材/02_Cell_Chemistry_and_Bioenergetics/chunks/pages_0037-0048/images/page_45_image_40.jpg
EN0173,EN,1,英文未逐图审阅,,,,来源/英文教材/02_Cell_Chemistry_and_Bioenergetics/chunks/pages_0037-0048/images/page_45_image_42.jpg
EN0174,EN,1,英文未逐图审阅,,,,来源/英文教材/02_Cell_Chemistry_and_Bioenergetics/chunks/pages_0037-0048/images/page_46_image_4.jpg
EN0175,EN,1,英文未逐图审阅,,,,来源/英文教材/02_Cell_Chemistry_and_Bioenergetics/chunks/pages_0037-0048/images/page_46_image_8.jpg
EN0176,EN,1,英文未逐图审阅,,,,来源/英文教材/02_Cell_Chemistry_and_Bioenergetics/chunks/pages_0037-0048/images/page_46_image_9.jpg
EN0177,EN,1,英文未逐图审阅,,,,来源/英文教材/02_Cell_Chemistry_and_Bioenergetics/chunks/pages_0037-0048/images/page_46_image_12.jpg
EN0178,EN,1,英文未逐图审阅,,,,来源/英文教材/02_Cell_Chemistry_and_Bioenergetics/chunks/pages_0037-0048/images/page_46_image_16.jpg
EN0179,EN,1,英文未逐图审阅,,,,来源/英文教材/02_Cell_Chemistry_and_Bioenergetics/chunks/pages_0037-0048/images/page_46_image_20.jpg
EN0180,EN,1,英文未逐图审阅,,,,来源/英文教材/02_Cell_Chemistry_and_Bioenergetics/chunks/pages_0037-0048/images/page_46_image_22.jpg
EN0181,EN,1,英文未逐图审阅,,,,来源/英文教材/02_Cell_Chemistry_and_Bioenergetics/chunks/pages_0037-0048/images/page_46_image_24.jpg
EN0182,EN,1,英文未逐图审阅,,,,来源/英文教材/02_Cell_Chemistry_and_Bioenergetics/chunks/pages_0037-0048/images/page_46_image_30.jpg
EN0183,EN,1,英文未逐图审阅,,,,来源/英文教材/02_Cell_Chemistry_and_Bioenergetics/chunks/pages_0037-0048/images/page_46_image_31.jpg
EN0184,EN,1,英文未逐图审阅,,,,来源/英文教材/02_Cell_Chemistry_and_Bioenergetics/chunks/pages_0037-0048/images/page_46_image_33.jpg
EN0185,EN,1,英文未逐图审阅,,,,来源/英文教材/02_Cell_Chemistry_and_Bioenergetics/chunks/pages_0037-0048/images/page_46_image_34.jpg
EN0186,EN,1,英文未逐图审阅,,,,来源/英文教材/02_Cell_Chemistry_and_Bioenergetics/chunks/pages_0037-0048/images/page_46_image_36.jpg
EN0187,EN,1,英文未逐图审阅,,,,来源/英文教材/02_Cell_Chemistry_and_Bioenergetics/chunks/pages_0037-0048/images/page_46_image_38.jpg
EN0188,EN,1,英文未逐图审阅,,,,来源/英文教材/02_Cell_Chemistry_and_Bioenergetics/chunks/pages_0037-0048/images/page_47_image_5.jpg
EN0189,EN,1,英文未逐图审阅,,,,来源/英文教材/02_Cell_Chemistry_and_Bioenergetics/chunks/pages_0037-0048/images/page_47_image_6.jpg
EN0190,EN,1,英文未逐图审阅,,,,来源/英文教材/02_Cell_Chemistry_and_Bioenergetics/chunks/pages_0037-0048/images/page_47_image_9.jpg
EN0191,EN,1,英文未逐图审阅,,,,来源/英文教材/02_Cell_Chemistry_and_Bioenergetics/chunks/pages_0037-0048/images/page_47_image_13.jpg
EN0192,EN,1,英文未逐图审阅,,,,来源/英文教材/02_Cell_Chemistry_and_Bioenergetics/chunks/pages_0037-0048/images/page_47_image_15.jpg
EN0193,EN,1,英文未逐图审阅,,,,来源/英文教材/02_Cell_Chemistry_and_Bioenergetics/chunks/pages_0037-0048/images/page_47_image_19.jpg
EN0194,EN,1,英文未逐图审阅,,,,来源/英文教材/02_Cell_Chemistry_and_Bioenergetics/chunks/pages_0037-0048/images/page_47_image_23.jpg
EN0195,EN,1,英文未逐图审阅,,,,来源/英文教材/02_Cell_Chemistry_and_Bioenergetics/chunks/pages_0049-0060/images/page_48_image_4.jpg
EN0196,EN,1,英文未逐图审阅,,,,来源/英文教材/02_Cell_Chemistry_and_Bioenergetics/chunks/pages_0049-0060/images/page_48_image_8.jpg
EN0197,EN,1,英文未逐图审阅,,,,来源/英文教材/02_Cell_Chemistry_and_Bioenergetics/chunks/pages_0049-0060/images/page_48_image_10.jpg
EN0198,EN,1,英文未逐图审阅,,,,来源/英文教材/02_Cell_Chemistry_and_Bioenergetics/chunks/pages_0049-0060/images/page_48_image_14.jpg
EN0199,EN,1,英文未逐图审阅,,,,来源/英文教材/02_Cell_Chemistry_and_Bioenergetics/chunks/pages_0049-0060/images/page_48_image_20.jpg
EN0200,EN,1,英文未逐图审阅,,,,来源/英文教材/02_Cell_Chemistry_and_Bioenergetics/chunks/pages_0049-0060/images/page_48_image_25.jpg
EN0201,EN,1,英文未逐图审阅,,,,来源/英文教材/02_Cell_Chemistry_and_Bioenergetics/chunks/pages_0049-0060/images/page_48_image_27.jpg
EN0202,EN,1,英文未逐图审阅,,,,来源/英文教材/02_Cell_Chemistry_and_Bioenergetics/chunks/pages_0049-0060/images/page_49_image_5.jpg
EN0203,EN,1,英文未逐图审阅,,,,来源/英文教材/02_Cell_Chemistry_and_Bioenergetics/chunks/pages_0049-0060/images/page_49_image_10.jpg
EN0204,EN,1,英文未逐图审阅,,,,来源/英文教材/02_Cell_Chemistry_and_Bioenergetics/chunks/pages_0049-0060/images/page_49_image_11.jpg
EN0205,EN,1,英文未逐图审阅,,,,来源/英文教材/02_Cell_Chemistry_and_Bioenergetics/chunks/pages_0049-0060/images/page_49_image_14.jpg
EN0206,EN,1,英文未逐图审阅,,,,来源/英文教材/02_Cell_Chemistry_and_Bioenergetics/chunks/pages_0049-0060/images/page_49_image_16.jpg
EN0207,EN,1,英文未逐图审阅,,,,来源/英文教材/02_Cell_Chemistry_and_Bioenergetics/chunks/pages_0049-0060/images/page_49_image_19.jpg
EN0208,EN,1,英文未逐图审阅,,,,来源/英文教材/02_Cell_Chemistry_and_Bioenergetics/chunks/pages_0049-0060/images/page_49_image_20.jpg
EN0209,EN,1,英文未逐图审阅,,,,来源/英文教材/02_Cell_Chemistry_and_Bioenergetics/chunks/pages_0049-0060/images/page_49_image_22.jpg
EN0210,EN,1,英文未逐图审阅,,,,来源/英文教材/02_Cell_Chemistry_and_Bioenergetics/chunks/pages_0049-0060/images/page_49_image_23.jpg
EN0211,EN,1,英文未逐图审阅,,,,来源/英文教材/02_Cell_Chemistry_and_Bioenergetics/chunks/pages_0049-0060/images/page_49_image_29.jpg
EN0212,EN,1,英文未逐图审阅,,,,来源/英文教材/02_Cell_Chemistry_and_Bioenergetics/chunks/pages_0049-0060/images/page_49_image_31.jpg
EN0213,EN,1,英文未逐图审阅,,,,来源/英文教材/02_Cell_Chemistry_and_Bioenergetics/chunks/pages_0049-0060/images/page_49_image_32.jpg
EN0214,EN,1,英文未逐图审阅,,,,来源/英文教材/02_Cell_Chemistry_and_Bioenergetics/chunks/pages_0049-0060/images/page_49_image_37.jpg
EN0215,EN,1,英文未逐图审阅,,,,来源/英文教材/02_Cell_Chemistry_and_Bioenergetics/chunks/pages_0049-0060/images/page_50_image_3.jpg
EN0216,EN,1,英文未逐图审阅,,,,来源/英文教材/02_Cell_Chemistry_and_Bioenergetics/chunks/pages_0049-0060/images/page_50_image_6.jpg
EN0217,EN,1,英文未逐图审阅,,,,来源/英文教材/02_Cell_Chemistry_and_Bioenergetics/chunks/pages_0049-0060/images/page_50_image_9.jpg
EN0218,EN,1,英文未逐图审阅,,,,来源/英文教材/02_Cell_Chemistry_and_Bioenergetics/chunks/pages_0049-0060/images/page_50_image_11.jpg
EN0219,EN,1,英文未逐图审阅,,,,来源/英文教材/02_Cell_Chemistry_and_Bioenergetics/chunks/pages_0049-0060/images/page_50_image_15.jpg
EN0220,EN,1,英文未逐图审阅,,,,来源/英文教材/02_Cell_Chemistry_and_Bioenergetics/chunks/pages_0049-0060/images/page_50_image_17.jpg
EN0221,EN,1,英文未逐图审阅,,,,来源/英文教材/02_Cell_Chemistry_and_Bioenergetics/chunks/pages_0049-0060/images/page_51_image_11.jpg
EN0222,EN,1,英文未逐图审阅,,,,来源/英文教材/02_Cell_Chemistry_and_Bioenergetics/chunks/pages_0049-0060/images/page_51_image_12.jpg
EN0223,EN,1,英文未逐图审阅,,,,来源/英文教材/02_Cell_Chemistry_and_Bioenergetics/chunks/pages_0049-0060/images/page_51_image_14.jpg
EN0224,EN,1,英文未逐图审阅,,,,来源/英文教材/02_Cell_Chemistry_and_Bioenergetics/chunks/pages_0049-0060/images/page_51_image_15.jpg
EN0225,EN,1,英文未逐图审阅,,,,来源/英文教材/02_Cell_Chemistry_and_Bioenergetics/chunks/pages_0049-0060/images/page_51_image_17.jpg
EN0226,EN,1,英文未逐图审阅,,,,来源/英文教材/02_Cell_Chemistry_and_Bioenergetics/chunks/pages_0049-0060/images/page_51_image_19.jpg
EN0227,EN,1,英文未逐图审阅,,,,来源/英文教材/02_Cell_Chemistry_and_Bioenergetics/chunks/pages_0049-0060/images/page_51_image_22.jpg
EN0228,EN,1,英文未逐图审阅,,,,来源/英文教材/02_Cell_Chemistry_and_Bioenergetics/chunks/pages_0049-0060/images/page_51_image_23.jpg
EN0229,EN,1,英文未逐图审阅,,,,来源/英文教材/02_Cell_Chemistry_and_Bioenergetics/chunks/pages_0049-0060/images/page_51_image_24.jpg
EN0230,EN,1,英文未逐图审阅,,,,来源/英文教材/02_Cell_Chemistry_and_Bioenergetics/chunks/pages_0049-0060/images/page_51_image_25.jpg
EN0231,EN,1,英文未逐图审阅,,,,来源/英文教材/02_Cell_Chemistry_and_Bioenergetics/chunks/pages_0049-0060/images/page_51_image_29.jpg
EN0232,EN,1,英文未逐图审阅,,,,来源/英文教材/02_Cell_Chemistry_and_Bioenergetics/chunks/pages_0049-0060/images/page_52_image_4.jpg
EN0233,EN,1,英文未逐图审阅,,,,来源/英文教材/02_Cell_Chemistry_and_Bioenergetics/chunks/pages_0049-0060/images/page_52_image_6.jpg
EN0234,EN,1,英文未逐图审阅,,,,来源/英文教材/02_Cell_Chemistry_and_Bioenergetics/chunks/pages_0049-0060/images/page_52_image_10.jpg
EN0235,EN,1,英文未逐图审阅,,,,来源/英文教材/02_Cell_Chemistry_and_Bioenergetics/chunks/pages_0049-0060/images/page_52_image_11.jpg
EN0236,EN,1,英文未逐图审阅,,,,来源/英文教材/02_Cell_Chemistry_and_Bioenergetics/chunks/pages_0049-0060/images/page_52_image_17.jpg
EN0237,EN,1,英文未逐图审阅,,,,来源/英文教材/02_Cell_Chemistry_and_Bioenergetics/chunks/pages_0049-0060/images/page_52_image_20.jpg
EN0238,EN,1,英文未逐图审阅,,,,来源/英文教材/02_Cell_Chemistry_and_Bioenergetics/chunks/pages_0049-0060/images/page_52_image_23.jpg
EN0239,EN,1,英文未逐图审阅,,,,来源/英文教材/02_Cell_Chemistry_and_Bioenergetics/chunks/pages_0049-0060/images/page_53_image_7.jpg
EN0240,EN,1,英文未逐图审阅,,,,来源/英文教材/02_Cell_Chemistry_and_Bioenergetics/chunks/pages_0049-0060/images/page_53_image_9.jpg
EN0241,EN,1,英文未逐图审阅,,,,来源/英文教材/02_Cell_Chemistry_and_Bioenergetics/chunks/pages_0049-0060/images/page_53_image_11.jpg
EN0242,EN,1,英文未逐图审阅,,,,来源/英文教材/02_Cell_Chemistry_and_Bioenergetics/chunks/pages_0049-0060/images/page_53_image_15.jpg
EN0243,EN,1,英文未逐图审阅,,,,来源/英文教材/02_Cell_Chemistry_and_Bioenergetics/chunks/pages_0049-0060/images/page_53_image_21.jpg
EN0244,EN,1,英文未逐图审阅,,,,来源/英文教材/02_Cell_Chemistry_and_Bioenergetics/chunks/pages_0049-0060/images/page_53_image_23.jpg
EN0245,EN,1,英文未逐图审阅,,,,来源/英文教材/02_Cell_Chemistry_and_Bioenergetics/chunks/pages_0049-0060/images/page_53_image_25.jpg
EN0246,EN,1,英文未逐图审阅,,,,来源/英文教材/02_Cell_Chemistry_and_Bioenergetics/chunks/pages_0049-0060/images/page_53_image_27.jpg
EN0247,EN,1,英文未逐图审阅,,,,来源/英文教材/02_Cell_Chemistry_and_Bioenergetics/chunks/pages_0049-0060/images/page_54_image_3.jpg
EN0248,EN,1,英文未逐图审阅,,,,来源/英文教材/02_Cell_Chemistry_and_Bioenergetics/chunks/pages_0049-0060/images/page_54_image_5.jpg
EN0249,EN,1,英文未逐图审阅,,,,来源/英文教材/02_Cell_Chemistry_and_Bioenergetics/chunks/pages_0049-0060/images/page_54_image_9.jpg
EN0250,EN,1,英文未逐图审阅,,,,来源/英文教材/02_Cell_Chemistry_and_Bioenergetics/chunks/pages_0049-0060/images/page_54_image_10.jpg
EN0251,EN,1,英文未逐图审阅,,,,来源/英文教材/02_Cell_Chemistry_and_Bioenergetics/chunks/pages_0049-0060/images/page_54_image_13.jpg
EN0252,EN,1,英文未逐图审阅,,,,来源/英文教材/02_Cell_Chemistry_and_Bioenergetics/chunks/pages_0049-0060/images/page_54_image_16.jpg
EN0253,EN,1,英文未逐图审阅,,,,来源/英文教材/02_Cell_Chemistry_and_Bioenergetics/chunks/pages_0049-0060/images/page_54_image_18.jpg
EN0254,EN,1,英文未逐图审阅,,,,来源/英文教材/02_Cell_Chemistry_and_Bioenergetics/chunks/pages_0049-0060/images/page_54_image_22.jpg
EN0255,EN,1,英文未逐图审阅,,,,来源/英文教材/02_Cell_Chemistry_and_Bioenergetics/chunks/pages_0049-0060/images/page_54_image_25.jpg
EN0256,EN,1,英文未逐图审阅,,,,来源/英文教材/02_Cell_Chemistry_and_Bioenergetics/chunks/pages_0049-0060/images/page_55_image_2.jpg
EN0257,EN,1,英文未逐图审阅,,,,来源/英文教材/02_Cell_Chemistry_and_Bioenergetics/chunks/pages_0049-0060/images/page_55_image_5.jpg
EN0258,EN,1,英文未逐图审阅,,,,来源/英文教材/02_Cell_Chemistry_and_Bioenergetics/chunks/pages_0049-0060/images/page_55_image_6.jpg
EN0259,EN,1,英文未逐图审阅,,,,来源/英文教材/02_Cell_Chemistry_and_Bioenergetics/chunks/pages_0049-0060/images/page_55_image_7.jpg
EN0260,EN,1,英文未逐图审阅,,,,来源/英文教材/02_Cell_Chemistry_and_Bioenergetics/chunks/pages_0049-0060/images/page_55_image_11.jpg
EN0261,EN,1,英文未逐图审阅,,,,来源/英文教材/02_Cell_Chemistry_and_Bioenergetics/chunks/pages_0049-0060/images/page_55_image_14.jpg
EN0262,EN,1,英文未逐图审阅,,,,来源/英文教材/02_Cell_Chemistry_and_Bioenergetics/chunks/pages_0049-0060/images/page_55_image_19.jpg
EN0263,EN,1,英文未逐图审阅,,,,来源/英文教材/02_Cell_Chemistry_and_Bioenergetics/chunks/pages_0049-0060/images/page_55_image_22.jpg
EN0264,EN,1,英文未逐图审阅,,,,来源/英文教材/02_Cell_Chemistry_and_Bioenergetics/chunks/pages_0049-0060/images/page_55_image_23.jpg
EN0265,EN,1,英文未逐图审阅,,,,来源/英文教材/02_Cell_Chemistry_and_Bioenergetics/chunks/pages_0049-0060/images/page_56_image_9.jpg
EN0266,EN,1,英文未逐图审阅,,,,来源/英文教材/02_Cell_Chemistry_and_Bioenergetics/chunks/pages_0049-0060/images/page_56_image_10.jpg
EN0267,EN,1,英文未逐图审阅,,,,来源/英文教材/02_Cell_Chemistry_and_Bioenergetics/chunks/pages_0049-0060/images/page_56_image_14.jpg
EN0268,EN,1,英文未逐图审阅,,,,来源/英文教材/02_Cell_Chemistry_and_Bioenergetics/chunks/pages_0049-0060/images/page_56_image_17.jpg
EN0269,EN,1,英文未逐图审阅,,,,来源/英文教材/02_Cell_Chemistry_and_Bioenergetics/chunks/pages_0049-0060/images/page_56_image_19.jpg
EN0270,EN,1,英文未逐图审阅,,,,来源/英文教材/02_Cell_Chemistry_and_Bioenergetics/chunks/pages_0049-0060/images/page_56_image_22.jpg
EN0271,EN,7,英文未逐图审阅,,,,来源/英文教材/02_Cell_Chemistry_and_Bioenergetics/chunks/pages_0049-0060/images/page_57_image_6.jpg
EN0272,EN,7,英文未逐图审阅,,,,来源/英文教材/02_Cell_Chemistry_and_Bioenergetics/chunks/pages_0049-0060/images/page_59_image_13.jpg
EN0273,EN,7,英文未逐图审阅,,,,来源/英文教材/02_Cell_Chemistry_and_Bioenergetics/chunks/pages_0049-0060/images/page_59_image_14.jpg
EN0274,EN,7,英文未逐图审阅,,,,来源/英文教材/02_Cell_Chemistry_and_Bioenergetics/chunks/pages_0049-0060/images/page_59_image_17.jpg
EN0275,EN,7,英文未逐图审阅,,,,来源/英文教材/02_Cell_Chemistry_and_Bioenergetics/chunks/pages_0049-0060/images/page_59_image_21.jpg
EN0276,EN,7,英文未逐图审阅,,,,来源/英文教材/02_Cell_Chemistry_and_Bioenergetics/chunks/pages_0049-0060/images/page_59_image_27.jpg
EN0277,EN,7,英文未逐图审阅,,,,来源/英文教材/02_Cell_Chemistry_and_Bioenergetics/chunks/pages_0049-0060/images/page_59_image_30.jpg
EN0278,EN,7,英文未逐图审阅,,,,来源/英文教材/02_Cell_Chemistry_and_Bioenergetics/chunks/pages_0061-0066/images/page_60_image_0.jpg
EN0279,EN,7,英文未逐图审阅,,,,来源/英文教材/02_Cell_Chemistry_and_Bioenergetics/chunks/pages_0061-0066/images/page_60_image_1.jpg
EN0280,EN,7,英文未逐图审阅,,,,来源/英文教材/02_Cell_Chemistry_and_Bioenergetics/chunks/pages_0061-0066/images/page_60_image_13.jpg
EN0281,EN,7,英文未逐图审阅,,,,来源/英文教材/02_Cell_Chemistry_and_Bioenergetics/chunks/pages_0061-0066/images/page_60_image_17.jpg
EN0282,EN,7,英文未逐图审阅,,,,来源/英文教材/02_Cell_Chemistry_and_Bioenergetics/chunks/pages_0061-0066/images/page_60_image_19.jpg
EN0283,EN,7,英文未逐图审阅,,,,来源/英文教材/02_Cell_Chemistry_and_Bioenergetics/chunks/pages_0061-0066/images/page_60_image_21.jpg
EN0284,EN,7,英文未逐图审阅,,,,来源/英文教材/02_Cell_Chemistry_and_Bioenergetics/chunks/pages_0061-0066/images/page_60_image_23.jpg
EN0285,EN,7,英文未逐图审阅,,,,来源/英文教材/02_Cell_Chemistry_and_Bioenergetics/chunks/pages_0061-0066/images/page_60_image_26.jpg
EN0286,EN,7,英文未逐图审阅,,,,来源/英文教材/02_Cell_Chemistry_and_Bioenergetics/chunks/pages_0061-0066/images/page_60_image_27.jpg
EN0287,EN,7,英文未逐图审阅,,,,来源/英文教材/02_Cell_Chemistry_and_Bioenergetics/chunks/pages_0061-0066/images/page_60_image_29.jpg
EN0288,EN,7,英文未逐图审阅,,,,来源/英文教材/02_Cell_Chemistry_and_Bioenergetics/chunks/pages_0061-0066/images/page_60_image_31.jpg
EN0289,EN,7,英文未逐图审阅,,,,来源/英文教材/02_Cell_Chemistry_and_Bioenergetics/chunks/pages_0061-0066/images/page_60_image_34.jpg
EN0290,EN,7,英文未逐图审阅,,,,来源/英文教材/02_Cell_Chemistry_and_Bioenergetics/chunks/pages_0061-0066/images/page_60_image_35.jpg
EN0291,EN,7,英文未逐图审阅,,,,来源/英文教材/02_Cell_Chemistry_and_Bioenergetics/chunks/pages_0061-0066/images/page_61_image_2.jpg
EN0292,EN,7,英文未逐图审阅,,,,来源/英文教材/02_Cell_Chemistry_and_Bioenergetics/chunks/pages_0061-0066/images/page_61_image_4.jpg
EN0293,EN,7,英文未逐图审阅,,,,来源/英文教材/02_Cell_Chemistry_and_Bioenergetics/chunks/pages_0061-0066/images/page_61_image_5.jpg
EN0294,EN,7,英文未逐图审阅,,,,来源/英文教材/02_Cell_Chemistry_and_Bioenergetics/chunks/pages_0061-0066/images/page_62_image_3.jpg
EN0295,EN,7,英文未逐图审阅,,,,来源/英文教材/02_Cell_Chemistry_and_Bioenergetics/chunks/pages_0061-0066/images/page_62_image_5.jpg
EN0296,EN,7,英文未逐图审阅,,,,来源/英文教材/02_Cell_Chemistry_and_Bioenergetics/chunks/pages_0061-0066/images/page_62_image_10.jpg
EN0297,EN,7,英文未逐图审阅,,,,来源/英文教材/02_Cell_Chemistry_and_Bioenergetics/chunks/pages_0061-0066/images/page_62_image_18.jpg
EN0298,EN,7,英文未逐图审阅,,,,来源/英文教材/02_Cell_Chemistry_and_Bioenergetics/chunks/pages_0061-0066/images/page_62_image_19.jpg
EN0299,EN,7,英文未逐图审阅,,,,来源/英文教材/02_Cell_Chemistry_and_Bioenergetics/chunks/pages_0061-0066/images/page_62_image_21.jpg
EN0300,EN,7,英文未逐图审阅,,,,来源/英文教材/02_Cell_Chemistry_and_Bioenergetics/chunks/pages_0061-0066/images/page_62_image_23.jpg
EN0301,EN,7,英文未逐图审阅,,,,来源/英文教材/02_Cell_Chemistry_and_Bioenergetics/chunks/pages_0061-0066/images/page_62_image_26.jpg
EN0302,EN,7,英文未逐图审阅,,,,来源/英文教材/02_Cell_Chemistry_and_Bioenergetics/chunks/pages_0061-0066/images/page_62_image_27.jpg
EN0303,EN,7,英文未逐图审阅,,,,来源/英文教材/02_Cell_Chemistry_and_Bioenergetics/chunks/pages_0061-0066/images/page_62_image_30.jpg
EN0304,EN,7,英文未逐图审阅,,,,来源/英文教材/02_Cell_Chemistry_and_Bioenergetics/chunks/pages_0061-0066/images/page_62_image_32.jpg
EN0305,EN,7,英文未逐图审阅,,,,来源/英文教材/02_Cell_Chemistry_and_Bioenergetics/chunks/pages_0061-0066/images/page_62_image_33.jpg
EN0306,EN,7,英文未逐图审阅,,,,来源/英文教材/02_Cell_Chemistry_and_Bioenergetics/chunks/pages_0061-0066/images/page_62_image_34.jpg
EN0307,EN,7,英文未逐图审阅,,,,来源/英文教材/02_Cell_Chemistry_and_Bioenergetics/chunks/pages_0061-0066/images/page_62_image_36.jpg
EN0308,EN,7,英文未逐图审阅,,,,来源/英文教材/02_Cell_Chemistry_and_Bioenergetics/chunks/pages_0061-0066/images/page_62_image_41.jpg
EN0309,EN,7,英文未逐图审阅,,,,来源/英文教材/02_Cell_Chemistry_and_Bioenergetics/chunks/pages_0061-0066/images/page_62_image_43.jpg
EN0310,EN,7,英文未逐图审阅,,,,来源/英文教材/02_Cell_Chemistry_and_Bioenergetics/chunks/pages_0061-0066/images/page_62_image_45.jpg
EN0311,EN,7,英文未逐图审阅,,,,来源/英文教材/02_Cell_Chemistry_and_Bioenergetics/chunks/pages_0061-0066/images/page_62_image_47.jpg
EN0312,EN,7,英文未逐图审阅,,,,来源/英文教材/02_Cell_Chemistry_and_Bioenergetics/chunks/pages_0061-0066/images/page_62_image_48.jpg
EN0313,EN,7,英文未逐图审阅,,,,来源/英文教材/02_Cell_Chemistry_and_Bioenergetics/chunks/pages_0061-0066/images/page_63_image_20.jpg
EN0314,EN,7,英文未逐图审阅,,,,来源/英文教材/02_Cell_Chemistry_and_Bioenergetics/chunks/pages_0061-0066/images/page_63_chart_26.jpg
EN0315,EN,7,英文未逐图审阅,,,,来源/英文教材/02_Cell_Chemistry_and_Bioenergetics/chunks/pages_0061-0066/images/page_64_image_20.jpg
EN0316,EN,1,英文未逐图审阅,,,,来源/英文教材/03_Proteins/chunks/pages_0001-0012/images/page_1_image_2.jpg
EN0317,EN,1,英文未逐图审阅,,,,来源/英文教材/03_Proteins/chunks/pages_0001-0012/images/page_2_image_2.jpg
EN0318,EN,1,英文未逐图审阅,,,,来源/英文教材/03_Proteins/chunks/pages_0001-0012/images/page_2_image_4.jpg
EN0319,EN,1,英文未逐图审阅,,,,来源/英文教材/03_Proteins/chunks/pages_0001-0012/images/page_3_image_0.jpg
EN0320,EN,1,英文未逐图审阅,,,,来源/英文教材/03_Proteins/chunks/pages_0001-0012/images/page_3_image_11.jpg
EN0321,EN,1,英文未逐图审阅,,,,来源/英文教材/03_Proteins/chunks/pages_0001-0012/images/page_3_image_13.jpg
EN0322,EN,1,英文未逐图审阅,,,,来源/英文教材/03_Proteins/chunks/pages_0001-0012/images/page_3_image_14.jpg
EN0323,EN,1,英文未逐图审阅,,,,来源/英文教材/03_Proteins/chunks/pages_0001-0012/images/page_3_image_18.jpg
EN0324,EN,1,英文未逐图审阅,,,,来源/英文教材/03_Proteins/chunks/pages_0001-0012/images/page_3_image_20.jpg
EN0325,EN,1,英文未逐图审阅,,,,来源/英文教材/03_Proteins/chunks/pages_0001-0012/images/page_3_image_23.jpg
EN0326,EN,1,英文未逐图审阅,,,,来源/英文教材/03_Proteins/chunks/pages_0001-0012/images/page_3_image_29.jpg
EN0327,EN,1,英文未逐图审阅,,,,来源/英文教材/03_Proteins/chunks/pages_0001-0012/images/page_4_image_0.jpg
EN0328,EN,1,英文未逐图审阅,,,,来源/英文教材/03_Proteins/chunks/pages_0001-0012/images/page_4_image_14.jpg
EN0329,EN,1,英文未逐图审阅,,,,来源/英文教材/03_Proteins/chunks/pages_0001-0012/images/page_4_image_18.jpg
EN0330,EN,1,英文未逐图审阅,,,,来源/英文教材/03_Proteins/chunks/pages_0001-0012/images/page_4_image_21.jpg
EN0331,EN,1,英文未逐图审阅,,,,来源/英文教材/03_Proteins/chunks/pages_0001-0012/images/page_4_image_25.jpg
EN0332,EN,1,英文未逐图审阅,,,,来源/英文教材/03_Proteins/chunks/pages_0001-0012/images/page_4_image_35.jpg
EN0333,EN,1,英文未逐图审阅,,,,来源/英文教材/03_Proteins/chunks/pages_0001-0012/images/page_4_image_37.jpg
EN0334,EN,1,英文未逐图审阅,,,,来源/英文教材/03_Proteins/chunks/pages_0001-0012/images/page_4_image_41.jpg
EN0335,EN,1,英文未逐图审阅,,,,来源/英文教材/03_Proteins/chunks/pages_0001-0012/images/page_4_image_44.jpg
EN0336,EN,1,英文未逐图审阅,,,,来源/英文教材/03_Proteins/chunks/pages_0001-0012/images/page_4_image_49.jpg
EN0337,EN,1,英文未逐图审阅,,,,来源/英文教材/03_Proteins/chunks/pages_0001-0012/images/page_4_image_50.jpg
EN0338,EN,1,英文未逐图审阅,,,,来源/英文教材/03_Proteins/chunks/pages_0001-0012/images/page_4_image_54.jpg
EN0339,EN,1,英文未逐图审阅,,,,来源/英文教材/03_Proteins/chunks/pages_0001-0012/images/page_4_image_56.jpg
EN0340,EN,1,英文未逐图审阅,,,,来源/英文教材/03_Proteins/chunks/pages_0001-0012/images/page_5_image_2.jpg
EN0341,EN,1,英文未逐图审阅,,,,来源/英文教材/03_Proteins/chunks/pages_0001-0012/images/page_5_image_4.jpg
EN0342,EN,1,英文未逐图审阅,,,,来源/英文教材/03_Proteins/chunks/pages_0001-0012/images/page_7_image_2.jpg
EN0343,EN,1,英文未逐图审阅,,,,来源/英文教材/03_Proteins/chunks/pages_0001-0012/images/page_7_image_7.jpg
EN0344,EN,1,英文未逐图审阅,,,,来源/英文教材/03_Proteins/chunks/pages_0001-0012/images/page_7_image_8.jpg
EN0345,EN,1,英文未逐图审阅,,,,来源/英文教材/03_Proteins/chunks/pages_0001-0012/images/page_8_image_3.jpg
EN0346,EN,1,英文未逐图审阅,,,,来源/英文教材/03_Proteins/chunks/pages_0001-0012/images/page_9_image_2.jpg
EN0347,EN,1,英文未逐图审阅,,,,来源/英文教材/03_Proteins/chunks/pages_0001-0012/images/page_10_image_2.jpg
EN0348,EN,1,英文未逐图审阅,,,,来源/英文教材/03_Proteins/chunks/pages_0001-0012/images/page_10_image_4.jpg
EN0349,EN,1,英文未逐图审阅,,,,来源/英文教材/03_Proteins/chunks/pages_0001-0012/images/page_10_image_6.jpg
EN0350,EN,1,英文未逐图审阅,,,,来源/英文教材/03_Proteins/chunks/pages_0001-0012/images/page_10_image_10.jpg
EN0351,EN,1,英文未逐图审阅,,,,来源/英文教材/03_Proteins/chunks/pages_0001-0012/images/page_10_image_12.jpg
EN0352,EN,1,英文未逐图审阅,,,,来源/英文教材/03_Proteins/chunks/pages_0001-0012/images/page_11_image_2.jpg
EN0353,EN,1,英文未逐图审阅,,,,来源/英文教材/03_Proteins/chunks/pages_0001-0012/images/page_11_image_3.jpg
EN0354,EN,1,英文未逐图审阅,,,,来源/英文教材/03_Proteins/chunks/pages_0013-0024/images/page_12_image_10.jpg
EN0355,EN,1,英文未逐图审阅,,,,来源/英文教材/03_Proteins/chunks/pages_0013-0024/images/page_13_image_2.jpg
EN0356,EN,1,英文未逐图审阅,,,,来源/英文教材/03_Proteins/chunks/pages_0013-0024/images/page_14_image_5.jpg
EN0357,EN,1,英文未逐图审阅,,,,来源/英文教材/03_Proteins/chunks/pages_0013-0024/images/page_14_image_10.jpg
EN0358,EN,1,英文未逐图审阅,,,,来源/英文教材/03_Proteins/chunks/pages_0013-0024/images/page_15_image_10.jpg
EN0359,EN,1,英文未逐图审阅,,,,来源/英文教材/03_Proteins/chunks/pages_0013-0024/images/page_15_image_12.jpg
EN0360,EN,1,英文未逐图审阅,,,,来源/英文教材/03_Proteins/chunks/pages_0013-0024/images/page_16_image_3.jpg
EN0361,EN,1,英文未逐图审阅,,,,来源/英文教材/03_Proteins/chunks/pages_0013-0024/images/page_16_image_10.jpg
EN0362,EN,1,英文未逐图审阅,,,,来源/英文教材/03_Proteins/chunks/pages_0013-0024/images/page_17_image_11.jpg
EN0363,EN,1,英文未逐图审阅,,,,来源/英文教材/03_Proteins/chunks/pages_0013-0024/images/page_17_image_12.jpg
EN0364,EN,1,英文未逐图审阅,,,,来源/英文教材/03_Proteins/chunks/pages_0013-0024/images/page_17_image_13.jpg
EN0365,EN,1,英文未逐图审阅,,,,来源/英文教材/03_Proteins/chunks/pages_0013-0024/images/page_17_image_14.jpg
EN0366,EN,1,英文未逐图审阅,,,,来源/英文教材/03_Proteins/chunks/pages_0013-0024/images/page_18_image_2.jpg
EN0367,EN,1,英文未逐图审阅,,,,来源/英文教材/03_Proteins/chunks/pages_0013-0024/images/page_18_image_7.jpg
EN0368,EN,1,英文未逐图审阅,,,,来源/英文教材/03_Proteins/chunks/pages_0013-0024/images/page_18_image_16.jpg
EN0369,EN,1,英文未逐图审阅,,,,来源/英文教材/03_Proteins/chunks/pages_0013-0024/images/page_18_image_17.jpg
EN0370,EN,1,英文未逐图审阅,,,,来源/英文教材/03_Proteins/chunks/pages_0013-0024/images/page_19_image_2.jpg
EN0371,EN,1,英文未逐图审阅,,,,来源/英文教材/03_Proteins/chunks/pages_0013-0024/images/page_19_image_11.jpg
EN0372,EN,1,英文未逐图审阅,,,,来源/英文教材/03_Proteins/chunks/pages_0013-0024/images/page_20_image_5.jpg
EN0373,EN,1,英文未逐图审阅,,,,来源/英文教材/03_Proteins/chunks/pages_0013-0024/images/page_20_image_6.jpg
EN0374,EN,1,英文未逐图审阅,,,,来源/英文教材/03_Proteins/chunks/pages_0013-0024/images/page_21_image_2.jpg
EN0375,EN,1,英文未逐图审阅,,,,来源/英文教材/03_Proteins/chunks/pages_0013-0024/images/page_22_image_5.jpg
EN0376,EN,1,英文未逐图审阅,,,,来源/英文教材/03_Proteins/chunks/pages_0013-0024/images/page_22_image_8.jpg
EN0377,EN,1,英文未逐图审阅,,,,来源/英文教材/03_Proteins/chunks/pages_0013-0024/images/page_23_image_0.jpg
EN0378,EN,1,英文未逐图审阅,,,,来源/英文教材/03_Proteins/chunks/pages_0013-0024/images/page_23_image_3.jpg
EN0379,EN,1,英文未逐图审阅,,,,来源/英文教材/03_Proteins/chunks/pages_0013-0024/images/page_23_image_13.jpg
EN0380,EN,1,英文未逐图审阅,,,,来源/英文教材/03_Proteins/chunks/pages_0013-0024/images/page_23_image_16.jpg
EN0381,EN,1,英文未逐图审阅,,,,来源/英文教材/03_Proteins/chunks/pages_0013-0024/images/page_23_image_18.jpg
EN0382,EN,1,英文未逐图审阅,,,,来源/英文教材/03_Proteins/chunks/pages_0013-0024/images/page_23_image_20.jpg
EN0383,EN,1,英文未逐图审阅,,,,来源/英文教材/03_Proteins/chunks/pages_0025-0036/images/page_24_image_7.jpg
EN0384,EN,5,英文未逐图审阅,,,,来源/英文教材/03_Proteins/chunks/pages_0025-0036/images/page_26_image_2.jpg
EN0385,EN,5,英文未逐图审阅,,,,来源/英文教材/03_Proteins/chunks/pages_0025-0036/images/page_26_image_7.jpg
EN0386,EN,5,英文未逐图审阅,,,,来源/英文教材/03_Proteins/chunks/pages_0025-0036/images/page_27_image_10.jpg
EN0387,EN,5,英文未逐图审阅,,,,来源/英文教材/03_Proteins/chunks/pages_0025-0036/images/page_28_image_2.jpg
EN0388,EN,5,英文未逐图审阅,,,,来源/英文教材/03_Proteins/chunks/pages_0025-0036/images/page_28_image_9.jpg
EN0389,EN,5,英文未逐图审阅,,,,来源/英文教材/03_Proteins/chunks/pages_0025-0036/images/page_29_image_10.jpg
EN0390,EN,5,英文未逐图审阅,,,,来源/英文教材/03_Proteins/chunks/pages_0025-0036/images/page_30_image_7.jpg
EN0391,EN,5,英文未逐图审阅,,,,来源/英文教材/03_Proteins/chunks/pages_0025-0036/images/page_31_image_3.jpg
EN0392,EN,5,英文未逐图审阅,,,,来源/英文教材/03_Proteins/chunks/pages_0025-0036/images/page_31_image_14.jpg
EN0393,EN,5,英文未逐图审阅,,,,来源/英文教材/03_Proteins/chunks/pages_0025-0036/images/page_32_chart_4.jpg
EN0394,EN,5,英文未逐图审阅,,,,来源/英文教材/03_Proteins/chunks/pages_0025-0036/images/page_33_image_9.jpg
EN0395,EN,5,英文未逐图审阅,,,,来源/英文教材/03_Proteins/chunks/pages_0025-0036/images/page_33_image_10.jpg
EN0396,EN,5,英文未逐图审阅,,,,来源/英文教材/03_Proteins/chunks/pages_0025-0036/images/page_34_image_2.jpg
EN0397,EN,5,英文未逐图审阅,,,,来源/英文教材/03_Proteins/chunks/pages_0025-0036/images/page_35_chart_11.jpg
EN0398,EN,5,英文未逐图审阅,,,,来源/英文教材/03_Proteins/chunks/pages_0037-0048/images/page_36_chart_3.jpg
EN0399,EN,5,英文未逐图审阅,,,,来源/英文教材/03_Proteins/chunks/pages_0037-0048/images/page_36_chart_6.jpg
EN0400,EN,5,英文未逐图审阅,,,,来源/英文教材/03_Proteins/chunks/pages_0037-0048/images/page_37_image_2.jpg
EN0401,EN,5,英文未逐图审阅,,,,来源/英文教材/03_Proteins/chunks/pages_0037-0048/images/page_38_image_5.jpg
EN0402,EN,5,英文未逐图审阅,,,,来源/英文教材/03_Proteins/chunks/pages_0037-0048/images/page_38_image_14.jpg
EN0403,EN,5,英文未逐图审阅,,,,来源/英文教材/03_Proteins/chunks/pages_0037-0048/images/page_38_image_16.jpg
EN0404,EN,5,英文未逐图审阅,,,,来源/英文教材/03_Proteins/chunks/pages_0037-0048/images/page_38_image_18.jpg
EN0405,EN,5,英文未逐图审阅,,,,来源/英文教材/03_Proteins/chunks/pages_0037-0048/images/page_39_image_0.jpg
EN0406,EN,5,英文未逐图审阅,,,,来源/英文教材/03_Proteins/chunks/pages_0037-0048/images/page_40_image_4.jpg
EN0407,EN,5,英文未逐图审阅,,,,来源/英文教材/03_Proteins/chunks/pages_0037-0048/images/page_41_image_2.jpg
EN0408,EN,5,英文未逐图审阅,,,,来源/英文教材/03_Proteins/chunks/pages_0037-0048/images/page_42_image_2.jpg
EN0409,EN,5,英文未逐图审阅,,,,来源/英文教材/03_Proteins/chunks/pages_0037-0048/images/page_42_image_8.jpg
EN0410,EN,5,英文未逐图审阅,,,,来源/英文教材/03_Proteins/chunks/pages_0037-0048/images/page_43_chart_2.jpg
EN0411,EN,5,英文未逐图审阅,,,,来源/英文教材/03_Proteins/chunks/pages_0037-0048/images/page_43_image_9.jpg
EN0412,EN,5,英文未逐图审阅,,,,来源/英文教材/03_Proteins/chunks/pages_0037-0048/images/page_44_image_12.jpg
EN0413,EN,5,英文未逐图审阅,,,,来源/英文教材/03_Proteins/chunks/pages_0037-0048/images/page_45_image_6.jpg
EN0414,EN,5,英文未逐图审阅,,,,来源/英文教材/03_Proteins/chunks/pages_0037-0048/images/page_46_chart_2.jpg
EN0415,EN,5,英文未逐图审阅,,,,来源/英文教材/03_Proteins/chunks/pages_0037-0048/images/page_46_image_11.jpg
EN0416,EN,5,英文未逐图审阅,,,,来源/英文教材/03_Proteins/chunks/pages_0037-0048/images/page_47_image_10.jpg
EN0417,EN,5,英文未逐图审阅,,,,来源/英文教材/03_Proteins/chunks/pages_0037-0048/images/page_47_image_11.jpg
EN0418,EN,5,英文未逐图审阅,,,,来源/英文教材/03_Proteins/chunks/pages_0049-0060/images/page_48_image_2.jpg
EN0419,EN,5,英文未逐图审阅,,,,来源/英文教材/03_Proteins/chunks/pages_0049-0060/images/page_48_image_8.jpg
EN0420,EN,5,英文未逐图审阅,,,,来源/英文教材/03_Proteins/chunks/pages_0049-0060/images/page_49_image_2.jpg
EN0421,EN,5,英文未逐图审阅,,,,来源/英文教材/03_Proteins/chunks/pages_0049-0060/images/page_50_image_2.jpg
EN0422,EN,5,英文未逐图审阅,,,,来源/英文教材/03_Proteins/chunks/pages_0049-0060/images/page_51_image_2.jpg
EN0423,EN,5,英文未逐图审阅,,,,来源/英文教材/03_Proteins/chunks/pages_0049-0060/images/page_51_image_10.jpg
EN0424,EN,5,英文未逐图审阅,,,,来源/英文教材/03_Proteins/chunks/pages_0049-0060/images/page_53_image_0.jpg
EN0425,EN,5,英文未逐图审阅,,,,来源/英文教材/03_Proteins/chunks/pages_0049-0060/images/page_54_image_9.jpg
EN0426,EN,5,英文未逐图审阅,,,,来源/英文教材/03_Proteins/chunks/pages_0049-0060/images/page_54_image_12.jpg
EN0427,EN,5,英文未逐图审阅,,,,来源/英文教材/03_Proteins/chunks/pages_0049-0060/images/page_55_image_2.jpg
EN0428,EN,5,英文未逐图审阅,,,,来源/英文教材/03_Proteins/chunks/pages_0049-0060/images/page_55_image_6.jpg
EN0429,EN,5,英文未逐图审阅,,,,来源/英文教材/03_Proteins/chunks/pages_0049-0060/images/page_55_image_7.jpg
EN0430,EN,5,英文未逐图审阅,,,,来源/英文教材/03_Proteins/chunks/pages_0049-0060/images/page_55_image_8.jpg
EN0431,EN,5,英文未逐图审阅,,,,来源/英文教材/03_Proteins/chunks/pages_0049-0060/images/page_56_image_2.jpg
EN0432,EN,5,英文未逐图审阅,,,,来源/英文教材/03_Proteins/chunks/pages_0049-0060/images/page_57_image_5.jpg
EN0433,EN,5,英文未逐图审阅,,,,来源/英文教材/03_Proteins/chunks/pages_0049-0060/images/page_58_image_2.jpg
EN0434,EN,5,英文未逐图审阅,,,,来源/英文教材/03_Proteins/chunks/pages_0049-0060/images/page_58_image_9.jpg
EN0435,EN,5,英文未逐图审阅,,,,来源/英文教材/03_Proteins/chunks/pages_0049-0060/images/page_58_image_12.jpg
EN0436,EN,5,英文未逐图审阅,,,,来源/英文教材/03_Proteins/chunks/pages_0049-0060/images/page_58_image_14.jpg
EN0437,EN,5,英文未逐图审阅,,,,来源/英文教材/03_Proteins/chunks/pages_0049-0060/images/page_58_image_16.jpg
EN0438,EN,5,英文未逐图审阅,,,,来源/英文教材/03_Proteins/chunks/pages_0049-0060/images/page_59_image_2.jpg
EN0439,EN,5,英文未逐图审阅,,,,来源/英文教材/03_Proteins/chunks/pages_0061-0068/images/page_61_image_2.jpg
EN0440,EN,5,英文未逐图审阅,,,,来源/英文教材/03_Proteins/chunks/pages_0061-0068/images/page_61_image_4.jpg
EN0441,EN,5,英文未逐图审阅,,,,来源/英文教材/03_Proteins/chunks/pages_0061-0068/images/page_62_image_2.jpg
EN0442,EN,5,英文未逐图审阅,,,,来源/英文教材/03_Proteins/chunks/pages_0061-0068/images/page_63_image_7.jpg
EN0443,EN,5,英文未逐图审阅,,,,来源/英文教材/03_Proteins/chunks/pages_0061-0068/images/page_63_image_8.jpg
EN0444,EN,5,英文未逐图审阅,,,,来源/英文教材/03_Proteins/chunks/pages_0061-0068/images/page_65_image_3.jpg
EN0445,EN,5,英文未逐图审阅,,,,来源/英文教材/03_Proteins/chunks/pages_0061-0068/images/page_65_chart_4.jpg
EN0446,EN,5,英文未逐图审阅,,,,来源/英文教材/03_Proteins/chunks/pages_0061-0068/images/page_65_image_13.jpg
EN0447,EN,5,英文未逐图审阅,,,,来源/英文教材/03_Proteins/chunks/pages_0061-0068/images/page_65_image_16.jpg
EN0448,EN,5,英文未逐图审阅,,,,来源/英文教材/03_Proteins/chunks/pages_0061-0068/images/page_66_chart_4.jpg
EN0449,EN,5,英文未逐图审阅,,,,来源/英文教材/03_Proteins/chunks/pages_0061-0068/images/page_66_image_21.jpg
EN0450,EN,9,英文未逐图审阅,,,,来源/英文教材/04_DNA_Chromosomes_and_Genomes/chunks/pages_0001-0012/images/page_0_image_8.jpg
EN0451,EN,9,英文未逐图审阅,,,,来源/英文教材/04_DNA_Chromosomes_and_Genomes/chunks/pages_0001-0012/images/page_1_image_5.jpg
EN0452,EN,9,英文未逐图审阅,,,,来源/英文教材/04_DNA_Chromosomes_and_Genomes/chunks/pages_0001-0012/images/page_1_image_7.jpg
EN0453,EN,9,英文未逐图审阅,,,,来源/英文教材/04_DNA_Chromosomes_and_Genomes/chunks/pages_0001-0012/images/page_1_image_8.jpg
EN0454,EN,9,英文未逐图审阅,,,,来源/英文教材/04_DNA_Chromosomes_and_Genomes/chunks/pages_0001-0012/images/page_3_image_2.jpg
EN0455,EN,9,英文未逐图审阅,,,,来源/英文教材/04_DNA_Chromosomes_and_Genomes/chunks/pages_0001-0012/images/page_3_image_7.jpg
EN0456,EN,9,英文未逐图审阅,,,,来源/英文教材/04_DNA_Chromosomes_and_Genomes/chunks/pages_0001-0012/images/page_4_image_2.jpg
EN0457,EN,9,英文未逐图审阅,,,,来源/英文教材/04_DNA_Chromosomes_and_Genomes/chunks/pages_0001-0012/images/page_4_image_9.jpg
EN0458,EN,9,英文未逐图审阅,,,,来源/英文教材/04_DNA_Chromosomes_and_Genomes/chunks/pages_0001-0012/images/page_5_image_2.jpg
EN0459,EN,9,英文未逐图审阅,,,,来源/英文教材/04_DNA_Chromosomes_and_Genomes/chunks/pages_0001-0012/images/page_5_image_9.jpg
EN0460,EN,9,英文未逐图审阅,,,,来源/英文教材/04_DNA_Chromosomes_and_Genomes/chunks/pages_0001-0012/images/page_7_image_2.jpg
EN0461,EN,9,英文未逐图审阅,,,,来源/英文教材/04_DNA_Chromosomes_and_Genomes/chunks/pages_0001-0012/images/page_8_image_2.jpg
EN0462,EN,9,英文未逐图审阅,,,,来源/英文教材/04_DNA_Chromosomes_and_Genomes/chunks/pages_0001-0012/images/page_8_image_3.jpg
EN0463,EN,9,英文未逐图审阅,,,,来源/英文教材/04_DNA_Chromosomes_and_Genomes/chunks/pages_0001-0012/images/page_9_chart_2.jpg
EN0464,EN,9,英文未逐图审阅,,,,来源/英文教材/04_DNA_Chromosomes_and_Genomes/chunks/pages_0001-0012/images/page_9_image_7.jpg
EN0465,EN,9,英文未逐图审阅,,,,来源/英文教材/04_DNA_Chromosomes_and_Genomes/chunks/pages_0001-0012/images/page_9_image_10.jpg
EN0466,EN,9,英文未逐图审阅,,,,来源/英文教材/04_DNA_Chromosomes_and_Genomes/chunks/pages_0001-0012/images/page_10_image_2.jpg
EN0467,EN,9,英文未逐图审阅,,,,来源/英文教材/04_DNA_Chromosomes_and_Genomes/chunks/pages_0001-0012/images/page_10_image_4.jpg
EN0468,EN,9,英文未逐图审阅,,,,来源/英文教材/04_DNA_Chromosomes_and_Genomes/chunks/pages_0001-0012/images/page_10_chart_9.jpg
EN0469,EN,9,英文未逐图审阅,,,,来源/英文教材/04_DNA_Chromosomes_and_Genomes/chunks/pages_0001-0012/images/page_11_image_5.jpg
EN0470,EN,9,英文未逐图审阅,,,,来源/英文教材/04_DNA_Chromosomes_and_Genomes/chunks/pages_0013-0024/images/page_12_image_10.jpg
EN0471,EN,9,英文未逐图审阅,,,,来源/英文教材/04_DNA_Chromosomes_and_Genomes/chunks/pages_0013-0024/images/page_13_image_7.jpg
EN0472,EN,9,英文未逐图审阅,,,,来源/英文教材/04_DNA_Chromosomes_and_Genomes/chunks/pages_0013-0024/images/page_13_image_8.jpg
EN0473,EN,9,英文未逐图审阅,,,,来源/英文教材/04_DNA_Chromosomes_and_Genomes/chunks/pages_0013-0024/images/page_14_image_10.jpg
EN0474,EN,9,英文未逐图审阅,,,,来源/英文教材/04_DNA_Chromosomes_and_Genomes/chunks/pages_0013-0024/images/page_15_image_2.jpg
EN0475,EN,9,英文未逐图审阅,,,,来源/英文教材/04_DNA_Chromosomes_and_Genomes/chunks/pages_0013-0024/images/page_15_image_10.jpg
EN0476,EN,9,英文未逐图审阅,,,,来源/英文教材/04_DNA_Chromosomes_and_Genomes/chunks/pages_0013-0024/images/page_16_image_2.jpg
EN0477,EN,9,英文未逐图审阅,,,,来源/英文教材/04_DNA_Chromosomes_and_Genomes/chunks/pages_0013-0024/images/page_16_image_6.jpg
EN0478,EN,9,英文未逐图审阅,,,,来源/英文教材/04_DNA_Chromosomes_and_Genomes/chunks/pages_0013-0024/images/page_16_image_7.jpg
EN0479,EN,9,英文未逐图审阅,,,,来源/英文教材/04_DNA_Chromosomes_and_Genomes/chunks/pages_0013-0024/images/page_17_image_5.jpg
EN0480,EN,9,英文未逐图审阅,,,,来源/英文教材/04_DNA_Chromosomes_and_Genomes/chunks/pages_0013-0024/images/page_18_image_2.jpg
EN0481,EN,9,英文未逐图审阅,,,,来源/英文教材/04_DNA_Chromosomes_and_Genomes/chunks/pages_0013-0024/images/page_18_image_6.jpg
EN0482,EN,9,英文未逐图审阅,,,,来源/英文教材/04_DNA_Chromosomes_and_Genomes/chunks/pages_0013-0024/images/page_19_image_2.jpg
EN0483,EN,9,英文未逐图审阅,,,,来源/英文教材/04_DNA_Chromosomes_and_Genomes/chunks/pages_0013-0024/images/page_19_image_10.jpg
EN0484,EN,9,英文未逐图审阅,,,,来源/英文教材/04_DNA_Chromosomes_and_Genomes/chunks/pages_0013-0024/images/page_20_image_2.jpg
EN0485,EN,9,英文未逐图审阅,,,,来源/英文教材/04_DNA_Chromosomes_and_Genomes/chunks/pages_0013-0024/images/page_21_image_8.jpg
EN0486,EN,9,英文未逐图审阅,,,,来源/英文教材/04_DNA_Chromosomes_and_Genomes/chunks/pages_0013-0024/images/page_22_image_2.jpg
EN0487,EN,9,英文未逐图审阅,,,,来源/英文教材/04_DNA_Chromosomes_and_Genomes/chunks/pages_0013-0024/images/page_22_image_9.jpg
EN0488,EN,9,英文未逐图审阅,,,,来源/英文教材/04_DNA_Chromosomes_and_Genomes/chunks/pages_0013-0024/images/page_23_image_3.jpg
EN0489,EN,9,英文未逐图审阅,,,,来源/英文教材/04_DNA_Chromosomes_and_Genomes/chunks/pages_0013-0024/images/page_23_image_7.jpg
EN0490,EN,9,英文未逐图审阅,,,,来源/英文教材/04_DNA_Chromosomes_and_Genomes/chunks/pages_0025-0036/images/page_24_image_2.jpg
EN0491,EN,9,英文未逐图审阅,,,,来源/英文教材/04_DNA_Chromosomes_and_Genomes/chunks/pages_0025-0036/images/page_25_chart_2.jpg
EN0492,EN,9,英文未逐图审阅,,,,来源/英文教材/04_DNA_Chromosomes_and_Genomes/chunks/pages_0025-0036/images/page_26_image_2.jpg
EN0493,EN,9,英文未逐图审阅,,,,来源/英文教材/04_DNA_Chromosomes_and_Genomes/chunks/pages_0025-0036/images/page_26_image_4.jpg
EN0494,EN,9,英文未逐图审阅,,,,来源/英文教材/04_DNA_Chromosomes_and_Genomes/chunks/pages_0025-0036/images/page_28_image_2.jpg
EN0495,EN,9,英文未逐图审阅,,,,来源/英文教材/04_DNA_Chromosomes_and_Genomes/chunks/pages_0025-0036/images/page_29_image_2.jpg
EN0496,EN,9,英文未逐图审阅,,,,来源/英文教材/04_DNA_Chromosomes_and_Genomes/chunks/pages_0025-0036/images/page_29_image_3.jpg
EN0497,EN,9,英文未逐图审阅,,,,来源/英文教材/04_DNA_Chromosomes_and_Genomes/chunks/pages_0025-0036/images/page_29_chart_5.jpg
EN0498,EN,9,英文未逐图审阅,,,,来源/英文教材/04_DNA_Chromosomes_and_Genomes/chunks/pages_0025-0036/images/page_29_image_6.jpg
EN0499,EN,9,英文未逐图审阅,,,,来源/英文教材/04_DNA_Chromosomes_and_Genomes/chunks/pages_0025-0036/images/page_30_image_2.jpg
EN0500,EN,9,英文未逐图审阅,,,,来源/英文教材/04_DNA_Chromosomes_and_Genomes/chunks/pages_0025-0036/images/page_31_image_2.jpg
EN0501,EN,9,英文未逐图审阅,,,,来源/英文教材/04_DNA_Chromosomes_and_Genomes/chunks/pages_0025-0036/images/page_31_image_7.jpg
EN0502,EN,9,英文未逐图审阅,,,,来源/英文教材/04_DNA_Chromosomes_and_Genomes/chunks/pages_0025-0036/images/page_33_image_2.jpg
EN0503,EN,9,英文未逐图审阅,,,,来源/英文教材/04_DNA_Chromosomes_and_Genomes/chunks/pages_0025-0036/images/page_35_image_3.jpg
EN0504,EN,9,英文未逐图审阅,,,,来源/英文教材/04_DNA_Chromosomes_and_Genomes/chunks/pages_0025-0036/images/page_35_image_11.jpg
EN0505,EN,9,英文未逐图审阅,,,,来源/英文教材/04_DNA_Chromosomes_and_Genomes/chunks/pages_0025-0036/images/page_35_image_12.jpg
EN0506,EN,9,英文未逐图审阅,,,,来源/英文教材/04_DNA_Chromosomes_and_Genomes/chunks/pages_0037-0048/images/page_36_image_2.jpg
EN0507,EN,9,英文未逐图审阅,,,,来源/英文教材/04_DNA_Chromosomes_and_Genomes/chunks/pages_0037-0048/images/page_36_image_5.jpg
EN0508,EN,9,英文未逐图审阅,,,,来源/英文教材/04_DNA_Chromosomes_and_Genomes/chunks/pages_0037-0048/images/page_37_image_10.jpg
EN0509,EN,9,英文未逐图审阅,,,,来源/英文教材/04_DNA_Chromosomes_and_Genomes/chunks/pages_0037-0048/images/page_38_image_2.jpg
EN0510,EN,9,英文未逐图审阅,,,,来源/英文教材/04_DNA_Chromosomes_and_Genomes/chunks/pages_0037-0048/images/page_38_image_3.jpg
EN0511,EN,9,英文未逐图审阅,,,,来源/英文教材/04_DNA_Chromosomes_and_Genomes/chunks/pages_0037-0048/images/page_38_image_13.jpg
EN0512,EN,9,英文未逐图审阅,,,,来源/英文教材/04_DNA_Chromosomes_and_Genomes/chunks/pages_0037-0048/images/page_39_image_2.jpg
EN0513,EN,9,英文未逐图审阅,,,,来源/英文教材/04_DNA_Chromosomes_and_Genomes/chunks/pages_0037-0048/images/page_39_image_3.jpg
EN0514,EN,9,英文未逐图审阅,,,,来源/英文教材/04_DNA_Chromosomes_and_Genomes/chunks/pages_0037-0048/images/page_39_image_8.jpg
EN0515,EN,9,英文未逐图审阅,,,,来源/英文教材/04_DNA_Chromosomes_and_Genomes/chunks/pages_0037-0048/images/page_40_image_2.jpg
EN0516,EN,9,英文未逐图审阅,,,,来源/英文教材/04_DNA_Chromosomes_and_Genomes/chunks/pages_0037-0048/images/page_40_image_5.jpg
EN0517,EN,9,英文未逐图审阅,,,,来源/英文教材/04_DNA_Chromosomes_and_Genomes/chunks/pages_0037-0048/images/page_41_image_2.jpg
EN0518,EN,9,英文未逐图审阅,,,,来源/英文教材/04_DNA_Chromosomes_and_Genomes/chunks/pages_0037-0048/images/page_41_image_6.jpg
EN0519,EN,9,英文未逐图审阅,,,,来源/英文教材/04_DNA_Chromosomes_and_Genomes/chunks/pages_0037-0048/images/page_41_image_8.jpg
EN0520,EN,9,英文未逐图审阅,,,,来源/英文教材/04_DNA_Chromosomes_and_Genomes/chunks/pages_0037-0048/images/page_42_image_2.jpg
EN0521,EN,9,英文未逐图审阅,,,,来源/英文教材/04_DNA_Chromosomes_and_Genomes/chunks/pages_0037-0048/images/page_43_image_5.jpg
EN0522,EN,9,英文未逐图审阅,,,,来源/英文教材/04_DNA_Chromosomes_and_Genomes/chunks/pages_0037-0048/images/page_43_image_9.jpg
EN0523,EN,9,英文未逐图审阅,,,,来源/英文教材/04_DNA_Chromosomes_and_Genomes/chunks/pages_0037-0048/images/page_44_image_5.jpg
EN0524,EN,9,英文未逐图审阅,,,,来源/英文教材/04_DNA_Chromosomes_and_Genomes/chunks/pages_0037-0048/images/page_44_image_9.jpg
EN0525,EN,9,英文未逐图审阅,,,,来源/英文教材/04_DNA_Chromosomes_and_Genomes/chunks/pages_0037-0048/images/page_45_image_2.jpg
EN0526,EN,9,英文未逐图审阅,,,,来源/英文教材/04_DNA_Chromosomes_and_Genomes/chunks/pages_0049-0060/images/page_48_image_6.jpg
EN0527,EN,9,英文未逐图审阅,,,,来源/英文教材/04_DNA_Chromosomes_and_Genomes/chunks/pages_0049-0060/images/page_49_chart_2.jpg
EN0528,EN,9,英文未逐图审阅,,,,来源/英文教材/04_DNA_Chromosomes_and_Genomes/chunks/pages_0049-0060/images/page_49_chart_8.jpg
EN0529,EN,9,英文未逐图审阅,,,,来源/英文教材/04_DNA_Chromosomes_and_Genomes/chunks/pages_0049-0060/images/page_51_image_2.jpg
EN0530,EN,9,英文未逐图审阅,,,,来源/英文教材/04_DNA_Chromosomes_and_Genomes/chunks/pages_0049-0060/images/page_52_chart_3.jpg
EN0531,EN,9,英文未逐图审阅,,,,来源/英文教材/04_DNA_Chromosomes_and_Genomes/chunks/pages_0049-0060/images/page_52_image_9.jpg
EN0532,EN,9,英文未逐图审阅,,,,来源/英文教材/04_DNA_Chromosomes_and_Genomes/chunks/pages_0049-0060/images/page_53_image_2.jpg
EN0533,EN,9,英文未逐图审阅,,,,来源/英文教材/04_DNA_Chromosomes_and_Genomes/chunks/pages_0049-0060/images/page_53_image_10.jpg
EN0534,EN,9,英文未逐图审阅,,,,来源/英文教材/04_DNA_Chromosomes_and_Genomes/chunks/pages_0049-0060/images/page_53_image_11.jpg
EN0535,EN,9,英文未逐图审阅,,,,来源/英文教材/04_DNA_Chromosomes_and_Genomes/chunks/pages_0049-0060/images/page_54_image_2.jpg
EN0536,EN,9,英文未逐图审阅,,,,来源/英文教材/04_DNA_Chromosomes_and_Genomes/chunks/pages_0049-0060/images/page_56_chart_7.jpg
EN0537,EN,9,英文未逐图审阅,,,,来源/英文教材/04_DNA_Chromosomes_and_Genomes/chunks/pages_0049-0060/images/page_58_image_9.jpg
EN0538,EN,9,英文未逐图审阅,,,,来源/英文教材/04_DNA_Chromosomes_and_Genomes/chunks/pages_0049-0060/images/page_58_image_12.jpg
EN0539,EN,9,英文未逐图审阅,,,,来源/英文教材/04_DNA_Chromosomes_and_Genomes/chunks/pages_0049-0060/images/page_59_chart_10.jpg
EN0540,EN,9,英文未逐图审阅,,,,来源/英文教材/04_DNA_Chromosomes_and_Genomes/chunks/pages_0049-0060/images/page_59_image_12.jpg
EN0541,EN,9,英文未逐图审阅,,,,来源/英文教材/04_DNA_Chromosomes_and_Genomes/chunks/pages_0061-0070/images/page_61_image_2.jpg
EN0542,EN,9,英文未逐图审阅,,,,来源/英文教材/04_DNA_Chromosomes_and_Genomes/chunks/pages_0061-0070/images/page_62_image_2.jpg
EN0543,EN,9,英文未逐图审阅,,,,来源/英文教材/04_DNA_Chromosomes_and_Genomes/chunks/pages_0061-0070/images/page_66_image_18.jpg
EN0544,EN,9,英文未逐图审阅,,,,来源/英文教材/04_DNA_Chromosomes_and_Genomes/chunks/pages_0061-0070/images/page_67_image_6.jpg
EN0545,EN,9,英文未逐图审阅,,,,来源/英文教材/04_DNA_Chromosomes_and_Genomes/chunks/pages_0061-0070/images/page_67_image_12.jpg
EN0546,EN,9,英文未逐图审阅,,,,来源/英文教材/04_DNA_Chromosomes_and_Genomes/chunks/pages_0061-0070/images/page_67_image_15.jpg
EN0547,EN,9,英文未逐图审阅,,,,来源/英文教材/04_DNA_Chromosomes_and_Genomes/chunks/pages_0061-0070/images/page_68_image_8.jpg
EN0548,EN,9,英文未逐图审阅,,,,来源/英文教材/05_DNA_Replication_Repair_and_Recombination/chunks/pages_0001-0012/images/page_0_image_0.jpg
EN0549,EN,9,英文未逐图审阅,,,,来源/英文教材/05_DNA_Replication_Repair_and_Recombination/chunks/pages_0001-0012/images/page_2_image_3.jpg
EN0550,EN,9,英文未逐图审阅,,,,来源/英文教材/05_DNA_Replication_Repair_and_Recombination/chunks/pages_0001-0012/images/page_2_image_11.jpg
EN0551,EN,9,英文未逐图审阅,,,,来源/英文教材/05_DNA_Replication_Repair_and_Recombination/chunks/pages_0001-0012/images/page_2_image_13.jpg
EN0552,EN,9,英文未逐图审阅,,,,来源/英文教材/05_DNA_Replication_Repair_and_Recombination/chunks/pages_0001-0012/images/page_2_image_14.jpg
EN0553,EN,9,英文未逐图审阅,,,,来源/英文教材/05_DNA_Replication_Repair_and_Recombination/chunks/pages_0001-0012/images/page_3_image_2.jpg
EN0554,EN,9,英文未逐图审阅,,,,来源/英文教材/05_DNA_Replication_Repair_and_Recombination/chunks/pages_0001-0012/images/page_4_image_2.jpg
EN0555,EN,9,英文未逐图审阅,,,,来源/英文教材/05_DNA_Replication_Repair_and_Recombination/chunks/pages_0001-0012/images/page_4_image_7.jpg
EN0556,EN,9,英文未逐图审阅,,,,来源/英文教材/05_DNA_Replication_Repair_and_Recombination/chunks/pages_0001-0012/images/page_5_image_2.jpg
EN0557,EN,9,英文未逐图审阅,,,,来源/英文教材/05_DNA_Replication_Repair_and_Recombination/chunks/pages_0001-0012/images/page_5_image_7.jpg
EN0558,EN,9,英文未逐图审阅,,,,来源/英文教材/05_DNA_Replication_Repair_and_Recombination/chunks/pages_0001-0012/images/page_6_image_7.jpg
EN0559,EN,9,英文未逐图审阅,,,,来源/英文教材/05_DNA_Replication_Repair_and_Recombination/chunks/pages_0001-0012/images/page_6_image_8.jpg
EN0560,EN,9,英文未逐图审阅,,,,来源/英文教材/05_DNA_Replication_Repair_and_Recombination/chunks/pages_0001-0012/images/page_7_image_10.jpg
EN0561,EN,9,英文未逐图审阅,,,,来源/英文教材/05_DNA_Replication_Repair_and_Recombination/chunks/pages_0001-0012/images/page_8_image_6.jpg
EN0562,EN,9,英文未逐图审阅,,,,来源/英文教材/05_DNA_Replication_Repair_and_Recombination/chunks/pages_0001-0012/images/page_8_image_11.jpg
EN0563,EN,9,英文未逐图审阅,,,,来源/英文教材/05_DNA_Replication_Repair_and_Recombination/chunks/pages_0001-0012/images/page_9_image_12.jpg
EN0564,EN,9,英文未逐图审阅,,,,来源/英文教材/05_DNA_Replication_Repair_and_Recombination/chunks/pages_0001-0012/images/page_9_image_13.jpg
EN0565,EN,9,英文未逐图审阅,,,,来源/英文教材/05_DNA_Replication_Repair_and_Recombination/chunks/pages_0001-0012/images/page_9_image_14.jpg
EN0566,EN,9,英文未逐图审阅,,,,来源/英文教材/05_DNA_Replication_Repair_and_Recombination/chunks/pages_0001-0012/images/page_10_image_2.jpg
EN0567,EN,9,英文未逐图审阅,,,,来源/英文教材/05_DNA_Replication_Repair_and_Recombination/chunks/pages_0001-0012/images/page_10_image_7.jpg
EN0568,EN,9,英文未逐图审阅,,,,来源/英文教材/05_DNA_Replication_Repair_and_Recombination/chunks/pages_0001-0012/images/page_11_image_3.jpg
EN0569,EN,9,英文未逐图审阅,,,,来源/英文教材/05_DNA_Replication_Repair_and_Recombination/chunks/pages_0001-0012/images/page_11_image_4.jpg
EN0570,EN,9,英文未逐图审阅,,,,来源/英文教材/05_DNA_Replication_Repair_and_Recombination/chunks/pages_0013-0024/images/page_12_image_2.jpg
EN0571,EN,9,英文未逐图审阅,,,,来源/英文教材/05_DNA_Replication_Repair_and_Recombination/chunks/pages_0013-0024/images/page_12_image_3.jpg
EN0572,EN,9,英文未逐图审阅,,,,来源/英文教材/05_DNA_Replication_Repair_and_Recombination/chunks/pages_0013-0024/images/page_12_image_4.jpg
EN0573,EN,9,英文未逐图审阅,,,,来源/英文教材/05_DNA_Replication_Repair_and_Recombination/chunks/pages_0013-0024/images/page_13_image_2.jpg
EN0574,EN,9,英文未逐图审阅,,,,来源/英文教材/05_DNA_Replication_Repair_and_Recombination/chunks/pages_0013-0024/images/page_15_image_2.jpg
EN0575,EN,9,英文未逐图审阅,,,,来源/英文教材/05_DNA_Replication_Repair_and_Recombination/chunks/pages_0013-0024/images/page_17_image_3.jpg
EN0576,EN,9,英文未逐图审阅,,,,来源/英文教材/05_DNA_Replication_Repair_and_Recombination/chunks/pages_0013-0024/images/page_17_image_4.jpg
EN0577,EN,9,英文未逐图审阅,,,,来源/英文教材/05_DNA_Replication_Repair_and_Recombination/chunks/pages_0013-0024/images/page_18_image_4.jpg
EN0578,EN,9,英文未逐图审阅,,,,来源/英文教材/05_DNA_Replication_Repair_and_Recombination/chunks/pages_0013-0024/images/page_18_image_9.jpg
EN0579,EN,9,英文未逐图审阅,,,,来源/英文教材/05_DNA_Replication_Repair_and_Recombination/chunks/pages_0013-0024/images/page_19_image_12.jpg
EN0580,EN,9,英文未逐图审阅,,,,来源/英文教材/05_DNA_Replication_Repair_and_Recombination/chunks/pages_0013-0024/images/page_20_image_9.jpg
EN0581,EN,9,英文未逐图审阅,,,,来源/英文教材/05_DNA_Replication_Repair_and_Recombination/chunks/pages_0013-0024/images/page_21_image_2.jpg
EN0582,EN,9,英文未逐图审阅,,,,来源/英文教材/05_DNA_Replication_Repair_and_Recombination/chunks/pages_0013-0024/images/page_21_image_5.jpg
EN0583,EN,9,英文未逐图审阅,,,,来源/英文教材/05_DNA_Replication_Repair_and_Recombination/chunks/pages_0013-0024/images/page_22_image_6.jpg
EN0584,EN,9,英文未逐图审阅,,,,来源/英文教材/05_DNA_Replication_Repair_and_Recombination/chunks/pages_0013-0024/images/page_23_image_10.jpg
EN0585,EN,9,英文未逐图审阅,,,,来源/英文教材/05_DNA_Replication_Repair_and_Recombination/chunks/pages_0013-0024/images/page_23_image_12.jpg
EN0586,EN,9,英文未逐图审阅,,,,来源/英文教材/05_DNA_Replication_Repair_and_Recombination/chunks/pages_0025-0036/images/page_25_image_2.jpg
EN0587,EN,9,英文未逐图审阅,,,,来源/英文教材/05_DNA_Replication_Repair_and_Recombination/chunks/pages_0025-0036/images/page_27_image_2.jpg
EN0588,EN,9,英文未逐图审阅,,,,来源/英文教材/05_DNA_Replication_Repair_and_Recombination/chunks/pages_0025-0036/images/page_28_chart_7.jpg
EN0589,EN,9,英文未逐图审阅,,,,来源/英文教材/05_DNA_Replication_Repair_and_Recombination/chunks/pages_0025-0036/images/page_28_image_8.jpg
EN0590,EN,9,英文未逐图审阅,,,,来源/英文教材/05_DNA_Replication_Repair_and_Recombination/chunks/pages_0025-0036/images/page_29_image_2.jpg
EN0591,EN,9,英文未逐图审阅,,,,来源/英文教材/05_DNA_Replication_Repair_and_Recombination/chunks/pages_0025-0036/images/page_30_chart_0.jpg
EN0592,EN,9,英文未逐图审阅,,,,来源/英文教材/05_DNA_Replication_Repair_and_Recombination/chunks/pages_0025-0036/images/page_33_image_2.jpg
EN0593,EN,9,英文未逐图审阅,,,,来源/英文教材/05_DNA_Replication_Repair_and_Recombination/chunks/pages_0025-0036/images/page_34_image_2.jpg
EN0594,EN,9,英文未逐图审阅,,,,来源/英文教材/05_DNA_Replication_Repair_and_Recombination/chunks/pages_0025-0036/images/page_34_image_4.jpg
EN0595,EN,9,英文未逐图审阅,,,,来源/英文教材/05_DNA_Replication_Repair_and_Recombination/chunks/pages_0025-0036/images/page_34_image_6.jpg
EN0596,EN,9,英文未逐图审阅,,,,来源/英文教材/05_DNA_Replication_Repair_and_Recombination/chunks/pages_0025-0036/images/page_35_image_2.jpg
EN0597,EN,9,英文未逐图审阅,,,,来源/英文教材/05_DNA_Replication_Repair_and_Recombination/chunks/pages_0037-0048/images/page_36_image_2.jpg
EN0598,EN,9,英文未逐图审阅,,,,来源/英文教材/05_DNA_Replication_Repair_and_Recombination/chunks/pages_0037-0048/images/page_37_image_2.jpg
EN0599,EN,9,英文未逐图审阅,,,,来源/英文教材/05_DNA_Replication_Repair_and_Recombination/chunks/pages_0037-0048/images/page_37_image_3.jpg
EN0600,EN,9,英文未逐图审阅,,,,来源/英文教材/05_DNA_Replication_Repair_and_Recombination/chunks/pages_0037-0048/images/page_38_image_4.jpg
EN0601,EN,9,英文未逐图审阅,,,,来源/英文教材/05_DNA_Replication_Repair_and_Recombination/chunks/pages_0037-0048/images/page_40_image_2.jpg
EN0602,EN,9,英文未逐图审阅,,,,来源/英文教材/05_DNA_Replication_Repair_and_Recombination/chunks/pages_0037-0048/images/page_41_image_2.jpg
EN0603,EN,9,英文未逐图审阅,,,,来源/英文教材/05_DNA_Replication_Repair_and_Recombination/chunks/pages_0037-0048/images/page_41_image_6.jpg
EN0604,EN,9,英文未逐图审阅,,,,来源/英文教材/05_DNA_Replication_Repair_and_Recombination/chunks/pages_0037-0048/images/page_41_image_9.jpg
EN0605,EN,9,英文未逐图审阅,,,,来源/英文教材/05_DNA_Replication_Repair_and_Recombination/chunks/pages_0037-0048/images/page_44_chart_6.jpg
EN0606,EN,9,英文未逐图审阅,,,,来源/英文教材/05_DNA_Replication_Repair_and_Recombination/chunks/pages_0037-0048/images/page_46_image_2.jpg
EN0607,EN,9,英文未逐图审阅,,,,来源/英文教材/05_DNA_Replication_Repair_and_Recombination/chunks/pages_0037-0048/images/page_47_chart_9.jpg
EN0608,EN,9,英文未逐图审阅,,,,来源/英文教材/05_DNA_Replication_Repair_and_Recombination/chunks/pages_0049-0060/images/page_48_image_5.jpg
EN0609,EN,12,英文未逐图审阅,,,,来源/英文教材/05_DNA_Replication_Repair_and_Recombination/chunks/pages_0049-0060/images/page_48_image_10.jpg
EN0610,EN,12,英文未逐图审阅,,,,来源/英文教材/05_DNA_Replication_Repair_and_Recombination/chunks/pages_0049-0060/images/page_49_image_2.jpg
EN0611,EN,12,英文未逐图审阅,,,,来源/英文教材/05_DNA_Replication_Repair_and_Recombination/chunks/pages_0049-0060/images/page_50_image_2.jpg
EN0612,EN,12,英文未逐图审阅,,,,来源/英文教材/05_DNA_Replication_Repair_and_Recombination/chunks/pages_0049-0060/images/page_51_image_2.jpg
EN0613,EN,12,英文未逐图审阅,,,,来源/英文教材/05_DNA_Replication_Repair_and_Recombination/chunks/pages_0049-0060/images/page_51_image_3.jpg
EN0614,EN,12,英文未逐图审阅,,,,来源/英文教材/05_DNA_Replication_Repair_and_Recombination/chunks/pages_0049-0060/images/page_51_image_8.jpg
EN0615,EN,12,英文未逐图审阅,,,,来源/英文教材/05_DNA_Replication_Repair_and_Recombination/chunks/pages_0049-0060/images/page_52_chart_2.jpg
EN0616,EN,9,英文未逐图审阅,,,,来源/英文教材/05_DNA_Replication_Repair_and_Recombination/chunks/pages_0049-0060/images/page_53_image_11.jpg
EN0617,EN,9,英文未逐图审阅,,,,来源/英文教材/05_DNA_Replication_Repair_and_Recombination/chunks/pages_0049-0060/images/page_55_chart_6.jpg
EN0618,EN,9,英文未逐图审阅,,,,来源/英文教材/05_DNA_Replication_Repair_and_Recombination/chunks/pages_0049-0060/images/page_56_image_2.jpg
EN0619,EN,9,英文未逐图审阅,,,,来源/英文教材/05_DNA_Replication_Repair_and_Recombination/chunks/pages_0049-0060/images/page_57_image_2.jpg
EN0620,EN,9,英文未逐图审阅,,,,来源/英文教材/05_DNA_Replication_Repair_and_Recombination/chunks/pages_0049-0060/images/page_58_image_2.jpg
EN0621,EN,9,英文未逐图审阅,,,,来源/英文教材/05_DNA_Replication_Repair_and_Recombination/chunks/pages_0049-0060/images/page_59_image_2.jpg
EN0622,EN,9,英文未逐图审阅,,,,来源/英文教材/05_DNA_Replication_Repair_and_Recombination/chunks/pages_0061-0068/images/page_61_image_11.jpg
EN0623,EN,9,英文未逐图审阅,,,,来源/英文教材/05_DNA_Replication_Repair_and_Recombination/chunks/pages_0061-0068/images/page_62_image_8.jpg
EN0624,EN,9,英文未逐图审阅,,,,来源/英文教材/05_DNA_Replication_Repair_and_Recombination/chunks/pages_0061-0068/images/page_63_image_7.jpg
EN0625,EN,9,英文未逐图审阅,,,,来源/英文教材/05_DNA_Replication_Repair_and_Recombination/chunks/pages_0061-0068/images/page_64_image_2.jpg
EN0626,EN,9,英文未逐图审阅,,,,来源/英文教材/05_DNA_Replication_Repair_and_Recombination/chunks/pages_0061-0068/images/page_64_image_3.jpg
EN0627,EN,9,英文未逐图审阅,,,,来源/英文教材/05_DNA_Replication_Repair_and_Recombination/chunks/pages_0061-0068/images/page_64_image_5.jpg
EN0628,EN,9,英文未逐图审阅,,,,来源/英文教材/05_DNA_Replication_Repair_and_Recombination/chunks/pages_0061-0068/images/page_65_image_18.jpg
EN0629,EN,9,英文未逐图审阅,,,,来源/英文教材/05_DNA_Replication_Repair_and_Recombination/chunks/pages_0061-0068/images/page_66_image_0.jpg
EN0630,EN,9,英文未逐图审阅,,,,来源/英文教材/05_DNA_Replication_Repair_and_Recombination/chunks/pages_0061-0068/images/page_66_image_3.jpg
EN0631,EN,9,英文未逐图审阅,,,,来源/英文教材/05_DNA_Replication_Repair_and_Recombination/chunks/pages_0061-0068/images/page_66_image_15.jpg
EN0632,EN,9,英文未逐图审阅,,,,来源/英文教材/06_How_Cells_Read_the_Genome_From_DNA_to_Protein/chunks/pages_0001-0012/images/page_0_image_8.jpg
EN0633,EN,9,英文未逐图审阅,,,,来源/英文教材/06_How_Cells_Read_the_Genome_From_DNA_to_Protein/chunks/pages_0001-0012/images/page_0_image_13.jpg
EN0634,EN,9,英文未逐图审阅,,,,来源/英文教材/06_How_Cells_Read_the_Genome_From_DNA_to_Protein/chunks/pages_0001-0012/images/page_1_chart_3.jpg
EN0635,EN,9,英文未逐图审阅,,,,来源/英文教材/06_How_Cells_Read_the_Genome_From_DNA_to_Protein/chunks/pages_0001-0012/images/page_2_image_9.jpg
EN0636,EN,9,英文未逐图审阅,,,,来源/英文教材/06_How_Cells_Read_the_Genome_From_DNA_to_Protein/chunks/pages_0001-0012/images/page_3_image_8.jpg
EN0637,EN,9,英文未逐图审阅,,,,来源/英文教材/06_How_Cells_Read_the_Genome_From_DNA_to_Protein/chunks/pages_0001-0012/images/page_3_image_10.jpg
EN0638,EN,9,英文未逐图审阅,,,,来源/英文教材/06_How_Cells_Read_the_Genome_From_DNA_to_Protein/chunks/pages_0001-0012/images/page_4_image_5.jpg
EN0639,EN,9,英文未逐图审阅,,,,来源/英文教材/06_How_Cells_Read_the_Genome_From_DNA_to_Protein/chunks/pages_0001-0012/images/page_4_image_9.jpg
EN0640,EN,9,英文未逐图审阅,,,,来源/英文教材/06_How_Cells_Read_the_Genome_From_DNA_to_Protein/chunks/pages_0001-0012/images/page_5_image_7.jpg
EN0641,EN,9,英文未逐图审阅,,,,来源/英文教材/06_How_Cells_Read_the_Genome_From_DNA_to_Protein/chunks/pages_0001-0012/images/page_5_image_8.jpg
EN0642,EN,9,英文未逐图审阅,,,,来源/英文教材/06_How_Cells_Read_the_Genome_From_DNA_to_Protein/chunks/pages_0001-0012/images/page_6_image_2.jpg
EN0643,EN,9,英文未逐图审阅,,,,来源/英文教材/06_How_Cells_Read_the_Genome_From_DNA_to_Protein/chunks/pages_0001-0012/images/page_7_image_2.jpg
EN0644,EN,9,英文未逐图审阅,,,,来源/英文教材/06_How_Cells_Read_the_Genome_From_DNA_to_Protein/chunks/pages_0001-0012/images/page_7_image_9.jpg
EN0645,EN,9,英文未逐图审阅,,,,来源/英文教材/06_How_Cells_Read_the_Genome_From_DNA_to_Protein/chunks/pages_0001-0012/images/page_7_image_11.jpg
EN0646,EN,9,英文未逐图审阅,,,,来源/英文教材/06_How_Cells_Read_the_Genome_From_DNA_to_Protein/chunks/pages_0001-0012/images/page_9_chart_3.jpg
EN0647,EN,9,英文未逐图审阅,,,,来源/英文教材/06_How_Cells_Read_the_Genome_From_DNA_to_Protein/chunks/pages_0001-0012/images/page_9_chart_4.jpg
EN0648,EN,9,英文未逐图审阅,,,,来源/英文教材/06_How_Cells_Read_the_Genome_From_DNA_to_Protein/chunks/pages_0001-0012/images/page_9_chart_9.jpg
EN0649,EN,9,英文未逐图审阅,,,,来源/英文教材/06_How_Cells_Read_the_Genome_From_DNA_to_Protein/chunks/pages_0001-0012/images/page_10_image_2.jpg
EN0650,EN,9,英文未逐图审阅,,,,来源/英文教材/06_How_Cells_Read_the_Genome_From_DNA_to_Protein/chunks/pages_0001-0012/images/page_11_image_3.jpg
EN0651,EN,9,英文未逐图审阅,,,,来源/英文教材/06_How_Cells_Read_the_Genome_From_DNA_to_Protein/chunks/pages_0001-0012/images/page_11_image_6.jpg
EN0652,EN,9,英文未逐图审阅,,,,来源/英文教材/06_How_Cells_Read_the_Genome_From_DNA_to_Protein/chunks/pages_0001-0012/images/page_11_image_10.jpg
EN0653,EN,9,英文未逐图审阅,,,,来源/英文教材/06_How_Cells_Read_the_Genome_From_DNA_to_Protein/chunks/pages_0001-0012/images/page_11_image_11.jpg
EN0654,EN,9,英文未逐图审阅,,,,来源/英文教材/06_How_Cells_Read_the_Genome_From_DNA_to_Protein/chunks/pages_0013-0024/images/page_12_image_5.jpg
EN0655,EN,9,英文未逐图审阅,,,,来源/英文教材/06_How_Cells_Read_the_Genome_From_DNA_to_Protein/chunks/pages_0013-0024/images/page_13_image_6.jpg
EN0656,EN,9,英文未逐图审阅,,,,来源/英文教材/06_How_Cells_Read_the_Genome_From_DNA_to_Protein/chunks/pages_0013-0024/images/page_13_image_7.jpg
EN0657,EN,9,英文未逐图审阅,,,,来源/英文教材/06_How_Cells_Read_the_Genome_From_DNA_to_Protein/chunks/pages_0013-0024/images/page_14_chart_10.jpg
EN0658,EN,9,英文未逐图审阅,,,,来源/英文教材/06_How_Cells_Read_the_Genome_From_DNA_to_Protein/chunks/pages_0013-0024/images/page_15_image_5.jpg
EN0659,EN,9,英文未逐图审阅,,,,来源/英文教材/06_How_Cells_Read_the_Genome_From_DNA_to_Protein/chunks/pages_0013-0024/images/page_15_image_6.jpg
EN0660,EN,9,英文未逐图审阅,,,,来源/英文教材/06_How_Cells_Read_the_Genome_From_DNA_to_Protein/chunks/pages_0013-0024/images/page_16_image_2.jpg
EN0661,EN,9,英文未逐图审阅,,,,来源/英文教材/06_How_Cells_Read_the_Genome_From_DNA_to_Protein/chunks/pages_0013-0024/images/page_16_image_3.jpg
EN0662,EN,9,英文未逐图审阅,,,,来源/英文教材/06_How_Cells_Read_the_Genome_From_DNA_to_Protein/chunks/pages_0013-0024/images/page_17_image_2.jpg
EN0663,EN,9,英文未逐图审阅,,,,来源/英文教材/06_How_Cells_Read_the_Genome_From_DNA_to_Protein/chunks/pages_0013-0024/images/page_17_image_4.jpg
EN0664,EN,9,英文未逐图审阅,,,,来源/英文教材/06_How_Cells_Read_the_Genome_From_DNA_to_Protein/chunks/pages_0013-0024/images/page_18_image_10.jpg
EN0665,EN,9,英文未逐图审阅,,,,来源/英文教材/06_How_Cells_Read_the_Genome_From_DNA_to_Protein/chunks/pages_0013-0024/images/page_18_image_11.jpg
EN0666,EN,9,英文未逐图审阅,,,,来源/英文教材/06_How_Cells_Read_the_Genome_From_DNA_to_Protein/chunks/pages_0013-0024/images/page_19_image_2.jpg
EN0667,EN,9,英文未逐图审阅,,,,来源/英文教材/06_How_Cells_Read_the_Genome_From_DNA_to_Protein/chunks/pages_0013-0024/images/page_19_image_10.jpg
EN0668,EN,9,英文未逐图审阅,,,,来源/英文教材/06_How_Cells_Read_the_Genome_From_DNA_to_Protein/chunks/pages_0013-0024/images/page_20_chart_2.jpg
EN0669,EN,9,英文未逐图审阅,,,,来源/英文教材/06_How_Cells_Read_the_Genome_From_DNA_to_Protein/chunks/pages_0013-0024/images/page_20_image_9.jpg
EN0670,EN,9,英文未逐图审阅,,,,来源/英文教材/06_How_Cells_Read_the_Genome_From_DNA_to_Protein/chunks/pages_0013-0024/images/page_21_image_2.jpg
EN0671,EN,9,英文未逐图审阅,,,,来源/英文教材/06_How_Cells_Read_the_Genome_From_DNA_to_Protein/chunks/pages_0013-0024/images/page_23_image_2.jpg
EN0672,EN,9,英文未逐图审阅,,,,来源/英文教材/06_How_Cells_Read_the_Genome_From_DNA_to_Protein/chunks/pages_0025-0036/images/page_24_image_0.jpg
EN0673,EN,9,英文未逐图审阅,,,,来源/英文教材/06_How_Cells_Read_the_Genome_From_DNA_to_Protein/chunks/pages_0025-0036/images/page_24_chart_3.jpg
EN0674,EN,9,英文未逐图审阅,,,,来源/英文教材/06_How_Cells_Read_the_Genome_From_DNA_to_Protein/chunks/pages_0025-0036/images/page_24_chart_5.jpg
EN0675,EN,9,英文未逐图审阅,,,,来源/英文教材/06_How_Cells_Read_the_Genome_From_DNA_to_Protein/chunks/pages_0025-0036/images/page_24_chart_12.jpg
EN0676,EN,9,英文未逐图审阅,,,,来源/英文教材/06_How_Cells_Read_the_Genome_From_DNA_to_Protein/chunks/pages_0025-0036/images/page_25_image_2.jpg
EN0677,EN,9,英文未逐图审阅,,,,来源/英文教材/06_How_Cells_Read_the_Genome_From_DNA_to_Protein/chunks/pages_0025-0036/images/page_25_image_8.jpg
EN0678,EN,9,英文未逐图审阅,,,,来源/英文教材/06_How_Cells_Read_the_Genome_From_DNA_to_Protein/chunks/pages_0025-0036/images/page_26_image_4.jpg
EN0679,EN,9,英文未逐图审阅,,,,来源/英文教材/06_How_Cells_Read_the_Genome_From_DNA_to_Protein/chunks/pages_0025-0036/images/page_26_image_11.jpg
EN0680,EN,9,英文未逐图审阅,,,,来源/英文教材/06_How_Cells_Read_the_Genome_From_DNA_to_Protein/chunks/pages_0025-0036/images/page_26_image_12.jpg
EN0681,EN,9,英文未逐图审阅,,,,来源/英文教材/06_How_Cells_Read_the_Genome_From_DNA_to_Protein/chunks/pages_0025-0036/images/page_26_image_13.jpg
EN0682,EN,9,英文未逐图审阅,,,,来源/英文教材/06_How_Cells_Read_the_Genome_From_DNA_to_Protein/chunks/pages_0025-0036/images/page_27_image_2.jpg
EN0683,EN,9,英文未逐图审阅,,,,来源/英文教材/06_How_Cells_Read_the_Genome_From_DNA_to_Protein/chunks/pages_0025-0036/images/page_27_image_10.jpg
EN0684,EN,9,英文未逐图审阅,,,,来源/英文教材/06_How_Cells_Read_the_Genome_From_DNA_to_Protein/chunks/pages_0025-0036/images/page_28_image_8.jpg
EN0685,EN,9,英文未逐图审阅,,,,来源/英文教材/06_How_Cells_Read_the_Genome_From_DNA_to_Protein/chunks/pages_0025-0036/images/page_28_image_9.jpg
EN0686,EN,9,英文未逐图审阅,,,,来源/英文教材/06_How_Cells_Read_the_Genome_From_DNA_to_Protein/chunks/pages_0025-0036/images/page_29_image_2.jpg
EN0687,EN,9,英文未逐图审阅,,,,来源/英文教材/06_How_Cells_Read_the_Genome_From_DNA_to_Protein/chunks/pages_0025-0036/images/page_30_image_2.jpg
EN0688,EN,9,英文未逐图审阅,,,,来源/英文教材/06_How_Cells_Read_the_Genome_From_DNA_to_Protein/chunks/pages_0025-0036/images/page_31_image_2.jpg
EN0689,EN,9,英文未逐图审阅,,,,来源/英文教材/06_How_Cells_Read_the_Genome_From_DNA_to_Protein/chunks/pages_0025-0036/images/page_31_image_7.jpg
EN0690,EN,9,英文未逐图审阅,,,,来源/英文教材/06_How_Cells_Read_the_Genome_From_DNA_to_Protein/chunks/pages_0025-0036/images/page_32_image_2.jpg
EN0691,EN,9,英文未逐图审阅,,,,来源/英文教材/06_How_Cells_Read_the_Genome_From_DNA_to_Protein/chunks/pages_0025-0036/images/page_32_image_7.jpg
EN0692,EN,9,英文未逐图审阅,,,,来源/英文教材/06_How_Cells_Read_the_Genome_From_DNA_to_Protein/chunks/pages_0025-0036/images/page_33_image_4.jpg
EN0693,EN,9,英文未逐图审阅,,,,来源/英文教材/06_How_Cells_Read_the_Genome_From_DNA_to_Protein/chunks/pages_0025-0036/images/page_33_image_7.jpg
EN0694,EN,9,英文未逐图审阅,,,,来源/英文教材/06_How_Cells_Read_the_Genome_From_DNA_to_Protein/chunks/pages_0025-0036/images/page_34_image_1.jpg
EN0695,EN,9,英文未逐图审阅,,,,来源/英文教材/06_How_Cells_Read_the_Genome_From_DNA_to_Protein/chunks/pages_0025-0036/images/page_34_image_10.jpg
EN0696,EN,9,英文未逐图审阅,,,,来源/英文教材/06_How_Cells_Read_the_Genome_From_DNA_to_Protein/chunks/pages_0025-0036/images/page_35_image_2.jpg
EN0697,EN,9,英文未逐图审阅,,,,来源/英文教材/06_How_Cells_Read_the_Genome_From_DNA_to_Protein/chunks/pages_0025-0036/images/page_35_image_6.jpg
EN0698,EN,9,英文未逐图审阅,,,,来源/英文教材/06_How_Cells_Read_the_Genome_From_DNA_to_Protein/chunks/pages_0037-0048/images/page_36_image_2.jpg
EN0699,EN,10,英文未逐图审阅,,,,来源/英文教材/06_How_Cells_Read_the_Genome_From_DNA_to_Protein/chunks/pages_0037-0048/images/page_38_image_11.jpg
EN0700,EN,10,英文未逐图审阅,,,,来源/英文教材/06_How_Cells_Read_the_Genome_From_DNA_to_Protein/chunks/pages_0037-0048/images/page_39_image_2.jpg
EN0701,EN,10,英文未逐图审阅,,,,来源/英文教材/06_How_Cells_Read_the_Genome_From_DNA_to_Protein/chunks/pages_0037-0048/images/page_39_image_5.jpg
EN0702,EN,10,英文未逐图审阅,,,,来源/英文教材/06_How_Cells_Read_the_Genome_From_DNA_to_Protein/chunks/pages_0037-0048/images/page_40_image_6.jpg
EN0703,EN,10,英文未逐图审阅,,,,来源/英文教材/06_How_Cells_Read_the_Genome_From_DNA_to_Protein/chunks/pages_0037-0048/images/page_40_image_10.jpg
EN0704,EN,10,英文未逐图审阅,,,,来源/英文教材/06_How_Cells_Read_the_Genome_From_DNA_to_Protein/chunks/pages_0037-0048/images/page_41_image_2.jpg
EN0705,EN,10,英文未逐图审阅,,,,来源/英文教材/06_How_Cells_Read_the_Genome_From_DNA_to_Protein/chunks/pages_0037-0048/images/page_41_image_6.jpg
EN0706,EN,10,英文未逐图审阅,,,,来源/英文教材/06_How_Cells_Read_the_Genome_From_DNA_to_Protein/chunks/pages_0037-0048/images/page_41_image_8.jpg
EN0707,EN,10,英文未逐图审阅,,,,来源/英文教材/06_How_Cells_Read_the_Genome_From_DNA_to_Protein/chunks/pages_0037-0048/images/page_42_image_2.jpg
EN0708,EN,10,英文未逐图审阅,,,,来源/英文教材/06_How_Cells_Read_the_Genome_From_DNA_to_Protein/chunks/pages_0037-0048/images/page_43_image_2.jpg
EN0709,EN,10,英文未逐图审阅,,,,来源/英文教材/06_How_Cells_Read_the_Genome_From_DNA_to_Protein/chunks/pages_0037-0048/images/page_43_image_8.jpg
EN0710,EN,10,英文未逐图审阅,,,,来源/英文教材/06_How_Cells_Read_the_Genome_From_DNA_to_Protein/chunks/pages_0037-0048/images/page_44_image_2.jpg
EN0711,EN,10,英文未逐图审阅,,,,来源/英文教材/06_How_Cells_Read_the_Genome_From_DNA_to_Protein/chunks/pages_0037-0048/images/page_44_image_7.jpg
EN0712,EN,10,英文未逐图审阅,,,,来源/英文教材/06_How_Cells_Read_the_Genome_From_DNA_to_Protein/chunks/pages_0037-0048/images/page_45_image_2.jpg
EN0713,EN,10,英文未逐图审阅,,,,来源/英文教材/06_How_Cells_Read_the_Genome_From_DNA_to_Protein/chunks/pages_0037-0048/images/page_45_image_3.jpg
EN0714,EN,10,英文未逐图审阅,,,,来源/英文教材/06_How_Cells_Read_the_Genome_From_DNA_to_Protein/chunks/pages_0037-0048/images/page_46_image_2.jpg
EN0715,EN,10,英文未逐图审阅,,,,来源/英文教材/06_How_Cells_Read_the_Genome_From_DNA_to_Protein/chunks/pages_0037-0048/images/page_46_image_3.jpg
EN0716,EN,10,英文未逐图审阅,,,,来源/英文教材/06_How_Cells_Read_the_Genome_From_DNA_to_Protein/chunks/pages_0037-0048/images/page_46_image_5.jpg
EN0717,EN,10,英文未逐图审阅,,,,来源/英文教材/06_How_Cells_Read_the_Genome_From_DNA_to_Protein/chunks/pages_0037-0048/images/page_47_image_8.jpg
EN0718,EN,10,英文未逐图审阅,,,,来源/英文教材/06_How_Cells_Read_the_Genome_From_DNA_to_Protein/chunks/pages_0037-0048/images/page_47_image_10.jpg
EN0719,EN,10,英文未逐图审阅,,,,来源/英文教材/06_How_Cells_Read_the_Genome_From_DNA_to_Protein/chunks/pages_0037-0048/images/page_47_image_11.jpg
EN0720,EN,10,英文未逐图审阅,,,,来源/英文教材/06_How_Cells_Read_the_Genome_From_DNA_to_Protein/chunks/pages_0037-0048/images/page_47_image_12.jpg
EN0721,EN,10,英文未逐图审阅,,,,来源/英文教材/06_How_Cells_Read_the_Genome_From_DNA_to_Protein/chunks/pages_0037-0048/images/page_47_image_13.jpg
EN0722,EN,10,英文未逐图审阅,,,,来源/英文教材/06_How_Cells_Read_the_Genome_From_DNA_to_Protein/chunks/pages_0049-0060/images/page_48_image_10.jpg
EN0723,EN,10,英文未逐图审阅,,,,来源/英文教材/06_How_Cells_Read_the_Genome_From_DNA_to_Protein/chunks/pages_0049-0060/images/page_49_image_3.jpg
EN0724,EN,10,英文未逐图审阅,,,,来源/英文教材/06_How_Cells_Read_the_Genome_From_DNA_to_Protein/chunks/pages_0049-0060/images/page_50_image_6.jpg
EN0725,EN,10,英文未逐图审阅,,,,来源/英文教材/06_How_Cells_Read_the_Genome_From_DNA_to_Protein/chunks/pages_0049-0060/images/page_51_image_2.jpg
EN0726,EN,10,英文未逐图审阅,,,,来源/英文教材/06_How_Cells_Read_the_Genome_From_DNA_to_Protein/chunks/pages_0049-0060/images/page_51_image_7.jpg
EN0727,EN,10,英文未逐图审阅,,,,来源/英文教材/06_How_Cells_Read_the_Genome_From_DNA_to_Protein/chunks/pages_0049-0060/images/page_52_image_7.jpg
EN0728,EN,10,英文未逐图审阅,,,,来源/英文教材/06_How_Cells_Read_the_Genome_From_DNA_to_Protein/chunks/pages_0049-0060/images/page_53_image_2.jpg
EN0729,EN,10,英文未逐图审阅,,,,来源/英文教材/06_How_Cells_Read_the_Genome_From_DNA_to_Protein/chunks/pages_0049-0060/images/page_53_image_9.jpg
EN0730,EN,10,英文未逐图审阅,,,,来源/英文教材/06_How_Cells_Read_the_Genome_From_DNA_to_Protein/chunks/pages_0049-0060/images/page_54_image_8.jpg
EN0731,EN,10,英文未逐图审阅,,,,来源/英文教材/06_How_Cells_Read_the_Genome_From_DNA_to_Protein/chunks/pages_0049-0060/images/page_55_image_2.jpg
EN0732,EN,10,英文未逐图审阅,,,,来源/英文教材/06_How_Cells_Read_the_Genome_From_DNA_to_Protein/chunks/pages_0049-0060/images/page_56_image_2.jpg
EN0733,EN,10,英文未逐图审阅,,,,来源/英文教材/06_How_Cells_Read_the_Genome_From_DNA_to_Protein/chunks/pages_0049-0060/images/page_57_image_7.jpg
EN0734,EN,10,英文未逐图审阅,,,,来源/英文教材/06_How_Cells_Read_the_Genome_From_DNA_to_Protein/chunks/pages_0049-0060/images/page_58_image_8.jpg
EN0735,EN,5,英文未逐图审阅,,,,来源/英文教材/06_How_Cells_Read_the_Genome_From_DNA_to_Protein/chunks/pages_0049-0060/images/page_59_image_11.jpg
EN0736,EN,5,英文未逐图审阅,,,,来源/英文教材/06_How_Cells_Read_the_Genome_From_DNA_to_Protein/chunks/pages_0049-0060/images/page_59_image_13.jpg
EN0737,EN,5,英文未逐图审阅,,,,来源/英文教材/06_How_Cells_Read_the_Genome_From_DNA_to_Protein/chunks/pages_0049-0060/images/page_59_image_15.jpg
EN0738,EN,5,英文未逐图审阅,,,,来源/英文教材/06_How_Cells_Read_the_Genome_From_DNA_to_Protein/chunks/pages_0049-0060/images/page_59_image_17.jpg
EN0739,EN,5,英文未逐图审阅,,,,来源/英文教材/06_How_Cells_Read_the_Genome_From_DNA_to_Protein/chunks/pages_0061-0072/images/page_60_image_6.jpg
EN0740,EN,5,英文未逐图审阅,,,,来源/英文教材/06_How_Cells_Read_the_Genome_From_DNA_to_Protein/chunks/pages_0061-0072/images/page_61_image_2.jpg
EN0741,EN,5,英文未逐图审阅,,,,来源/英文教材/06_How_Cells_Read_the_Genome_From_DNA_to_Protein/chunks/pages_0061-0072/images/page_61_image_4.jpg
EN0742,EN,5,英文未逐图审阅,,,,来源/英文教材/06_How_Cells_Read_the_Genome_From_DNA_to_Protein/chunks/pages_0061-0072/images/page_62_image_2.jpg
EN0743,EN,5,英文未逐图审阅,,,,来源/英文教材/06_How_Cells_Read_the_Genome_From_DNA_to_Protein/chunks/pages_0061-0072/images/page_63_image_7.jpg
EN0744,EN,5,英文未逐图审阅,,,,来源/英文教材/06_How_Cells_Read_the_Genome_From_DNA_to_Protein/chunks/pages_0061-0072/images/page_64_image_2.jpg
EN0745,EN,5,英文未逐图审阅,,,,来源/英文教材/06_How_Cells_Read_the_Genome_From_DNA_to_Protein/chunks/pages_0061-0072/images/page_64_image_5.jpg
EN0746,EN,5,英文未逐图审阅,,,,来源/英文教材/06_How_Cells_Read_the_Genome_From_DNA_to_Protein/chunks/pages_0061-0072/images/page_66_image_2.jpg
EN0747,EN,10,英文未逐图审阅,,,,来源/英文教材/06_How_Cells_Read_the_Genome_From_DNA_to_Protein/chunks/pages_0061-0072/images/page_67_image_2.jpg
EN0748,EN,10,英文未逐图审阅,,,,来源/英文教材/06_How_Cells_Read_the_Genome_From_DNA_to_Protein/chunks/pages_0061-0072/images/page_68_image_7.jpg
EN0749,EN,10,英文未逐图审阅,,,,来源/英文教材/06_How_Cells_Read_the_Genome_From_DNA_to_Protein/chunks/pages_0061-0072/images/page_69_image_4.jpg
EN0750,EN,10,英文未逐图审阅,,,,来源/英文教材/06_How_Cells_Read_the_Genome_From_DNA_to_Protein/chunks/pages_0061-0072/images/page_69_image_7.jpg
EN0751,EN,10,英文未逐图审阅,,,,来源/英文教材/06_How_Cells_Read_the_Genome_From_DNA_to_Protein/chunks/pages_0061-0072/images/page_69_image_11.jpg
EN0752,EN,10,英文未逐图审阅,,,,来源/英文教材/06_How_Cells_Read_the_Genome_From_DNA_to_Protein/chunks/pages_0061-0072/images/page_70_image_0.jpg
EN0753,EN,10,英文未逐图审阅,,,,来源/英文教材/06_How_Cells_Read_the_Genome_From_DNA_to_Protein/chunks/pages_0061-0072/images/page_70_image_4.jpg
EN0754,EN,10,英文未逐图审阅,,,,来源/英文教材/06_How_Cells_Read_the_Genome_From_DNA_to_Protein/chunks/pages_0061-0072/images/page_70_image_9.jpg
EN0755,EN,10,英文未逐图审阅,,,,来源/英文教材/06_How_Cells_Read_the_Genome_From_DNA_to_Protein/chunks/pages_0061-0072/images/page_70_image_12.jpg
EN0756,EN,10,英文未逐图审阅,,,,来源/英文教材/06_How_Cells_Read_the_Genome_From_DNA_to_Protein/chunks/pages_0061-0072/images/page_71_image_2.jpg
EN0757,EN,10,英文未逐图审阅,,,,来源/英文教材/06_How_Cells_Read_the_Genome_From_DNA_to_Protein/chunks/pages_0073-0076/images/page_72_image_13.jpg
EN0758,EN,10,英文未逐图审阅,,,,来源/英文教材/06_How_Cells_Read_the_Genome_From_DNA_to_Protein/chunks/pages_0073-0076/images/page_73_image_12.jpg
EN0759,EN,10,英文未逐图审阅,,,,来源/英文教材/06_How_Cells_Read_the_Genome_From_DNA_to_Protein/chunks/pages_0073-0076/images/page_73_image_15.jpg
EN0760,EN,10,英文未逐图审阅,,,,来源/英文教材/06_How_Cells_Read_the_Genome_From_DNA_to_Protein/chunks/pages_0073-0076/images/page_73_image_21.jpg
EN0761,EN,10,英文未逐图审阅,,,,来源/英文教材/06_How_Cells_Read_the_Genome_From_DNA_to_Protein/chunks/pages_0073-0076/images/page_73_image_22.jpg
EN0762,EN,10,英文未逐图审阅,,,,来源/英文教材/06_How_Cells_Read_the_Genome_From_DNA_to_Protein/chunks/pages_0073-0076/images/page_73_image_25.jpg
EN0763,EN,10,英文未逐图审阅,,,,来源/英文教材/06_How_Cells_Read_the_Genome_From_DNA_to_Protein/chunks/pages_0073-0076/images/page_74_image_12.jpg
EN0764,EN,14,英文未逐图审阅,,,,来源/英文教材/07_Control_of_Gene_Expression/chunks/pages_0001-0012/images/page_0_image_0.jpg
EN0765,EN,14,英文未逐图审阅,,,,来源/英文教材/07_Control_of_Gene_Expression/chunks/pages_0001-0012/images/page_0_image_10.jpg
EN0766,EN,14,英文未逐图审阅,,,,来源/英文教材/07_Control_of_Gene_Expression/chunks/pages_0001-0012/images/page_1_image_2.jpg
EN0767,EN,14,英文未逐图审阅,,,,来源/英文教材/07_Control_of_Gene_Expression/chunks/pages_0001-0012/images/page_2_image_2.jpg
EN0768,EN,14,英文未逐图审阅,,,,来源/英文教材/07_Control_of_Gene_Expression/chunks/pages_0001-0012/images/page_3_chart_2.jpg
EN0769,EN,14,英文未逐图审阅,,,,来源/英文教材/07_Control_of_Gene_Expression/chunks/pages_0001-0012/images/page_4_image_0.jpg
EN0770,EN,14,英文未逐图审阅,,,,来源/英文教材/07_Control_of_Gene_Expression/chunks/pages_0001-0012/images/page_4_image_8.jpg
EN0771,EN,9,英文未逐图审阅,,,,来源/英文教材/07_Control_of_Gene_Expression/chunks/pages_0001-0012/images/page_5_image_10.jpg
EN0772,EN,9,英文未逐图审阅,,,,来源/英文教材/07_Control_of_Gene_Expression/chunks/pages_0001-0012/images/page_6_image_2.jpg
EN0773,EN,9,英文未逐图审阅,,,,来源/英文教材/07_Control_of_Gene_Expression/chunks/pages_0001-0012/images/page_7_image_3.jpg
EN0774,EN,9,英文未逐图审阅,,,,来源/英文教材/07_Control_of_Gene_Expression/chunks/pages_0001-0012/images/page_7_image_9.jpg
EN0775,EN,9,英文未逐图审阅,,,,来源/英文教材/07_Control_of_Gene_Expression/chunks/pages_0001-0012/images/page_7_image_13.jpg
EN0776,EN,9,英文未逐图审阅,,,,来源/英文教材/07_Control_of_Gene_Expression/chunks/pages_0001-0012/images/page_8_image_3.jpg
EN0777,EN,9,英文未逐图审阅,,,,来源/英文教材/07_Control_of_Gene_Expression/chunks/pages_0001-0012/images/page_8_image_4.jpg
EN0778,EN,9,英文未逐图审阅,,,,来源/英文教材/07_Control_of_Gene_Expression/chunks/pages_0001-0012/images/page_8_image_7.jpg
EN0779,EN,9,英文未逐图审阅,,,,来源/英文教材/07_Control_of_Gene_Expression/chunks/pages_0001-0012/images/page_8_image_8.jpg
EN0780,EN,9,英文未逐图审阅,,,,来源/英文教材/07_Control_of_Gene_Expression/chunks/pages_0001-0012/images/page_8_image_9.jpg
EN0781,EN,9,英文未逐图审阅,,,,来源/英文教材/07_Control_of_Gene_Expression/chunks/pages_0001-0012/images/page_8_image_12.jpg
EN0782,EN,9,英文未逐图审阅,,,,来源/英文教材/07_Control_of_Gene_Expression/chunks/pages_0001-0012/images/page_9_image_2.jpg
EN0783,EN,9,英文未逐图审阅,,,,来源/英文教材/07_Control_of_Gene_Expression/chunks/pages_0001-0012/images/page_9_image_7.jpg
EN0784,EN,9,英文未逐图审阅,,,,来源/英文教材/07_Control_of_Gene_Expression/chunks/pages_0001-0012/images/page_9_image_8.jpg
EN0785,EN,9,英文未逐图审阅,,,,来源/英文教材/07_Control_of_Gene_Expression/chunks/pages_0001-0012/images/page_9_chart_9.jpg
EN0786,EN,9,英文未逐图审阅,,,,来源/英文教材/07_Control_of_Gene_Expression/chunks/pages_0001-0012/images/page_9_image_11.jpg
EN0787,EN,9,英文未逐图审阅,,,,来源/英文教材/07_Control_of_Gene_Expression/chunks/pages_0001-0012/images/page_9_chart_12.jpg
EN0788,EN,9,英文未逐图审阅,,,,来源/英文教材/07_Control_of_Gene_Expression/chunks/pages_0001-0012/images/page_10_image_7.jpg
EN0789,EN,9,英文未逐图审阅,,,,来源/英文教材/07_Control_of_Gene_Expression/chunks/pages_0001-0012/images/page_10_image_8.jpg
EN0790,EN,9,英文未逐图审阅,,,,来源/英文教材/07_Control_of_Gene_Expression/chunks/pages_0001-0012/images/page_10_chart_9.jpg
EN0791,EN,9,英文未逐图审阅,,,,来源/英文教材/07_Control_of_Gene_Expression/chunks/pages_0001-0012/images/page_10_chart_12.jpg
EN0792,EN,9,英文未逐图审阅,,,,来源/英文教材/07_Control_of_Gene_Expression/chunks/pages_0001-0012/images/page_11_image_2.jpg
EN0793,EN,9,英文未逐图审阅,,,,来源/英文教材/07_Control_of_Gene_Expression/chunks/pages_0013-0024/images/page_12_image_4.jpg
EN0794,EN,9,英文未逐图审阅,,,,来源/英文教材/07_Control_of_Gene_Expression/chunks/pages_0013-0024/images/page_12_image_10.jpg
EN0795,EN,9,英文未逐图审阅,,,,来源/英文教材/07_Control_of_Gene_Expression/chunks/pages_0013-0024/images/page_12_image_12.jpg
EN0796,EN,9,英文未逐图审阅,,,,来源/英文教材/07_Control_of_Gene_Expression/chunks/pages_0013-0024/images/page_13_image_10.jpg
EN0797,EN,9,英文未逐图审阅,,,,来源/英文教材/07_Control_of_Gene_Expression/chunks/pages_0013-0024/images/page_14_image_2.jpg
EN0798,EN,9,英文未逐图审阅,,,,来源/英文教材/07_Control_of_Gene_Expression/chunks/pages_0013-0024/images/page_15_image_2.jpg
EN0799,EN,9,英文未逐图审阅,,,,来源/英文教材/07_Control_of_Gene_Expression/chunks/pages_0013-0024/images/page_16_image_2.jpg
EN0800,EN,9,英文未逐图审阅,,,,来源/英文教材/07_Control_of_Gene_Expression/chunks/pages_0013-0024/images/page_16_image_6.jpg
EN0801,EN,9,英文未逐图审阅,,,,来源/英文教材/07_Control_of_Gene_Expression/chunks/pages_0013-0024/images/page_18_image_2.jpg
EN0802,EN,9,英文未逐图审阅,,,,来源/英文教材/07_Control_of_Gene_Expression/chunks/pages_0013-0024/images/page_18_image_3.jpg
EN0803,EN,9,英文未逐图审阅,,,,来源/英文教材/07_Control_of_Gene_Expression/chunks/pages_0013-0024/images/page_19_image_2.jpg
EN0804,EN,9,英文未逐图审阅,,,,来源/英文教材/07_Control_of_Gene_Expression/chunks/pages_0013-0024/images/page_20_image_8.jpg
EN0805,EN,9,英文未逐图审阅,,,,来源/英文教材/07_Control_of_Gene_Expression/chunks/pages_0013-0024/images/page_21_image_8.jpg
EN0806,EN,9,英文未逐图审阅,,,,来源/英文教材/07_Control_of_Gene_Expression/chunks/pages_0013-0024/images/page_21_image_12.jpg
EN0807,EN,9,英文未逐图审阅,,,,来源/英文教材/07_Control_of_Gene_Expression/chunks/pages_0013-0024/images/page_22_image_2.jpg
EN0808,EN,9,英文未逐图审阅,,,,来源/英文教材/07_Control_of_Gene_Expression/chunks/pages_0013-0024/images/page_22_chart_7.jpg
EN0809,EN,9,英文未逐图审阅,,,,来源/英文教材/07_Control_of_Gene_Expression/chunks/pages_0013-0024/images/page_23_image_2.jpg
EN0810,EN,9,英文未逐图审阅,,,,来源/英文教材/07_Control_of_Gene_Expression/chunks/pages_0025-0036/images/page_24_image_2.jpg
EN0811,EN,9,英文未逐图审阅,,,,来源/英文教材/07_Control_of_Gene_Expression/chunks/pages_0025-0036/images/page_25_image_2.jpg
EN0812,EN,14,英文未逐图审阅,,,,来源/英文教材/07_Control_of_Gene_Expression/chunks/pages_0025-0036/images/page_27_image_2.jpg
EN0813,EN,14,英文未逐图审阅,,,,来源/英文教材/07_Control_of_Gene_Expression/chunks/pages_0025-0036/images/page_27_image_10.jpg
EN0814,EN,14,英文未逐图审阅,,,,来源/英文教材/07_Control_of_Gene_Expression/chunks/pages_0025-0036/images/page_28_image_2.jpg
EN0815,EN,14,英文未逐图审阅,,,,来源/英文教材/07_Control_of_Gene_Expression/chunks/pages_0025-0036/images/page_28_chart_8.jpg
EN0816,EN,14,英文未逐图审阅,,,,来源/英文教材/07_Control_of_Gene_Expression/chunks/pages_0025-0036/images/page_29_image_2.jpg
EN0817,EN,14,英文未逐图审阅,,,,来源/英文教材/07_Control_of_Gene_Expression/chunks/pages_0025-0036/images/page_29_image_8.jpg
EN0818,EN,14,英文未逐图审阅,,,,来源/英文教材/07_Control_of_Gene_Expression/chunks/pages_0025-0036/images/page_30_image_2.jpg
EN0819,EN,14,英文未逐图审阅,,,,来源/英文教材/07_Control_of_Gene_Expression/chunks/pages_0025-0036/images/page_30_image_6.jpg
EN0820,EN,14,英文未逐图审阅,,,,来源/英文教材/07_Control_of_Gene_Expression/chunks/pages_0025-0036/images/page_31_image_2.jpg
EN0821,EN,14,英文未逐图审阅,,,,来源/英文教材/07_Control_of_Gene_Expression/chunks/pages_0025-0036/images/page_31_image_5.jpg
EN0822,EN,14,英文未逐图审阅,,,,来源/英文教材/07_Control_of_Gene_Expression/chunks/pages_0025-0036/images/page_32_image_2.jpg
EN0823,EN,14,英文未逐图审阅,,,,来源/英文教材/07_Control_of_Gene_Expression/chunks/pages_0025-0036/images/page_32_image_3.jpg
EN0824,EN,14,英文未逐图审阅,,,,来源/英文教材/07_Control_of_Gene_Expression/chunks/pages_0025-0036/images/page_32_image_8.jpg
EN0825,EN,14,英文未逐图审阅,,,,来源/英文教材/07_Control_of_Gene_Expression/chunks/pages_0025-0036/images/page_33_image_2.jpg
EN0826,EN,14,英文未逐图审阅,,,,来源/英文教材/07_Control_of_Gene_Expression/chunks/pages_0025-0036/images/page_34_image_2.jpg
EN0827,EN,14,英文未逐图审阅,,,,来源/英文教材/07_Control_of_Gene_Expression/chunks/pages_0025-0036/images/page_35_image_2.jpg
EN0828,EN,14,英文未逐图审阅,,,,来源/英文教材/07_Control_of_Gene_Expression/chunks/pages_0037-0048/images/page_36_image_2.jpg
EN0829,EN,14,英文未逐图审阅,,,,来源/英文教材/07_Control_of_Gene_Expression/chunks/pages_0037-0048/images/page_36_image_9.jpg
EN0830,EN,14,英文未逐图审阅,,,,来源/英文教材/07_Control_of_Gene_Expression/chunks/pages_0037-0048/images/page_36_image_11.jpg
EN0831,EN,14,英文未逐图审阅,,,,来源/英文教材/07_Control_of_Gene_Expression/chunks/pages_0037-0048/images/page_36_image_13.jpg
EN0832,EN,14,英文未逐图审阅,,,,来源/英文教材/07_Control_of_Gene_Expression/chunks/pages_0037-0048/images/page_36_image_14.jpg
EN0833,EN,14,英文未逐图审阅,,,,来源/英文教材/07_Control_of_Gene_Expression/chunks/pages_0037-0048/images/page_36_image_15.jpg
EN0834,EN,14,英文未逐图审阅,,,,来源/英文教材/07_Control_of_Gene_Expression/chunks/pages_0037-0048/images/page_37_image_2.jpg
EN0835,EN,14,英文未逐图审阅,,,,来源/英文教材/07_Control_of_Gene_Expression/chunks/pages_0037-0048/images/page_38_image_3.jpg
EN0836,EN,9,英文未逐图审阅,,,,来源/英文教材/07_Control_of_Gene_Expression/chunks/pages_0037-0048/images/page_38_image_11.jpg
EN0837,EN,9,英文未逐图审阅,,,,来源/英文教材/07_Control_of_Gene_Expression/chunks/pages_0037-0048/images/page_40_image_2.jpg
EN0838,EN,9,英文未逐图审阅,,,,来源/英文教材/07_Control_of_Gene_Expression/chunks/pages_0037-0048/images/page_40_image_4.jpg
EN0839,EN,9,英文未逐图审阅,,,,来源/英文教材/07_Control_of_Gene_Expression/chunks/pages_0037-0048/images/page_41_image_5.jpg
EN0840,EN,9,英文未逐图审阅,,,,来源/英文教材/07_Control_of_Gene_Expression/chunks/pages_0037-0048/images/page_42_image_2.jpg
EN0841,EN,9,英文未逐图审阅,,,,来源/英文教材/07_Control_of_Gene_Expression/chunks/pages_0037-0048/images/page_43_image_3.jpg
EN0842,EN,9,英文未逐图审阅,,,,来源/英文教材/07_Control_of_Gene_Expression/chunks/pages_0037-0048/images/page_43_image_5.jpg
EN0843,EN,9,英文未逐图审阅,,,,来源/英文教材/07_Control_of_Gene_Expression/chunks/pages_0037-0048/images/page_43_image_6.jpg
EN0844,EN,9,英文未逐图审阅,,,,来源/英文教材/07_Control_of_Gene_Expression/chunks/pages_0037-0048/images/page_43_image_7.jpg
EN0845,EN,9,英文未逐图审阅,,,,来源/英文教材/07_Control_of_Gene_Expression/chunks/pages_0037-0048/images/page_44_image_3.jpg
EN0846,EN,9,英文未逐图审阅,,,,来源/英文教材/07_Control_of_Gene_Expression/chunks/pages_0037-0048/images/page_44_image_5.jpg
EN0847,EN,9,英文未逐图审阅,,,,来源/英文教材/07_Control_of_Gene_Expression/chunks/pages_0037-0048/images/page_45_image_9.jpg
EN0848,EN,9,英文未逐图审阅,,,,来源/英文教材/07_Control_of_Gene_Expression/chunks/pages_0037-0048/images/page_46_image_2.jpg
EN0849,EN,9,英文未逐图审阅,,,,来源/英文教材/07_Control_of_Gene_Expression/chunks/pages_0037-0048/images/page_47_image_5.jpg
EN0850,EN,9,英文未逐图审阅,,,,来源/英文教材/07_Control_of_Gene_Expression/chunks/pages_0049-0060/images/page_48_image_9.jpg
EN0851,EN,9,英文未逐图审阅,,,,来源/英文教材/07_Control_of_Gene_Expression/chunks/pages_0049-0060/images/page_49_image_2.jpg
EN0852,EN,9,英文未逐图审阅,,,,来源/英文教材/07_Control_of_Gene_Expression/chunks/pages_0049-0060/images/page_49_image_4.jpg
EN0853,EN,9,英文未逐图审阅,,,,来源/英文教材/07_Control_of_Gene_Expression/chunks/pages_0049-0060/images/page_50_image_7.jpg
EN0854,EN,9,英文未逐图审阅,,,,来源/英文教材/07_Control_of_Gene_Expression/chunks/pages_0049-0060/images/page_51_image_2.jpg
EN0855,EN,9,英文未逐图审阅,,,,来源/英文教材/07_Control_of_Gene_Expression/chunks/pages_0049-0060/images/page_53_image_2.jpg
EN0856,EN,9,英文未逐图审阅,,,,来源/英文教材/07_Control_of_Gene_Expression/chunks/pages_0049-0060/images/page_53_image_4.jpg
EN0857,EN,9,英文未逐图审阅,,,,来源/英文教材/07_Control_of_Gene_Expression/chunks/pages_0049-0060/images/page_53_image_12.jpg
EN0858,EN,9,英文未逐图审阅,,,,来源/英文教材/07_Control_of_Gene_Expression/chunks/pages_0049-0060/images/page_54_image_8.jpg
EN0859,EN,9,英文未逐图审阅,,,,来源/英文教材/07_Control_of_Gene_Expression/chunks/pages_0049-0060/images/page_54_image_9.jpg
EN0860,EN,9,英文未逐图审阅,,,,来源/英文教材/07_Control_of_Gene_Expression/chunks/pages_0049-0060/images/page_55_image_2.jpg
EN0861,EN,9,英文未逐图审阅,,,,来源/英文教材/07_Control_of_Gene_Expression/chunks/pages_0049-0060/images/page_56_image_2.jpg
EN0862,EN,9,英文未逐图审阅,,,,来源/英文教材/07_Control_of_Gene_Expression/chunks/pages_0049-0060/images/page_57_image_3.jpg
EN0863,EN,9,英文未逐图审阅,,,,来源/英文教材/07_Control_of_Gene_Expression/chunks/pages_0049-0060/images/page_57_image_6.jpg
EN0864,EN,9,英文未逐图审阅,,,,来源/英文教材/07_Control_of_Gene_Expression/chunks/pages_0049-0060/images/page_58_image_4.jpg
EN0865,EN,9,英文未逐图审阅,,,,来源/英文教材/07_Control_of_Gene_Expression/chunks/pages_0049-0060/images/page_58_image_9.jpg
EN0866,EN,9,英文未逐图审阅,,,,来源/英文教材/07_Control_of_Gene_Expression/chunks/pages_0049-0060/images/page_59_image_0.jpg
EN0867,EN,10,英文未逐图审阅,,,,来源/英文教材/07_Control_of_Gene_Expression/chunks/pages_0049-0060/images/page_59_image_8.jpg
EN0868,EN,10,英文未逐图审阅,,,,来源/英文教材/07_Control_of_Gene_Expression/chunks/pages_0049-0060/images/page_59_image_9.jpg
EN0869,EN,10,英文未逐图审阅,,,,来源/英文教材/07_Control_of_Gene_Expression/chunks/pages_0049-0060/images/page_59_image_10.jpg
EN0870,EN,10,英文未逐图审阅,,,,来源/英文教材/07_Control_of_Gene_Expression/chunks/pages_0049-0060/images/page_59_image_12.jpg
EN0871,EN,10,英文未逐图审阅,,,,来源/英文教材/07_Control_of_Gene_Expression/chunks/pages_0061-0072/images/page_60_image_8.jpg
EN0872,EN,10,英文未逐图审阅,,,,来源/英文教材/07_Control_of_Gene_Expression/chunks/pages_0061-0072/images/page_62_image_2.jpg
EN0873,EN,10,英文未逐图审阅,,,,来源/英文教材/07_Control_of_Gene_Expression/chunks/pages_0061-0072/images/page_63_image_2.jpg
EN0874,EN,10,英文未逐图审阅,,,,来源/英文教材/07_Control_of_Gene_Expression/chunks/pages_0061-0072/images/page_63_image_7.jpg
EN0875,EN,10,英文未逐图审阅,,,,来源/英文教材/07_Control_of_Gene_Expression/chunks/pages_0061-0072/images/page_64_image_2.jpg
EN0876,EN,10,英文未逐图审阅,,,,来源/英文教材/07_Control_of_Gene_Expression/chunks/pages_0061-0072/images/page_64_image_8.jpg
EN0877,EN,9,英文未逐图审阅,,,,来源/英文教材/07_Control_of_Gene_Expression/chunks/pages_0061-0072/images/page_65_image_8.jpg
EN0878,EN,9,英文未逐图审阅,,,,来源/英文教材/07_Control_of_Gene_Expression/chunks/pages_0061-0072/images/page_66_image_2.jpg
EN0879,EN,9,英文未逐图审阅,,,,来源/英文教材/07_Control_of_Gene_Expression/chunks/pages_0061-0072/images/page_67_chart_2.jpg
EN0880,EN,9,英文未逐图审阅,,,,来源/英文教材/07_Control_of_Gene_Expression/chunks/pages_0061-0072/images/page_69_image_2.jpg
EN0881,EN,9,英文未逐图审阅,,,,来源/英文教材/07_Control_of_Gene_Expression/chunks/pages_0073-0078/images/page_72_image_2.jpg
EN0882,EN,9,英文未逐图审阅,,,,来源/英文教材/07_Control_of_Gene_Expression/chunks/pages_0073-0078/images/page_73_image_2.jpg
EN0883,EN,9,英文未逐图审阅,,,,来源/英文教材/07_Control_of_Gene_Expression/chunks/pages_0073-0078/images/page_75_image_21.jpg
EN0884,EN,9,英文未逐图审阅,,,,来源/英文教材/07_Control_of_Gene_Expression/chunks/pages_0073-0078/images/page_76_image_4.jpg
EN0885,EN,9,英文未逐图审阅,,,,来源/英文教材/07_Control_of_Gene_Expression/chunks/pages_0073-0078/images/page_76_image_5.jpg
EN0886,EN,9,英文未逐图审阅,,,,来源/英文教材/07_Control_of_Gene_Expression/chunks/pages_0073-0078/images/page_76_image_15.jpg
EN0887,EN,2,英文未逐图审阅,,,,来源/英文教材/08_Analyzing_Cells_Molecules_and_Systems/chunks/pages_0001-0012/images/page_0_image_7.jpg
EN0888,EN,2,英文未逐图审阅,,,,来源/英文教材/08_Analyzing_Cells_Molecules_and_Systems/chunks/pages_0001-0012/images/page_1_image_10.jpg
EN0889,EN,2,英文未逐图审阅,,,,来源/英文教材/08_Analyzing_Cells_Molecules_and_Systems/chunks/pages_0001-0012/images/page_2_image_2.jpg
EN0890,EN,2,英文未逐图审阅,,,,来源/英文教材/08_Analyzing_Cells_Molecules_and_Systems/chunks/pages_0001-0012/images/page_2_image_4.jpg
EN0891,EN,2,英文未逐图审阅,,,,来源/英文教材/08_Analyzing_Cells_Molecules_and_Systems/chunks/pages_0001-0012/images/page_2_image_6.jpg
EN0892,EN,2,英文未逐图审阅,,,,来源/英文教材/08_Analyzing_Cells_Molecules_and_Systems/chunks/pages_0001-0012/images/page_2_image_15.jpg
EN0893,EN,2,英文未逐图审阅,,,,来源/英文教材/08_Analyzing_Cells_Molecules_and_Systems/chunks/pages_0001-0012/images/page_4_image_2.jpg
EN0894,EN,2,英文未逐图审阅,,,,来源/英文教材/08_Analyzing_Cells_Molecules_and_Systems/chunks/pages_0001-0012/images/page_6_image_4.jpg
EN0895,EN,2,英文未逐图审阅,,,,来源/英文教材/08_Analyzing_Cells_Molecules_and_Systems/chunks/pages_0001-0012/images/page_6_image_9.jpg
EN0896,EN,2,英文未逐图审阅,,,,来源/英文教材/08_Analyzing_Cells_Molecules_and_Systems/chunks/pages_0001-0012/images/page_6_image_10.jpg
EN0897,EN,2,英文未逐图审阅,,,,来源/英文教材/08_Analyzing_Cells_Molecules_and_Systems/chunks/pages_0001-0012/images/page_6_image_14.jpg
EN0898,EN,2,英文未逐图审阅,,,,来源/英文教材/08_Analyzing_Cells_Molecules_and_Systems/chunks/pages_0001-0012/images/page_6_image_17.jpg
EN0899,EN,2,英文未逐图审阅,,,,来源/英文教材/08_Analyzing_Cells_Molecules_and_Systems/chunks/pages_0001-0012/images/page_6_image_20.jpg
EN0900,EN,2,英文未逐图审阅,,,,来源/英文教材/08_Analyzing_Cells_Molecules_and_Systems/chunks/pages_0001-0012/images/page_7_image_4.jpg
EN0901,EN,2,英文未逐图审阅,,,,来源/英文教材/08_Analyzing_Cells_Molecules_and_Systems/chunks/pages_0001-0012/images/page_8_image_2.jpg
EN0902,EN,2,英文未逐图审阅,,,,来源/英文教材/08_Analyzing_Cells_Molecules_and_Systems/chunks/pages_0001-0012/images/page_8_image_3.jpg
EN0903,EN,2,英文未逐图审阅,,,,来源/英文教材/08_Analyzing_Cells_Molecules_and_Systems/chunks/pages_0001-0012/images/page_8_image_10.jpg
EN0904,EN,2,英文未逐图审阅,,,,来源/英文教材/08_Analyzing_Cells_Molecules_and_Systems/chunks/pages_0001-0012/images/page_9_image_2.jpg
EN0905,EN,2,英文未逐图审阅,,,,来源/英文教材/08_Analyzing_Cells_Molecules_and_Systems/chunks/pages_0001-0012/images/page_10_chart_3.jpg
EN0906,EN,2,英文未逐图审阅,,,,来源/英文教材/08_Analyzing_Cells_Molecules_and_Systems/chunks/pages_0001-0012/images/page_10_chart_5.jpg
EN0907,EN,2,英文未逐图审阅,,,,来源/英文教材/08_Analyzing_Cells_Molecules_and_Systems/chunks/pages_0001-0012/images/page_10_chart_7.jpg
EN0908,EN,2,英文未逐图审阅,,,,来源/英文教材/08_Analyzing_Cells_Molecules_and_Systems/chunks/pages_0001-0012/images/page_11_image_4.jpg
EN0909,EN,2,英文未逐图审阅,,,,来源/英文教材/08_Analyzing_Cells_Molecules_and_Systems/chunks/pages_0013-0024/images/page_12_image_10.jpg
EN0910,EN,2,英文未逐图审阅,,,,来源/英文教材/08_Analyzing_Cells_Molecules_and_Systems/chunks/pages_0013-0024/images/page_13_image_5.jpg
EN0911,EN,2,英文未逐图审阅,,,,来源/英文教材/08_Analyzing_Cells_Molecules_and_Systems/chunks/pages_0013-0024/images/page_13_image_8.jpg
EN0912,EN,2,英文未逐图审阅,,,,来源/英文教材/08_Analyzing_Cells_Molecules_and_Systems/chunks/pages_0013-0024/images/page_14_image_6.jpg
EN0913,EN,2,英文未逐图审阅,,,,来源/英文教材/08_Analyzing_Cells_Molecules_and_Systems/chunks/pages_0013-0024/images/page_14_image_9.jpg
EN0914,EN,2,英文未逐图审阅,,,,来源/英文教材/08_Analyzing_Cells_Molecules_and_Systems/chunks/pages_0013-0024/images/page_15_image_2.jpg
EN0915,EN,2,英文未逐图审阅,,,,来源/英文教材/08_Analyzing_Cells_Molecules_and_Systems/chunks/pages_0013-0024/images/page_15_image_9.jpg
EN0916,EN,2,英文未逐图审阅,,,,来源/英文教材/08_Analyzing_Cells_Molecules_and_Systems/chunks/pages_0013-0024/images/page_17_chart_2.jpg
EN0917,EN,2,英文未逐图审阅,,,,来源/英文教材/08_Analyzing_Cells_Molecules_and_Systems/chunks/pages_0013-0024/images/page_17_chart_3.jpg
EN0918,EN,2,英文未逐图审阅,,,,来源/英文教材/08_Analyzing_Cells_Molecules_and_Systems/chunks/pages_0013-0024/images/page_17_chart_4.jpg
EN0919,EN,2,英文未逐图审阅,,,,来源/英文教材/08_Analyzing_Cells_Molecules_and_Systems/chunks/pages_0013-0024/images/page_17_chart_5.jpg
EN0920,EN,2,英文未逐图审阅,,,,来源/英文教材/08_Analyzing_Cells_Molecules_and_Systems/chunks/pages_0013-0024/images/page_19_image_2.jpg
EN0921,EN,2,英文未逐图审阅,,,,来源/英文教材/08_Analyzing_Cells_Molecules_and_Systems/chunks/pages_0013-0024/images/page_19_chart_3.jpg
EN0922,EN,2,英文未逐图审阅,,,,来源/英文教材/08_Analyzing_Cells_Molecules_and_Systems/chunks/pages_0013-0024/images/page_20_image_0.jpg
EN0923,EN,2,英文未逐图审阅,,,,来源/英文教材/08_Analyzing_Cells_Molecules_and_Systems/chunks/pages_0013-0024/images/page_20_image_3.jpg
EN0924,EN,2,英文未逐图审阅,,,,来源/英文教材/08_Analyzing_Cells_Molecules_and_Systems/chunks/pages_0013-0024/images/page_21_image_7.jpg
EN0925,EN,2,英文未逐图审阅,,,,来源/英文教材/08_Analyzing_Cells_Molecules_and_Systems/chunks/pages_0013-0024/images/page_21_image_8.jpg
EN0926,EN,2,英文未逐图审阅,,,,来源/英文教材/08_Analyzing_Cells_Molecules_and_Systems/chunks/pages_0025-0036/images/page_24_image_8.jpg
EN0927,EN,2,英文未逐图审阅,,,,来源/英文教材/08_Analyzing_Cells_Molecules_and_Systems/chunks/pages_0025-0036/images/page_25_image_0.jpg
EN0928,EN,2,英文未逐图审阅,,,,来源/英文教材/08_Analyzing_Cells_Molecules_and_Systems/chunks/pages_0025-0036/images/page_25_image_7.jpg
EN0929,EN,2,英文未逐图审阅,,,,来源/英文教材/08_Analyzing_Cells_Molecules_and_Systems/chunks/pages_0025-0036/images/page_25_image_8.jpg
EN0930,EN,2,英文未逐图审阅,,,,来源/英文教材/08_Analyzing_Cells_Molecules_and_Systems/chunks/pages_0025-0036/images/page_26_image_9.jpg
EN0931,EN,2,英文未逐图审阅,,,,来源/英文教材/08_Analyzing_Cells_Molecules_and_Systems/chunks/pages_0025-0036/images/page_26_image_12.jpg
EN0932,EN,2,英文未逐图审阅,,,,来源/英文教材/08_Analyzing_Cells_Molecules_and_Systems/chunks/pages_0025-0036/images/page_27_image_2.jpg
EN0933,EN,2,英文未逐图审阅,,,,来源/英文教材/08_Analyzing_Cells_Molecules_and_Systems/chunks/pages_0025-0036/images/page_27_image_6.jpg
EN0934,EN,2,英文未逐图审阅,,,,来源/英文教材/08_Analyzing_Cells_Molecules_and_Systems/chunks/pages_0025-0036/images/page_27_image_7.jpg
EN0935,EN,2,英文未逐图审阅,,,,来源/英文教材/08_Analyzing_Cells_Molecules_and_Systems/chunks/pages_0025-0036/images/page_28_image_2.jpg
EN0936,EN,2,英文未逐图审阅,,,,来源/英文教材/08_Analyzing_Cells_Molecules_and_Systems/chunks/pages_0025-0036/images/page_28_image_10.jpg
EN0937,EN,2,英文未逐图审阅,,,,来源/英文教材/08_Analyzing_Cells_Molecules_and_Systems/chunks/pages_0025-0036/images/page_28_image_13.jpg
EN0938,EN,2,英文未逐图审阅,,,,来源/英文教材/08_Analyzing_Cells_Molecules_and_Systems/chunks/pages_0025-0036/images/page_28_image_15.jpg
EN0939,EN,2,英文未逐图审阅,,,,来源/英文教材/08_Analyzing_Cells_Molecules_and_Systems/chunks/pages_0025-0036/images/page_28_image_18.jpg
EN0940,EN,2,英文未逐图审阅,,,,来源/英文教材/08_Analyzing_Cells_Molecules_and_Systems/chunks/pages_0025-0036/images/page_29_chart_2.jpg
EN0941,EN,2,英文未逐图审阅,,,,来源/英文教材/08_Analyzing_Cells_Molecules_and_Systems/chunks/pages_0025-0036/images/page_30_image_2.jpg
EN0942,EN,2,英文未逐图审阅,,,,来源/英文教材/08_Analyzing_Cells_Molecules_and_Systems/chunks/pages_0025-0036/images/page_30_image_8.jpg
EN0943,EN,2,英文未逐图审阅,,,,来源/英文教材/08_Analyzing_Cells_Molecules_and_Systems/chunks/pages_0025-0036/images/page_31_image_8.jpg
EN0944,EN,2,英文未逐图审阅,,,,来源/英文教材/08_Analyzing_Cells_Molecules_and_Systems/chunks/pages_0025-0036/images/page_32_image_2.jpg
EN0945,EN,2,英文未逐图审阅,,,,来源/英文教材/08_Analyzing_Cells_Molecules_and_Systems/chunks/pages_0025-0036/images/page_33_image_2.jpg
EN0946,EN,2,英文未逐图审阅,,,,来源/英文教材/08_Analyzing_Cells_Molecules_and_Systems/chunks/pages_0025-0036/images/page_33_image_6.jpg
EN0947,EN,2,英文未逐图审阅,,,,来源/英文教材/08_Analyzing_Cells_Molecules_and_Systems/chunks/pages_0025-0036/images/page_34_image_3.jpg
EN0948,EN,2,英文未逐图审阅,,,,来源/英文教材/08_Analyzing_Cells_Molecules_and_Systems/chunks/pages_0025-0036/images/page_34_image_4.jpg
EN0949,EN,2,英文未逐图审阅,,,,来源/英文教材/08_Analyzing_Cells_Molecules_and_Systems/chunks/pages_0025-0036/images/page_35_image_7.jpg
EN0950,EN,2,英文未逐图审阅,,,,来源/英文教材/08_Analyzing_Cells_Molecules_and_Systems/chunks/pages_0037-0048/images/page_36_image_7.jpg
EN0951,EN,2,英文未逐图审阅,,,,来源/英文教材/08_Analyzing_Cells_Molecules_and_Systems/chunks/pages_0037-0048/images/page_37_image_6.jpg
EN0952,EN,2,英文未逐图审阅,,,,来源/英文教材/08_Analyzing_Cells_Molecules_and_Systems/chunks/pages_0037-0048/images/page_37_image_9.jpg
EN0953,EN,2,英文未逐图审阅,,,,来源/英文教材/08_Analyzing_Cells_Molecules_and_Systems/chunks/pages_0037-0048/images/page_38_image_2.jpg
EN0954,EN,2,英文未逐图审阅,,,,来源/英文教材/08_Analyzing_Cells_Molecules_and_Systems/chunks/pages_0037-0048/images/page_38_image_5.jpg
EN0955,EN,2,英文未逐图审阅,,,,来源/英文教材/08_Analyzing_Cells_Molecules_and_Systems/chunks/pages_0037-0048/images/page_40_image_3.jpg
EN0956,EN,2,英文未逐图审阅,,,,来源/英文教材/08_Analyzing_Cells_Molecules_and_Systems/chunks/pages_0037-0048/images/page_40_image_8.jpg
EN0957,EN,2,英文未逐图审阅,,,,来源/英文教材/08_Analyzing_Cells_Molecules_and_Systems/chunks/pages_0037-0048/images/page_41_image_2.jpg
EN0958,EN,2,英文未逐图审阅,,,,来源/英文教材/08_Analyzing_Cells_Molecules_and_Systems/chunks/pages_0037-0048/images/page_42_image_2.jpg
EN0959,EN,2,英文未逐图审阅,,,,来源/英文教材/08_Analyzing_Cells_Molecules_and_Systems/chunks/pages_0037-0048/images/page_42_image_3.jpg
EN0960,EN,2,英文未逐图审阅,,,,来源/英文教材/08_Analyzing_Cells_Molecules_and_Systems/chunks/pages_0037-0048/images/page_44_image_9.jpg
EN0961,EN,2,英文未逐图审阅,,,,来源/英文教材/08_Analyzing_Cells_Molecules_and_Systems/chunks/pages_0037-0048/images/page_45_image_4.jpg
EN0962,EN,2,英文未逐图审阅,,,,来源/英文教材/08_Analyzing_Cells_Molecules_and_Systems/chunks/pages_0037-0048/images/page_45_image_7.jpg
EN0963,EN,2,英文未逐图审阅,,,,来源/英文教材/08_Analyzing_Cells_Molecules_and_Systems/chunks/pages_0037-0048/images/page_45_image_13.jpg
EN0964,EN,2,英文未逐图审阅,,,,来源/英文教材/08_Analyzing_Cells_Molecules_and_Systems/chunks/pages_0037-0048/images/page_45_image_15.jpg
EN0965,EN,2,英文未逐图审阅,,,,来源/英文教材/08_Analyzing_Cells_Molecules_and_Systems/chunks/pages_0037-0048/images/page_45_image_16.jpg
EN0966,EN,2,英文未逐图审阅,,,,来源/英文教材/08_Analyzing_Cells_Molecules_and_Systems/chunks/pages_0037-0048/images/page_46_image_2.jpg
EN0967,EN,2,英文未逐图审阅,,,,来源/英文教材/08_Analyzing_Cells_Molecules_and_Systems/chunks/pages_0037-0048/images/page_46_image_4.jpg
EN0968,EN,2,英文未逐图审阅,,,,来源/英文教材/08_Analyzing_Cells_Molecules_and_Systems/chunks/pages_0037-0048/images/page_46_image_12.jpg
EN0969,EN,2,英文未逐图审阅,,,,来源/英文教材/08_Analyzing_Cells_Molecules_and_Systems/chunks/pages_0037-0048/images/page_46_image_14.jpg
EN0970,EN,2,英文未逐图审阅,,,,来源/英文教材/08_Analyzing_Cells_Molecules_and_Systems/chunks/pages_0037-0048/images/page_46_image_16.jpg
EN0971,EN,2,英文未逐图审阅,,,,来源/英文教材/08_Analyzing_Cells_Molecules_and_Systems/chunks/pages_0037-0048/images/page_46_image_22.jpg
EN0972,EN,2,英文未逐图审阅,,,,来源/英文教材/08_Analyzing_Cells_Molecules_and_Systems/chunks/pages_0037-0048/images/page_47_image_2.jpg
EN0973,EN,2,英文未逐图审阅,,,,来源/英文教材/08_Analyzing_Cells_Molecules_and_Systems/chunks/pages_0037-0048/images/page_47_image_11.jpg
EN0974,EN,2,英文未逐图审阅,,,,来源/英文教材/08_Analyzing_Cells_Molecules_and_Systems/chunks/pages_0049-0060/images/page_48_image_8.jpg
EN0975,EN,2,英文未逐图审阅,,,,来源/英文教材/08_Analyzing_Cells_Molecules_and_Systems/chunks/pages_0049-0060/images/page_49_image_2.jpg
EN0976,EN,2,英文未逐图审阅,,,,来源/英文教材/08_Analyzing_Cells_Molecules_and_Systems/chunks/pages_0049-0060/images/page_50_image_8.jpg
EN0977,EN,2,英文未逐图审阅,,,,来源/英文教材/08_Analyzing_Cells_Molecules_and_Systems/chunks/pages_0049-0060/images/page_51_image_7.jpg
EN0978,EN,2,英文未逐图审阅,,,,来源/英文教材/08_Analyzing_Cells_Molecules_and_Systems/chunks/pages_0049-0060/images/page_53_image_2.jpg
EN0979,EN,2,英文未逐图审阅,,,,来源/英文教材/08_Analyzing_Cells_Molecules_and_Systems/chunks/pages_0049-0060/images/page_54_image_2.jpg
EN0980,EN,2,英文未逐图审阅,,,,来源/英文教材/08_Analyzing_Cells_Molecules_and_Systems/chunks/pages_0049-0060/images/page_55_image_2.jpg
EN0981,EN,2,英文未逐图审阅,,,,来源/英文教材/08_Analyzing_Cells_Molecules_and_Systems/chunks/pages_0049-0060/images/page_56_image_2.jpg
EN0982,EN,2,英文未逐图审阅,,,,来源/英文教材/08_Analyzing_Cells_Molecules_and_Systems/chunks/pages_0049-0060/images/page_56_image_3.jpg
EN0983,EN,2,英文未逐图审阅,,,,来源/英文教材/08_Analyzing_Cells_Molecules_and_Systems/chunks/pages_0049-0060/images/page_56_image_4.jpg
EN0984,EN,2,英文未逐图审阅,,,,来源/英文教材/08_Analyzing_Cells_Molecules_and_Systems/chunks/pages_0049-0060/images/page_56_image_5.jpg
EN0985,EN,2,英文未逐图审阅,,,,来源/英文教材/08_Analyzing_Cells_Molecules_and_Systems/chunks/pages_0049-0060/images/page_57_image_2.jpg
EN0986,EN,2,英文未逐图审阅,,,,来源/英文教材/08_Analyzing_Cells_Molecules_and_Systems/chunks/pages_0049-0060/images/page_57_image_10.jpg
EN0987,EN,2,英文未逐图审阅,,,,来源/英文教材/08_Analyzing_Cells_Molecules_and_Systems/chunks/pages_0049-0060/images/page_58_image_9.jpg
EN0988,EN,2,英文未逐图审阅,,,,来源/英文教材/08_Analyzing_Cells_Molecules_and_Systems/chunks/pages_0049-0060/images/page_58_image_11.jpg
EN0989,EN,2,英文未逐图审阅,,,,来源/英文教材/08_Analyzing_Cells_Molecules_and_Systems/chunks/pages_0049-0060/images/page_58_image_12.jpg
EN0990,EN,2,英文未逐图审阅,,,,来源/英文教材/08_Analyzing_Cells_Molecules_and_Systems/chunks/pages_0049-0060/images/page_59_image_2.jpg
EN0991,EN,2,英文未逐图审阅,,,,来源/英文教材/08_Analyzing_Cells_Molecules_and_Systems/chunks/pages_0061-0072/images/page_60_image_3.jpg
EN0992,EN,2,英文未逐图审阅,,,,来源/英文教材/08_Analyzing_Cells_Molecules_and_Systems/chunks/pages_0061-0072/images/page_60_image_5.jpg
EN0993,EN,2,英文未逐图审阅,,,,来源/英文教材/08_Analyzing_Cells_Molecules_and_Systems/chunks/pages_0061-0072/images/page_60_image_11.jpg
EN0994,EN,2,英文未逐图审阅,,,,来源/英文教材/08_Analyzing_Cells_Molecules_and_Systems/chunks/pages_0061-0072/images/page_61_image_5.jpg
EN0995,EN,2,英文未逐图审阅,,,,来源/英文教材/08_Analyzing_Cells_Molecules_and_Systems/chunks/pages_0061-0072/images/page_62_image_2.jpg
EN0996,EN,2,英文未逐图审阅,,,,来源/英文教材/08_Analyzing_Cells_Molecules_and_Systems/chunks/pages_0061-0072/images/page_62_image_6.jpg
EN0997,EN,2,英文未逐图审阅,,,,来源/英文教材/08_Analyzing_Cells_Molecules_and_Systems/chunks/pages_0061-0072/images/page_63_image_9.jpg
EN0998,EN,2,英文未逐图审阅,,,,来源/英文教材/08_Analyzing_Cells_Molecules_and_Systems/chunks/pages_0061-0072/images/page_64_chart_2.jpg
EN0999,EN,2,英文未逐图审阅,,,,来源/英文教材/08_Analyzing_Cells_Molecules_and_Systems/chunks/pages_0061-0072/images/page_65_image_2.jpg
EN1000,EN,2,英文未逐图审阅,,,,来源/英文教材/08_Analyzing_Cells_Molecules_and_Systems/chunks/pages_0061-0072/images/page_65_chart_8.jpg
EN1001,EN,2,英文未逐图审阅,,,,来源/英文教材/08_Analyzing_Cells_Molecules_and_Systems/chunks/pages_0061-0072/images/page_66_image_2.jpg
EN1002,EN,2,英文未逐图审阅,,,,来源/英文教材/08_Analyzing_Cells_Molecules_and_Systems/chunks/pages_0061-0072/images/page_66_image_6.jpg
EN1003,EN,2,英文未逐图审阅,,,,来源/英文教材/08_Analyzing_Cells_Molecules_and_Systems/chunks/pages_0061-0072/images/page_66_image_8.jpg
EN1004,EN,2,英文未逐图审阅,,,,来源/英文教材/08_Analyzing_Cells_Molecules_and_Systems/chunks/pages_0061-0072/images/page_66_image_10.jpg
EN1005,EN,2,英文未逐图审阅,,,,来源/英文教材/08_Analyzing_Cells_Molecules_and_Systems/chunks/pages_0061-0072/images/page_68_image_3.jpg
EN1006,EN,2,英文未逐图审阅,,,,来源/英文教材/08_Analyzing_Cells_Molecules_and_Systems/chunks/pages_0061-0072/images/page_69_image_2.jpg
EN1007,EN,2,英文未逐图审阅,,,,来源/英文教材/08_Analyzing_Cells_Molecules_and_Systems/chunks/pages_0061-0072/images/page_69_image_3.jpg
EN1008,EN,2,英文未逐图审阅,,,,来源/英文教材/08_Analyzing_Cells_Molecules_and_Systems/chunks/pages_0061-0072/images/page_71_image_2.jpg
EN1009,EN,2,英文未逐图审阅,,,,来源/英文教材/08_Analyzing_Cells_Molecules_and_Systems/chunks/pages_0061-0072/images/page_71_chart_3.jpg
EN1010,EN,2,英文未逐图审阅,,,,来源/英文教材/08_Analyzing_Cells_Molecules_and_Systems/chunks/pages_0073-0084/images/page_72_chart_3.jpg
EN1011,EN,2,英文未逐图审阅,,,,来源/英文教材/08_Analyzing_Cells_Molecules_and_Systems/chunks/pages_0073-0084/images/page_73_chart_7.jpg
EN1012,EN,2,英文未逐图审阅,,,,来源/英文教材/08_Analyzing_Cells_Molecules_and_Systems/chunks/pages_0073-0084/images/page_73_chart_8.jpg
EN1013,EN,2,英文未逐图审阅,,,,来源/英文教材/08_Analyzing_Cells_Molecules_and_Systems/chunks/pages_0073-0084/images/page_74_image_8.jpg
EN1014,EN,2,英文未逐图审阅,,,,来源/英文教材/08_Analyzing_Cells_Molecules_and_Systems/chunks/pages_0073-0084/images/page_74_image_13.jpg
EN1015,EN,2,英文未逐图审阅,,,,来源/英文教材/08_Analyzing_Cells_Molecules_and_Systems/chunks/pages_0073-0084/images/page_74_chart_15.jpg
EN1016,EN,2,英文未逐图审阅,,,,来源/英文教材/08_Analyzing_Cells_Molecules_and_Systems/chunks/pages_0073-0084/images/page_75_chart_2.jpg
EN1017,EN,2,英文未逐图审阅,,,,来源/英文教材/08_Analyzing_Cells_Molecules_and_Systems/chunks/pages_0073-0084/images/page_75_chart_3.jpg
EN1018,EN,2,英文未逐图审阅,,,,来源/英文教材/08_Analyzing_Cells_Molecules_and_Systems/chunks/pages_0073-0084/images/page_75_image_7.jpg
EN1019,EN,2,英文未逐图审阅,,,,来源/英文教材/08_Analyzing_Cells_Molecules_and_Systems/chunks/pages_0073-0084/images/page_75_image_8.jpg
EN1020,EN,2,英文未逐图审阅,,,,来源/英文教材/08_Analyzing_Cells_Molecules_and_Systems/chunks/pages_0073-0084/images/page_75_image_9.jpg
EN1021,EN,2,英文未逐图审阅,,,,来源/英文教材/08_Analyzing_Cells_Molecules_and_Systems/chunks/pages_0073-0084/images/page_75_chart_11.jpg
EN1022,EN,2,英文未逐图审阅,,,,来源/英文教材/08_Analyzing_Cells_Molecules_and_Systems/chunks/pages_0073-0084/images/page_76_chart_5.jpg
EN1023,EN,2,英文未逐图审阅,,,,来源/英文教材/08_Analyzing_Cells_Molecules_and_Systems/chunks/pages_0073-0084/images/page_76_chart_6.jpg
EN1024,EN,2,英文未逐图审阅,,,,来源/英文教材/08_Analyzing_Cells_Molecules_and_Systems/chunks/pages_0073-0084/images/page_77_image_2.jpg
EN1025,EN,2,英文未逐图审阅,,,,来源/英文教材/08_Analyzing_Cells_Molecules_and_Systems/chunks/pages_0073-0084/images/page_77_image_8.jpg
EN1026,EN,2,英文未逐图审阅,,,,来源/英文教材/08_Analyzing_Cells_Molecules_and_Systems/chunks/pages_0073-0084/images/page_77_image_9.jpg
EN1027,EN,2,英文未逐图审阅,,,,来源/英文教材/08_Analyzing_Cells_Molecules_and_Systems/chunks/pages_0073-0084/images/page_77_image_13.jpg
EN1028,EN,2,英文未逐图审阅,,,,来源/英文教材/08_Analyzing_Cells_Molecules_and_Systems/chunks/pages_0073-0084/images/page_77_image_16.jpg
EN1029,EN,2,英文未逐图审阅,,,,来源/英文教材/08_Analyzing_Cells_Molecules_and_Systems/chunks/pages_0073-0084/images/page_77_image_18.jpg
EN1030,EN,2,英文未逐图审阅,,,,来源/英文教材/08_Analyzing_Cells_Molecules_and_Systems/chunks/pages_0073-0084/images/page_78_image_4.jpg
EN1031,EN,2,英文未逐图审阅,,,,来源/英文教材/08_Analyzing_Cells_Molecules_and_Systems/chunks/pages_0073-0084/images/page_78_image_5.jpg
EN1032,EN,2,英文未逐图审阅,,,,来源/英文教材/08_Analyzing_Cells_Molecules_and_Systems/chunks/pages_0073-0084/images/page_79_image_8.jpg
EN1033,EN,2,英文未逐图审阅,,,,来源/英文教材/08_Analyzing_Cells_Molecules_and_Systems/chunks/pages_0073-0084/images/page_80_image_2.jpg
EN1034,EN,2,英文未逐图审阅,,,,来源/英文教材/08_Analyzing_Cells_Molecules_and_Systems/chunks/pages_0073-0084/images/page_80_image_4.jpg
EN1035,EN,2,英文未逐图审阅,,,,来源/英文教材/08_Analyzing_Cells_Molecules_and_Systems/chunks/pages_0073-0084/images/page_80_image_5.jpg
EN1036,EN,2,英文未逐图审阅,,,,来源/英文教材/08_Analyzing_Cells_Molecules_and_Systems/chunks/pages_0073-0084/images/page_80_image_6.jpg
EN1037,EN,2,英文未逐图审阅,,,,来源/英文教材/08_Analyzing_Cells_Molecules_and_Systems/chunks/pages_0073-0084/images/page_80_image_7.jpg
EN1038,EN,2,英文未逐图审阅,,,,来源/英文教材/08_Analyzing_Cells_Molecules_and_Systems/chunks/pages_0073-0084/images/page_81_image_2.jpg
EN1039,EN,2,英文未逐图审阅,,,,来源/英文教材/08_Analyzing_Cells_Molecules_and_Systems/chunks/pages_0073-0084/images/page_81_image_3.jpg
EN1040,EN,2,英文未逐图审阅,,,,来源/英文教材/08_Analyzing_Cells_Molecules_and_Systems/chunks/pages_0073-0084/images/page_81_image_4.jpg
EN1041,EN,2,英文未逐图审阅,,,,来源/英文教材/08_Analyzing_Cells_Molecules_and_Systems/chunks/pages_0073-0084/images/page_81_image_11.jpg
EN1042,EN,2,英文未逐图审阅,,,,来源/英文教材/08_Analyzing_Cells_Molecules_and_Systems/chunks/pages_0073-0084/images/page_81_image_12.jpg
EN1043,EN,2,英文未逐图审阅,,,,来源/英文教材/08_Analyzing_Cells_Molecules_and_Systems/chunks/pages_0073-0084/images/page_81_image_13.jpg
EN1044,EN,2,英文未逐图审阅,,,,来源/英文教材/08_Analyzing_Cells_Molecules_and_Systems/chunks/pages_0073-0084/images/page_82_image_4.jpg
EN1045,EN,2,英文未逐图审阅,,,,来源/英文教材/08_Analyzing_Cells_Molecules_and_Systems/chunks/pages_0085-0088/images/page_84_image_13.jpg
EN1046,EN,2,英文未逐图审阅,,,,来源/英文教材/08_Analyzing_Cells_Molecules_and_Systems/chunks/pages_0085-0088/images/page_84_chart_18.jpg
EN1047,EN,2,英文未逐图审阅,,,,来源/英文教材/08_Analyzing_Cells_Molecules_and_Systems/chunks/pages_0085-0088/images/page_85_image_3.jpg
EN1048,EN,2,英文未逐图审阅,,,,来源/英文教材/08_Analyzing_Cells_Molecules_and_Systems/chunks/pages_0085-0088/images/page_85_chart_9.jpg
EN1049,EN,2,英文未逐图审阅,,,,来源/英文教材/08_Analyzing_Cells_Molecules_and_Systems/chunks/pages_0085-0088/images/page_85_image_12.jpg
EN1050,EN,2,英文未逐图审阅,,,,来源/英文教材/08_Analyzing_Cells_Molecules_and_Systems/chunks/pages_0085-0088/images/page_85_image_13.jpg
EN1051,EN,2,英文未逐图审阅,,,,来源/英文教材/08_Analyzing_Cells_Molecules_and_Systems/chunks/pages_0085-0088/images/page_85_image_16.jpg
EN1052,EN,2,英文未逐图审阅,,,,来源/英文教材/08_Analyzing_Cells_Molecules_and_Systems/chunks/pages_0085-0088/images/page_86_image_3.jpg
EN1053,EN,2,英文未逐图审阅,,,,来源/英文教材/09_Visualizing_Cells_and_Their_Molecules/chunks/pages_0001-0012/images/page_0_image_8.jpg
EN1054,EN,2,英文未逐图审阅,,,,来源/英文教材/09_Visualizing_Cells_and_Their_Molecules/chunks/pages_0001-0012/images/page_1_image_4.jpg
EN1055,EN,2,英文未逐图审阅,,,,来源/英文教材/09_Visualizing_Cells_and_Their_Molecules/chunks/pages_0001-0012/images/page_2_image_4.jpg
EN1056,EN,2,英文未逐图审阅,,,,来源/英文教材/09_Visualizing_Cells_and_Their_Molecules/chunks/pages_0001-0012/images/page_2_image_9.jpg
EN1057,EN,2,英文未逐图审阅,,,,来源/英文教材/09_Visualizing_Cells_and_Their_Molecules/chunks/pages_0001-0012/images/page_2_image_11.jpg
EN1058,EN,2,英文未逐图审阅,,,,来源/英文教材/09_Visualizing_Cells_and_Their_Molecules/chunks/pages_0001-0012/images/page_3_image_5.jpg
EN1059,EN,2,英文未逐图审阅,,,,来源/英文教材/09_Visualizing_Cells_and_Their_Molecules/chunks/pages_0001-0012/images/page_3_image_14.jpg
EN1060,EN,2,英文未逐图审阅,,,,来源/英文教材/09_Visualizing_Cells_and_Their_Molecules/chunks/pages_0001-0012/images/page_4_image_8.jpg
EN1061,EN,2,英文未逐图审阅,,,,来源/英文教材/09_Visualizing_Cells_and_Their_Molecules/chunks/pages_0001-0012/images/page_5_image_2.jpg
EN1062,EN,2,英文未逐图审阅,,,,来源/英文教材/09_Visualizing_Cells_and_Their_Molecules/chunks/pages_0001-0012/images/page_5_image_4.jpg
EN1063,EN,2,英文未逐图审阅,,,,来源/英文教材/09_Visualizing_Cells_and_Their_Molecules/chunks/pages_0001-0012/images/page_5_image_6.jpg
EN1064,EN,2,英文未逐图审阅,,,,来源/英文教材/09_Visualizing_Cells_and_Their_Molecules/chunks/pages_0001-0012/images/page_5_image_8.jpg
EN1065,EN,2,英文未逐图审阅,,,,来源/英文教材/09_Visualizing_Cells_and_Their_Molecules/chunks/pages_0001-0012/images/page_6_image_4.jpg
EN1066,EN,2,英文未逐图审阅,,,,来源/英文教材/09_Visualizing_Cells_and_Their_Molecules/chunks/pages_0001-0012/images/page_6_image_11.jpg
EN1067,EN,2,英文未逐图审阅,,,,来源/英文教材/09_Visualizing_Cells_and_Their_Molecules/chunks/pages_0001-0012/images/page_6_image_13.jpg
EN1068,EN,2,英文未逐图审阅,,,,来源/英文教材/09_Visualizing_Cells_and_Their_Molecules/chunks/pages_0001-0012/images/page_7_chart_7.jpg
EN1069,EN,2,英文未逐图审阅,,,,来源/英文教材/09_Visualizing_Cells_and_Their_Molecules/chunks/pages_0001-0012/images/page_7_image_9.jpg
EN1070,EN,2,英文未逐图审阅,,,,来源/英文教材/09_Visualizing_Cells_and_Their_Molecules/chunks/pages_0001-0012/images/page_7_chart_11.jpg
EN1071,EN,2,英文未逐图审阅,,,,来源/英文教材/09_Visualizing_Cells_and_Their_Molecules/chunks/pages_0001-0012/images/page_8_image_2.jpg
EN1072,EN,2,英文未逐图审阅,,,,来源/英文教材/09_Visualizing_Cells_and_Their_Molecules/chunks/pages_0001-0012/images/page_8_image_6.jpg
EN1073,EN,2,英文未逐图审阅,,,,来源/英文教材/09_Visualizing_Cells_and_Their_Molecules/chunks/pages_0001-0012/images/page_9_image_2.jpg
EN1074,EN,2,英文未逐图审阅,,,,来源/英文教材/09_Visualizing_Cells_and_Their_Molecules/chunks/pages_0001-0012/images/page_9_image_9.jpg
EN1075,EN,2,英文未逐图审阅,,,,来源/英文教材/09_Visualizing_Cells_and_Their_Molecules/chunks/pages_0001-0012/images/page_9_image_10.jpg
EN1076,EN,2,英文未逐图审阅,,,,来源/英文教材/09_Visualizing_Cells_and_Their_Molecules/chunks/pages_0001-0012/images/page_10_image_2.jpg
EN1077,EN,2,英文未逐图审阅,,,,来源/英文教材/09_Visualizing_Cells_and_Their_Molecules/chunks/pages_0001-0012/images/page_10_image_11.jpg
EN1078,EN,2,英文未逐图审阅,,,,来源/英文教材/09_Visualizing_Cells_and_Their_Molecules/chunks/pages_0001-0012/images/page_10_image_13.jpg
EN1079,EN,2,英文未逐图审阅,,,,来源/英文教材/09_Visualizing_Cells_and_Their_Molecules/chunks/pages_0001-0012/images/page_11_image_2.jpg
EN1080,EN,2,英文未逐图审阅,,,,来源/英文教材/09_Visualizing_Cells_and_Their_Molecules/chunks/pages_0001-0012/images/page_11_image_4.jpg
EN1081,EN,2,英文未逐图审阅,,,,来源/英文教材/09_Visualizing_Cells_and_Their_Molecules/chunks/pages_0001-0012/images/page_11_image_12.jpg
EN1082,EN,2,英文未逐图审阅,,,,来源/英文教材/09_Visualizing_Cells_and_Their_Molecules/chunks/pages_0013-0024/images/page_12_image_7.jpg
EN1083,EN,2,英文未逐图审阅,,,,来源/英文教材/09_Visualizing_Cells_and_Their_Molecules/chunks/pages_0013-0024/images/page_12_image_9.jpg
EN1084,EN,2,英文未逐图审阅,,,,来源/英文教材/09_Visualizing_Cells_and_Their_Molecules/chunks/pages_0013-0024/images/page_12_image_10.jpg
EN1085,EN,2,英文未逐图审阅,,,,来源/英文教材/09_Visualizing_Cells_and_Their_Molecules/chunks/pages_0013-0024/images/page_12_image_11.jpg
EN1086,EN,2,英文未逐图审阅,,,,来源/英文教材/09_Visualizing_Cells_and_Their_Molecules/chunks/pages_0013-0024/images/page_13_image_2.jpg
EN1087,EN,2,英文未逐图审阅,,,,来源/英文教材/09_Visualizing_Cells_and_Their_Molecules/chunks/pages_0013-0024/images/page_13_chart_4.jpg
EN1088,EN,2,英文未逐图审阅,,,,来源/英文教材/09_Visualizing_Cells_and_Their_Molecules/chunks/pages_0013-0024/images/page_13_image_10.jpg
EN1089,EN,2,英文未逐图审阅,,,,来源/英文教材/09_Visualizing_Cells_and_Their_Molecules/chunks/pages_0013-0024/images/page_14_image_0.jpg
EN1090,EN,2,英文未逐图审阅,,,,来源/英文教材/09_Visualizing_Cells_and_Their_Molecules/chunks/pages_0013-0024/images/page_14_image_4.jpg
EN1091,EN,2,英文未逐图审阅,,,,来源/英文教材/09_Visualizing_Cells_and_Their_Molecules/chunks/pages_0013-0024/images/page_14_image_5.jpg
EN1092,EN,2,英文未逐图审阅,,,,来源/英文教材/09_Visualizing_Cells_and_Their_Molecules/chunks/pages_0013-0024/images/page_14_image_8.jpg
EN1093,EN,2,英文未逐图审阅,,,,来源/英文教材/09_Visualizing_Cells_and_Their_Molecules/chunks/pages_0013-0024/images/page_14_image_9.jpg
EN1094,EN,2,英文未逐图审阅,,,,来源/英文教材/09_Visualizing_Cells_and_Their_Molecules/chunks/pages_0013-0024/images/page_14_image_11.jpg
EN1095,EN,2,英文未逐图审阅,,,,来源/英文教材/09_Visualizing_Cells_and_Their_Molecules/chunks/pages_0013-0024/images/page_14_image_13.jpg
EN1096,EN,2,英文未逐图审阅,,,,来源/英文教材/09_Visualizing_Cells_and_Their_Molecules/chunks/pages_0013-0024/images/page_15_image_2.jpg
EN1097,EN,2,英文未逐图审阅,,,,来源/英文教材/09_Visualizing_Cells_and_Their_Molecules/chunks/pages_0013-0024/images/page_15_image_3.jpg
EN1098,EN,2,英文未逐图审阅,,,,来源/英文教材/09_Visualizing_Cells_and_Their_Molecules/chunks/pages_0013-0024/images/page_16_image_0.jpg
EN1099,EN,2,英文未逐图审阅,,,,来源/英文教材/09_Visualizing_Cells_and_Their_Molecules/chunks/pages_0013-0024/images/page_16_image_5.jpg
EN1100,EN,2,英文未逐图审阅,,,,来源/英文教材/09_Visualizing_Cells_and_Their_Molecules/chunks/pages_0013-0024/images/page_16_image_11.jpg
EN1101,EN,2,英文未逐图审阅,,,,来源/英文教材/09_Visualizing_Cells_and_Their_Molecules/chunks/pages_0013-0024/images/page_16_image_14.jpg
EN1102,EN,2,英文未逐图审阅,,,,来源/英文教材/09_Visualizing_Cells_and_Their_Molecules/chunks/pages_0013-0024/images/page_16_image_17.jpg
EN1103,EN,2,英文未逐图审阅,,,,来源/英文教材/09_Visualizing_Cells_and_Their_Molecules/chunks/pages_0013-0024/images/page_17_image_2.jpg
EN1104,EN,2,英文未逐图审阅,,,,来源/英文教材/09_Visualizing_Cells_and_Their_Molecules/chunks/pages_0013-0024/images/page_18_image_2.jpg
EN1105,EN,2,英文未逐图审阅,,,,来源/英文教材/09_Visualizing_Cells_and_Their_Molecules/chunks/pages_0013-0024/images/page_18_image_6.jpg
EN1106,EN,2,英文未逐图审阅,,,,来源/英文教材/09_Visualizing_Cells_and_Their_Molecules/chunks/pages_0013-0024/images/page_18_image_8.jpg
EN1107,EN,2,英文未逐图审阅,,,,来源/英文教材/09_Visualizing_Cells_and_Their_Molecules/chunks/pages_0013-0024/images/page_18_image_10.jpg
EN1108,EN,2,英文未逐图审阅,,,,来源/英文教材/09_Visualizing_Cells_and_Their_Molecules/chunks/pages_0013-0024/images/page_19_image_0.jpg
EN1109,EN,2,英文未逐图审阅,,,,来源/英文教材/09_Visualizing_Cells_and_Their_Molecules/chunks/pages_0013-0024/images/page_19_image_4.jpg
EN1110,EN,2,英文未逐图审阅,,,,来源/英文教材/09_Visualizing_Cells_and_Their_Molecules/chunks/pages_0013-0024/images/page_19_image_5.jpg
EN1111,EN,2,英文未逐图审阅,,,,来源/英文教材/09_Visualizing_Cells_and_Their_Molecules/chunks/pages_0013-0024/images/page_19_image_7.jpg
EN1112,EN,2,英文未逐图审阅,,,,来源/英文教材/09_Visualizing_Cells_and_Their_Molecules/chunks/pages_0013-0024/images/page_19_image_12.jpg
EN1113,EN,2,英文未逐图审阅,,,,来源/英文教材/09_Visualizing_Cells_and_Their_Molecules/chunks/pages_0013-0024/images/page_19_image_14.jpg
EN1114,EN,2,英文未逐图审阅,,,,来源/英文教材/09_Visualizing_Cells_and_Their_Molecules/chunks/pages_0013-0024/images/page_19_image_16.jpg
EN1115,EN,2,英文未逐图审阅,,,,来源/英文教材/09_Visualizing_Cells_and_Their_Molecules/chunks/pages_0013-0024/images/page_20_image_7.jpg
EN1116,EN,2,英文未逐图审阅,,,,来源/英文教材/09_Visualizing_Cells_and_Their_Molecules/chunks/pages_0013-0024/images/page_20_image_9.jpg
EN1117,EN,2,英文未逐图审阅,,,,来源/英文教材/09_Visualizing_Cells_and_Their_Molecules/chunks/pages_0013-0024/images/page_20_image_11.jpg
EN1118,EN,2,英文未逐图审阅,,,,来源/英文教材/09_Visualizing_Cells_and_Their_Molecules/chunks/pages_0013-0024/images/page_20_image_12.jpg
EN1119,EN,2,英文未逐图审阅,,,,来源/英文教材/09_Visualizing_Cells_and_Their_Molecules/chunks/pages_0013-0024/images/page_21_image_3.jpg
EN1120,EN,2,英文未逐图审阅,,,,来源/英文教材/09_Visualizing_Cells_and_Their_Molecules/chunks/pages_0013-0024/images/page_21_image_5.jpg
EN1121,EN,2,英文未逐图审阅,,,,来源/英文教材/09_Visualizing_Cells_and_Their_Molecules/chunks/pages_0013-0024/images/page_21_image_12.jpg
EN1122,EN,2,英文未逐图审阅,,,,来源/英文教材/09_Visualizing_Cells_and_Their_Molecules/chunks/pages_0013-0024/images/page_21_image_13.jpg
EN1123,EN,2,英文未逐图审阅,,,,来源/英文教材/09_Visualizing_Cells_and_Their_Molecules/chunks/pages_0013-0024/images/page_22_image_2.jpg
EN1124,EN,2,英文未逐图审阅,,,,来源/英文教材/09_Visualizing_Cells_and_Their_Molecules/chunks/pages_0013-0024/images/page_22_image_4.jpg
EN1125,EN,2,英文未逐图审阅,,,,来源/英文教材/09_Visualizing_Cells_and_Their_Molecules/chunks/pages_0013-0024/images/page_23_image_2.jpg
EN1126,EN,2,英文未逐图审阅,,,,来源/英文教材/09_Visualizing_Cells_and_Their_Molecules/chunks/pages_0013-0024/images/page_23_image_6.jpg
EN1127,EN,2,英文未逐图审阅,,,,来源/英文教材/09_Visualizing_Cells_and_Their_Molecules/chunks/pages_0025-0036/images/page_24_image_2.jpg
EN1128,EN,2,英文未逐图审阅,,,,来源/英文教材/09_Visualizing_Cells_and_Their_Molecules/chunks/pages_0025-0036/images/page_24_image_9.jpg
EN1129,EN,2,英文未逐图审阅,,,,来源/英文教材/09_Visualizing_Cells_and_Their_Molecules/chunks/pages_0025-0036/images/page_24_image_10.jpg
EN1130,EN,2,英文未逐图审阅,,,,来源/英文教材/09_Visualizing_Cells_and_Their_Molecules/chunks/pages_0025-0036/images/page_25_image_9.jpg
EN1131,EN,2,英文未逐图审阅,,,,来源/英文教材/09_Visualizing_Cells_and_Their_Molecules/chunks/pages_0025-0036/images/page_26_image_2.jpg
EN1132,EN,2,英文未逐图审阅,,,,来源/英文教材/09_Visualizing_Cells_and_Their_Molecules/chunks/pages_0025-0036/images/page_26_image_8.jpg
EN1133,EN,2,英文未逐图审阅,,,,来源/英文教材/09_Visualizing_Cells_and_Their_Molecules/chunks/pages_0025-0036/images/page_27_image_2.jpg
EN1134,EN,2,英文未逐图审阅,,,,来源/英文教材/09_Visualizing_Cells_and_Their_Molecules/chunks/pages_0025-0036/images/page_27_image_9.jpg
EN1135,EN,2,英文未逐图审阅,,,,来源/英文教材/09_Visualizing_Cells_and_Their_Molecules/chunks/pages_0025-0036/images/page_28_image_2.jpg
EN1136,EN,2,英文未逐图审阅,,,,来源/英文教材/09_Visualizing_Cells_and_Their_Molecules/chunks/pages_0025-0036/images/page_28_image_4.jpg
EN1137,EN,2,英文未逐图审阅,,,,来源/英文教材/09_Visualizing_Cells_and_Their_Molecules/chunks/pages_0025-0036/images/page_29_image_4.jpg
EN1138,EN,2,英文未逐图审阅,,,,来源/英文教材/09_Visualizing_Cells_and_Their_Molecules/chunks/pages_0025-0036/images/page_29_image_8.jpg
EN1139,EN,2,英文未逐图审阅,,,,来源/英文教材/09_Visualizing_Cells_and_Their_Molecules/chunks/pages_0025-0036/images/page_29_image_10.jpg
EN1140,EN,2,英文未逐图审阅,,,,来源/英文教材/09_Visualizing_Cells_and_Their_Molecules/chunks/pages_0025-0036/images/page_29_image_12.jpg
EN1141,EN,2,英文未逐图审阅,,,,来源/英文教材/09_Visualizing_Cells_and_Their_Molecules/chunks/pages_0025-0036/images/page_30_image_2.jpg
EN1142,EN,2,英文未逐图审阅,,,,来源/英文教材/09_Visualizing_Cells_and_Their_Molecules/chunks/pages_0025-0036/images/page_30_image_5.jpg
EN1143,EN,2,英文未逐图审阅,,,,来源/英文教材/09_Visualizing_Cells_and_Their_Molecules/chunks/pages_0025-0036/images/page_31_image_5.jpg
EN1144,EN,2,英文未逐图审阅,,,,来源/英文教材/09_Visualizing_Cells_and_Their_Molecules/chunks/pages_0025-0036/images/page_31_image_7.jpg
EN1145,EN,2,英文未逐图审阅,,,,来源/英文教材/09_Visualizing_Cells_and_Their_Molecules/chunks/pages_0025-0036/images/page_31_image_11.jpg
EN1146,EN,2,英文未逐图审阅,,,,来源/英文教材/09_Visualizing_Cells_and_Their_Molecules/chunks/pages_0025-0036/images/page_31_image_12.jpg
EN1147,EN,2,英文未逐图审阅,,,,来源/英文教材/09_Visualizing_Cells_and_Their_Molecules/chunks/pages_0025-0036/images/page_31_image_17.jpg
EN1148,EN,2,英文未逐图审阅,,,,来源/英文教材/09_Visualizing_Cells_and_Their_Molecules/chunks/pages_0025-0036/images/page_31_image_19.jpg
EN1149,EN,2,英文未逐图审阅,,,,来源/英文教材/09_Visualizing_Cells_and_Their_Molecules/chunks/pages_0025-0036/images/page_31_image_23.jpg
EN1150,EN,2,英文未逐图审阅,,,,来源/英文教材/09_Visualizing_Cells_and_Their_Molecules/chunks/pages_0025-0036/images/page_32_image_2.jpg
EN1151,EN,2,英文未逐图审阅,,,,来源/英文教材/09_Visualizing_Cells_and_Their_Molecules/chunks/pages_0025-0036/images/page_33_image_2.jpg
EN1152,EN,2,英文未逐图审阅,,,,来源/英文教材/09_Visualizing_Cells_and_Their_Molecules/chunks/pages_0025-0036/images/page_33_image_7.jpg
EN1153,EN,2,英文未逐图审阅,,,,来源/英文教材/09_Visualizing_Cells_and_Their_Molecules/chunks/pages_0025-0036/images/page_33_image_8.jpg
EN1154,EN,2,英文未逐图审阅,,,,来源/英文教材/09_Visualizing_Cells_and_Their_Molecules/chunks/pages_0025-0036/images/page_34_image_2.jpg
EN1155,EN,2,英文未逐图审阅,,,,来源/英文教材/09_Visualizing_Cells_and_Their_Molecules/chunks/pages_0025-0036/images/page_34_image_6.jpg
EN1156,EN,2,英文未逐图审阅,,,,来源/英文教材/09_Visualizing_Cells_and_Their_Molecules/chunks/pages_0025-0036/images/page_35_image_2.jpg
EN1157,EN,2,英文未逐图审阅,,,,来源/英文教材/09_Visualizing_Cells_and_Their_Molecules/chunks/pages_0037-0040/images/page_36_image_2.jpg
EN1158,EN,2,英文未逐图审阅,,,,来源/英文教材/09_Visualizing_Cells_and_Their_Molecules/chunks/pages_0037-0040/images/page_36_image_3.jpg
EN1159,EN,2,英文未逐图审阅,,,,来源/英文教材/09_Visualizing_Cells_and_Their_Molecules/chunks/pages_0037-0040/images/page_36_image_4.jpg
EN1160,EN,2,英文未逐图审阅,,,,来源/英文教材/09_Visualizing_Cells_and_Their_Molecules/chunks/pages_0037-0040/images/page_36_image_5.jpg
EN1161,EN,2,英文未逐图审阅,,,,来源/英文教材/09_Visualizing_Cells_and_Their_Molecules/chunks/pages_0037-0040/images/page_36_image_9.jpg
EN1162,EN,2,英文未逐图审阅,,,,来源/英文教材/09_Visualizing_Cells_and_Their_Molecules/chunks/pages_0037-0040/images/page_36_image_12.jpg
EN1163,EN,2,英文未逐图审阅,,,,来源/英文教材/09_Visualizing_Cells_and_Their_Molecules/chunks/pages_0037-0040/images/page_36_image_14.jpg
EN1164,EN,2,英文未逐图审阅,,,,来源/英文教材/09_Visualizing_Cells_and_Their_Molecules/chunks/pages_0037-0040/images/page_37_image_8.jpg
EN1165,EN,2,英文未逐图审阅,,,,来源/英文教材/09_Visualizing_Cells_and_Their_Molecules/chunks/pages_0037-0040/images/page_37_image_14.jpg
EN1166,EN,2,英文未逐图审阅,,,,来源/英文教材/09_Visualizing_Cells_and_Their_Molecules/chunks/pages_0037-0040/images/page_37_image_18.jpg
EN1167,EN,2,英文未逐图审阅,,,,来源/英文教材/09_Visualizing_Cells_and_Their_Molecules/chunks/pages_0037-0040/images/page_37_image_20.jpg
EN1168,EN,2,英文未逐图审阅,,,,来源/英文教材/09_Visualizing_Cells_and_Their_Molecules/chunks/pages_0037-0040/images/page_37_chart_21.jpg
EN1169,EN,2,英文未逐图审阅,,,,来源/英文教材/09_Visualizing_Cells_and_Their_Molecules/chunks/pages_0037-0040/images/page_38_image_7.jpg
EN1170,EN,3,英文未逐图审阅,,,,来源/英文教材/10_Membrane_Structure/chunks/pages_0001-0012/images/page_0_image_5.jpg
EN1171,EN,3,英文未逐图审阅,,,,来源/英文教材/10_Membrane_Structure/chunks/pages_0001-0012/images/page_1_image_7.jpg
EN1172,EN,3,英文未逐图审阅,,,,来源/英文教材/10_Membrane_Structure/chunks/pages_0001-0012/images/page_2_image_9.jpg
EN1173,EN,3,英文未逐图审阅,,,,来源/英文教材/10_Membrane_Structure/chunks/pages_0001-0012/images/page_3_image_2.jpg
EN1174,EN,3,英文未逐图审阅,,,,来源/英文教材/10_Membrane_Structure/chunks/pages_0001-0012/images/page_3_chart_8.jpg
EN1175,EN,3,英文未逐图审阅,,,,来源/英文教材/10_Membrane_Structure/chunks/pages_0001-0012/images/page_3_image_9.jpg
EN1176,EN,3,英文未逐图审阅,,,,来源/英文教材/10_Membrane_Structure/chunks/pages_0001-0012/images/page_4_image_2.jpg
EN1177,EN,3,英文未逐图审阅,,,,来源/英文教材/10_Membrane_Structure/chunks/pages_0001-0012/images/page_4_image_3.jpg
EN1178,EN,3,英文未逐图审阅,,,,来源/英文教材/10_Membrane_Structure/chunks/pages_0001-0012/images/page_4_image_8.jpg
EN1179,EN,3,英文未逐图审阅,,,,来源/英文教材/10_Membrane_Structure/chunks/pages_0001-0012/images/page_5_image_5.jpg
EN1180,EN,3,英文未逐图审阅,,,,来源/英文教材/10_Membrane_Structure/chunks/pages_0001-0012/images/page_5_image_8.jpg
EN1181,EN,3,英文未逐图审阅,,,,来源/英文教材/10_Membrane_Structure/chunks/pages_0001-0012/images/page_5_image_9.jpg
EN1182,EN,3,英文未逐图审阅,,,,来源/英文教材/10_Membrane_Structure/chunks/pages_0001-0012/images/page_5_image_15.jpg
EN1183,EN,3,英文未逐图审阅,,,,来源/英文教材/10_Membrane_Structure/chunks/pages_0001-0012/images/page_5_image_16.jpg
EN1184,EN,3,英文未逐图审阅,,,,来源/英文教材/10_Membrane_Structure/chunks/pages_0001-0012/images/page_6_image_3.jpg
EN1185,EN,3,英文未逐图审阅,,,,来源/英文教材/10_Membrane_Structure/chunks/pages_0001-0012/images/page_6_image_10.jpg
EN1186,EN,3,英文未逐图审阅,,,,来源/英文教材/10_Membrane_Structure/chunks/pages_0001-0012/images/page_8_image_2.jpg
EN1187,EN,3,英文未逐图审阅,,,,来源/英文教材/10_Membrane_Structure/chunks/pages_0001-0012/images/page_8_image_4.jpg
EN1188,EN,3,英文未逐图审阅,,,,来源/英文教材/10_Membrane_Structure/chunks/pages_0001-0012/images/page_8_image_9.jpg
EN1189,EN,3,英文未逐图审阅,,,,来源/英文教材/10_Membrane_Structure/chunks/pages_0001-0012/images/page_9_image_2.jpg
EN1190,EN,3,英文未逐图审阅,,,,来源/英文教材/10_Membrane_Structure/chunks/pages_0001-0012/images/page_9_image_8.jpg
EN1191,EN,3,英文未逐图审阅,,,,来源/英文教材/10_Membrane_Structure/chunks/pages_0001-0012/images/page_11_image_2.jpg
EN1192,EN,3,英文未逐图审阅,,,,来源/英文教材/10_Membrane_Structure/chunks/pages_0001-0012/images/page_11_image_4.jpg
EN1193,EN,3,英文未逐图审阅,,,,来源/英文教材/10_Membrane_Structure/chunks/pages_0001-0012/images/page_11_image_6.jpg
EN1194,EN,3,英文未逐图审阅,,,,来源/英文教材/10_Membrane_Structure/chunks/pages_0013-0024/images/page_12_image_8.jpg
EN1195,EN,3,英文未逐图审阅,,,,来源/英文教材/10_Membrane_Structure/chunks/pages_0013-0024/images/page_14_image_2.jpg
EN1196,EN,3,英文未逐图审阅,,,,来源/英文教材/10_Membrane_Structure/chunks/pages_0013-0024/images/page_15_chart_6.jpg
EN1197,EN,3,英文未逐图审阅,,,,来源/英文教材/10_Membrane_Structure/chunks/pages_0013-0024/images/page_15_chart_8.jpg
EN1198,EN,3,英文未逐图审阅,,,,来源/英文教材/10_Membrane_Structure/chunks/pages_0013-0024/images/page_15_image_10.jpg
EN1199,EN,3,英文未逐图审阅,,,,来源/英文教材/10_Membrane_Structure/chunks/pages_0013-0024/images/page_16_image_5.jpg
EN1200,EN,3,英文未逐图审阅,,,,来源/英文教材/10_Membrane_Structure/chunks/pages_0013-0024/images/page_16_image_10.jpg
EN1201,EN,3,英文未逐图审阅,,,,来源/英文教材/10_Membrane_Structure/chunks/pages_0013-0024/images/page_17_image_2.jpg
EN1202,EN,3,英文未逐图审阅,,,,来源/英文教材/10_Membrane_Structure/chunks/pages_0013-0024/images/page_18_image_8.jpg
EN1203,EN,3,英文未逐图审阅,,,,来源/英文教材/10_Membrane_Structure/chunks/pages_0013-0024/images/page_19_image_3.jpg
EN1204,EN,3,英文未逐图审阅,,,,来源/英文教材/10_Membrane_Structure/chunks/pages_0013-0024/images/page_19_image_6.jpg
EN1205,EN,3,英文未逐图审阅,,,,来源/英文教材/10_Membrane_Structure/chunks/pages_0013-0024/images/page_20_image_2.jpg
EN1206,EN,3,英文未逐图审阅,,,,来源/英文教材/10_Membrane_Structure/chunks/pages_0013-0024/images/page_20_image_4.jpg
EN1207,EN,3,英文未逐图审阅,,,,来源/英文教材/10_Membrane_Structure/chunks/pages_0013-0024/images/page_20_image_5.jpg
EN1208,EN,3,英文未逐图审阅,,,,来源/英文教材/10_Membrane_Structure/chunks/pages_0013-0024/images/page_21_image_2.jpg
EN1209,EN,3,英文未逐图审阅,,,,来源/英文教材/10_Membrane_Structure/chunks/pages_0013-0024/images/page_21_image_5.jpg
EN1210,EN,3,英文未逐图审阅,,,,来源/英文教材/10_Membrane_Structure/chunks/pages_0013-0024/images/page_22_image_2.jpg
EN1211,EN,3,英文未逐图审阅,,,,来源/英文教材/10_Membrane_Structure/chunks/pages_0013-0024/images/page_23_image_3.jpg
EN1212,EN,3,英文未逐图审阅,,,,来源/英文教材/10_Membrane_Structure/chunks/pages_0013-0024/images/page_23_image_5.jpg
EN1213,EN,3,英文未逐图审阅,,,,来源/英文教材/10_Membrane_Structure/chunks/pages_0013-0024/images/page_23_image_6.jpg
EN1214,EN,3,英文未逐图审阅,,,,来源/英文教材/10_Membrane_Structure/chunks/pages_0013-0024/images/page_23_image_9.jpg
EN1215,EN,3,英文未逐图审阅,,,,来源/英文教材/10_Membrane_Structure/chunks/pages_0025-0034/images/page_25_image_2.jpg
EN1216,EN,3,英文未逐图审阅,,,,来源/英文教材/10_Membrane_Structure/chunks/pages_0025-0034/images/page_25_image_6.jpg
EN1217,EN,3,英文未逐图审阅,,,,来源/英文教材/10_Membrane_Structure/chunks/pages_0025-0034/images/page_25_image_7.jpg
EN1218,EN,3,英文未逐图审阅,,,,来源/英文教材/10_Membrane_Structure/chunks/pages_0025-0034/images/page_25_chart_8.jpg
EN1219,EN,3,英文未逐图审阅,,,,来源/英文教材/10_Membrane_Structure/chunks/pages_0025-0034/images/page_26_image_7.jpg
EN1220,EN,3,英文未逐图审阅,,,,来源/英文教材/10_Membrane_Structure/chunks/pages_0025-0034/images/page_27_image_2.jpg
EN1221,EN,3,英文未逐图审阅,,,,来源/英文教材/10_Membrane_Structure/chunks/pages_0025-0034/images/page_27_image_3.jpg
EN1222,EN,3,英文未逐图审阅,,,,来源/英文教材/10_Membrane_Structure/chunks/pages_0025-0034/images/page_27_image_5.jpg
EN1223,EN,3,英文未逐图审阅,,,,来源/英文教材/10_Membrane_Structure/chunks/pages_0025-0034/images/page_27_image_6.jpg
EN1224,EN,3,英文未逐图审阅,,,,来源/英文教材/10_Membrane_Structure/chunks/pages_0025-0034/images/page_27_image_8.jpg
EN1225,EN,3,英文未逐图审阅,,,,来源/英文教材/10_Membrane_Structure/chunks/pages_0025-0034/images/page_27_image_10.jpg
EN1226,EN,3,英文未逐图审阅,,,,来源/英文教材/10_Membrane_Structure/chunks/pages_0025-0034/images/page_27_image_13.jpg
EN1227,EN,3,英文未逐图审阅,,,,来源/英文教材/10_Membrane_Structure/chunks/pages_0025-0034/images/page_27_image_20.jpg
EN1228,EN,3,英文未逐图审阅,,,,来源/英文教材/10_Membrane_Structure/chunks/pages_0025-0034/images/page_27_image_22.jpg
EN1229,EN,3,英文未逐图审阅,,,,来源/英文教材/10_Membrane_Structure/chunks/pages_0025-0034/images/page_27_image_24.jpg
EN1230,EN,3,英文未逐图审阅,,,,来源/英文教材/10_Membrane_Structure/chunks/pages_0025-0034/images/page_27_image_26.jpg
EN1231,EN,3,英文未逐图审阅,,,,来源/英文教材/10_Membrane_Structure/chunks/pages_0025-0034/images/page_28_image_2.jpg
EN1232,EN,3,英文未逐图审阅,,,,来源/英文教材/10_Membrane_Structure/chunks/pages_0025-0034/images/page_28_image_6.jpg
EN1233,EN,3,英文未逐图审阅,,,,来源/英文教材/10_Membrane_Structure/chunks/pages_0025-0034/images/page_28_image_10.jpg
EN1234,EN,3,英文未逐图审阅,,,,来源/英文教材/10_Membrane_Structure/chunks/pages_0025-0034/images/page_29_image_2.jpg
EN1235,EN,3,英文未逐图审阅,,,,来源/英文教材/10_Membrane_Structure/chunks/pages_0025-0034/images/page_30_image_0.jpg
EN1236,EN,3,英文未逐图审阅,,,,来源/英文教材/10_Membrane_Structure/chunks/pages_0025-0034/images/page_31_image_11.jpg
EN1237,EN,3,英文未逐图审阅,,,,来源/英文教材/10_Membrane_Structure/chunks/pages_0025-0034/images/page_31_image_20.jpg
EN1238,EN,3,英文未逐图审阅,,,,来源/英文教材/10_Membrane_Structure/chunks/pages_0025-0034/images/page_32_image_6.jpg
EN1239,EN,3,英文未逐图审阅,,,,来源/英文教材/10_Membrane_Structure/chunks/pages_0025-0034/images/page_32_image_7.jpg
EN1240,EN,3,英文未逐图审阅,,,,来源/英文教材/10_Membrane_Structure/chunks/pages_0025-0034/images/page_32_image_9.jpg
EN1241,EN,3,英文未逐图审阅,,,,来源/英文教材/10_Membrane_Structure/chunks/pages_0025-0034/images/page_32_image_10.jpg
EN1242,EN,4,英文未逐图审阅,,,,来源/英文教材/11_Small-Molecule_Transport_and_Electrical_Properties_of_Membranes/chunks/pages_0001-0012/images/page_1_image_8.jpg
EN1243,EN,4,英文未逐图审阅,,,,来源/英文教材/11_Small-Molecule_Transport_and_Electrical_Properties_of_Membranes/chunks/pages_0001-0012/images/page_2_image_8.jpg
EN1244,EN,4,英文未逐图审阅,,,,来源/英文教材/11_Small-Molecule_Transport_and_Electrical_Properties_of_Membranes/chunks/pages_0001-0012/images/page_2_image_9.jpg
EN1245,EN,4,英文未逐图审阅,,,,来源/英文教材/11_Small-Molecule_Transport_and_Electrical_Properties_of_Membranes/chunks/pages_0001-0012/images/page_3_image_2.jpg
EN1246,EN,4,英文未逐图审阅,,,,来源/英文教材/11_Small-Molecule_Transport_and_Electrical_Properties_of_Membranes/chunks/pages_0001-0012/images/page_4_image_2.jpg
EN1247,EN,4,英文未逐图审阅,,,,来源/英文教材/11_Small-Molecule_Transport_and_Electrical_Properties_of_Membranes/chunks/pages_0001-0012/images/page_4_image_11.jpg
EN1248,EN,4,英文未逐图审阅,,,,来源/英文教材/11_Small-Molecule_Transport_and_Electrical_Properties_of_Membranes/chunks/pages_0001-0012/images/page_5_image_2.jpg
EN1249,EN,4,英文未逐图审阅,,,,来源/英文教材/11_Small-Molecule_Transport_and_Electrical_Properties_of_Membranes/chunks/pages_0001-0012/images/page_5_image_8.jpg
EN1250,EN,4,英文未逐图审阅,,,,来源/英文教材/11_Small-Molecule_Transport_and_Electrical_Properties_of_Membranes/chunks/pages_0001-0012/images/page_6_image_2.jpg
EN1251,EN,4,英文未逐图审阅,,,,来源/英文教材/11_Small-Molecule_Transport_and_Electrical_Properties_of_Membranes/chunks/pages_0001-0012/images/page_7_image_2.jpg
EN1252,EN,4,英文未逐图审阅,,,,来源/英文教材/11_Small-Molecule_Transport_and_Electrical_Properties_of_Membranes/chunks/pages_0001-0012/images/page_7_image_3.jpg
EN1253,EN,4,英文未逐图审阅,,,,来源/英文教材/11_Small-Molecule_Transport_and_Electrical_Properties_of_Membranes/chunks/pages_0001-0012/images/page_8_image_7.jpg
EN1254,EN,4,英文未逐图审阅,,,,来源/英文教材/11_Small-Molecule_Transport_and_Electrical_Properties_of_Membranes/chunks/pages_0001-0012/images/page_9_image_12.jpg
EN1255,EN,4,英文未逐图审阅,,,,来源/英文教材/11_Small-Molecule_Transport_and_Electrical_Properties_of_Membranes/chunks/pages_0001-0012/images/page_10_image_6.jpg
EN1256,EN,4,英文未逐图审阅,,,,来源/英文教材/11_Small-Molecule_Transport_and_Electrical_Properties_of_Membranes/chunks/pages_0001-0012/images/page_11_image_2.jpg
EN1257,EN,4,英文未逐图审阅,,,,来源/英文教材/11_Small-Molecule_Transport_and_Electrical_Properties_of_Membranes/chunks/pages_0001-0012/images/page_11_image_8.jpg
EN1258,EN,4,英文未逐图审阅,,,,来源/英文教材/11_Small-Molecule_Transport_and_Electrical_Properties_of_Membranes/chunks/pages_0013-0024/images/page_12_image_7.jpg
EN1259,EN,4,英文未逐图审阅,,,,来源/英文教材/11_Small-Molecule_Transport_and_Electrical_Properties_of_Membranes/chunks/pages_0013-0024/images/page_13_image_2.jpg
EN1260,EN,4,英文未逐图审阅,,,,来源/英文教材/11_Small-Molecule_Transport_and_Electrical_Properties_of_Membranes/chunks/pages_0013-0024/images/page_13_image_6.jpg
EN1261,EN,4,英文未逐图审阅,,,,来源/英文教材/11_Small-Molecule_Transport_and_Electrical_Properties_of_Membranes/chunks/pages_0013-0024/images/page_15_image_7.jpg
EN1262,EN,4,已读并纳入,CELL04-039,水通道每个单体有水孔；中央Asn是中性酰胺侧链，水分子取向及孔道结构阻断质子接力，不能把Asn写成带正电。,,来源/英文教材/11_Small-Molecule_Transport_and_Electrical_Properties_of_Membranes/chunks/pages_0013-0024/images/page_16_image_3.jpg
EN1263,EN,4,英文未逐图审阅,,,,来源/英文教材/11_Small-Molecule_Transport_and_Electrical_Properties_of_Membranes/chunks/pages_0013-0024/images/page_16_image_5.jpg
EN1264,EN,4,英文未逐图审阅,,,,来源/英文教材/11_Small-Molecule_Transport_and_Electrical_Properties_of_Membranes/chunks/pages_0013-0024/images/page_16_image_7.jpg
EN1265,EN,4,英文未逐图审阅,,,,来源/英文教材/11_Small-Molecule_Transport_and_Electrical_Properties_of_Membranes/chunks/pages_0013-0024/images/page_17_image_2.jpg
EN1266,EN,4,英文未逐图审阅,,,,来源/英文教材/11_Small-Molecule_Transport_and_Electrical_Properties_of_Membranes/chunks/pages_0013-0024/images/page_17_image_7.jpg
EN1267,EN,4,英文未逐图审阅,,,,来源/英文教材/11_Small-Molecule_Transport_and_Electrical_Properties_of_Membranes/chunks/pages_0013-0024/images/page_20_image_2.jpg
EN1268,EN,4,英文未逐图审阅,,,,来源/英文教材/11_Small-Molecule_Transport_and_Electrical_Properties_of_Membranes/chunks/pages_0013-0024/images/page_20_image_4.jpg
EN1269,EN,4,英文未逐图审阅,,,,来源/英文教材/11_Small-Molecule_Transport_and_Electrical_Properties_of_Membranes/chunks/pages_0013-0024/images/page_21_image_3.jpg
EN1270,EN,4,英文未逐图审阅,,,,来源/英文教材/11_Small-Molecule_Transport_and_Electrical_Properties_of_Membranes/chunks/pages_0013-0024/images/page_21_image_4.jpg
EN1271,EN,4,英文未逐图审阅,,,,来源/英文教材/11_Small-Molecule_Transport_and_Electrical_Properties_of_Membranes/chunks/pages_0013-0024/images/page_22_image_2.jpg
EN1272,EN,4,英文未逐图审阅,,,,来源/英文教材/11_Small-Molecule_Transport_and_Electrical_Properties_of_Membranes/chunks/pages_0013-0024/images/page_22_image_8.jpg
EN1273,EN,4,英文未逐图审阅,,,,来源/英文教材/11_Small-Molecule_Transport_and_Electrical_Properties_of_Membranes/chunks/pages_0013-0024/images/page_23_image_2.jpg
EN1274,EN,4,英文未逐图审阅,,,,来源/英文教材/11_Small-Molecule_Transport_and_Electrical_Properties_of_Membranes/chunks/pages_0025-0036/images/page_24_image_2.jpg
EN1275,EN,4,英文未逐图审阅,,,,来源/英文教材/11_Small-Molecule_Transport_and_Electrical_Properties_of_Membranes/chunks/pages_0025-0036/images/page_25_image_2.jpg
EN1276,EN,4,英文未逐图审阅,,,,来源/英文教材/11_Small-Molecule_Transport_and_Electrical_Properties_of_Membranes/chunks/pages_0025-0036/images/page_26_image_3.jpg
EN1277,EN,4,英文未逐图审阅,,,,来源/英文教材/11_Small-Molecule_Transport_and_Electrical_Properties_of_Membranes/chunks/pages_0025-0036/images/page_26_image_4.jpg
EN1278,EN,4,英文未逐图审阅,,,,来源/英文教材/11_Small-Molecule_Transport_and_Electrical_Properties_of_Membranes/chunks/pages_0025-0036/images/page_27_image_2.jpg
EN1279,EN,4,英文未逐图审阅,,,,来源/英文教材/11_Small-Molecule_Transport_and_Electrical_Properties_of_Membranes/chunks/pages_0025-0036/images/page_27_image_6.jpg
EN1280,EN,4,英文未逐图审阅,,,,来源/英文教材/11_Small-Molecule_Transport_and_Electrical_Properties_of_Membranes/chunks/pages_0025-0036/images/page_27_chart_8.jpg
EN1281,EN,4,英文未逐图审阅,,,,来源/英文教材/11_Small-Molecule_Transport_and_Electrical_Properties_of_Membranes/chunks/pages_0025-0036/images/page_27_image_9.jpg
EN1282,EN,4,英文未逐图审阅,,,,来源/英文教材/11_Small-Molecule_Transport_and_Electrical_Properties_of_Membranes/chunks/pages_0025-0036/images/page_27_image_10.jpg
EN1283,EN,4,英文未逐图审阅,,,,来源/英文教材/11_Small-Molecule_Transport_and_Electrical_Properties_of_Membranes/chunks/pages_0025-0036/images/page_28_image_2.jpg
EN1284,EN,4,英文未逐图审阅,,,,来源/英文教材/11_Small-Molecule_Transport_and_Electrical_Properties_of_Membranes/chunks/pages_0025-0036/images/page_28_image_5.jpg
EN1285,EN,4,英文未逐图审阅,,,,来源/英文教材/11_Small-Molecule_Transport_and_Electrical_Properties_of_Membranes/chunks/pages_0025-0036/images/page_29_image_2.jpg
EN1286,EN,4,英文未逐图审阅,,,,来源/英文教材/11_Small-Molecule_Transport_and_Electrical_Properties_of_Membranes/chunks/pages_0025-0036/images/page_30_chart_2.jpg
EN1287,EN,4,英文未逐图审阅,,,,来源/英文教材/11_Small-Molecule_Transport_and_Electrical_Properties_of_Membranes/chunks/pages_0025-0036/images/page_30_chart_3.jpg
EN1288,EN,4,英文未逐图审阅,,,,来源/英文教材/11_Small-Molecule_Transport_and_Electrical_Properties_of_Membranes/chunks/pages_0025-0036/images/page_30_chart_13.jpg
EN1289,EN,4,英文未逐图审阅,,,,来源/英文教材/11_Small-Molecule_Transport_and_Electrical_Properties_of_Membranes/chunks/pages_0025-0036/images/page_32_image_4.jpg
EN1290,EN,4,英文未逐图审阅,,,,来源/英文教材/11_Small-Molecule_Transport_and_Electrical_Properties_of_Membranes/chunks/pages_0025-0036/images/page_32_image_5.jpg
EN1291,EN,4,英文未逐图审阅,,,,来源/英文教材/11_Small-Molecule_Transport_and_Electrical_Properties_of_Membranes/chunks/pages_0025-0036/images/page_32_image_7.jpg
EN1292,EN,4,英文未逐图审阅,,,,来源/英文教材/11_Small-Molecule_Transport_and_Electrical_Properties_of_Membranes/chunks/pages_0025-0036/images/page_32_image_8.jpg
EN1293,EN,4,英文未逐图审阅,,,,来源/英文教材/11_Small-Molecule_Transport_and_Electrical_Properties_of_Membranes/chunks/pages_0025-0036/images/page_34_image_11.jpg
EN1294,EN,4,英文未逐图审阅,,,,来源/英文教材/11_Small-Molecule_Transport_and_Electrical_Properties_of_Membranes/chunks/pages_0025-0036/images/page_34_image_13.jpg
EN1295,EN,4,英文未逐图审阅,,,,来源/英文教材/11_Small-Molecule_Transport_and_Electrical_Properties_of_Membranes/chunks/pages_0025-0036/images/page_34_image_15.jpg
EN1296,EN,4,英文未逐图审阅,,,,来源/英文教材/11_Small-Molecule_Transport_and_Electrical_Properties_of_Membranes/chunks/pages_0025-0036/images/page_35_image_2.jpg
EN1297,EN,4,英文未逐图审阅,,,,来源/英文教材/11_Small-Molecule_Transport_and_Electrical_Properties_of_Membranes/chunks/pages_0037-0046/images/page_37_image_2.jpg
EN1298,EN,4,英文未逐图审阅,,,,来源/英文教材/11_Small-Molecule_Transport_and_Electrical_Properties_of_Membranes/chunks/pages_0037-0046/images/page_38_image_2.jpg
EN1299,EN,4,英文未逐图审阅,,,,来源/英文教材/11_Small-Molecule_Transport_and_Electrical_Properties_of_Membranes/chunks/pages_0037-0046/images/page_39_chart_0.jpg
EN1300,EN,4,英文未逐图审阅,,,,来源/英文教材/11_Small-Molecule_Transport_and_Electrical_Properties_of_Membranes/chunks/pages_0037-0046/images/page_39_chart_4.jpg
EN1301,EN,4,英文未逐图审阅,,,,来源/英文教材/11_Small-Molecule_Transport_and_Electrical_Properties_of_Membranes/chunks/pages_0037-0046/images/page_39_chart_6.jpg
EN1302,EN,4,英文未逐图审阅,,,,来源/英文教材/11_Small-Molecule_Transport_and_Electrical_Properties_of_Membranes/chunks/pages_0037-0046/images/page_39_image_14.jpg
EN1303,EN,4,英文未逐图审阅,,,,来源/英文教材/11_Small-Molecule_Transport_and_Electrical_Properties_of_Membranes/chunks/pages_0037-0046/images/page_40_image_8.jpg
EN1304,EN,4,英文未逐图审阅,,,,来源/英文教材/11_Small-Molecule_Transport_and_Electrical_Properties_of_Membranes/chunks/pages_0037-0046/images/page_41_image_0.jpg
EN1305,EN,4,英文未逐图审阅,,,,来源/英文教材/11_Small-Molecule_Transport_and_Electrical_Properties_of_Membranes/chunks/pages_0037-0046/images/page_41_image_13.jpg
EN1306,EN,4,英文未逐图审阅,,,,来源/英文教材/11_Small-Molecule_Transport_and_Electrical_Properties_of_Membranes/chunks/pages_0037-0046/images/page_42_image_2.jpg
EN1307,EN,4,英文未逐图审阅,,,,来源/英文教材/11_Small-Molecule_Transport_and_Electrical_Properties_of_Membranes/chunks/pages_0037-0046/images/page_43_image_19.jpg
EN1308,EN,4,英文未逐图审阅,,,,来源/英文教材/11_Small-Molecule_Transport_and_Electrical_Properties_of_Membranes/chunks/pages_0037-0046/images/page_43_image_20.jpg
EN1309,EN,4,英文未逐图审阅,,,,来源/英文教材/11_Small-Molecule_Transport_and_Electrical_Properties_of_Membranes/chunks/pages_0037-0046/images/page_44_image_3.jpg
EN1310,EN,4,英文未逐图审阅,,,,来源/英文教材/11_Small-Molecule_Transport_and_Electrical_Properties_of_Membranes/chunks/pages_0037-0046/images/page_44_image_6.jpg
EN1311,EN,4,英文未逐图审阅,,,,来源/英文教材/11_Small-Molecule_Transport_and_Electrical_Properties_of_Membranes/chunks/pages_0037-0046/images/page_44_image_24.jpg
EN1312,EN,5,英文未逐图审阅,,,,来源/英文教材/12_Intracellular_Organization_and_Protein_Sorting/chunks/pages_0001-0012/images/page_1_image_2.jpg
EN1313,EN,5,英文未逐图审阅,,,,来源/英文教材/12_Intracellular_Organization_and_Protein_Sorting/chunks/pages_0001-0012/images/page_2_image_5.jpg
EN1314,EN,5,英文未逐图审阅,,,,来源/英文教材/12_Intracellular_Organization_and_Protein_Sorting/chunks/pages_0001-0012/images/page_4_image_2.jpg
EN1315,EN,5,英文未逐图审阅,,,,来源/英文教材/12_Intracellular_Organization_and_Protein_Sorting/chunks/pages_0001-0012/images/page_4_image_6.jpg
EN1316,EN,5,英文未逐图审阅,,,,来源/英文教材/12_Intracellular_Organization_and_Protein_Sorting/chunks/pages_0001-0012/images/page_4_image_8.jpg
EN1317,EN,5,英文未逐图审阅,,,,来源/英文教材/12_Intracellular_Organization_and_Protein_Sorting/chunks/pages_0001-0012/images/page_5_image_9.jpg
EN1318,EN,5,英文未逐图审阅,,,,来源/英文教材/12_Intracellular_Organization_and_Protein_Sorting/chunks/pages_0001-0012/images/page_6_image_0.jpg
EN1319,EN,5,英文未逐图审阅,,,,来源/英文教材/12_Intracellular_Organization_and_Protein_Sorting/chunks/pages_0001-0012/images/page_8_image_0.jpg
EN1320,EN,5,英文未逐图审阅,,,,来源/英文教材/12_Intracellular_Organization_and_Protein_Sorting/chunks/pages_0001-0012/images/page_8_image_4.jpg
EN1321,EN,5,英文未逐图审阅,,,,来源/英文教材/12_Intracellular_Organization_and_Protein_Sorting/chunks/pages_0001-0012/images/page_8_image_5.jpg
EN1322,EN,5,英文未逐图审阅,,,,来源/英文教材/12_Intracellular_Organization_and_Protein_Sorting/chunks/pages_0001-0012/images/page_8_image_7.jpg
EN1323,EN,5,英文未逐图审阅,,,,来源/英文教材/12_Intracellular_Organization_and_Protein_Sorting/chunks/pages_0001-0012/images/page_9_image_5.jpg
EN1324,EN,5,英文未逐图审阅,,,,来源/英文教材/12_Intracellular_Organization_and_Protein_Sorting/chunks/pages_0001-0012/images/page_10_image_6.jpg
EN1325,EN,6,英文未逐图审阅,,,,来源/英文教材/12_Intracellular_Organization_and_Protein_Sorting/chunks/pages_0001-0012/images/page_11_image_8.jpg
EN1326,EN,6,英文未逐图审阅,,,,来源/英文教材/12_Intracellular_Organization_and_Protein_Sorting/chunks/pages_0013-0024/images/page_12_image_2.jpg
EN1327,EN,6,英文未逐图审阅,,,,来源/英文教材/12_Intracellular_Organization_and_Protein_Sorting/chunks/pages_0013-0024/images/page_12_image_10.jpg
EN1328,EN,6,英文未逐图审阅,,,,来源/英文教材/12_Intracellular_Organization_and_Protein_Sorting/chunks/pages_0013-0024/images/page_15_image_4.jpg
EN1329,EN,6,英文未逐图审阅,,,,来源/英文教材/12_Intracellular_Organization_and_Protein_Sorting/chunks/pages_0013-0024/images/page_15_image_5.jpg
EN1330,EN,5,英文未逐图审阅,,,,来源/英文教材/12_Intracellular_Organization_and_Protein_Sorting/chunks/pages_0013-0024/images/page_15_image_14.jpg
EN1331,EN,5,英文未逐图审阅,,,,来源/英文教材/12_Intracellular_Organization_and_Protein_Sorting/chunks/pages_0013-0024/images/page_16_image_2.jpg
EN1332,EN,5,英文未逐图审阅,,,,来源/英文教材/12_Intracellular_Organization_and_Protein_Sorting/chunks/pages_0013-0024/images/page_17_image_3.jpg
EN1333,EN,5,英文未逐图审阅,,,,来源/英文教材/12_Intracellular_Organization_and_Protein_Sorting/chunks/pages_0013-0024/images/page_18_image_2.jpg
EN1334,EN,6,英文未逐图审阅,,,,来源/英文教材/12_Intracellular_Organization_and_Protein_Sorting/chunks/pages_0013-0024/images/page_19_image_2.jpg
EN1335,EN,6,英文未逐图审阅,,,,来源/英文教材/12_Intracellular_Organization_and_Protein_Sorting/chunks/pages_0013-0024/images/page_20_image_2.jpg
EN1336,EN,6,英文未逐图审阅,,,,来源/英文教材/12_Intracellular_Organization_and_Protein_Sorting/chunks/pages_0013-0024/images/page_21_image_6.jpg
EN1337,EN,6,英文未逐图审阅,,,,来源/英文教材/12_Intracellular_Organization_and_Protein_Sorting/chunks/pages_0013-0024/images/page_22_image_4.jpg
EN1338,EN,6,英文未逐图审阅,,,,来源/英文教材/12_Intracellular_Organization_and_Protein_Sorting/chunks/pages_0013-0024/images/page_23_image_0.jpg
EN1339,EN,6,英文未逐图审阅,,,,来源/英文教材/12_Intracellular_Organization_and_Protein_Sorting/chunks/pages_0025-0036/images/page_24_image_2.jpg
EN1340,EN,6,英文未逐图审阅,,,,来源/英文教材/12_Intracellular_Organization_and_Protein_Sorting/chunks/pages_0025-0036/images/page_24_image_7.jpg
EN1341,EN,6,英文未逐图审阅,,,,来源/英文教材/12_Intracellular_Organization_and_Protein_Sorting/chunks/pages_0025-0036/images/page_25_image_2.jpg
EN1342,EN,6,英文未逐图审阅,,,,来源/英文教材/12_Intracellular_Organization_and_Protein_Sorting/chunks/pages_0025-0036/images/page_26_image_9.jpg
EN1343,EN,6,英文未逐图审阅,,,,来源/英文教材/12_Intracellular_Organization_and_Protein_Sorting/chunks/pages_0025-0036/images/page_27_image_2.jpg
EN1344,EN,6,英文未逐图审阅,,,,来源/英文教材/12_Intracellular_Organization_and_Protein_Sorting/chunks/pages_0025-0036/images/page_28_image_2.jpg
EN1345,EN,6,英文未逐图审阅,,,,来源/英文教材/12_Intracellular_Organization_and_Protein_Sorting/chunks/pages_0025-0036/images/page_29_image_2.jpg
EN1346,EN,5,英文未逐图审阅,,,,来源/英文教材/12_Intracellular_Organization_and_Protein_Sorting/chunks/pages_0025-0036/images/page_30_image_2.jpg
EN1347,EN,5,英文未逐图审阅,,,,来源/英文教材/12_Intracellular_Organization_and_Protein_Sorting/chunks/pages_0025-0036/images/page_30_image_6.jpg
EN1348,EN,5,英文未逐图审阅,,,,来源/英文教材/12_Intracellular_Organization_and_Protein_Sorting/chunks/pages_0025-0036/images/page_31_image_6.jpg
EN1349,EN,5,英文未逐图审阅,,,,来源/英文教材/12_Intracellular_Organization_and_Protein_Sorting/chunks/pages_0025-0036/images/page_32_image_2.jpg
EN1350,EN,5,英文未逐图审阅,,,,来源/英文教材/12_Intracellular_Organization_and_Protein_Sorting/chunks/pages_0025-0036/images/page_33_image_2.jpg
EN1351,EN,5,英文未逐图审阅,,,,来源/英文教材/12_Intracellular_Organization_and_Protein_Sorting/chunks/pages_0025-0036/images/page_34_image_2.jpg
EN1352,EN,5,英文未逐图审阅,,,,来源/英文教材/12_Intracellular_Organization_and_Protein_Sorting/chunks/pages_0025-0036/images/page_35_image_2.jpg
EN1353,EN,5,英文未逐图审阅,,,,来源/英文教材/12_Intracellular_Organization_and_Protein_Sorting/chunks/pages_0037-0048/images/page_36_image_2.jpg
EN1354,EN,5,英文未逐图审阅,,,,来源/英文教材/12_Intracellular_Organization_and_Protein_Sorting/chunks/pages_0037-0048/images/page_37_image_2.jpg
EN1355,EN,5,英文未逐图审阅,,,,来源/英文教材/12_Intracellular_Organization_and_Protein_Sorting/chunks/pages_0037-0048/images/page_38_image_2.jpg
EN1356,EN,5,英文未逐图审阅,,,,来源/英文教材/12_Intracellular_Organization_and_Protein_Sorting/chunks/pages_0037-0048/images/page_38_image_4.jpg
EN1357,EN,5,英文未逐图审阅,,,,来源/英文教材/12_Intracellular_Organization_and_Protein_Sorting/chunks/pages_0037-0048/images/page_38_image_10.jpg
EN1358,EN,5,英文未逐图审阅,,,,来源/英文教材/12_Intracellular_Organization_and_Protein_Sorting/chunks/pages_0037-0048/images/page_39_image_3.jpg
EN1359,EN,5,英文未逐图审阅,,,,来源/英文教材/12_Intracellular_Organization_and_Protein_Sorting/chunks/pages_0037-0048/images/page_39_image_7.jpg
EN1360,EN,5,英文未逐图审阅,,,,来源/英文教材/12_Intracellular_Organization_and_Protein_Sorting/chunks/pages_0037-0048/images/page_39_image_9.jpg
EN1361,EN,5,英文未逐图审阅,,,,来源/英文教材/12_Intracellular_Organization_and_Protein_Sorting/chunks/pages_0037-0048/images/page_40_image_9.jpg
EN1362,EN,5,英文未逐图审阅,,,,来源/英文教材/12_Intracellular_Organization_and_Protein_Sorting/chunks/pages_0037-0048/images/page_40_image_12.jpg
EN1363,EN,6,英文未逐图审阅,,,,来源/英文教材/12_Intracellular_Organization_and_Protein_Sorting/chunks/pages_0037-0048/images/page_41_image_13.jpg
EN1364,EN,6,英文未逐图审阅,,,,来源/英文教材/12_Intracellular_Organization_and_Protein_Sorting/chunks/pages_0037-0048/images/page_42_image_2.jpg
EN1365,EN,6,英文未逐图审阅,,,,来源/英文教材/12_Intracellular_Organization_and_Protein_Sorting/chunks/pages_0037-0048/images/page_42_image_6.jpg
EN1366,EN,6,英文未逐图审阅,,,,来源/英文教材/12_Intracellular_Organization_and_Protein_Sorting/chunks/pages_0037-0048/images/page_43_image_10.jpg
EN1367,EN,6,英文未逐图审阅,,,,来源/英文教材/12_Intracellular_Organization_and_Protein_Sorting/chunks/pages_0037-0048/images/page_44_image_2.jpg
EN1368,EN,6,英文未逐图审阅,,,,来源/英文教材/12_Intracellular_Organization_and_Protein_Sorting/chunks/pages_0037-0048/images/page_45_image_2.jpg
EN1369,EN,6,英文未逐图审阅,,,,来源/英文教材/12_Intracellular_Organization_and_Protein_Sorting/chunks/pages_0037-0048/images/page_46_image_6.jpg
EN1370,EN,6,英文未逐图审阅,,,,来源/英文教材/12_Intracellular_Organization_and_Protein_Sorting/chunks/pages_0037-0048/images/page_47_image_6.jpg
EN1371,EN,6,英文未逐图审阅,,,,来源/英文教材/12_Intracellular_Organization_and_Protein_Sorting/chunks/pages_0049-0060/images/page_49_image_2.jpg
EN1372,EN,6,英文未逐图审阅,,,,来源/英文教材/12_Intracellular_Organization_and_Protein_Sorting/chunks/pages_0049-0060/images/page_49_image_4.jpg
EN1373,EN,6,英文未逐图审阅,,,,来源/英文教材/12_Intracellular_Organization_and_Protein_Sorting/chunks/pages_0049-0060/images/page_49_image_6.jpg
EN1374,EN,6,英文未逐图审阅,,,,来源/英文教材/12_Intracellular_Organization_and_Protein_Sorting/chunks/pages_0049-0060/images/page_50_image_2.jpg
EN1375,EN,6,英文未逐图审阅,,,,来源/英文教材/12_Intracellular_Organization_and_Protein_Sorting/chunks/pages_0049-0060/images/page_51_image_4.jpg
EN1376,EN,9,英文未逐图审阅,,,,来源/英文教材/12_Intracellular_Organization_and_Protein_Sorting/chunks/pages_0049-0060/images/page_52_image_8.jpg
EN1377,EN,9,英文未逐图审阅,,,,来源/英文教材/12_Intracellular_Organization_and_Protein_Sorting/chunks/pages_0049-0060/images/page_52_image_10.jpg
EN1378,EN,9,英文未逐图审阅,,,,来源/英文教材/12_Intracellular_Organization_and_Protein_Sorting/chunks/pages_0049-0060/images/page_52_image_11.jpg
EN1379,EN,9,英文未逐图审阅,,,,来源/英文教材/12_Intracellular_Organization_and_Protein_Sorting/chunks/pages_0049-0060/images/page_54_image_2.jpg
EN1380,EN,9,英文未逐图审阅,,,,来源/英文教材/12_Intracellular_Organization_and_Protein_Sorting/chunks/pages_0049-0060/images/page_54_image_3.jpg
EN1381,EN,9,英文未逐图审阅,,,,来源/英文教材/12_Intracellular_Organization_and_Protein_Sorting/chunks/pages_0049-0060/images/page_54_image_6.jpg
EN1382,EN,9,英文未逐图审阅,,,,来源/英文教材/12_Intracellular_Organization_and_Protein_Sorting/chunks/pages_0049-0060/images/page_54_image_7.jpg
EN1383,EN,9,英文未逐图审阅,,,,来源/英文教材/12_Intracellular_Organization_and_Protein_Sorting/chunks/pages_0049-0060/images/page_55_image_2.jpg
EN1384,EN,9,英文未逐图审阅,,,,来源/英文教材/12_Intracellular_Organization_and_Protein_Sorting/chunks/pages_0049-0060/images/page_55_image_10.jpg
EN1385,EN,9,英文未逐图审阅,,,,来源/英文教材/12_Intracellular_Organization_and_Protein_Sorting/chunks/pages_0049-0060/images/page_56_image_2.jpg
EN1386,EN,9,英文未逐图审阅,,,,来源/英文教材/12_Intracellular_Organization_and_Protein_Sorting/chunks/pages_0049-0060/images/page_56_image_8.jpg
EN1387,EN,9,英文未逐图审阅,,,,来源/英文教材/12_Intracellular_Organization_and_Protein_Sorting/chunks/pages_0049-0060/images/page_57_image_7.jpg
EN1388,EN,9,英文未逐图审阅,,,,来源/英文教材/12_Intracellular_Organization_and_Protein_Sorting/chunks/pages_0049-0060/images/page_57_image_8.jpg
EN1389,EN,9,英文未逐图审阅,,,,来源/英文教材/12_Intracellular_Organization_and_Protein_Sorting/chunks/pages_0049-0060/images/page_58_image_6.jpg
EN1390,EN,9,英文未逐图审阅,,,,来源/英文教材/12_Intracellular_Organization_and_Protein_Sorting/chunks/pages_0049-0060/images/page_59_image_8.jpg
EN1391,EN,9,英文未逐图审阅,,,,来源/英文教材/12_Intracellular_Organization_and_Protein_Sorting/chunks/pages_0061-0066/images/page_60_image_0.jpg
EN1392,EN,9,英文未逐图审阅,,,,来源/英文教材/12_Intracellular_Organization_and_Protein_Sorting/chunks/pages_0061-0066/images/page_60_image_3.jpg
EN1393,EN,9,英文未逐图审阅,,,,来源/英文教材/12_Intracellular_Organization_and_Protein_Sorting/chunks/pages_0061-0066/images/page_61_image_2.jpg
EN1394,EN,6,英文未逐图审阅,,,,来源/英文教材/12_Intracellular_Organization_and_Protein_Sorting/chunks/pages_0061-0066/images/page_63_image_12.jpg
EN1395,EN,6,英文未逐图审阅,,,,来源/英文教材/12_Intracellular_Organization_and_Protein_Sorting/chunks/pages_0061-0066/images/page_63_image_17.jpg
EN1396,EN,6,英文未逐图审阅,,,,来源/英文教材/12_Intracellular_Organization_and_Protein_Sorting/chunks/pages_0061-0066/images/page_64_image_9.jpg
EN1397,EN,6,英文未逐图审阅,,,,来源/英文教材/12_Intracellular_Organization_and_Protein_Sorting/chunks/pages_0061-0066/images/page_64_image_10.jpg
EN1398,EN,6,英文未逐图审阅,,,,来源/英文教材/12_Intracellular_Organization_and_Protein_Sorting/chunks/pages_0061-0066/images/page_64_image_14.jpg
EN1399,EN,6,英文未逐图审阅,,,,来源/英文教材/13_Intracellular_Membrane_Traffic/chunks/pages_0001-0012/images/page_0_image_8.jpg
EN1400,EN,6,英文未逐图审阅,,,,来源/英文教材/13_Intracellular_Membrane_Traffic/chunks/pages_0001-0012/images/page_1_image_2.jpg
EN1401,EN,6,英文未逐图审阅,,,,来源/英文教材/13_Intracellular_Membrane_Traffic/chunks/pages_0001-0012/images/page_1_image_5.jpg
EN1402,EN,6,英文未逐图审阅,,,,来源/英文教材/13_Intracellular_Membrane_Traffic/chunks/pages_0001-0012/images/page_3_image_2.jpg
EN1403,EN,6,英文未逐图审阅,,,,来源/英文教材/13_Intracellular_Membrane_Traffic/chunks/pages_0001-0012/images/page_3_image_3.jpg
EN1404,EN,6,英文未逐图审阅,,,,来源/英文教材/13_Intracellular_Membrane_Traffic/chunks/pages_0001-0012/images/page_3_image_4.jpg
EN1405,EN,6,英文未逐图审阅,,,,来源/英文教材/13_Intracellular_Membrane_Traffic/chunks/pages_0001-0012/images/page_3_image_5.jpg
EN1406,EN,6,英文未逐图审阅,,,,来源/英文教材/13_Intracellular_Membrane_Traffic/chunks/pages_0001-0012/images/page_3_image_10.jpg
EN1407,EN,6,英文未逐图审阅,,,,来源/英文教材/13_Intracellular_Membrane_Traffic/chunks/pages_0001-0012/images/page_4_image_4.jpg
EN1408,EN,6,英文未逐图审阅,,,,来源/英文教材/13_Intracellular_Membrane_Traffic/chunks/pages_0001-0012/images/page_4_image_6.jpg
EN1409,EN,6,英文未逐图审阅,,,,来源/英文教材/13_Intracellular_Membrane_Traffic/chunks/pages_0001-0012/images/page_4_image_7.jpg
EN1410,EN,6,英文未逐图审阅,,,,来源/英文教材/13_Intracellular_Membrane_Traffic/chunks/pages_0001-0012/images/page_4_image_9.jpg
EN1411,EN,6,英文未逐图审阅,,,,来源/英文教材/13_Intracellular_Membrane_Traffic/chunks/pages_0001-0012/images/page_4_image_10.jpg
EN1412,EN,6,英文未逐图审阅,,,,来源/英文教材/13_Intracellular_Membrane_Traffic/chunks/pages_0001-0012/images/page_4_image_17.jpg
EN1413,EN,6,英文未逐图审阅,,,,来源/英文教材/13_Intracellular_Membrane_Traffic/chunks/pages_0001-0012/images/page_5_image_2.jpg
EN1414,EN,6,英文未逐图审阅,,,,来源/英文教材/13_Intracellular_Membrane_Traffic/chunks/pages_0001-0012/images/page_5_image_6.jpg
EN1415,EN,6,英文未逐图审阅,,,,来源/英文教材/13_Intracellular_Membrane_Traffic/chunks/pages_0001-0012/images/page_6_image_2.jpg
EN1416,EN,6,英文未逐图审阅,,,,来源/英文教材/13_Intracellular_Membrane_Traffic/chunks/pages_0001-0012/images/page_6_image_3.jpg
EN1417,EN,6,英文未逐图审阅,,,,来源/英文教材/13_Intracellular_Membrane_Traffic/chunks/pages_0001-0012/images/page_6_image_4.jpg
EN1418,EN,6,英文未逐图审阅,,,,来源/英文教材/13_Intracellular_Membrane_Traffic/chunks/pages_0001-0012/images/page_6_image_5.jpg
EN1419,EN,6,英文未逐图审阅,,,,来源/英文教材/13_Intracellular_Membrane_Traffic/chunks/pages_0001-0012/images/page_6_image_6.jpg
EN1420,EN,6,英文未逐图审阅,,,,来源/英文教材/13_Intracellular_Membrane_Traffic/chunks/pages_0001-0012/images/page_6_image_8.jpg
EN1421,EN,6,英文未逐图审阅,,,,来源/英文教材/13_Intracellular_Membrane_Traffic/chunks/pages_0001-0012/images/page_6_image_17.jpg
EN1422,EN,6,英文未逐图审阅,,,,来源/英文教材/13_Intracellular_Membrane_Traffic/chunks/pages_0001-0012/images/page_7_image_2.jpg
EN1423,EN,6,英文未逐图审阅,,,,来源/英文教材/13_Intracellular_Membrane_Traffic/chunks/pages_0001-0012/images/page_7_image_11.jpg
EN1424,EN,6,英文未逐图审阅,,,,来源/英文教材/13_Intracellular_Membrane_Traffic/chunks/pages_0001-0012/images/page_8_image_3.jpg
EN1425,EN,6,英文未逐图审阅,,,,来源/英文教材/13_Intracellular_Membrane_Traffic/chunks/pages_0001-0012/images/page_8_image_5.jpg
EN1426,EN,6,英文未逐图审阅,,,,来源/英文教材/13_Intracellular_Membrane_Traffic/chunks/pages_0001-0012/images/page_8_image_8.jpg
EN1427,EN,6,英文未逐图审阅,,,,来源/英文教材/13_Intracellular_Membrane_Traffic/chunks/pages_0001-0012/images/page_8_image_9.jpg
EN1428,EN,6,英文未逐图审阅,,,,来源/英文教材/13_Intracellular_Membrane_Traffic/chunks/pages_0001-0012/images/page_9_image_2.jpg
EN1429,EN,6,英文未逐图审阅,,,,来源/英文教材/13_Intracellular_Membrane_Traffic/chunks/pages_0001-0012/images/page_9_image_3.jpg
EN1430,EN,6,英文未逐图审阅,,,,来源/英文教材/13_Intracellular_Membrane_Traffic/chunks/pages_0001-0012/images/page_9_image_4.jpg
EN1431,EN,6,英文未逐图审阅,,,,来源/英文教材/13_Intracellular_Membrane_Traffic/chunks/pages_0001-0012/images/page_9_image_5.jpg
EN1432,EN,6,英文未逐图审阅,,,,来源/英文教材/13_Intracellular_Membrane_Traffic/chunks/pages_0001-0012/images/page_10_image_7.jpg
EN1433,EN,6,英文未逐图审阅,,,,来源/英文教材/13_Intracellular_Membrane_Traffic/chunks/pages_0013-0024/images/page_12_image_2.jpg
EN1434,EN,6,英文未逐图审阅,,,,来源/英文教材/13_Intracellular_Membrane_Traffic/chunks/pages_0013-0024/images/page_12_image_9.jpg
EN1435,EN,6,英文未逐图审阅,,,,来源/英文教材/13_Intracellular_Membrane_Traffic/chunks/pages_0013-0024/images/page_13_image_2.jpg
EN1436,EN,6,英文未逐图审阅,,,,来源/英文教材/13_Intracellular_Membrane_Traffic/chunks/pages_0013-0024/images/page_14_image_8.jpg
EN1437,EN,6,英文未逐图审阅,,,,来源/英文教材/13_Intracellular_Membrane_Traffic/chunks/pages_0013-0024/images/page_14_image_9.jpg
EN1438,EN,6,英文未逐图审阅,,,,来源/英文教材/13_Intracellular_Membrane_Traffic/chunks/pages_0013-0024/images/page_15_image_10.jpg
EN1439,EN,6,英文未逐图审阅,,,,来源/英文教材/13_Intracellular_Membrane_Traffic/chunks/pages_0013-0024/images/page_15_image_11.jpg
EN1440,EN,6,英文未逐图审阅,,,,来源/英文教材/13_Intracellular_Membrane_Traffic/chunks/pages_0013-0024/images/page_16_image_6.jpg
EN1441,EN,6,英文未逐图审阅,,,,来源/英文教材/13_Intracellular_Membrane_Traffic/chunks/pages_0013-0024/images/page_17_image_2.jpg
EN1442,EN,6,英文未逐图审阅,,,,来源/英文教材/13_Intracellular_Membrane_Traffic/chunks/pages_0013-0024/images/page_18_image_2.jpg
EN1443,EN,6,英文未逐图审阅,,,,来源/英文教材/13_Intracellular_Membrane_Traffic/chunks/pages_0013-0024/images/page_18_image_12.jpg
EN1444,EN,6,英文未逐图审阅,,,,来源/英文教材/13_Intracellular_Membrane_Traffic/chunks/pages_0013-0024/images/page_18_image_14.jpg
EN1445,EN,6,英文未逐图审阅,,,,来源/英文教材/13_Intracellular_Membrane_Traffic/chunks/pages_0013-0024/images/page_19_image_11.jpg
EN1446,EN,6,英文未逐图审阅,,,,来源/英文教材/13_Intracellular_Membrane_Traffic/chunks/pages_0013-0024/images/page_19_image_13.jpg
EN1447,EN,5,英文未逐图审阅,,,,来源/英文教材/13_Intracellular_Membrane_Traffic/chunks/pages_0013-0024/images/page_20_image_6.jpg
EN1448,EN,5,英文未逐图审阅,,,,来源/英文教材/13_Intracellular_Membrane_Traffic/chunks/pages_0013-0024/images/page_20_image_8.jpg
EN1449,EN,5,英文未逐图审阅,,,,来源/英文教材/13_Intracellular_Membrane_Traffic/chunks/pages_0013-0024/images/page_21_image_2.jpg
EN1450,EN,5,英文未逐图审阅,,,,来源/英文教材/13_Intracellular_Membrane_Traffic/chunks/pages_0013-0024/images/page_21_image_4.jpg
EN1451,EN,5,英文未逐图审阅,,,,来源/英文教材/13_Intracellular_Membrane_Traffic/chunks/pages_0013-0024/images/page_21_image_12.jpg
EN1452,EN,5,英文未逐图审阅,,,,来源/英文教材/13_Intracellular_Membrane_Traffic/chunks/pages_0013-0024/images/page_21_image_14.jpg
EN1453,EN,5,英文未逐图审阅,,,,来源/英文教材/13_Intracellular_Membrane_Traffic/chunks/pages_0013-0024/images/page_21_image_16.jpg
EN1454,EN,5,英文未逐图审阅,,,,来源/英文教材/13_Intracellular_Membrane_Traffic/chunks/pages_0013-0024/images/page_21_image_18.jpg
EN1455,EN,5,英文未逐图审阅,,,,来源/英文教材/13_Intracellular_Membrane_Traffic/chunks/pages_0013-0024/images/page_22_image_2.jpg
EN1456,EN,5,英文未逐图审阅,,,,来源/英文教材/13_Intracellular_Membrane_Traffic/chunks/pages_0013-0024/images/page_22_image_8.jpg
EN1457,EN,5,英文未逐图审阅,,,,来源/英文教材/13_Intracellular_Membrane_Traffic/chunks/pages_0013-0024/images/page_22_image_9.jpg
EN1458,EN,5,英文未逐图审阅,,,,来源/英文教材/13_Intracellular_Membrane_Traffic/chunks/pages_0013-0024/images/page_22_image_10.jpg
EN1459,EN,5,英文未逐图审阅,,,,来源/英文教材/13_Intracellular_Membrane_Traffic/chunks/pages_0013-0024/images/page_23_image_2.jpg
EN1460,EN,5,英文未逐图审阅,,,,来源/英文教材/13_Intracellular_Membrane_Traffic/chunks/pages_0025-0036/images/page_24_image_2.jpg
EN1461,EN,5,英文未逐图审阅,,,,来源/英文教材/13_Intracellular_Membrane_Traffic/chunks/pages_0025-0036/images/page_24_image_9.jpg
EN1462,EN,5,英文未逐图审阅,,,,来源/英文教材/13_Intracellular_Membrane_Traffic/chunks/pages_0025-0036/images/page_25_image_2.jpg
EN1463,EN,5,英文未逐图审阅,,,,来源/英文教材/13_Intracellular_Membrane_Traffic/chunks/pages_0025-0036/images/page_26_image_2.jpg
EN1464,EN,5,英文未逐图审阅,,,,来源/英文教材/13_Intracellular_Membrane_Traffic/chunks/pages_0025-0036/images/page_26_image_4.jpg
EN1465,EN,4,英文未逐图审阅,,,,来源/英文教材/13_Intracellular_Membrane_Traffic/chunks/pages_0025-0036/images/page_27_image_11.jpg
EN1466,EN,4,英文未逐图审阅,,,,来源/英文教材/13_Intracellular_Membrane_Traffic/chunks/pages_0025-0036/images/page_27_image_13.jpg
EN1467,EN,4,英文未逐图审阅,,,,来源/英文教材/13_Intracellular_Membrane_Traffic/chunks/pages_0025-0036/images/page_28_image_2.jpg
EN1468,EN,5,英文未逐图审阅,,,,来源/英文教材/13_Intracellular_Membrane_Traffic/chunks/pages_0025-0036/images/page_29_image_4.jpg
EN1469,EN,5,英文未逐图审阅,,,,来源/英文教材/13_Intracellular_Membrane_Traffic/chunks/pages_0025-0036/images/page_29_image_8.jpg
EN1470,EN,5,英文未逐图审阅,,,,来源/英文教材/13_Intracellular_Membrane_Traffic/chunks/pages_0025-0036/images/page_30_image_2.jpg
EN1471,EN,4,英文未逐图审阅,,,,来源/英文教材/13_Intracellular_Membrane_Traffic/chunks/pages_0025-0036/images/page_32_image_0.jpg
EN1472,EN,4,英文未逐图审阅,,,,来源/英文教材/13_Intracellular_Membrane_Traffic/chunks/pages_0025-0036/images/page_32_image_3.jpg
EN1473,EN,4,英文未逐图审阅,,,,来源/英文教材/13_Intracellular_Membrane_Traffic/chunks/pages_0025-0036/images/page_33_image_2.jpg
EN1474,EN,4,英文未逐图审阅,,,,来源/英文教材/13_Intracellular_Membrane_Traffic/chunks/pages_0025-0036/images/page_34_image_2.jpg
EN1475,EN,4,英文未逐图审阅,,,,来源/英文教材/13_Intracellular_Membrane_Traffic/chunks/pages_0025-0036/images/page_35_image_0.jpg
EN1476,EN,4,英文未逐图审阅,,,,来源/英文教材/13_Intracellular_Membrane_Traffic/chunks/pages_0037-0048/images/page_36_image_2.jpg
EN1477,EN,4,英文未逐图审阅,,,,来源/英文教材/13_Intracellular_Membrane_Traffic/chunks/pages_0037-0048/images/page_37_image_2.jpg
EN1478,EN,4,英文未逐图审阅,,,,来源/英文教材/13_Intracellular_Membrane_Traffic/chunks/pages_0037-0048/images/page_37_image_4.jpg
EN1479,EN,4,英文未逐图审阅,,,,来源/英文教材/13_Intracellular_Membrane_Traffic/chunks/pages_0037-0048/images/page_37_image_6.jpg
EN1480,EN,4,英文未逐图审阅,,,,来源/英文教材/13_Intracellular_Membrane_Traffic/chunks/pages_0037-0048/images/page_37_image_8.jpg
EN1481,EN,4,英文未逐图审阅,,,,来源/英文教材/13_Intracellular_Membrane_Traffic/chunks/pages_0037-0048/images/page_38_image_3.jpg
EN1482,EN,4,英文未逐图审阅,,,,来源/英文教材/13_Intracellular_Membrane_Traffic/chunks/pages_0037-0048/images/page_38_image_4.jpg
EN1483,EN,4,英文未逐图审阅,,,,来源/英文教材/13_Intracellular_Membrane_Traffic/chunks/pages_0037-0048/images/page_39_image_7.jpg
EN1484,EN,4,英文未逐图审阅,,,,来源/英文教材/13_Intracellular_Membrane_Traffic/chunks/pages_0037-0048/images/page_39_image_8.jpg
EN1485,EN,4,英文未逐图审阅,,,,来源/英文教材/13_Intracellular_Membrane_Traffic/chunks/pages_0037-0048/images/page_40_image_10.jpg
EN1486,EN,4,英文未逐图审阅,,,,来源/英文教材/13_Intracellular_Membrane_Traffic/chunks/pages_0037-0048/images/page_40_image_11.jpg
EN1487,EN,4,英文未逐图审阅,,,,来源/英文教材/13_Intracellular_Membrane_Traffic/chunks/pages_0037-0048/images/page_40_image_12.jpg
EN1488,EN,4,英文未逐图审阅,,,,来源/英文教材/13_Intracellular_Membrane_Traffic/chunks/pages_0037-0048/images/page_40_image_13.jpg
EN1489,EN,4,英文未逐图审阅,,,,来源/英文教材/13_Intracellular_Membrane_Traffic/chunks/pages_0037-0048/images/page_41_image_2.jpg
EN1490,EN,4,英文未逐图审阅,,,,来源/英文教材/13_Intracellular_Membrane_Traffic/chunks/pages_0037-0048/images/page_42_image_7.jpg
EN1491,EN,4,英文未逐图审阅,,,,来源/英文教材/13_Intracellular_Membrane_Traffic/chunks/pages_0037-0048/images/page_44_image_2.jpg
EN1492,EN,4,英文未逐图审阅,,,,来源/英文教材/13_Intracellular_Membrane_Traffic/chunks/pages_0037-0048/images/page_44_image_10.jpg
EN1493,EN,4,英文未逐图审阅,,,,来源/英文教材/13_Intracellular_Membrane_Traffic/chunks/pages_0037-0048/images/page_45_image_2.jpg
EN1494,EN,4,英文未逐图审阅,,,,来源/英文教材/13_Intracellular_Membrane_Traffic/chunks/pages_0037-0048/images/page_45_image_8.jpg
EN1495,EN,4,英文未逐图审阅,,,,来源/英文教材/13_Intracellular_Membrane_Traffic/chunks/pages_0037-0048/images/page_45_image_9.jpg
EN1496,EN,4,英文未逐图审阅,,,,来源/英文教材/13_Intracellular_Membrane_Traffic/chunks/pages_0037-0048/images/page_47_image_3.jpg
EN1497,EN,4,英文未逐图审阅,,,,来源/英文教材/13_Intracellular_Membrane_Traffic/chunks/pages_0037-0048/images/page_47_image_10.jpg
EN1498,EN,4,英文未逐图审阅,,,,来源/英文教材/13_Intracellular_Membrane_Traffic/chunks/pages_0049-0060/images/page_48_image_3.jpg
EN1499,EN,4,英文未逐图审阅,,,,来源/英文教材/13_Intracellular_Membrane_Traffic/chunks/pages_0049-0060/images/page_48_image_10.jpg
EN1500,EN,4,英文未逐图审阅,,,,来源/英文教材/13_Intracellular_Membrane_Traffic/chunks/pages_0049-0060/images/page_48_image_12.jpg
EN1501,EN,4,英文未逐图审阅,,,,来源/英文教材/13_Intracellular_Membrane_Traffic/chunks/pages_0049-0060/images/page_48_image_13.jpg
EN1502,EN,5,英文未逐图审阅,,,,来源/英文教材/13_Intracellular_Membrane_Traffic/chunks/pages_0049-0060/images/page_49_image_12.jpg
EN1503,EN,5,英文未逐图审阅,,,,来源/英文教材/13_Intracellular_Membrane_Traffic/chunks/pages_0049-0060/images/page_50_image_5.jpg
EN1504,EN,5,英文未逐图审阅,,,,来源/英文教材/13_Intracellular_Membrane_Traffic/chunks/pages_0049-0060/images/page_50_image_11.jpg
EN1505,EN,5,英文未逐图审阅,,,,来源/英文教材/13_Intracellular_Membrane_Traffic/chunks/pages_0049-0060/images/page_50_image_12.jpg
EN1506,EN,5,英文未逐图审阅,,,,来源/英文教材/13_Intracellular_Membrane_Traffic/chunks/pages_0049-0060/images/page_51_image_2.jpg
EN1507,EN,5,英文未逐图审阅,,,,来源/英文教材/13_Intracellular_Membrane_Traffic/chunks/pages_0049-0060/images/page_51_image_8.jpg
EN1508,EN,5,英文未逐图审阅,,,,来源/英文教材/13_Intracellular_Membrane_Traffic/chunks/pages_0049-0060/images/page_52_image_2.jpg
EN1509,EN,5,英文未逐图审阅,,,,来源/英文教材/13_Intracellular_Membrane_Traffic/chunks/pages_0049-0060/images/page_52_image_8.jpg
EN1510,EN,5,英文未逐图审阅,,,,来源/英文教材/13_Intracellular_Membrane_Traffic/chunks/pages_0049-0060/images/page_53_image_2.jpg
EN1511,EN,4,英文未逐图审阅,,,,来源/英文教材/13_Intracellular_Membrane_Traffic/chunks/pages_0049-0060/images/page_54_image_0.jpg
EN1512,EN,4,英文未逐图审阅,,,,来源/英文教材/13_Intracellular_Membrane_Traffic/chunks/pages_0049-0060/images/page_55_image_2.jpg
EN1513,EN,5,英文未逐图审阅,,,,来源/英文教材/13_Intracellular_Membrane_Traffic/chunks/pages_0049-0060/images/page_56_image_2.jpg
EN1514,EN,5,英文未逐图审阅,,,,来源/英文教材/13_Intracellular_Membrane_Traffic/chunks/pages_0049-0060/images/page_57_image_7.jpg
EN1515,EN,6,英文未逐图审阅,,,,来源/英文教材/13_Intracellular_Membrane_Traffic/chunks/pages_0049-0060/images/page_59_image_12.jpg
EN1516,EN,6,英文未逐图审阅,,,,来源/英文教材/13_Intracellular_Membrane_Traffic/chunks/pages_0049-0060/images/page_59_image_16.jpg
EN1517,EN,6,英文未逐图审阅,,,,来源/英文教材/13_Intracellular_Membrane_Traffic/chunks/pages_0049-0060/images/page_59_chart_17.jpg
EN1518,EN,6,英文未逐图审阅,,,,来源/英文教材/13_Intracellular_Membrane_Traffic/chunks/pages_0061-0062/images/page_60_image_9.jpg
EN1519,EN,6,英文未逐图审阅,,,,来源/英文教材/13_Intracellular_Membrane_Traffic/chunks/pages_0061-0062/images/page_60_image_16.jpg
EN1520,EN,7,英文未逐图审阅,,,,来源/英文教材/14_Energy_Conversion_and_Metabolic_Compartmentation_Mitochondria_and_Chloroplasts/chunks/pages_0001-0012/images/page_0_image_10.jpg
EN1521,EN,7,英文未逐图审阅,,,,来源/英文教材/14_Energy_Conversion_and_Metabolic_Compartmentation_Mitochondria_and_Chloroplasts/chunks/pages_0001-0012/images/page_1_image_2.jpg
EN1522,EN,7,英文未逐图审阅,,,,来源/英文教材/14_Energy_Conversion_and_Metabolic_Compartmentation_Mitochondria_and_Chloroplasts/chunks/pages_0001-0012/images/page_1_image_10.jpg
EN1523,EN,7,英文未逐图审阅,,,,来源/英文教材/14_Energy_Conversion_and_Metabolic_Compartmentation_Mitochondria_and_Chloroplasts/chunks/pages_0001-0012/images/page_2_image_2.jpg
EN1524,EN,7,英文未逐图审阅,,,,来源/英文教材/14_Energy_Conversion_and_Metabolic_Compartmentation_Mitochondria_and_Chloroplasts/chunks/pages_0001-0012/images/page_3_image_2.jpg
EN1525,EN,7,英文未逐图审阅,,,,来源/英文教材/14_Energy_Conversion_and_Metabolic_Compartmentation_Mitochondria_and_Chloroplasts/chunks/pages_0001-0012/images/page_4_image_2.jpg
EN1526,EN,7,英文未逐图审阅,,,,来源/英文教材/14_Energy_Conversion_and_Metabolic_Compartmentation_Mitochondria_and_Chloroplasts/chunks/pages_0001-0012/images/page_5_image_2.jpg
EN1527,EN,7,英文未逐图审阅,,,,来源/英文教材/14_Energy_Conversion_and_Metabolic_Compartmentation_Mitochondria_and_Chloroplasts/chunks/pages_0001-0012/images/page_5_image_7.jpg
EN1528,EN,7,英文未逐图审阅,,,,来源/英文教材/14_Energy_Conversion_and_Metabolic_Compartmentation_Mitochondria_and_Chloroplasts/chunks/pages_0001-0012/images/page_6_image_4.jpg
EN1529,EN,7,英文未逐图审阅,,,,来源/英文教材/14_Energy_Conversion_and_Metabolic_Compartmentation_Mitochondria_and_Chloroplasts/chunks/pages_0001-0012/images/page_7_image_2.jpg
EN1530,EN,7,英文未逐图审阅,,,,来源/英文教材/14_Energy_Conversion_and_Metabolic_Compartmentation_Mitochondria_and_Chloroplasts/chunks/pages_0001-0012/images/page_9_image_7.jpg
EN1531,EN,7,英文未逐图审阅,,,,来源/英文教材/14_Energy_Conversion_and_Metabolic_Compartmentation_Mitochondria_and_Chloroplasts/chunks/pages_0001-0012/images/page_9_image_8.jpg
EN1532,EN,7,英文未逐图审阅,,,,来源/英文教材/14_Energy_Conversion_and_Metabolic_Compartmentation_Mitochondria_and_Chloroplasts/chunks/pages_0001-0012/images/page_9_image_9.jpg
EN1533,EN,7,英文未逐图审阅,,,,来源/英文教材/14_Energy_Conversion_and_Metabolic_Compartmentation_Mitochondria_and_Chloroplasts/chunks/pages_0001-0012/images/page_10_image_9.jpg
EN1534,EN,7,英文未逐图审阅,,,,来源/英文教材/14_Energy_Conversion_and_Metabolic_Compartmentation_Mitochondria_and_Chloroplasts/chunks/pages_0001-0012/images/page_10_image_11.jpg
EN1535,EN,7,英文未逐图审阅,,,,来源/英文教材/14_Energy_Conversion_and_Metabolic_Compartmentation_Mitochondria_and_Chloroplasts/chunks/pages_0001-0012/images/page_10_image_13.jpg
EN1536,EN,7,英文未逐图审阅,,,,来源/英文教材/14_Energy_Conversion_and_Metabolic_Compartmentation_Mitochondria_and_Chloroplasts/chunks/pages_0001-0012/images/page_11_image_10.jpg
EN1537,EN,7,英文未逐图审阅,,,,来源/英文教材/14_Energy_Conversion_and_Metabolic_Compartmentation_Mitochondria_and_Chloroplasts/chunks/pages_0013-0024/images/page_14_image_3.jpg
EN1538,EN,7,英文未逐图审阅,,,,来源/英文教材/14_Energy_Conversion_and_Metabolic_Compartmentation_Mitochondria_and_Chloroplasts/chunks/pages_0013-0024/images/page_14_image_11.jpg
EN1539,EN,7,英文未逐图审阅,,,,来源/英文教材/14_Energy_Conversion_and_Metabolic_Compartmentation_Mitochondria_and_Chloroplasts/chunks/pages_0013-0024/images/page_14_image_18.jpg
EN1540,EN,7,英文未逐图审阅,,,,来源/英文教材/14_Energy_Conversion_and_Metabolic_Compartmentation_Mitochondria_and_Chloroplasts/chunks/pages_0013-0024/images/page_14_image_19.jpg
EN1541,EN,7,英文未逐图审阅,,,,来源/英文教材/14_Energy_Conversion_and_Metabolic_Compartmentation_Mitochondria_and_Chloroplasts/chunks/pages_0013-0024/images/page_14_image_21.jpg
EN1542,EN,7,英文未逐图审阅,,,,来源/英文教材/14_Energy_Conversion_and_Metabolic_Compartmentation_Mitochondria_and_Chloroplasts/chunks/pages_0013-0024/images/page_15_image_4.jpg
EN1543,EN,7,英文未逐图审阅,,,,来源/英文教材/14_Energy_Conversion_and_Metabolic_Compartmentation_Mitochondria_and_Chloroplasts/chunks/pages_0013-0024/images/page_15_image_11.jpg
EN1544,EN,7,英文未逐图审阅,,,,来源/英文教材/14_Energy_Conversion_and_Metabolic_Compartmentation_Mitochondria_and_Chloroplasts/chunks/pages_0013-0024/images/page_16_image_2.jpg
EN1545,EN,7,英文未逐图审阅,,,,来源/英文教材/14_Energy_Conversion_and_Metabolic_Compartmentation_Mitochondria_and_Chloroplasts/chunks/pages_0013-0024/images/page_16_image_10.jpg
EN1546,EN,7,英文未逐图审阅,,,,来源/英文教材/14_Energy_Conversion_and_Metabolic_Compartmentation_Mitochondria_and_Chloroplasts/chunks/pages_0013-0024/images/page_17_chart_2.jpg
EN1547,EN,7,英文未逐图审阅,,,,来源/英文教材/14_Energy_Conversion_and_Metabolic_Compartmentation_Mitochondria_and_Chloroplasts/chunks/pages_0013-0024/images/page_18_image_2.jpg
EN1548,EN,7,英文未逐图审阅,,,,来源/英文教材/14_Energy_Conversion_and_Metabolic_Compartmentation_Mitochondria_and_Chloroplasts/chunks/pages_0013-0024/images/page_19_image_2.jpg
EN1549,EN,7,英文未逐图审阅,,,,来源/英文教材/14_Energy_Conversion_and_Metabolic_Compartmentation_Mitochondria_and_Chloroplasts/chunks/pages_0013-0024/images/page_19_image_5.jpg
EN1550,EN,7,英文未逐图审阅,,,,来源/英文教材/14_Energy_Conversion_and_Metabolic_Compartmentation_Mitochondria_and_Chloroplasts/chunks/pages_0013-0024/images/page_20_image_2.jpg
EN1551,EN,7,英文未逐图审阅,,,,来源/英文教材/14_Energy_Conversion_and_Metabolic_Compartmentation_Mitochondria_and_Chloroplasts/chunks/pages_0013-0024/images/page_21_image_0.jpg
EN1552,EN,7,英文未逐图审阅,,,,来源/英文教材/14_Energy_Conversion_and_Metabolic_Compartmentation_Mitochondria_and_Chloroplasts/chunks/pages_0013-0024/images/page_22_image_2.jpg
EN1553,EN,7,英文未逐图审阅,,,,来源/英文教材/14_Energy_Conversion_and_Metabolic_Compartmentation_Mitochondria_and_Chloroplasts/chunks/pages_0013-0024/images/page_22_image_8.jpg
EN1554,EN,7,英文未逐图审阅,,,,来源/英文教材/14_Energy_Conversion_and_Metabolic_Compartmentation_Mitochondria_and_Chloroplasts/chunks/pages_0013-0024/images/page_23_image_2.jpg
EN1555,EN,7,英文未逐图审阅,,,,来源/英文教材/14_Energy_Conversion_and_Metabolic_Compartmentation_Mitochondria_and_Chloroplasts/chunks/pages_0013-0024/images/page_23_image_9.jpg
EN1556,EN,7,英文未逐图审阅,,,,来源/英文教材/14_Energy_Conversion_and_Metabolic_Compartmentation_Mitochondria_and_Chloroplasts/chunks/pages_0013-0024/images/page_23_image_10.jpg
EN1557,EN,7,英文未逐图审阅,,,,来源/英文教材/14_Energy_Conversion_and_Metabolic_Compartmentation_Mitochondria_and_Chloroplasts/chunks/pages_0025-0036/images/page_24_image_2.jpg
EN1558,EN,7,英文未逐图审阅,,,,来源/英文教材/14_Energy_Conversion_and_Metabolic_Compartmentation_Mitochondria_and_Chloroplasts/chunks/pages_0025-0036/images/page_26_image_2.jpg
EN1559,EN,7,英文未逐图审阅,,,,来源/英文教材/14_Energy_Conversion_and_Metabolic_Compartmentation_Mitochondria_and_Chloroplasts/chunks/pages_0025-0036/images/page_27_image_2.jpg
EN1560,EN,7,英文未逐图审阅,,,,来源/英文教材/14_Energy_Conversion_and_Metabolic_Compartmentation_Mitochondria_and_Chloroplasts/chunks/pages_0025-0036/images/page_28_image_11.jpg
EN1561,EN,7,英文未逐图审阅,,,,来源/英文教材/14_Energy_Conversion_and_Metabolic_Compartmentation_Mitochondria_and_Chloroplasts/chunks/pages_0025-0036/images/page_28_image_12.jpg
EN1562,EN,7,英文未逐图审阅,,,,来源/英文教材/14_Energy_Conversion_and_Metabolic_Compartmentation_Mitochondria_and_Chloroplasts/chunks/pages_0025-0036/images/page_29_image_2.jpg
EN1563,EN,7,英文未逐图审阅,,,,来源/英文教材/14_Energy_Conversion_and_Metabolic_Compartmentation_Mitochondria_and_Chloroplasts/chunks/pages_0025-0036/images/page_29_image_8.jpg
EN1564,EN,7,英文未逐图审阅,,,,来源/英文教材/14_Energy_Conversion_and_Metabolic_Compartmentation_Mitochondria_and_Chloroplasts/chunks/pages_0025-0036/images/page_30_image_6.jpg
EN1565,EN,7,英文未逐图审阅,,,,来源/英文教材/14_Energy_Conversion_and_Metabolic_Compartmentation_Mitochondria_and_Chloroplasts/chunks/pages_0025-0036/images/page_31_image_11.jpg
EN1566,EN,7,英文未逐图审阅,,,,来源/英文教材/14_Energy_Conversion_and_Metabolic_Compartmentation_Mitochondria_and_Chloroplasts/chunks/pages_0025-0036/images/page_31_image_12.jpg
EN1567,EN,7,英文未逐图审阅,,,,来源/英文教材/14_Energy_Conversion_and_Metabolic_Compartmentation_Mitochondria_and_Chloroplasts/chunks/pages_0025-0036/images/page_32_image_11.jpg
EN1568,EN,7,英文未逐图审阅,,,,来源/英文教材/14_Energy_Conversion_and_Metabolic_Compartmentation_Mitochondria_and_Chloroplasts/chunks/pages_0025-0036/images/page_33_image_2.jpg
EN1569,EN,7,英文未逐图审阅,,,,来源/英文教材/14_Energy_Conversion_and_Metabolic_Compartmentation_Mitochondria_and_Chloroplasts/chunks/pages_0025-0036/images/page_34_image_2.jpg
EN1570,EN,7,英文未逐图审阅,,,,来源/英文教材/14_Energy_Conversion_and_Metabolic_Compartmentation_Mitochondria_and_Chloroplasts/chunks/pages_0025-0036/images/page_35_image_2.jpg
EN1571,EN,7,英文未逐图审阅,,,,来源/英文教材/14_Energy_Conversion_and_Metabolic_Compartmentation_Mitochondria_and_Chloroplasts/chunks/pages_0037-0048/images/page_36_image_2.jpg
EN1572,EN,7,英文未逐图审阅,,,,来源/英文教材/14_Energy_Conversion_and_Metabolic_Compartmentation_Mitochondria_and_Chloroplasts/chunks/pages_0037-0048/images/page_37_image_2.jpg
EN1573,EN,7,英文未逐图审阅,,,,来源/英文教材/14_Energy_Conversion_and_Metabolic_Compartmentation_Mitochondria_and_Chloroplasts/chunks/pages_0037-0048/images/page_38_image_2.jpg
EN1574,EN,7,英文未逐图审阅,,,,来源/英文教材/14_Energy_Conversion_and_Metabolic_Compartmentation_Mitochondria_and_Chloroplasts/chunks/pages_0037-0048/images/page_38_image_4.jpg
EN1575,EN,7,英文未逐图审阅,,,,来源/英文教材/14_Energy_Conversion_and_Metabolic_Compartmentation_Mitochondria_and_Chloroplasts/chunks/pages_0037-0048/images/page_39_image_12.jpg
EN1576,EN,7,英文未逐图审阅,,,,来源/英文教材/14_Energy_Conversion_and_Metabolic_Compartmentation_Mitochondria_and_Chloroplasts/chunks/pages_0037-0048/images/page_40_image_2.jpg
EN1577,EN,7,英文未逐图审阅,,,,来源/英文教材/14_Energy_Conversion_and_Metabolic_Compartmentation_Mitochondria_and_Chloroplasts/chunks/pages_0037-0048/images/page_40_image_9.jpg
EN1578,EN,7,英文未逐图审阅,,,,来源/英文教材/14_Energy_Conversion_and_Metabolic_Compartmentation_Mitochondria_and_Chloroplasts/chunks/pages_0037-0048/images/page_41_image_7.jpg
EN1579,EN,7,英文未逐图审阅,,,,来源/英文教材/14_Energy_Conversion_and_Metabolic_Compartmentation_Mitochondria_and_Chloroplasts/chunks/pages_0037-0048/images/page_42_image_7.jpg
EN1580,EN,7,英文未逐图审阅,,,,来源/英文教材/14_Energy_Conversion_and_Metabolic_Compartmentation_Mitochondria_and_Chloroplasts/chunks/pages_0037-0048/images/page_43_image_2.jpg
EN1581,EN,7,英文未逐图审阅,,,,来源/英文教材/14_Energy_Conversion_and_Metabolic_Compartmentation_Mitochondria_and_Chloroplasts/chunks/pages_0037-0048/images/page_43_image_8.jpg
EN1582,EN,7,英文未逐图审阅,,,,来源/英文教材/14_Energy_Conversion_and_Metabolic_Compartmentation_Mitochondria_and_Chloroplasts/chunks/pages_0037-0048/images/page_44_image_2.jpg
EN1583,EN,7,英文未逐图审阅,,,,来源/英文教材/14_Energy_Conversion_and_Metabolic_Compartmentation_Mitochondria_and_Chloroplasts/chunks/pages_0037-0048/images/page_45_image_2.jpg
EN1584,EN,7,英文未逐图审阅,,,,来源/英文教材/14_Energy_Conversion_and_Metabolic_Compartmentation_Mitochondria_and_Chloroplasts/chunks/pages_0037-0048/images/page_46_image_4.jpg
EN1585,EN,7,英文未逐图审阅,,,,来源/英文教材/14_Energy_Conversion_and_Metabolic_Compartmentation_Mitochondria_and_Chloroplasts/chunks/pages_0037-0048/images/page_46_image_5.jpg
EN1586,EN,7,英文未逐图审阅,,,,来源/英文教材/14_Energy_Conversion_and_Metabolic_Compartmentation_Mitochondria_and_Chloroplasts/chunks/pages_0037-0048/images/page_46_image_7.jpg
EN1587,EN,7,英文未逐图审阅,,,,来源/英文教材/14_Energy_Conversion_and_Metabolic_Compartmentation_Mitochondria_and_Chloroplasts/chunks/pages_0037-0048/images/page_47_image_6.jpg
EN1588,EN,7,英文未逐图审阅,,,,来源/英文教材/14_Energy_Conversion_and_Metabolic_Compartmentation_Mitochondria_and_Chloroplasts/chunks/pages_0049-0060/images/page_48_image_2.jpg
EN1589,EN,7,英文未逐图审阅,,,,来源/英文教材/14_Energy_Conversion_and_Metabolic_Compartmentation_Mitochondria_and_Chloroplasts/chunks/pages_0049-0060/images/page_49_image_2.jpg
EN1590,EN,7,英文未逐图审阅,,,,来源/英文教材/14_Energy_Conversion_and_Metabolic_Compartmentation_Mitochondria_and_Chloroplasts/chunks/pages_0049-0060/images/page_49_image_3.jpg
EN1591,EN,7,英文未逐图审阅,,,,来源/英文教材/14_Energy_Conversion_and_Metabolic_Compartmentation_Mitochondria_and_Chloroplasts/chunks/pages_0049-0060/images/page_49_image_5.jpg
EN1592,EN,7,英文未逐图审阅,,,,来源/英文教材/14_Energy_Conversion_and_Metabolic_Compartmentation_Mitochondria_and_Chloroplasts/chunks/pages_0049-0060/images/page_50_image_11.jpg
EN1593,EN,7,英文未逐图审阅,,,,来源/英文教材/14_Energy_Conversion_and_Metabolic_Compartmentation_Mitochondria_and_Chloroplasts/chunks/pages_0049-0060/images/page_51_image_7.jpg
EN1594,EN,7,英文未逐图审阅,,,,来源/英文教材/14_Energy_Conversion_and_Metabolic_Compartmentation_Mitochondria_and_Chloroplasts/chunks/pages_0049-0060/images/page_52_image_2.jpg
EN1595,EN,7,英文未逐图审阅,,,,来源/英文教材/14_Energy_Conversion_and_Metabolic_Compartmentation_Mitochondria_and_Chloroplasts/chunks/pages_0049-0060/images/page_52_image_6.jpg
EN1596,EN,7,英文未逐图审阅,,,,来源/英文教材/14_Energy_Conversion_and_Metabolic_Compartmentation_Mitochondria_and_Chloroplasts/chunks/pages_0049-0060/images/page_54_chart_8.jpg
EN1597,EN,7,英文未逐图审阅,,,,来源/英文教材/14_Energy_Conversion_and_Metabolic_Compartmentation_Mitochondria_and_Chloroplasts/chunks/pages_0049-0060/images/page_55_image_10.jpg
EN1598,EN,7,英文未逐图审阅,,,,来源/英文教材/14_Energy_Conversion_and_Metabolic_Compartmentation_Mitochondria_and_Chloroplasts/chunks/pages_0049-0060/images/page_56_image_2.jpg
EN1599,EN,7,英文未逐图审阅,,,,来源/英文教材/14_Energy_Conversion_and_Metabolic_Compartmentation_Mitochondria_and_Chloroplasts/chunks/pages_0049-0060/images/page_58_image_10.jpg
EN1600,EN,7,英文未逐图审阅,,,,来源/英文教材/14_Energy_Conversion_and_Metabolic_Compartmentation_Mitochondria_and_Chloroplasts/chunks/pages_0049-0060/images/page_58_chart_14.jpg
EN1601,EN,7,英文未逐图审阅,,,,来源/英文教材/14_Energy_Conversion_and_Metabolic_Compartmentation_Mitochondria_and_Chloroplasts/chunks/pages_0049-0060/images/page_59_image_2.jpg
EN1602,EN,7,英文未逐图审阅,,,,来源/英文教材/14_Energy_Conversion_and_Metabolic_Compartmentation_Mitochondria_and_Chloroplasts/chunks/pages_0049-0060/images/page_59_chart_4.jpg
EN1603,EN,7,英文未逐图审阅,,,,来源/英文教材/14_Energy_Conversion_and_Metabolic_Compartmentation_Mitochondria_and_Chloroplasts/chunks/pages_0049-0060/images/page_59_image_19.jpg
EN1604,EN,11,英文未逐图审阅,,,,来源/英文教材/15_Cell_Signaling/chunks/pages_0001-0012/images/page_1_image_2.jpg
EN1605,EN,11,英文未逐图审阅,,,,来源/英文教材/15_Cell_Signaling/chunks/pages_0001-0012/images/page_2_image_2.jpg
EN1606,EN,11,英文未逐图审阅,,,,来源/英文教材/15_Cell_Signaling/chunks/pages_0001-0012/images/page_3_image_3.jpg
EN1607,EN,11,英文未逐图审阅,,,,来源/英文教材/15_Cell_Signaling/chunks/pages_0001-0012/images/page_3_chart_6.jpg
EN1608,EN,11,英文未逐图审阅,,,,来源/英文教材/15_Cell_Signaling/chunks/pages_0001-0012/images/page_4_image_2.jpg
EN1609,EN,11,英文未逐图审阅,,,,来源/英文教材/15_Cell_Signaling/chunks/pages_0001-0012/images/page_4_image_6.jpg
EN1610,EN,11,英文未逐图审阅,,,,来源/英文教材/15_Cell_Signaling/chunks/pages_0001-0012/images/page_4_image_8.jpg
EN1611,EN,11,英文未逐图审阅,,,,来源/英文教材/15_Cell_Signaling/chunks/pages_0001-0012/images/page_4_image_9.jpg
EN1612,EN,11,英文未逐图审阅,,,,来源/英文教材/15_Cell_Signaling/chunks/pages_0001-0012/images/page_4_image_10.jpg
EN1613,EN,11,英文未逐图审阅,,,,来源/英文教材/15_Cell_Signaling/chunks/pages_0001-0012/images/page_5_image_6.jpg
EN1614,EN,11,英文未逐图审阅,,,,来源/英文教材/15_Cell_Signaling/chunks/pages_0001-0012/images/page_7_image_2.jpg
EN1615,EN,11,英文未逐图审阅,,,,来源/英文教材/15_Cell_Signaling/chunks/pages_0001-0012/images/page_7_image_11.jpg
EN1616,EN,11,英文未逐图审阅,,,,来源/英文教材/15_Cell_Signaling/chunks/pages_0001-0012/images/page_8_image_2.jpg
EN1617,EN,11,英文未逐图审阅,,,,来源/英文教材/15_Cell_Signaling/chunks/pages_0001-0012/images/page_9_image_4.jpg
EN1618,EN,11,英文未逐图审阅,,,,来源/英文教材/15_Cell_Signaling/chunks/pages_0001-0012/images/page_9_image_5.jpg
EN1619,EN,11,英文未逐图审阅,,,,来源/英文教材/15_Cell_Signaling/chunks/pages_0001-0012/images/page_9_image_6.jpg
EN1620,EN,11,英文未逐图审阅,,,,来源/英文教材/15_Cell_Signaling/chunks/pages_0001-0012/images/page_11_image_2.jpg
EN1621,EN,11,英文未逐图审阅,,,,来源/英文教材/15_Cell_Signaling/chunks/pages_0001-0012/images/page_11_image_6.jpg
EN1622,EN,11,英文未逐图审阅,,,,来源/英文教材/15_Cell_Signaling/chunks/pages_0013-0024/images/page_12_image_10.jpg
EN1623,EN,11,英文未逐图审阅,,,,来源/英文教材/15_Cell_Signaling/chunks/pages_0013-0024/images/page_13_image_7.jpg
EN1624,EN,11,英文未逐图审阅,,,,来源/英文教材/15_Cell_Signaling/chunks/pages_0013-0024/images/page_14_chart_2.jpg
EN1625,EN,11,英文未逐图审阅,,,,来源/英文教材/15_Cell_Signaling/chunks/pages_0013-0024/images/page_14_chart_4.jpg
EN1626,EN,11,英文未逐图审阅,,,,来源/英文教材/15_Cell_Signaling/chunks/pages_0013-0024/images/page_14_chart_11.jpg
EN1627,EN,11,英文未逐图审阅,,,,来源/英文教材/15_Cell_Signaling/chunks/pages_0013-0024/images/page_15_chart_3.jpg
EN1628,EN,11,英文未逐图审阅,,,,来源/英文教材/15_Cell_Signaling/chunks/pages_0013-0024/images/page_15_image_11.jpg
EN1629,EN,11,英文未逐图审阅,,,,来源/英文教材/15_Cell_Signaling/chunks/pages_0013-0024/images/page_16_image_5.jpg
EN1630,EN,11,英文未逐图审阅,,,,来源/英文教材/15_Cell_Signaling/chunks/pages_0013-0024/images/page_16_image_7.jpg
EN1631,EN,11,英文未逐图审阅,,,,来源/英文教材/15_Cell_Signaling/chunks/pages_0013-0024/images/page_16_image_9.jpg
EN1632,EN,11,英文未逐图审阅,,,,来源/英文教材/15_Cell_Signaling/chunks/pages_0013-0024/images/page_16_image_10.jpg
EN1633,EN,11,英文未逐图审阅,,,,来源/英文教材/15_Cell_Signaling/chunks/pages_0013-0024/images/page_17_chart_2.jpg
EN1634,EN,11,英文未逐图审阅,,,,来源/英文教材/15_Cell_Signaling/chunks/pages_0013-0024/images/page_17_image_4.jpg
EN1635,EN,11,英文未逐图审阅,,,,来源/英文教材/15_Cell_Signaling/chunks/pages_0013-0024/images/page_18_image_2.jpg
EN1636,EN,11,英文未逐图审阅,,,,来源/英文教材/15_Cell_Signaling/chunks/pages_0013-0024/images/page_18_image_4.jpg
EN1637,EN,11,英文未逐图审阅,,,,来源/英文教材/15_Cell_Signaling/chunks/pages_0013-0024/images/page_18_image_6.jpg
EN1638,EN,11,英文未逐图审阅,,,,来源/英文教材/15_Cell_Signaling/chunks/pages_0013-0024/images/page_18_image_8.jpg
EN1639,EN,11,英文未逐图审阅,,,,来源/英文教材/15_Cell_Signaling/chunks/pages_0013-0024/images/page_18_image_10.jpg
EN1640,EN,11,英文未逐图审阅,,,,来源/英文教材/15_Cell_Signaling/chunks/pages_0013-0024/images/page_20_image_3.jpg
EN1641,EN,11,英文未逐图审阅,,,,来源/英文教材/15_Cell_Signaling/chunks/pages_0013-0024/images/page_20_image_10.jpg
EN1642,EN,11,英文未逐图审阅,,,,来源/英文教材/15_Cell_Signaling/chunks/pages_0013-0024/images/page_20_image_12.jpg
EN1643,EN,11,英文未逐图审阅,,,,来源/英文教材/15_Cell_Signaling/chunks/pages_0013-0024/images/page_21_image_2.jpg
EN1644,EN,11,英文未逐图审阅,,,,来源/英文教材/15_Cell_Signaling/chunks/pages_0013-0024/images/page_22_image_2.jpg
EN1645,EN,11,英文未逐图审阅,,,,来源/英文教材/15_Cell_Signaling/chunks/pages_0013-0024/images/page_22_image_10.jpg
EN1646,EN,11,英文未逐图审阅,,,,来源/英文教材/15_Cell_Signaling/chunks/pages_0013-0024/images/page_23_image_7.jpg
EN1647,EN,11,英文未逐图审阅,,,,来源/英文教材/15_Cell_Signaling/chunks/pages_0025-0036/images/page_24_image_4.jpg
EN1648,EN,11,英文未逐图审阅,,,,来源/英文教材/15_Cell_Signaling/chunks/pages_0025-0036/images/page_25_image_7.jpg
EN1649,EN,11,英文未逐图审阅,,,,来源/英文教材/15_Cell_Signaling/chunks/pages_0025-0036/images/page_26_image_2.jpg
EN1650,EN,11,英文未逐图审阅,,,,来源/英文教材/15_Cell_Signaling/chunks/pages_0025-0036/images/page_27_image_10.jpg
EN1651,EN,11,英文未逐图审阅,,,,来源/英文教材/15_Cell_Signaling/chunks/pages_0025-0036/images/page_28_image_2.jpg
EN1652,EN,11,英文未逐图审阅,,,,来源/英文教材/15_Cell_Signaling/chunks/pages_0025-0036/images/page_28_chart_5.jpg
EN1653,EN,11,英文未逐图审阅,,,,来源/英文教材/15_Cell_Signaling/chunks/pages_0025-0036/images/page_29_image_8.jpg
EN1654,EN,11,英文未逐图审阅,,,,来源/英文教材/15_Cell_Signaling/chunks/pages_0025-0036/images/page_30_image_3.jpg
EN1655,EN,11,英文未逐图审阅,,,,来源/英文教材/15_Cell_Signaling/chunks/pages_0025-0036/images/page_31_chart_2.jpg
EN1656,EN,11,英文未逐图审阅,,,,来源/英文教材/15_Cell_Signaling/chunks/pages_0025-0036/images/page_31_chart_3.jpg
EN1657,EN,11,英文未逐图审阅,,,,来源/英文教材/15_Cell_Signaling/chunks/pages_0025-0036/images/page_32_image_2.jpg
EN1658,EN,11,英文未逐图审阅,,,,来源/英文教材/15_Cell_Signaling/chunks/pages_0025-0036/images/page_32_image_4.jpg
EN1659,EN,11,英文未逐图审阅,,,,来源/英文教材/15_Cell_Signaling/chunks/pages_0025-0036/images/page_32_image_14.jpg
EN1660,EN,11,英文未逐图审阅,,,,来源/英文教材/15_Cell_Signaling/chunks/pages_0025-0036/images/page_33_image_9.jpg
EN1661,EN,11,英文未逐图审阅,,,,来源/英文教材/15_Cell_Signaling/chunks/pages_0025-0036/images/page_34_image_2.jpg
EN1662,EN,11,英文未逐图审阅,,,,来源/英文教材/15_Cell_Signaling/chunks/pages_0025-0036/images/page_35_image_9.jpg
EN1663,EN,11,英文未逐图审阅,,,,来源/英文教材/15_Cell_Signaling/chunks/pages_0025-0036/images/page_35_image_10.jpg
EN1664,EN,11,英文未逐图审阅,,,,来源/英文教材/15_Cell_Signaling/chunks/pages_0037-0048/images/page_36_image_5.jpg
EN1665,EN,11,英文未逐图审阅,,,,来源/英文教材/15_Cell_Signaling/chunks/pages_0037-0048/images/page_37_image_2.jpg
EN1666,EN,11,英文未逐图审阅,,,,来源/英文教材/15_Cell_Signaling/chunks/pages_0037-0048/images/page_39_image_2.jpg
EN1667,EN,11,英文未逐图审阅,,,,来源/英文教材/15_Cell_Signaling/chunks/pages_0037-0048/images/page_39_image_8.jpg
EN1668,EN,11,英文未逐图审阅,,,,来源/英文教材/15_Cell_Signaling/chunks/pages_0037-0048/images/page_40_image_2.jpg
EN1669,EN,11,英文未逐图审阅,,,,来源/英文教材/15_Cell_Signaling/chunks/pages_0037-0048/images/page_41_image_5.jpg
EN1670,EN,11,英文未逐图审阅,,,,来源/英文教材/15_Cell_Signaling/chunks/pages_0037-0048/images/page_41_image_6.jpg
EN1671,EN,11,英文未逐图审阅,,,,来源/英文教材/15_Cell_Signaling/chunks/pages_0037-0048/images/page_43_image_2.jpg
EN1672,EN,11,英文未逐图审阅,,,,来源/英文教材/15_Cell_Signaling/chunks/pages_0037-0048/images/page_44_image_2.jpg
EN1673,EN,11,英文未逐图审阅,,,,来源/英文教材/15_Cell_Signaling/chunks/pages_0037-0048/images/page_44_chart_3.jpg
EN1674,EN,11,英文未逐图审阅,,,,来源/英文教材/15_Cell_Signaling/chunks/pages_0037-0048/images/page_44_image_8.jpg
EN1675,EN,11,英文未逐图审阅,,,,来源/英文教材/15_Cell_Signaling/chunks/pages_0037-0048/images/page_45_image_8.jpg
EN1676,EN,11,英文未逐图审阅,,,,来源/英文教材/15_Cell_Signaling/chunks/pages_0037-0048/images/page_46_image_7.jpg
EN1677,EN,11,英文未逐图审阅,,,,来源/英文教材/15_Cell_Signaling/chunks/pages_0037-0048/images/page_47_image_8.jpg
EN1678,EN,11,英文未逐图审阅,,,,来源/英文教材/15_Cell_Signaling/chunks/pages_0049-0060/images/page_48_image_8.jpg
EN1679,EN,11,英文未逐图审阅,,,,来源/英文教材/15_Cell_Signaling/chunks/pages_0049-0060/images/page_49_image_5.jpg
EN1680,EN,11,英文未逐图审阅,,,,来源/英文教材/15_Cell_Signaling/chunks/pages_0049-0060/images/page_50_image_2.jpg
EN1681,EN,11,英文未逐图审阅,,,,来源/英文教材/15_Cell_Signaling/chunks/pages_0049-0060/images/page_52_image_2.jpg
EN1682,EN,11,已读并纳入,CELL11-158,TGFβⅡ型受体磷酸化Ⅰ型，Ⅰ型作用R-Smad，随后与Smad4组装入核；不是Ⅰ型先激活Ⅱ型，也不是受体酪氨酸激酶。,,来源/英文教材/15_Cell_Signaling/chunks/pages_0049-0060/images/page_54_image_2.jpg
EN1683,EN,11,英文未逐图审阅,,,,来源/英文教材/15_Cell_Signaling/chunks/pages_0049-0060/images/page_55_image_8.jpg
EN1684,EN,11,英文未逐图审阅,,,,来源/英文教材/15_Cell_Signaling/chunks/pages_0049-0060/images/page_56_image_5.jpg
EN1685,EN,11,英文未逐图审阅,,,,来源/英文教材/15_Cell_Signaling/chunks/pages_0049-0060/images/page_58_image_2.jpg
EN1686,EN,11,英文未逐图审阅,,,,来源/英文教材/15_Cell_Signaling/chunks/pages_0049-0060/images/page_58_image_3.jpg
EN1687,EN,11,英文未逐图审阅,,,,来源/英文教材/15_Cell_Signaling/chunks/pages_0061-0072/images/page_60_image_2.jpg
EN1688,EN,11,英文未逐图审阅,,,,来源/英文教材/15_Cell_Signaling/chunks/pages_0061-0072/images/page_61_image_7.jpg
EN1689,EN,11,英文未逐图审阅,,,,来源/英文教材/15_Cell_Signaling/chunks/pages_0061-0072/images/page_62_image_3.jpg
EN1690,EN,11,英文未逐图审阅,,,,来源/英文教材/15_Cell_Signaling/chunks/pages_0061-0072/images/page_62_chart_4.jpg
EN1691,EN,11,英文未逐图审阅,,,,来源/英文教材/15_Cell_Signaling/chunks/pages_0061-0072/images/page_62_chart_6.jpg
EN1692,EN,11,英文未逐图审阅,,,,来源/英文教材/15_Cell_Signaling/chunks/pages_0061-0072/images/page_62_image_7.jpg
EN1693,EN,11,英文未逐图审阅,,,,来源/英文教材/15_Cell_Signaling/chunks/pages_0061-0072/images/page_63_image_2.jpg
EN1694,EN,11,英文未逐图审阅,,,,来源/英文教材/15_Cell_Signaling/chunks/pages_0061-0072/images/page_64_image_0.jpg
EN1695,EN,11,英文未逐图审阅,,,,来源/英文教材/15_Cell_Signaling/chunks/pages_0061-0072/images/page_64_image_3.jpg
EN1696,EN,11,英文未逐图审阅,,,,来源/英文教材/15_Cell_Signaling/chunks/pages_0061-0072/images/page_64_image_6.jpg
EN1697,EN,11,英文未逐图审阅,,,,来源/英文教材/15_Cell_Signaling/chunks/pages_0061-0072/images/page_65_image_2.jpg
EN1698,EN,11,英文未逐图审阅,,,,来源/英文教材/15_Cell_Signaling/chunks/pages_0061-0072/images/page_66_image_2.jpg
EN1699,EN,11,英文未逐图审阅,,,,来源/英文教材/15_Cell_Signaling/chunks/pages_0061-0072/images/page_66_chart_5.jpg
EN1700,EN,11,英文未逐图审阅,,,,来源/英文教材/15_Cell_Signaling/chunks/pages_0061-0072/images/page_68_image_2.jpg
EN1701,EN,11,英文未逐图审阅,,,,来源/英文教材/15_Cell_Signaling/chunks/pages_0061-0072/images/page_69_image_7.jpg
EN1702,EN,11,英文未逐图审阅,,,,来源/英文教材/15_Cell_Signaling/chunks/pages_0061-0072/images/page_69_image_8.jpg
EN1703,EN,11,英文未逐图审阅,,,,来源/英文教材/15_Cell_Signaling/chunks/pages_0061-0072/images/page_69_image_10.jpg
EN1704,EN,11,英文未逐图审阅,,,,来源/英文教材/15_Cell_Signaling/chunks/pages_0061-0072/images/page_69_image_11.jpg
EN1705,EN,11,英文未逐图审阅,,,,来源/英文教材/15_Cell_Signaling/chunks/pages_0061-0072/images/page_70_image_7.jpg
EN1706,EN,11,英文未逐图审阅,,,,来源/英文教材/15_Cell_Signaling/chunks/pages_0061-0072/images/page_71_image_2.jpg
EN1707,EN,11,英文未逐图审阅,,,,来源/英文教材/15_Cell_Signaling/chunks/pages_0073-0076/images/page_72_image_2.jpg
EN1708,EN,11,英文未逐图审阅,,,,来源/英文教材/15_Cell_Signaling/chunks/pages_0073-0076/images/page_73_image_20.jpg
EN1709,EN,11,英文未逐图审阅,,,,来源/英文教材/15_Cell_Signaling/chunks/pages_0073-0076/images/page_73_image_25.jpg
EN1710,EN,11,英文未逐图审阅,,,,来源/英文教材/15_Cell_Signaling/chunks/pages_0073-0076/images/page_74_image_0.jpg
EN1711,EN,11,英文未逐图审阅,,,,来源/英文教材/15_Cell_Signaling/chunks/pages_0073-0076/images/page_74_chart_6.jpg
EN1712,EN,11,英文未逐图审阅,,,,来源/英文教材/15_Cell_Signaling/chunks/pages_0073-0076/images/page_74_image_8.jpg
EN1713,EN,11,英文未逐图审阅,,,,来源/英文教材/15_Cell_Signaling/chunks/pages_0073-0076/images/page_74_image_11.jpg
EN1714,EN,11,英文未逐图审阅,,,,来源/英文教材/15_Cell_Signaling/chunks/pages_0073-0076/images/page_74_image_14.jpg
EN1715,EN,8,英文未逐图审阅,,,,来源/英文教材/16_The_Cytoskeleton/chunks/pages_0001-0012/images/page_0_image_19.jpg
EN1716,EN,8,英文未逐图审阅,,,,来源/英文教材/16_The_Cytoskeleton/chunks/pages_0001-0012/images/page_0_image_22.jpg
EN1717,EN,8,英文未逐图审阅,,,,来源/英文教材/16_The_Cytoskeleton/chunks/pages_0001-0012/images/page_1_image_3.jpg
EN1718,EN,8,英文未逐图审阅,,,,来源/英文教材/16_The_Cytoskeleton/chunks/pages_0001-0012/images/page_1_image_5.jpg
EN1719,EN,8,英文未逐图审阅,,,,来源/英文教材/16_The_Cytoskeleton/chunks/pages_0001-0012/images/page_1_image_6.jpg
EN1720,EN,8,英文未逐图审阅,,,,来源/英文教材/16_The_Cytoskeleton/chunks/pages_0001-0012/images/page_1_image_7.jpg
EN1721,EN,8,英文未逐图审阅,,,,来源/英文教材/16_The_Cytoskeleton/chunks/pages_0001-0012/images/page_1_image_10.jpg
EN1722,EN,8,英文未逐图审阅,,,,来源/英文教材/16_The_Cytoskeleton/chunks/pages_0001-0012/images/page_1_image_12.jpg
EN1723,EN,8,英文未逐图审阅,,,,来源/英文教材/16_The_Cytoskeleton/chunks/pages_0001-0012/images/page_1_image_13.jpg
EN1724,EN,8,英文未逐图审阅,,,,来源/英文教材/16_The_Cytoskeleton/chunks/pages_0001-0012/images/page_1_image_14.jpg
EN1725,EN,8,英文未逐图审阅,,,,来源/英文教材/16_The_Cytoskeleton/chunks/pages_0001-0012/images/page_1_image_17.jpg
EN1726,EN,8,英文未逐图审阅,,,,来源/英文教材/16_The_Cytoskeleton/chunks/pages_0001-0012/images/page_1_image_19.jpg
EN1727,EN,8,英文未逐图审阅,,,,来源/英文教材/16_The_Cytoskeleton/chunks/pages_0001-0012/images/page_1_image_20.jpg
EN1728,EN,8,英文未逐图审阅,,,,来源/英文教材/16_The_Cytoskeleton/chunks/pages_0001-0012/images/page_1_image_21.jpg
EN1729,EN,8,英文未逐图审阅,,,,来源/英文教材/16_The_Cytoskeleton/chunks/pages_0001-0012/images/page_3_image_2.jpg
EN1730,EN,8,英文未逐图审阅,,,,来源/英文教材/16_The_Cytoskeleton/chunks/pages_0001-0012/images/page_3_image_9.jpg
EN1731,EN,8,英文未逐图审阅,,,,来源/英文教材/16_The_Cytoskeleton/chunks/pages_0001-0012/images/page_4_image_2.jpg
EN1732,EN,8,英文未逐图审阅,,,,来源/英文教材/16_The_Cytoskeleton/chunks/pages_0001-0012/images/page_5_image_5.jpg
EN1733,EN,8,英文未逐图审阅,,,,来源/英文教材/16_The_Cytoskeleton/chunks/pages_0001-0012/images/page_6_image_2.jpg
EN1734,EN,8,英文未逐图审阅,,,,来源/英文教材/16_The_Cytoskeleton/chunks/pages_0001-0012/images/page_8_chart_2.jpg
EN1735,EN,8,英文未逐图审阅,,,,来源/英文教材/16_The_Cytoskeleton/chunks/pages_0001-0012/images/page_8_chart_3.jpg
EN1736,EN,8,英文未逐图审阅,,,,来源/英文教材/16_The_Cytoskeleton/chunks/pages_0001-0012/images/page_9_image_2.jpg
EN1737,EN,8,英文未逐图审阅,,,,来源/英文教材/16_The_Cytoskeleton/chunks/pages_0001-0012/images/page_10_image_2.jpg
EN1738,EN,8,英文未逐图审阅,,,,来源/英文教材/16_The_Cytoskeleton/chunks/pages_0001-0012/images/page_10_image_6.jpg
EN1739,EN,8,英文未逐图审阅,,,,来源/英文教材/16_The_Cytoskeleton/chunks/pages_0001-0012/images/page_10_image_7.jpg
EN1740,EN,8,英文未逐图审阅,,,,来源/英文教材/16_The_Cytoskeleton/chunks/pages_0001-0012/images/page_11_image_4.jpg
EN1741,EN,8,英文未逐图审阅,,,,来源/英文教材/16_The_Cytoskeleton/chunks/pages_0001-0012/images/page_11_image_14.jpg
EN1742,EN,8,英文未逐图审阅,,,,来源/英文教材/16_The_Cytoskeleton/chunks/pages_0001-0012/images/page_11_image_19.jpg
EN1743,EN,8,英文未逐图审阅,,,,来源/英文教材/16_The_Cytoskeleton/chunks/pages_0001-0012/images/page_11_image_24.jpg
EN1744,EN,8,英文未逐图审阅,,,,来源/英文教材/16_The_Cytoskeleton/chunks/pages_0001-0012/images/page_11_image_28.jpg
EN1745,EN,8,英文未逐图审阅,,,,来源/英文教材/16_The_Cytoskeleton/chunks/pages_0013-0024/images/page_12_image_3.jpg
EN1746,EN,8,英文未逐图审阅,,,,来源/英文教材/16_The_Cytoskeleton/chunks/pages_0013-0024/images/page_12_image_6.jpg
EN1747,EN,8,英文未逐图审阅,,,,来源/英文教材/16_The_Cytoskeleton/chunks/pages_0013-0024/images/page_12_image_7.jpg
EN1748,EN,8,英文未逐图审阅,,,,来源/英文教材/16_The_Cytoskeleton/chunks/pages_0013-0024/images/page_12_image_19.jpg
EN1749,EN,8,英文未逐图审阅,,,,来源/英文教材/16_The_Cytoskeleton/chunks/pages_0013-0024/images/page_12_image_22.jpg
EN1750,EN,8,英文未逐图审阅,,,,来源/英文教材/16_The_Cytoskeleton/chunks/pages_0013-0024/images/page_12_image_23.jpg
EN1751,EN,8,英文未逐图审阅,,,,来源/英文教材/16_The_Cytoskeleton/chunks/pages_0013-0024/images/page_14_chart_2.jpg
EN1752,EN,8,英文未逐图审阅,,,,来源/英文教材/16_The_Cytoskeleton/chunks/pages_0013-0024/images/page_14_chart_3.jpg
EN1753,EN,8,英文未逐图审阅,,,,来源/英文教材/16_The_Cytoskeleton/chunks/pages_0013-0024/images/page_16_image_3.jpg
EN1754,EN,8,英文未逐图审阅,,,,来源/英文教材/16_The_Cytoskeleton/chunks/pages_0013-0024/images/page_17_image_0.jpg
EN1755,EN,8,英文未逐图审阅,,,,来源/英文教材/16_The_Cytoskeleton/chunks/pages_0013-0024/images/page_17_image_4.jpg
EN1756,EN,8,英文未逐图审阅,,,,来源/英文教材/16_The_Cytoskeleton/chunks/pages_0013-0024/images/page_17_image_5.jpg
EN1757,EN,8,英文未逐图审阅,,,,来源/英文教材/16_The_Cytoskeleton/chunks/pages_0013-0024/images/page_17_image_6.jpg
EN1758,EN,8,英文未逐图审阅,,,,来源/英文教材/16_The_Cytoskeleton/chunks/pages_0013-0024/images/page_18_image_2.jpg
EN1759,EN,8,英文未逐图审阅,,,,来源/英文教材/16_The_Cytoskeleton/chunks/pages_0013-0024/images/page_19_image_2.jpg
EN1760,EN,8,英文未逐图审阅,,,,来源/英文教材/16_The_Cytoskeleton/chunks/pages_0013-0024/images/page_19_image_7.jpg
EN1761,EN,8,英文未逐图审阅,,,,来源/英文教材/16_The_Cytoskeleton/chunks/pages_0013-0024/images/page_21_image_7.jpg
EN1762,EN,8,英文未逐图审阅,,,,来源/英文教材/16_The_Cytoskeleton/chunks/pages_0013-0024/images/page_21_image_9.jpg
EN1763,EN,8,英文未逐图审阅,,,,来源/英文教材/16_The_Cytoskeleton/chunks/pages_0013-0024/images/page_22_image_6.jpg
EN1764,EN,8,英文未逐图审阅,,,,来源/英文教材/16_The_Cytoskeleton/chunks/pages_0013-0024/images/page_22_image_8.jpg
EN1765,EN,8,英文未逐图审阅,,,,来源/英文教材/16_The_Cytoskeleton/chunks/pages_0013-0024/images/page_22_image_10.jpg
EN1766,EN,8,英文未逐图审阅,,,,来源/英文教材/16_The_Cytoskeleton/chunks/pages_0013-0024/images/page_23_image_2.jpg
EN1767,EN,8,英文未逐图审阅,,,,来源/英文教材/16_The_Cytoskeleton/chunks/pages_0025-0036/images/page_24_image_4.jpg
EN1768,EN,8,英文未逐图审阅,,,,来源/英文教材/16_The_Cytoskeleton/chunks/pages_0025-0036/images/page_26_image_2.jpg
EN1769,EN,8,英文未逐图审阅,,,,来源/英文教材/16_The_Cytoskeleton/chunks/pages_0025-0036/images/page_27_image_7.jpg
EN1770,EN,8,英文未逐图审阅,,,,来源/英文教材/16_The_Cytoskeleton/chunks/pages_0025-0036/images/page_28_image_2.jpg
EN1771,EN,8,英文未逐图审阅,,,,来源/英文教材/16_The_Cytoskeleton/chunks/pages_0025-0036/images/page_29_image_3.jpg
EN1772,EN,8,英文未逐图审阅,,,,来源/英文教材/16_The_Cytoskeleton/chunks/pages_0025-0036/images/page_30_image_2.jpg
EN1773,EN,8,英文未逐图审阅,,,,来源/英文教材/16_The_Cytoskeleton/chunks/pages_0025-0036/images/page_30_chart_3.jpg
EN1774,EN,8,英文未逐图审阅,,,,来源/英文教材/16_The_Cytoskeleton/chunks/pages_0025-0036/images/page_30_image_8.jpg
EN1775,EN,8,英文未逐图审阅,,,,来源/英文教材/16_The_Cytoskeleton/chunks/pages_0025-0036/images/page_30_image_9.jpg
EN1776,EN,8,英文未逐图审阅,,,,来源/英文教材/16_The_Cytoskeleton/chunks/pages_0025-0036/images/page_31_image_7.jpg
EN1777,EN,8,英文未逐图审阅,,,,来源/英文教材/16_The_Cytoskeleton/chunks/pages_0025-0036/images/page_31_image_9.jpg
EN1778,EN,8,英文未逐图审阅,,,,来源/英文教材/16_The_Cytoskeleton/chunks/pages_0025-0036/images/page_31_image_10.jpg
EN1779,EN,8,英文未逐图审阅,,,,来源/英文教材/16_The_Cytoskeleton/chunks/pages_0025-0036/images/page_31_image_11.jpg
EN1780,EN,8,英文未逐图审阅,,,,来源/英文教材/16_The_Cytoskeleton/chunks/pages_0025-0036/images/page_31_image_12.jpg
EN1781,EN,8,英文未逐图审阅,,,,来源/英文教材/16_The_Cytoskeleton/chunks/pages_0025-0036/images/page_31_image_13.jpg
EN1782,EN,8,英文未逐图审阅,,,,来源/英文教材/16_The_Cytoskeleton/chunks/pages_0025-0036/images/page_32_image_2.jpg
EN1783,EN,8,英文未逐图审阅,,,,来源/英文教材/16_The_Cytoskeleton/chunks/pages_0025-0036/images/page_33_image_2.jpg
EN1784,EN,8,英文未逐图审阅,,,,来源/英文教材/16_The_Cytoskeleton/chunks/pages_0025-0036/images/page_33_image_3.jpg
EN1785,EN,8,英文未逐图审阅,,,,来源/英文教材/16_The_Cytoskeleton/chunks/pages_0025-0036/images/page_34_image_2.jpg
EN1786,EN,8,英文未逐图审阅,,,,来源/英文教材/16_The_Cytoskeleton/chunks/pages_0025-0036/images/page_34_image_5.jpg
EN1787,EN,8,英文未逐图审阅,,,,来源/英文教材/16_The_Cytoskeleton/chunks/pages_0025-0036/images/page_34_image_7.jpg
EN1788,EN,8,英文未逐图审阅,,,,来源/英文教材/16_The_Cytoskeleton/chunks/pages_0025-0036/images/page_34_image_8.jpg
EN1789,EN,8,英文未逐图审阅,,,,来源/英文教材/16_The_Cytoskeleton/chunks/pages_0025-0036/images/page_34_image_9.jpg
EN1790,EN,8,英文未逐图审阅,,,,来源/英文教材/16_The_Cytoskeleton/chunks/pages_0025-0036/images/page_35_image_10.jpg
EN1791,EN,8,英文未逐图审阅,,,,来源/英文教材/16_The_Cytoskeleton/chunks/pages_0025-0036/images/page_35_image_12.jpg
EN1792,EN,8,英文未逐图审阅,,,,来源/英文教材/16_The_Cytoskeleton/chunks/pages_0037-0048/images/page_36_image_2.jpg
EN1793,EN,8,英文未逐图审阅,,,,来源/英文教材/16_The_Cytoskeleton/chunks/pages_0037-0048/images/page_36_image_3.jpg
EN1794,EN,8,英文未逐图审阅,,,,来源/英文教材/16_The_Cytoskeleton/chunks/pages_0037-0048/images/page_36_chart_6.jpg
EN1795,EN,8,英文未逐图审阅,,,,来源/英文教材/16_The_Cytoskeleton/chunks/pages_0037-0048/images/page_37_image_2.jpg
EN1796,EN,8,英文未逐图审阅,,,,来源/英文教材/16_The_Cytoskeleton/chunks/pages_0037-0048/images/page_38_image_5.jpg
EN1797,EN,8,英文未逐图审阅,,,,来源/英文教材/16_The_Cytoskeleton/chunks/pages_0037-0048/images/page_39_image_10.jpg
EN1798,EN,8,英文未逐图审阅,,,,来源/英文教材/16_The_Cytoskeleton/chunks/pages_0037-0048/images/page_40_image_7.jpg
EN1799,EN,8,英文未逐图审阅,,,,来源/英文教材/16_The_Cytoskeleton/chunks/pages_0037-0048/images/page_40_image_8.jpg
EN1800,EN,8,英文未逐图审阅,,,,来源/英文教材/16_The_Cytoskeleton/chunks/pages_0037-0048/images/page_40_image_11.jpg
EN1801,EN,8,英文未逐图审阅,,,,来源/英文教材/16_The_Cytoskeleton/chunks/pages_0037-0048/images/page_40_image_12.jpg
EN1802,EN,8,英文未逐图审阅,,,,来源/英文教材/16_The_Cytoskeleton/chunks/pages_0037-0048/images/page_41_image_2.jpg
EN1803,EN,8,英文未逐图审阅,,,,来源/英文教材/16_The_Cytoskeleton/chunks/pages_0037-0048/images/page_41_image_3.jpg
EN1804,EN,8,英文未逐图审阅,,,,来源/英文教材/16_The_Cytoskeleton/chunks/pages_0037-0048/images/page_41_image_4.jpg
EN1805,EN,8,英文未逐图审阅,,,,来源/英文教材/16_The_Cytoskeleton/chunks/pages_0037-0048/images/page_41_image_5.jpg
EN1806,EN,8,英文未逐图审阅,,,,来源/英文教材/16_The_Cytoskeleton/chunks/pages_0037-0048/images/page_41_image_6.jpg
EN1807,EN,8,英文未逐图审阅,,,,来源/英文教材/16_The_Cytoskeleton/chunks/pages_0037-0048/images/page_43_image_2.jpg
EN1808,EN,8,英文未逐图审阅,,,,来源/英文教材/16_The_Cytoskeleton/chunks/pages_0037-0048/images/page_43_image_6.jpg
EN1809,EN,8,英文未逐图审阅,,,,来源/英文教材/16_The_Cytoskeleton/chunks/pages_0037-0048/images/page_43_image_8.jpg
EN1810,EN,8,英文未逐图审阅,,,,来源/英文教材/16_The_Cytoskeleton/chunks/pages_0037-0048/images/page_44_image_2.jpg
EN1811,EN,8,英文未逐图审阅,,,,来源/英文教材/16_The_Cytoskeleton/chunks/pages_0037-0048/images/page_44_image_8.jpg
EN1812,EN,8,英文未逐图审阅,,,,来源/英文教材/16_The_Cytoskeleton/chunks/pages_0037-0048/images/page_45_image_3.jpg
EN1813,EN,8,英文未逐图审阅,,,,来源/英文教材/16_The_Cytoskeleton/chunks/pages_0037-0048/images/page_46_image_7.jpg
EN1814,EN,8,英文未逐图审阅,,,,来源/英文教材/16_The_Cytoskeleton/chunks/pages_0037-0048/images/page_47_image_2.jpg
EN1815,EN,8,英文未逐图审阅,,,,来源/英文教材/16_The_Cytoskeleton/chunks/pages_0037-0048/images/page_47_image_4.jpg
EN1816,EN,8,英文未逐图审阅,,,,来源/英文教材/16_The_Cytoskeleton/chunks/pages_0037-0048/images/page_47_image_5.jpg
EN1817,EN,8,英文未逐图审阅,,,,来源/英文教材/16_The_Cytoskeleton/chunks/pages_0037-0048/images/page_47_image_7.jpg
EN1818,EN,8,英文未逐图审阅,,,,来源/英文教材/16_The_Cytoskeleton/chunks/pages_0049-0060/images/page_48_image_2.jpg
EN1819,EN,8,英文未逐图审阅,,,,来源/英文教材/16_The_Cytoskeleton/chunks/pages_0049-0060/images/page_48_image_6.jpg
EN1820,EN,8,英文未逐图审阅,,,,来源/英文教材/16_The_Cytoskeleton/chunks/pages_0049-0060/images/page_49_image_3.jpg
EN1821,EN,8,英文未逐图审阅,,,,来源/英文教材/16_The_Cytoskeleton/chunks/pages_0049-0060/images/page_49_image_5.jpg
EN1822,EN,8,英文未逐图审阅,,,,来源/英文教材/16_The_Cytoskeleton/chunks/pages_0049-0060/images/page_49_image_13.jpg
EN1823,EN,8,英文未逐图审阅,,,,来源/英文教材/16_The_Cytoskeleton/chunks/pages_0049-0060/images/page_50_image_2.jpg
EN1824,EN,8,英文未逐图审阅,,,,来源/英文教材/16_The_Cytoskeleton/chunks/pages_0049-0060/images/page_51_image_2.jpg
EN1825,EN,8,英文未逐图审阅,,,,来源/英文教材/16_The_Cytoskeleton/chunks/pages_0049-0060/images/page_52_image_3.jpg
EN1826,EN,8,英文未逐图审阅,,,,来源/英文教材/16_The_Cytoskeleton/chunks/pages_0049-0060/images/page_52_image_6.jpg
EN1827,EN,8,英文未逐图审阅,,,,来源/英文教材/16_The_Cytoskeleton/chunks/pages_0049-0060/images/page_52_image_8.jpg
EN1828,EN,8,英文未逐图审阅,,,,来源/英文教材/16_The_Cytoskeleton/chunks/pages_0049-0060/images/page_52_image_9.jpg
EN1829,EN,8,英文未逐图审阅,,,,来源/英文教材/16_The_Cytoskeleton/chunks/pages_0049-0060/images/page_52_image_10.jpg
EN1830,EN,8,英文未逐图审阅,,,,来源/英文教材/16_The_Cytoskeleton/chunks/pages_0049-0060/images/page_53_image_2.jpg
EN1831,EN,8,英文未逐图审阅,,,,来源/英文教材/16_The_Cytoskeleton/chunks/pages_0049-0060/images/page_54_image_5.jpg
EN1832,EN,8,英文未逐图审阅,,,,来源/英文教材/16_The_Cytoskeleton/chunks/pages_0049-0060/images/page_54_image_8.jpg
EN1833,EN,8,英文未逐图审阅,,,,来源/英文教材/16_The_Cytoskeleton/chunks/pages_0049-0060/images/page_54_image_10.jpg
EN1834,EN,8,英文未逐图审阅,,,,来源/英文教材/16_The_Cytoskeleton/chunks/pages_0049-0060/images/page_54_image_11.jpg
EN1835,EN,8,英文未逐图审阅,,,,来源/英文教材/16_The_Cytoskeleton/chunks/pages_0049-0060/images/page_55_image_10.jpg
EN1836,EN,8,英文未逐图审阅,,,,来源/英文教材/16_The_Cytoskeleton/chunks/pages_0049-0060/images/page_56_image_3.jpg
EN1837,EN,8,英文未逐图审阅,,,,来源/英文教材/16_The_Cytoskeleton/chunks/pages_0049-0060/images/page_56_image_10.jpg
EN1838,EN,8,英文未逐图审阅,,,,来源/英文教材/16_The_Cytoskeleton/chunks/pages_0049-0060/images/page_56_image_12.jpg
EN1839,EN,8,英文未逐图审阅,,,,来源/英文教材/16_The_Cytoskeleton/chunks/pages_0049-0060/images/page_57_image_2.jpg
EN1840,EN,8,英文未逐图审阅,,,,来源/英文教材/16_The_Cytoskeleton/chunks/pages_0049-0060/images/page_59_chart_2.jpg
EN1841,EN,8,英文未逐图审阅,,,,来源/英文教材/16_The_Cytoskeleton/chunks/pages_0049-0060/images/page_59_image_3.jpg
EN1842,EN,8,英文未逐图审阅,,,,来源/英文教材/16_The_Cytoskeleton/chunks/pages_0061-0072/images/page_60_image_7.jpg
EN1843,EN,8,英文未逐图审阅,,,,来源/英文教材/16_The_Cytoskeleton/chunks/pages_0061-0072/images/page_61_image_2.jpg
EN1844,EN,8,英文未逐图审阅,,,,来源/英文教材/16_The_Cytoskeleton/chunks/pages_0061-0072/images/page_61_image_7.jpg
EN1845,EN,8,英文未逐图审阅,,,,来源/英文教材/16_The_Cytoskeleton/chunks/pages_0061-0072/images/page_61_image_8.jpg
EN1846,EN,8,英文未逐图审阅,,,,来源/英文教材/16_The_Cytoskeleton/chunks/pages_0061-0072/images/page_61_image_9.jpg
EN1847,EN,8,英文未逐图审阅,,,,来源/英文教材/16_The_Cytoskeleton/chunks/pages_0061-0072/images/page_62_image_8.jpg
EN1848,EN,8,英文未逐图审阅,,,,来源/英文教材/16_The_Cytoskeleton/chunks/pages_0061-0072/images/page_63_image_2.jpg
EN1849,EN,8,英文未逐图审阅,,,,来源/英文教材/16_The_Cytoskeleton/chunks/pages_0061-0072/images/page_64_image_5.jpg
EN1850,EN,8,英文未逐图审阅,,,,来源/英文教材/16_The_Cytoskeleton/chunks/pages_0061-0072/images/page_64_image_7.jpg
EN1851,EN,8,英文未逐图审阅,,,,来源/英文教材/16_The_Cytoskeleton/chunks/pages_0061-0072/images/page_64_image_9.jpg
EN1852,EN,8,英文未逐图审阅,,,,来源/英文教材/16_The_Cytoskeleton/chunks/pages_0061-0072/images/page_64_image_15.jpg
EN1853,EN,8,英文未逐图审阅,,,,来源/英文教材/16_The_Cytoskeleton/chunks/pages_0061-0072/images/page_64_image_17.jpg
EN1854,EN,8,英文未逐图审阅,,,,来源/英文教材/16_The_Cytoskeleton/chunks/pages_0061-0072/images/page_64_image_20.jpg
EN1855,EN,8,英文未逐图审阅,,,,来源/英文教材/16_The_Cytoskeleton/chunks/pages_0061-0072/images/page_65_image_3.jpg
EN1856,EN,8,英文未逐图审阅,,,,来源/英文教材/16_The_Cytoskeleton/chunks/pages_0061-0072/images/page_65_image_10.jpg
EN1857,EN,8,英文未逐图审阅,,,,来源/英文教材/16_The_Cytoskeleton/chunks/pages_0061-0072/images/page_65_image_12.jpg
EN1858,EN,8,英文未逐图审阅,,,,来源/英文教材/16_The_Cytoskeleton/chunks/pages_0061-0072/images/page_65_image_14.jpg
EN1859,EN,8,英文未逐图审阅,,,,来源/英文教材/16_The_Cytoskeleton/chunks/pages_0061-0072/images/page_66_image_2.jpg
EN1860,EN,8,英文未逐图审阅,,,,来源/英文教材/16_The_Cytoskeleton/chunks/pages_0061-0072/images/page_66_image_5.jpg
EN1861,EN,8,英文未逐图审阅,,,,来源/英文教材/16_The_Cytoskeleton/chunks/pages_0061-0072/images/page_66_image_10.jpg
EN1862,EN,8,英文未逐图审阅,,,,来源/英文教材/16_The_Cytoskeleton/chunks/pages_0061-0072/images/page_66_image_13.jpg
EN1863,EN,8,英文未逐图审阅,,,,来源/英文教材/16_The_Cytoskeleton/chunks/pages_0061-0072/images/page_66_image_15.jpg
EN1864,EN,8,英文未逐图审阅,,,,来源/英文教材/16_The_Cytoskeleton/chunks/pages_0061-0072/images/page_66_image_17.jpg
EN1865,EN,8,英文未逐图审阅,,,,来源/英文教材/16_The_Cytoskeleton/chunks/pages_0061-0072/images/page_66_image_18.jpg
EN1866,EN,8,英文未逐图审阅,,,,来源/英文教材/16_The_Cytoskeleton/chunks/pages_0061-0072/images/page_66_image_20.jpg
EN1867,EN,8,英文未逐图审阅,,,,来源/英文教材/16_The_Cytoskeleton/chunks/pages_0061-0072/images/page_67_image_12.jpg
EN1868,EN,8,英文未逐图审阅,,,,来源/英文教材/16_The_Cytoskeleton/chunks/pages_0061-0072/images/page_67_image_14.jpg
EN1869,EN,8,英文未逐图审阅,,,,来源/英文教材/16_The_Cytoskeleton/chunks/pages_0061-0072/images/page_67_image_15.jpg
EN1870,EN,8,英文未逐图审阅,,,,来源/英文教材/16_The_Cytoskeleton/chunks/pages_0061-0072/images/page_68_image_3.jpg
EN1871,EN,8,英文未逐图审阅,,,,来源/英文教材/16_The_Cytoskeleton/chunks/pages_0061-0072/images/page_68_image_6.jpg
EN1872,EN,8,英文未逐图审阅,,,,来源/英文教材/16_The_Cytoskeleton/chunks/pages_0061-0072/images/page_68_image_7.jpg
EN1873,EN,8,英文未逐图审阅,,,,来源/英文教材/16_The_Cytoskeleton/chunks/pages_0061-0072/images/page_68_image_10.jpg
EN1874,EN,8,英文未逐图审阅,,,,来源/英文教材/16_The_Cytoskeleton/chunks/pages_0061-0072/images/page_69_image_2.jpg
EN1875,EN,8,英文未逐图审阅,,,,来源/英文教材/16_The_Cytoskeleton/chunks/pages_0061-0072/images/page_70_image_0.jpg
EN1876,EN,8,英文未逐图审阅,,,,来源/英文教材/16_The_Cytoskeleton/chunks/pages_0061-0072/images/page_70_chart_3.jpg
EN1877,EN,8,英文未逐图审阅,,,,来源/英文教材/16_The_Cytoskeleton/chunks/pages_0061-0072/images/page_70_image_4.jpg
EN1878,EN,8,英文未逐图审阅,,,,来源/英文教材/16_The_Cytoskeleton/chunks/pages_0061-0072/images/page_71_image_3.jpg
EN1879,EN,8,英文未逐图审阅,,,,来源/英文教材/16_The_Cytoskeleton/chunks/pages_0061-0072/images/page_71_image_4.jpg
EN1880,EN,8,英文未逐图审阅,,,,来源/英文教材/16_The_Cytoskeleton/chunks/pages_0061-0072/images/page_71_image_6.jpg
EN1881,EN,8,英文未逐图审阅,,,,来源/英文教材/16_The_Cytoskeleton/chunks/pages_0061-0072/images/page_71_image_7.jpg
EN1882,EN,8,英文未逐图审阅,,,,来源/英文教材/16_The_Cytoskeleton/chunks/pages_0061-0072/images/page_71_image_10.jpg
EN1883,EN,8,英文未逐图审阅,,,,来源/英文教材/16_The_Cytoskeleton/chunks/pages_0073-0078/images/page_72_image_2.jpg
EN1884,EN,8,英文未逐图审阅,,,,来源/英文教材/16_The_Cytoskeleton/chunks/pages_0073-0078/images/page_73_image_2.jpg
EN1885,EN,8,英文未逐图审阅,,,,来源/英文教材/16_The_Cytoskeleton/chunks/pages_0073-0078/images/page_74_image_2.jpg
EN1886,EN,8,英文未逐图审阅,,,,来源/英文教材/16_The_Cytoskeleton/chunks/pages_0073-0078/images/page_75_chart_11.jpg
EN1887,EN,8,英文未逐图审阅,,,,来源/英文教材/16_The_Cytoskeleton/chunks/pages_0073-0078/images/page_75_chart_16.jpg
EN1888,EN,8,英文未逐图审阅,,,,来源/英文教材/16_The_Cytoskeleton/chunks/pages_0073-0078/images/page_76_chart_5.jpg
EN1889,EN,8,英文未逐图审阅,,,,来源/英文教材/16_The_Cytoskeleton/chunks/pages_0073-0078/images/page_76_chart_7.jpg
EN1890,EN,8,英文未逐图审阅,,,,来源/英文教材/16_The_Cytoskeleton/chunks/pages_0073-0078/images/page_76_chart_18.jpg
EN1891,EN,12,英文未逐图审阅,,,,来源/英文教材/17_The_Cell_Cycle/chunks/pages_0001-0012/images/page_1_image_2.jpg
EN1892,EN,12,英文未逐图审阅,,,,来源/英文教材/17_The_Cell_Cycle/chunks/pages_0001-0012/images/page_1_image_8.jpg
EN1893,EN,12,英文未逐图审阅,,,,来源/英文教材/17_The_Cell_Cycle/chunks/pages_0001-0012/images/page_2_image_2.jpg
EN1894,EN,12,英文未逐图审阅,,,,来源/英文教材/17_The_Cell_Cycle/chunks/pages_0001-0012/images/page_2_image_7.jpg
EN1895,EN,12,英文未逐图审阅,,,,来源/英文教材/17_The_Cell_Cycle/chunks/pages_0001-0012/images/page_3_image_9.jpg
EN1896,EN,12,英文未逐图审阅,,,,来源/英文教材/17_The_Cell_Cycle/chunks/pages_0001-0012/images/page_4_image_2.jpg
EN1897,EN,13,英文未逐图审阅,,,,来源/英文教材/17_The_Cell_Cycle/chunks/pages_0001-0012/images/page_4_chart_11.jpg
EN1898,EN,13,英文未逐图审阅,,,,来源/英文教材/17_The_Cell_Cycle/chunks/pages_0001-0012/images/page_5_image_2.jpg
EN1899,EN,13,英文未逐图审阅,,,,来源/英文教材/17_The_Cell_Cycle/chunks/pages_0001-0012/images/page_6_image_3.jpg
EN1900,EN,13,英文未逐图审阅,,,,来源/英文教材/17_The_Cell_Cycle/chunks/pages_0001-0012/images/page_6_image_12.jpg
EN1901,EN,13,英文未逐图审阅,,,,来源/英文教材/17_The_Cell_Cycle/chunks/pages_0001-0012/images/page_7_image_2.jpg
EN1902,EN,13,英文未逐图审阅,,,,来源/英文教材/17_The_Cell_Cycle/chunks/pages_0001-0012/images/page_7_image_10.jpg
EN1903,EN,13,英文未逐图审阅,,,,来源/英文教材/17_The_Cell_Cycle/chunks/pages_0001-0012/images/page_8_image_2.jpg
EN1904,EN,13,英文未逐图审阅,,,,来源/英文教材/17_The_Cell_Cycle/chunks/pages_0001-0012/images/page_8_image_14.jpg
EN1905,EN,13,英文未逐图审阅,,,,来源/英文教材/17_The_Cell_Cycle/chunks/pages_0001-0012/images/page_9_image_2.jpg
EN1906,EN,13,英文未逐图审阅,,,,来源/英文教材/17_The_Cell_Cycle/chunks/pages_0001-0012/images/page_10_image_5.jpg
EN1907,EN,13,英文未逐图审阅,,,,来源/英文教材/17_The_Cell_Cycle/chunks/pages_0001-0012/images/page_11_image_2.jpg
EN1908,EN,13,英文未逐图审阅,,,,来源/英文教材/17_The_Cell_Cycle/chunks/pages_0013-0024/images/page_12_image_2.jpg
EN1909,EN,13,英文未逐图审阅,,,,来源/英文教材/17_The_Cell_Cycle/chunks/pages_0013-0024/images/page_13_image_2.jpg
EN1910,EN,13,英文未逐图审阅,,,,来源/英文教材/17_The_Cell_Cycle/chunks/pages_0013-0024/images/page_15_image_2.jpg
EN1911,EN,12,英文未逐图审阅,,,,来源/英文教材/17_The_Cell_Cycle/chunks/pages_0013-0024/images/page_16_image_6.jpg
EN1912,EN,12,英文未逐图审阅,,,,来源/英文教材/17_The_Cell_Cycle/chunks/pages_0013-0024/images/page_17_image_2.jpg
EN1913,EN,12,英文未逐图审阅,,,,来源/英文教材/17_The_Cell_Cycle/chunks/pages_0013-0024/images/page_19_image_2.jpg
EN1914,EN,12,英文未逐图审阅,,,,来源/英文教材/17_The_Cell_Cycle/chunks/pages_0013-0024/images/page_20_image_9.jpg
EN1915,EN,12,英文未逐图审阅,,,,来源/英文教材/17_The_Cell_Cycle/chunks/pages_0013-0024/images/page_20_image_10.jpg
EN1916,EN,12,英文未逐图审阅,,,,来源/英文教材/17_The_Cell_Cycle/chunks/pages_0013-0024/images/page_21_image_3.jpg
EN1917,EN,12,英文未逐图审阅,,,,来源/英文教材/17_The_Cell_Cycle/chunks/pages_0013-0024/images/page_21_image_6.jpg
EN1918,EN,12,英文未逐图审阅,,,,来源/英文教材/17_The_Cell_Cycle/chunks/pages_0013-0024/images/page_21_image_9.jpg
EN1919,EN,12,英文未逐图审阅,,,,来源/英文教材/17_The_Cell_Cycle/chunks/pages_0013-0024/images/page_21_image_12.jpg
EN1920,EN,12,英文未逐图审阅,,,,来源/英文教材/17_The_Cell_Cycle/chunks/pages_0013-0024/images/page_21_image_15.jpg
EN1921,EN,12,英文未逐图审阅,,,,来源/英文教材/17_The_Cell_Cycle/chunks/pages_0013-0024/images/page_21_image_18.jpg
EN1922,EN,12,英文未逐图审阅,,,,来源/英文教材/17_The_Cell_Cycle/chunks/pages_0013-0024/images/page_22_image_2.jpg
EN1923,EN,12,英文未逐图审阅,,,,来源/英文教材/17_The_Cell_Cycle/chunks/pages_0013-0024/images/page_22_image_4.jpg
EN1924,EN,12,英文未逐图审阅,,,,来源/英文教材/17_The_Cell_Cycle/chunks/pages_0013-0024/images/page_22_image_8.jpg
EN1925,EN,12,英文未逐图审阅,,,,来源/英文教材/17_The_Cell_Cycle/chunks/pages_0013-0024/images/page_22_image_9.jpg
EN1926,EN,12,英文未逐图审阅,,,,来源/英文教材/17_The_Cell_Cycle/chunks/pages_0013-0024/images/page_22_image_11.jpg
EN1927,EN,12,英文未逐图审阅,,,,来源/英文教材/17_The_Cell_Cycle/chunks/pages_0013-0024/images/page_22_image_14.jpg
EN1928,EN,12,英文未逐图审阅,,,,来源/英文教材/17_The_Cell_Cycle/chunks/pages_0013-0024/images/page_22_image_15.jpg
EN1929,EN,12,英文未逐图审阅,,,,来源/英文教材/17_The_Cell_Cycle/chunks/pages_0013-0024/images/page_22_image_17.jpg
EN1930,EN,12,英文未逐图审阅,,,,来源/英文教材/17_The_Cell_Cycle/chunks/pages_0013-0024/images/page_22_image_21.jpg
EN1931,EN,12,英文未逐图审阅,,,,来源/英文教材/17_The_Cell_Cycle/chunks/pages_0013-0024/images/page_23_image_10.jpg
EN1932,EN,12,英文未逐图审阅,,,,来源/英文教材/17_The_Cell_Cycle/chunks/pages_0013-0024/images/page_23_image_11.jpg
EN1933,EN,12,英文未逐图审阅,,,,来源/英文教材/17_The_Cell_Cycle/chunks/pages_0013-0024/images/page_23_image_13.jpg
EN1934,EN,12,英文未逐图审阅,,,,来源/英文教材/17_The_Cell_Cycle/chunks/pages_0013-0024/images/page_23_image_15.jpg
EN1935,EN,12,英文未逐图审阅,,,,来源/英文教材/17_The_Cell_Cycle/chunks/pages_0025-0036/images/page_24_image_4.jpg
EN1936,EN,12,英文未逐图审阅,,,,来源/英文教材/17_The_Cell_Cycle/chunks/pages_0025-0036/images/page_24_image_10.jpg
EN1937,EN,12,英文未逐图审阅,,,,来源/英文教材/17_The_Cell_Cycle/chunks/pages_0025-0036/images/page_24_image_11.jpg
EN1938,EN,12,英文未逐图审阅,,,,来源/英文教材/17_The_Cell_Cycle/chunks/pages_0025-0036/images/page_26_image_2.jpg
EN1939,EN,12,英文未逐图审阅,,,,来源/英文教材/17_The_Cell_Cycle/chunks/pages_0025-0036/images/page_27_image_1.jpg
EN1940,EN,12,英文未逐图审阅,,,,来源/英文教材/17_The_Cell_Cycle/chunks/pages_0025-0036/images/page_28_image_4.jpg
EN1941,EN,12,英文未逐图审阅,,,,来源/英文教材/17_The_Cell_Cycle/chunks/pages_0025-0036/images/page_28_image_9.jpg
EN1942,EN,12,英文未逐图审阅,,,,来源/英文教材/17_The_Cell_Cycle/chunks/pages_0025-0036/images/page_29_image_6.jpg
EN1943,EN,12,英文未逐图审阅,,,,来源/英文教材/17_The_Cell_Cycle/chunks/pages_0025-0036/images/page_29_image_8.jpg
EN1944,EN,12,英文未逐图审阅,,,,来源/英文教材/17_The_Cell_Cycle/chunks/pages_0025-0036/images/page_29_image_9.jpg
EN1945,EN,12,英文未逐图审阅,,,,来源/英文教材/17_The_Cell_Cycle/chunks/pages_0025-0036/images/page_29_image_10.jpg
EN1946,EN,12,英文未逐图审阅,,,,来源/英文教材/17_The_Cell_Cycle/chunks/pages_0025-0036/images/page_30_image_2.jpg
EN1947,EN,12,英文未逐图审阅,,,,来源/英文教材/17_The_Cell_Cycle/chunks/pages_0025-0036/images/page_30_image_5.jpg
EN1948,EN,12,英文未逐图审阅,,,,来源/英文教材/17_The_Cell_Cycle/chunks/pages_0025-0036/images/page_30_image_7.jpg
EN1949,EN,12,英文未逐图审阅,,,,来源/英文教材/17_The_Cell_Cycle/chunks/pages_0025-0036/images/page_31_image_2.jpg
EN1950,EN,12,英文未逐图审阅,,,,来源/英文教材/17_The_Cell_Cycle/chunks/pages_0025-0036/images/page_32_image_2.jpg
EN1951,EN,12,英文未逐图审阅,,,,来源/英文教材/17_The_Cell_Cycle/chunks/pages_0025-0036/images/page_33_image_2.jpg
EN1952,EN,12,英文未逐图审阅,,,,来源/英文教材/17_The_Cell_Cycle/chunks/pages_0025-0036/images/page_34_image_2.jpg
EN1953,EN,12,英文未逐图审阅,,,,来源/英文教材/17_The_Cell_Cycle/chunks/pages_0025-0036/images/page_34_image_6.jpg
EN1954,EN,12,英文未逐图审阅,,,,来源/英文教材/17_The_Cell_Cycle/chunks/pages_0025-0036/images/page_35_image_9.jpg
EN1955,EN,12,英文未逐图审阅,,,,来源/英文教材/17_The_Cell_Cycle/chunks/pages_0037-0048/images/page_36_image_2.jpg
EN1956,EN,12,英文未逐图审阅,,,,来源/英文教材/17_The_Cell_Cycle/chunks/pages_0037-0048/images/page_37_image_9.jpg
EN1957,EN,12,英文未逐图审阅,,,,来源/英文教材/17_The_Cell_Cycle/chunks/pages_0037-0048/images/page_37_image_12.jpg
EN1958,EN,12,英文未逐图审阅,,,,来源/英文教材/17_The_Cell_Cycle/chunks/pages_0037-0048/images/page_37_image_14.jpg
EN1959,EN,12,英文未逐图审阅,,,,来源/英文教材/17_The_Cell_Cycle/chunks/pages_0037-0048/images/page_38_image_0.jpg
EN1960,EN,12,英文未逐图审阅,,,,来源/英文教材/17_The_Cell_Cycle/chunks/pages_0037-0048/images/page_39_image_2.jpg
EN1961,EN,12,英文未逐图审阅,,,,来源/英文教材/17_The_Cell_Cycle/chunks/pages_0037-0048/images/page_39_image_9.jpg
EN1962,EN,12,英文未逐图审阅,,,,来源/英文教材/17_The_Cell_Cycle/chunks/pages_0037-0048/images/page_40_image_2.jpg
EN1963,EN,12,英文未逐图审阅,,,,来源/英文教材/17_The_Cell_Cycle/chunks/pages_0037-0048/images/page_40_image_3.jpg
EN1964,EN,12,英文未逐图审阅,,,,来源/英文教材/17_The_Cell_Cycle/chunks/pages_0037-0048/images/page_41_image_2.jpg
EN1965,EN,12,英文未逐图审阅,,,,来源/英文教材/17_The_Cell_Cycle/chunks/pages_0037-0048/images/page_41_image_7.jpg
EN1966,EN,12,英文未逐图审阅,,,,来源/英文教材/17_The_Cell_Cycle/chunks/pages_0037-0048/images/page_42_image_2.jpg
EN1967,EN,12,英文未逐图审阅,,,,来源/英文教材/17_The_Cell_Cycle/chunks/pages_0037-0048/images/page_42_image_5.jpg
EN1968,EN,12,英文未逐图审阅,,,,来源/英文教材/17_The_Cell_Cycle/chunks/pages_0037-0048/images/page_43_image_2.jpg
EN1969,EN,12,英文未逐图审阅,,,,来源/英文教材/17_The_Cell_Cycle/chunks/pages_0037-0048/images/page_43_image_3.jpg
EN1970,EN,12,英文未逐图审阅,,,,来源/英文教材/17_The_Cell_Cycle/chunks/pages_0037-0048/images/page_43_image_4.jpg
EN1971,EN,12,英文未逐图审阅,,,,来源/英文教材/17_The_Cell_Cycle/chunks/pages_0037-0048/images/page_43_image_7.jpg
EN1972,EN,12,英文未逐图审阅,,,,来源/英文教材/17_The_Cell_Cycle/chunks/pages_0037-0048/images/page_44_image_2.jpg
EN1973,EN,12,英文未逐图审阅,,,,来源/英文教材/17_The_Cell_Cycle/chunks/pages_0037-0048/images/page_44_image_7.jpg
EN1974,EN,12,英文未逐图审阅,,,,来源/英文教材/17_The_Cell_Cycle/chunks/pages_0037-0048/images/page_45_image_3.jpg
EN1975,EN,12,英文未逐图审阅,,,,来源/英文教材/17_The_Cell_Cycle/chunks/pages_0037-0048/images/page_46_image_7.jpg
EN1976,EN,12,英文未逐图审阅,,,,来源/英文教材/17_The_Cell_Cycle/chunks/pages_0037-0048/images/page_46_image_9.jpg
EN1977,EN,12,英文未逐图审阅,,,,来源/英文教材/17_The_Cell_Cycle/chunks/pages_0037-0048/images/page_47_image_2.jpg
EN1978,EN,12,英文未逐图审阅,,,,来源/英文教材/17_The_Cell_Cycle/chunks/pages_0037-0048/images/page_47_image_6.jpg
EN1979,EN,12,英文未逐图审阅,,,,来源/英文教材/17_The_Cell_Cycle/chunks/pages_0049-0060/images/page_48_image_6.jpg
EN1980,EN,12,英文未逐图审阅,,,,来源/英文教材/17_The_Cell_Cycle/chunks/pages_0049-0060/images/page_49_image_9.jpg
EN1981,EN,13,英文未逐图审阅,,,,来源/英文教材/17_The_Cell_Cycle/chunks/pages_0049-0060/images/page_53_image_2.jpg
EN1982,EN,13,英文未逐图审阅,,,,来源/英文教材/17_The_Cell_Cycle/chunks/pages_0049-0060/images/page_54_image_2.jpg
EN1983,EN,13,英文未逐图审阅,,,,来源/英文教材/17_The_Cell_Cycle/chunks/pages_0049-0060/images/page_56_image_6.jpg
EN1984,EN,13,英文未逐图审阅,,,,来源/英文教材/17_The_Cell_Cycle/chunks/pages_0049-0060/images/page_57_image_2.jpg
EN1985,EN,12,英文未逐图审阅,,,,来源/英文教材/17_The_Cell_Cycle/chunks/pages_0049-0060/images/page_58_chart_14.jpg
EN1986,EN,12,英文未逐图审阅,,,,来源/英文教材/17_The_Cell_Cycle/chunks/pages_0049-0060/images/page_58_chart_19.jpg
EN1987,EN,12,英文未逐图审阅,,,,来源/英文教材/17_The_Cell_Cycle/chunks/pages_0049-0060/images/page_59_image_6.jpg
EN1988,EN,12,英文未逐图审阅,,,,来源/英文教材/17_The_Cell_Cycle/chunks/pages_0049-0060/images/page_59_image_7.jpg
EN1989,EN,12,英文未逐图审阅,,,,来源/英文教材/17_The_Cell_Cycle/chunks/pages_0049-0060/images/page_59_image_9.jpg
EN1990,EN,12,英文未逐图审阅,,,,来源/英文教材/17_The_Cell_Cycle/chunks/pages_0049-0060/images/page_59_image_12.jpg
EN1991,EN,12,英文未逐图审阅,,,,来源/英文教材/17_The_Cell_Cycle/chunks/pages_0049-0060/images/page_59_image_13.jpg
EN1992,EN,12,英文未逐图审阅,,,,来源/英文教材/17_The_Cell_Cycle/chunks/pages_0049-0060/images/page_59_image_15.jpg
EN1993,EN,12,英文未逐图审阅,,,,来源/英文教材/17_The_Cell_Cycle/chunks/pages_0049-0060/images/page_59_image_20.jpg
EN1994,EN,15,英文未逐图审阅,,,,来源/英文教材/18_Cell_Death/chunks/pages_0001-0012/images/page_1_image_2.jpg
EN1995,EN,15,英文未逐图审阅,,,,来源/英文教材/18_Cell_Death/chunks/pages_0001-0012/images/page_1_image_9.jpg
EN1996,EN,15,英文未逐图审阅,,,,来源/英文教材/18_Cell_Death/chunks/pages_0001-0012/images/page_1_image_11.jpg
EN1997,EN,15,已读并纳入,CELL15-047,启动caspase的关键早期步骤是适配平台诱导接近和二聚；切割与后续成熟不能被当作所有启动酶唯一的初始激活机制。,,来源/英文教材/18_Cell_Death/chunks/pages_0001-0012/images/page_2_image_7.jpg
EN1998,EN,15,已读并纳入,CELL15-049,执行caspase通常原已为不活跃二聚体，启动caspase切割使构象重排并产生执行活性；与上一图启动酶的二聚激活对照。,,来源/英文教材/18_Cell_Death/chunks/pages_0001-0012/images/page_3_image_2.jpg
EN1999,EN,15,英文未逐图审阅,,,,来源/英文教材/18_Cell_Death/chunks/pages_0001-0012/images/page_3_image_7.jpg
EN2000,EN,15,英文未逐图审阅,,,,来源/英文教材/18_Cell_Death/chunks/pages_0001-0012/images/page_4_image_6.jpg
EN2001,EN,15,英文未逐图审阅,,,,来源/英文教材/18_Cell_Death/chunks/pages_0001-0012/images/page_5_image_8.jpg
EN2002,EN,15,英文未逐图审阅,,,,来源/英文教材/18_Cell_Death/chunks/pages_0001-0012/images/page_5_image_10.jpg
EN2003,EN,15,英文未逐图审阅,,,,来源/英文教材/18_Cell_Death/chunks/pages_0001-0012/images/page_5_image_14.jpg
EN2004,EN,15,已读并纳入,CELL15-059,胞质细胞色素c促进Apaf1与核苷酸结合及寡聚，募集caspase-9形成凋亡体；启动酶在平台上活化，再激活执行酶。,,来源/英文教材/18_Cell_Death/chunks/pages_0001-0012/images/page_6_image_2.jpg
EN2005,EN,15,已读并纳入,CELL15-067,抗凋亡Bcl2类、Bax/Bak效应类、BH3-only调控类属于不同功能组；Smac及细胞色素c不是这些家族的同名成员。,,来源/英文教材/18_Cell_Death/chunks/pages_0001-0012/images/page_7_image_2.jpg
EN2006,EN,15,已读并纳入,CELL15-064,Bak活化后暴露相互作用部位并在外膜寡聚；不能把它等同所有情况下都只调节VDAC开关。,,来源/英文教材/18_Cell_Death/chunks/pages_0001-0012/images/page_8_image_2.jpg
EN2007,EN,15,已读并纳入,CELL15-066,Bcl-xL结合促凋亡效应蛋白，可限制寡聚及MOMP；图的阻断符号表示调控抑制。,,来源/英文教材/18_Cell_Death/chunks/pages_0001-0012/images/page_8_image_4.jpg
EN2008,EN,15,已读并纳入,CELL15-064,Bak寡聚化促进MOMP，使膜间隙可溶蛋白释放；内膜呼吸功能与外膜通透化是不同层次。,,来源/英文教材/18_Cell_Death/chunks/pages_0001-0012/images/page_8_image_6.jpg
EN2009,EN,15,已读并纳入,CELL15-069,Bad可结合抗凋亡成员，解除其对效应成员的限制，间接促进MOMP；不同BH3-only成员作用方式并不完全相同。,,来源/英文教材/18_Cell_Death/chunks/pages_0001-0012/images/page_8_image_8.jpg
EN2010,EN,15,已读并纳入,CELL15-077,Smac/Omi解除XIAP对caspase的抑制，细胞色素c启动Apaf1平台；两个促进凋亡的作用步骤不同。,,来源/英文教材/18_Cell_Death/chunks/pages_0001-0012/images/page_9_image_10.jpg
EN2011,EN,15,英文未逐图审阅,,,,来源/英文教材/18_Cell_Death/chunks/pages_0001-0012/images/page_10_image_2.jpg
EN2012,EN,15,英文未逐图审阅,,,,来源/英文教材/18_Cell_Death/chunks/pages_0001-0012/images/page_10_image_7.jpg
EN2013,EN,15,已读并纳入,CELL15-087,执行caspase使ATP依赖PS翻转酶失活，同时使扰乱酶活化，协同促PS外露；外露也可能见于其他情境，不能单指标判凋亡。,,来源/英文教材/18_Cell_Death/chunks/pages_0013-0016/images/page_12_image_2.jpg
EN2014,EN,15,英文未逐图审阅,,,,来源/英文教材/18_Cell_Death/chunks/pages_0013-0016/images/page_13_image_10.jpg
EN2015,EN,15,英文未逐图审阅,,,,来源/英文教材/18_Cell_Death/chunks/pages_0013-0016/images/page_13_image_11.jpg
EN2016,EN,15,英文未逐图审阅,,,,来源/英文教材/18_Cell_Death/chunks/pages_0013-0016/images/page_14_image_8.jpg
EN2017,EN,15,英文未逐图审阅,,,,来源/英文教材/18_Cell_Death/chunks/pages_0013-0016/images/page_14_image_14.jpg
EN2018,EN,15,英文未逐图审阅,,,,来源/英文教材/18_Cell_Death/chunks/pages_0013-0016/images/page_14_image_17.jpg
EN2019,EN,15,英文未逐图审阅,,,,来源/英文教材/18_Cell_Death/chunks/pages_0013-0016/images/page_14_image_22.jpg
EN2020,EN,15,英文未逐图审阅,,,,来源/英文教材/18_Cell_Death/chunks/pages_0013-0016/images/page_14_image_25.jpg
EN2021,EN,15,英文未逐图审阅,,,,来源/英文教材/18_Cell_Death/chunks/pages_0013-0016/images/page_14_image_26.jpg
EN2022,EN,15,英文未逐图审阅,,,,来源/英文教材/18_Cell_Death/chunks/pages_0013-0016/images/page_14_image_29.jpg
EN2023,EN,16,英文未逐图审阅,,,,来源/英文教材/19_Cell_Junctions_and_the_Extracellular_Matrix/chunks/pages_0001-0012/images/page_1_image_2.jpg
EN2024,EN,16,英文未逐图审阅,,,,来源/英文教材/19_Cell_Junctions_and_the_Extracellular_Matrix/chunks/pages_0001-0012/images/page_1_image_8.jpg
EN2025,EN,16,英文未逐图审阅,,,,来源/英文教材/19_Cell_Junctions_and_the_Extracellular_Matrix/chunks/pages_0001-0012/images/page_2_image_2.jpg
EN2026,EN,16,英文未逐图审阅,,,,来源/英文教材/19_Cell_Junctions_and_the_Extracellular_Matrix/chunks/pages_0001-0012/images/page_4_image_3.jpg
EN2027,EN,16,英文未逐图审阅,,,,来源/英文教材/19_Cell_Junctions_and_the_Extracellular_Matrix/chunks/pages_0001-0012/images/page_4_image_8.jpg
EN2028,EN,16,英文未逐图审阅,,,,来源/英文教材/19_Cell_Junctions_and_the_Extracellular_Matrix/chunks/pages_0001-0012/images/page_4_image_9.jpg
EN2029,EN,16,英文未逐图审阅,,,,来源/英文教材/19_Cell_Junctions_and_the_Extracellular_Matrix/chunks/pages_0001-0012/images/page_5_image_2.jpg
EN2030,EN,16,英文未逐图审阅,,,,来源/英文教材/19_Cell_Junctions_and_the_Extracellular_Matrix/chunks/pages_0001-0012/images/page_5_image_3.jpg
EN2031,EN,16,英文未逐图审阅,,,,来源/英文教材/19_Cell_Junctions_and_the_Extracellular_Matrix/chunks/pages_0001-0012/images/page_5_image_8.jpg
EN2032,EN,16,英文未逐图审阅,,,,来源/英文教材/19_Cell_Junctions_and_the_Extracellular_Matrix/chunks/pages_0001-0012/images/page_6_image_2.jpg
EN2033,EN,16,英文未逐图审阅,,,,来源/英文教材/19_Cell_Junctions_and_the_Extracellular_Matrix/chunks/pages_0001-0012/images/page_6_image_3.jpg
EN2034,EN,16,英文未逐图审阅,,,,来源/英文教材/19_Cell_Junctions_and_the_Extracellular_Matrix/chunks/pages_0001-0012/images/page_6_image_5.jpg
EN2035,EN,16,英文未逐图审阅,,,,来源/英文教材/19_Cell_Junctions_and_the_Extracellular_Matrix/chunks/pages_0001-0012/images/page_6_image_9.jpg
EN2036,EN,16,英文未逐图审阅,,,,来源/英文教材/19_Cell_Junctions_and_the_Extracellular_Matrix/chunks/pages_0001-0012/images/page_6_image_10.jpg
EN2037,EN,16,英文未逐图审阅,,,,来源/英文教材/19_Cell_Junctions_and_the_Extracellular_Matrix/chunks/pages_0001-0012/images/page_7_chart_6.jpg
EN2038,EN,16,英文未逐图审阅,,,,来源/英文教材/19_Cell_Junctions_and_the_Extracellular_Matrix/chunks/pages_0001-0012/images/page_7_chart_7.jpg
EN2039,EN,16,英文未逐图审阅,,,,来源/英文教材/19_Cell_Junctions_and_the_Extracellular_Matrix/chunks/pages_0001-0012/images/page_7_image_8.jpg
EN2040,EN,16,英文未逐图审阅,,,,来源/英文教材/19_Cell_Junctions_and_the_Extracellular_Matrix/chunks/pages_0001-0012/images/page_8_image_6.jpg
EN2041,EN,16,英文未逐图审阅,,,,来源/英文教材/19_Cell_Junctions_and_the_Extracellular_Matrix/chunks/pages_0001-0012/images/page_9_image_1.jpg
EN2042,EN,16,英文未逐图审阅,,,,来源/英文教材/19_Cell_Junctions_and_the_Extracellular_Matrix/chunks/pages_0001-0012/images/page_10_image_2.jpg
EN2043,EN,16,英文未逐图审阅,,,,来源/英文教材/19_Cell_Junctions_and_the_Extracellular_Matrix/chunks/pages_0001-0012/images/page_10_image_6.jpg
EN2044,EN,16,英文未逐图审阅,,,,来源/英文教材/19_Cell_Junctions_and_the_Extracellular_Matrix/chunks/pages_0001-0012/images/page_11_image_2.jpg
EN2045,EN,16,英文未逐图审阅,,,,来源/英文教材/19_Cell_Junctions_and_the_Extracellular_Matrix/chunks/pages_0013-0024/images/page_12_image_2.jpg
EN2046,EN,16,英文未逐图审阅,,,,来源/英文教材/19_Cell_Junctions_and_the_Extracellular_Matrix/chunks/pages_0013-0024/images/page_12_image_3.jpg
EN2047,EN,16,英文未逐图审阅,,,,来源/英文教材/19_Cell_Junctions_and_the_Extracellular_Matrix/chunks/pages_0013-0024/images/page_12_image_4.jpg
EN2048,EN,16,英文未逐图审阅,,,,来源/英文教材/19_Cell_Junctions_and_the_Extracellular_Matrix/chunks/pages_0013-0024/images/page_12_image_10.jpg
EN2049,EN,16,英文未逐图审阅,,,,来源/英文教材/19_Cell_Junctions_and_the_Extracellular_Matrix/chunks/pages_0013-0024/images/page_13_image_2.jpg
EN2050,EN,16,英文未逐图审阅,,,,来源/英文教材/19_Cell_Junctions_and_the_Extracellular_Matrix/chunks/pages_0013-0024/images/page_14_image_4.jpg
EN2051,EN,16,英文未逐图审阅,,,,来源/英文教材/19_Cell_Junctions_and_the_Extracellular_Matrix/chunks/pages_0013-0024/images/page_14_image_5.jpg
EN2052,EN,16,英文未逐图审阅,,,,来源/英文教材/19_Cell_Junctions_and_the_Extracellular_Matrix/chunks/pages_0013-0024/images/page_14_image_6.jpg
EN2053,EN,16,英文未逐图审阅,,,,来源/英文教材/19_Cell_Junctions_and_the_Extracellular_Matrix/chunks/pages_0013-0024/images/page_14_image_10.jpg
EN2054,EN,16,英文未逐图审阅,,,,来源/英文教材/19_Cell_Junctions_and_the_Extracellular_Matrix/chunks/pages_0013-0024/images/page_14_image_11.jpg
EN2055,EN,16,英文未逐图审阅,,,,来源/英文教材/19_Cell_Junctions_and_the_Extracellular_Matrix/chunks/pages_0013-0024/images/page_14_image_17.jpg
EN2056,EN,16,英文未逐图审阅,,,,来源/英文教材/19_Cell_Junctions_and_the_Extracellular_Matrix/chunks/pages_0013-0024/images/page_15_image_2.jpg
EN2057,EN,16,英文未逐图审阅,,,,来源/英文教材/19_Cell_Junctions_and_the_Extracellular_Matrix/chunks/pages_0013-0024/images/page_15_image_4.jpg
EN2058,EN,16,英文未逐图审阅,,,,来源/英文教材/19_Cell_Junctions_and_the_Extracellular_Matrix/chunks/pages_0013-0024/images/page_16_image_2.jpg
EN2059,EN,16,英文未逐图审阅,,,,来源/英文教材/19_Cell_Junctions_and_the_Extracellular_Matrix/chunks/pages_0013-0024/images/page_16_image_9.jpg
EN2060,EN,16,英文未逐图审阅,,,,来源/英文教材/19_Cell_Junctions_and_the_Extracellular_Matrix/chunks/pages_0013-0024/images/page_17_image_5.jpg
EN2061,EN,16,英文未逐图审阅,,,,来源/英文教材/19_Cell_Junctions_and_the_Extracellular_Matrix/chunks/pages_0013-0024/images/page_17_image_6.jpg
EN2062,EN,16,英文未逐图审阅,,,,来源/英文教材/19_Cell_Junctions_and_the_Extracellular_Matrix/chunks/pages_0013-0024/images/page_18_image_2.jpg
EN2063,EN,16,英文未逐图审阅,,,,来源/英文教材/19_Cell_Junctions_and_the_Extracellular_Matrix/chunks/pages_0013-0024/images/page_18_image_3.jpg
EN2064,EN,16,英文未逐图审阅,,,,来源/英文教材/19_Cell_Junctions_and_the_Extracellular_Matrix/chunks/pages_0013-0024/images/page_18_image_5.jpg
EN2065,EN,16,英文未逐图审阅,,,,来源/英文教材/19_Cell_Junctions_and_the_Extracellular_Matrix/chunks/pages_0013-0024/images/page_19_image_2.jpg
EN2066,EN,16,英文未逐图审阅,,,,来源/英文教材/19_Cell_Junctions_and_the_Extracellular_Matrix/chunks/pages_0013-0024/images/page_19_image_8.jpg
EN2067,EN,16,英文未逐图审阅,,,,来源/英文教材/19_Cell_Junctions_and_the_Extracellular_Matrix/chunks/pages_0013-0024/images/page_19_image_10.jpg
EN2068,EN,16,英文未逐图审阅,,,,来源/英文教材/19_Cell_Junctions_and_the_Extracellular_Matrix/chunks/pages_0013-0024/images/page_20_image_8.jpg
EN2069,EN,16,英文未逐图审阅,,,,来源/英文教材/19_Cell_Junctions_and_the_Extracellular_Matrix/chunks/pages_0013-0024/images/page_20_image_10.jpg
EN2070,EN,16,英文未逐图审阅,,,,来源/英文教材/19_Cell_Junctions_and_the_Extracellular_Matrix/chunks/pages_0013-0024/images/page_21_image_7.jpg
EN2071,EN,16,英文未逐图审阅,,,,来源/英文教材/19_Cell_Junctions_and_the_Extracellular_Matrix/chunks/pages_0013-0024/images/page_23_image_10.jpg
EN2072,EN,16,英文未逐图审阅,,,,来源/英文教材/19_Cell_Junctions_and_the_Extracellular_Matrix/chunks/pages_0013-0024/images/page_23_image_11.jpg
EN2073,EN,16,英文未逐图审阅,,,,来源/英文教材/19_Cell_Junctions_and_the_Extracellular_Matrix/chunks/pages_0025-0036/images/page_24_image_2.jpg
EN2074,EN,16,英文未逐图审阅,,,,来源/英文教材/19_Cell_Junctions_and_the_Extracellular_Matrix/chunks/pages_0025-0036/images/page_24_image_11.jpg
EN2075,EN,16,英文未逐图审阅,,,,来源/英文教材/19_Cell_Junctions_and_the_Extracellular_Matrix/chunks/pages_0025-0036/images/page_25_image_2.jpg
EN2076,EN,16,英文未逐图审阅,,,,来源/英文教材/19_Cell_Junctions_and_the_Extracellular_Matrix/chunks/pages_0025-0036/images/page_25_image_7.jpg
EN2077,EN,16,英文未逐图审阅,,,,来源/英文教材/19_Cell_Junctions_and_the_Extracellular_Matrix/chunks/pages_0025-0036/images/page_26_image_8.jpg
EN2078,EN,16,英文未逐图审阅,,,,来源/英文教材/19_Cell_Junctions_and_the_Extracellular_Matrix/chunks/pages_0025-0036/images/page_27_image_4.jpg
EN2079,EN,16,英文未逐图审阅,,,,来源/英文教材/19_Cell_Junctions_and_the_Extracellular_Matrix/chunks/pages_0025-0036/images/page_27_image_11.jpg
EN2080,EN,16,英文未逐图审阅,,,,来源/英文教材/19_Cell_Junctions_and_the_Extracellular_Matrix/chunks/pages_0025-0036/images/page_28_image_2.jpg
EN2081,EN,16,英文未逐图审阅,,,,来源/英文教材/19_Cell_Junctions_and_the_Extracellular_Matrix/chunks/pages_0025-0036/images/page_29_image_8.jpg
EN2082,EN,16,英文未逐图审阅,,,,来源/英文教材/19_Cell_Junctions_and_the_Extracellular_Matrix/chunks/pages_0025-0036/images/page_29_image_9.jpg
EN2083,EN,16,英文未逐图审阅,,,,来源/英文教材/19_Cell_Junctions_and_the_Extracellular_Matrix/chunks/pages_0025-0036/images/page_30_image_2.jpg
EN2084,EN,16,英文未逐图审阅,,,,来源/英文教材/19_Cell_Junctions_and_the_Extracellular_Matrix/chunks/pages_0025-0036/images/page_30_image_10.jpg
EN2085,EN,16,英文未逐图审阅,,,,来源/英文教材/19_Cell_Junctions_and_the_Extracellular_Matrix/chunks/pages_0025-0036/images/page_31_image_2.jpg
EN2086,EN,16,英文未逐图审阅,,,,来源/英文教材/19_Cell_Junctions_and_the_Extracellular_Matrix/chunks/pages_0025-0036/images/page_31_image_3.jpg
EN2087,EN,16,英文未逐图审阅,,,,来源/英文教材/19_Cell_Junctions_and_the_Extracellular_Matrix/chunks/pages_0025-0036/images/page_31_image_10.jpg
EN2088,EN,16,英文未逐图审阅,,,,来源/英文教材/19_Cell_Junctions_and_the_Extracellular_Matrix/chunks/pages_0025-0036/images/page_31_image_13.jpg
EN2089,EN,16,英文未逐图审阅,,,,来源/英文教材/19_Cell_Junctions_and_the_Extracellular_Matrix/chunks/pages_0025-0036/images/page_32_image_2.jpg
EN2090,EN,16,英文未逐图审阅,,,,来源/英文教材/19_Cell_Junctions_and_the_Extracellular_Matrix/chunks/pages_0025-0036/images/page_33_image_2.jpg
EN2091,EN,16,英文未逐图审阅,,,,来源/英文教材/19_Cell_Junctions_and_the_Extracellular_Matrix/chunks/pages_0025-0036/images/page_34_image_2.jpg
EN2092,EN,16,英文未逐图审阅,,,,来源/英文教材/19_Cell_Junctions_and_the_Extracellular_Matrix/chunks/pages_0025-0036/images/page_35_image_1.jpg
EN2093,EN,16,英文未逐图审阅,,,,来源/英文教材/19_Cell_Junctions_and_the_Extracellular_Matrix/chunks/pages_0025-0036/images/page_35_image_6.jpg
EN2094,EN,16,英文未逐图审阅,,,,来源/英文教材/19_Cell_Junctions_and_the_Extracellular_Matrix/chunks/pages_0037-0048/images/page_36_image_5.jpg
EN2095,EN,16,英文未逐图审阅,,,,来源/英文教材/19_Cell_Junctions_and_the_Extracellular_Matrix/chunks/pages_0037-0048/images/page_36_image_11.jpg
EN2096,EN,16,英文未逐图审阅,,,,来源/英文教材/19_Cell_Junctions_and_the_Extracellular_Matrix/chunks/pages_0037-0048/images/page_36_image_13.jpg
EN2097,EN,16,英文未逐图审阅,,,,来源/英文教材/19_Cell_Junctions_and_the_Extracellular_Matrix/chunks/pages_0037-0048/images/page_36_image_14.jpg
EN2098,EN,16,英文未逐图审阅,,,,来源/英文教材/19_Cell_Junctions_and_the_Extracellular_Matrix/chunks/pages_0037-0048/images/page_37_image_3.jpg
EN2099,EN,16,英文未逐图审阅,,,,来源/英文教材/19_Cell_Junctions_and_the_Extracellular_Matrix/chunks/pages_0037-0048/images/page_37_image_7.jpg
EN2100,EN,16,英文未逐图审阅,,,,来源/英文教材/19_Cell_Junctions_and_the_Extracellular_Matrix/chunks/pages_0037-0048/images/page_37_image_10.jpg
EN2101,EN,16,英文未逐图审阅,,,,来源/英文教材/19_Cell_Junctions_and_the_Extracellular_Matrix/chunks/pages_0037-0048/images/page_37_image_11.jpg
EN2102,EN,16,英文未逐图审阅,,,,来源/英文教材/19_Cell_Junctions_and_the_Extracellular_Matrix/chunks/pages_0037-0048/images/page_38_image_2.jpg
EN2103,EN,16,英文未逐图审阅,,,,来源/英文教材/19_Cell_Junctions_and_the_Extracellular_Matrix/chunks/pages_0037-0048/images/page_38_image_3.jpg
EN2104,EN,16,英文未逐图审阅,,,,来源/英文教材/19_Cell_Junctions_and_the_Extracellular_Matrix/chunks/pages_0037-0048/images/page_39_image_1.jpg
EN2105,EN,16,英文未逐图审阅,,,,来源/英文教材/19_Cell_Junctions_and_the_Extracellular_Matrix/chunks/pages_0037-0048/images/page_42_image_7.jpg
EN2106,EN,16,英文未逐图审阅,,,,来源/英文教材/19_Cell_Junctions_and_the_Extracellular_Matrix/chunks/pages_0037-0048/images/page_43_image_2.jpg
EN2107,EN,16,英文未逐图审阅,,,,来源/英文教材/19_Cell_Junctions_and_the_Extracellular_Matrix/chunks/pages_0037-0048/images/page_45_image_2.jpg
EN2108,EN,16,英文未逐图审阅,,,,来源/英文教材/19_Cell_Junctions_and_the_Extracellular_Matrix/chunks/pages_0037-0048/images/page_46_image_2.jpg
EN2109,EN,16,英文未逐图审阅,,,,来源/英文教材/19_Cell_Junctions_and_the_Extracellular_Matrix/chunks/pages_0037-0048/images/page_47_image_7.jpg
EN2110,EN,16,英文未逐图审阅,,,,来源/英文教材/19_Cell_Junctions_and_the_Extracellular_Matrix/chunks/pages_0049-0058/images/page_48_image_6.jpg
EN2111,EN,16,英文未逐图审阅,,,,来源/英文教材/19_Cell_Junctions_and_the_Extracellular_Matrix/chunks/pages_0049-0058/images/page_49_image_7.jpg
EN2112,EN,16,英文未逐图审阅,,,,来源/英文教材/19_Cell_Junctions_and_the_Extracellular_Matrix/chunks/pages_0049-0058/images/page_49_image_10.jpg
EN2113,EN,16,英文未逐图审阅,,,,来源/英文教材/19_Cell_Junctions_and_the_Extracellular_Matrix/chunks/pages_0049-0058/images/page_51_image_2.jpg
EN2114,EN,16,英文未逐图审阅,,,,来源/英文教材/19_Cell_Junctions_and_the_Extracellular_Matrix/chunks/pages_0049-0058/images/page_51_image_7.jpg
EN2115,EN,16,英文未逐图审阅,,,,来源/英文教材/19_Cell_Junctions_and_the_Extracellular_Matrix/chunks/pages_0049-0058/images/page_53_image_0.jpg
EN2116,EN,16,英文未逐图审阅,,,,来源/英文教材/19_Cell_Junctions_and_the_Extracellular_Matrix/chunks/pages_0049-0058/images/page_53_image_3.jpg
EN2117,EN,16,英文未逐图审阅,,,,来源/英文教材/19_Cell_Junctions_and_the_Extracellular_Matrix/chunks/pages_0049-0058/images/page_54_image_2.jpg
EN2118,EN,16,英文未逐图审阅,,,,来源/英文教材/19_Cell_Junctions_and_the_Extracellular_Matrix/chunks/pages_0049-0058/images/page_54_image_3.jpg
EN2119,EN,16,英文未逐图审阅,,,,来源/英文教材/19_Cell_Junctions_and_the_Extracellular_Matrix/chunks/pages_0049-0058/images/page_55_image_12.jpg
EN2120,EN,16,英文未逐图审阅,,,,来源/英文教材/19_Cell_Junctions_and_the_Extracellular_Matrix/chunks/pages_0049-0058/images/page_55_chart_17.jpg
EN2121,EN,16,英文未逐图审阅,,,,来源/英文教材/19_Cell_Junctions_and_the_Extracellular_Matrix/chunks/pages_0049-0058/images/page_56_image_10.jpg
EN2122,EN,13,英文未逐图审阅,,,,来源/英文教材/20_Cancer/chunks/pages_0001-0012/images/page_1_chart_8.jpg
EN2123,EN,13,英文未逐图审阅,,,,来源/英文教材/20_Cancer/chunks/pages_0001-0012/images/page_1_image_9.jpg
EN2124,EN,13,英文未逐图审阅,,,,来源/英文教材/20_Cancer/chunks/pages_0001-0012/images/page_2_image_0.jpg
EN2125,EN,13,英文未逐图审阅,,,,来源/英文教材/20_Cancer/chunks/pages_0001-0012/images/page_2_chart_11.jpg
EN2126,EN,13,英文未逐图审阅,,,,来源/英文教材/20_Cancer/chunks/pages_0001-0012/images/page_3_image_11.jpg
EN2127,EN,13,英文未逐图审阅,,,,来源/英文教材/20_Cancer/chunks/pages_0001-0012/images/page_4_chart_3.jpg
EN2128,EN,13,英文未逐图审阅,,,,来源/英文教材/20_Cancer/chunks/pages_0001-0012/images/page_4_chart_10.jpg
EN2129,EN,13,英文未逐图审阅,,,,来源/英文教材/20_Cancer/chunks/pages_0001-0012/images/page_5_image_2.jpg
EN2130,EN,13,英文未逐图审阅,,,,来源/英文教材/20_Cancer/chunks/pages_0001-0012/images/page_5_image_9.jpg
EN2131,EN,13,英文未逐图审阅,,,,来源/英文教材/20_Cancer/chunks/pages_0001-0012/images/page_6_image_2.jpg
EN2132,EN,13,英文未逐图审阅,,,,来源/英文教材/20_Cancer/chunks/pages_0001-0012/images/page_6_image_5.jpg
EN2133,EN,13,英文未逐图审阅,,,,来源/英文教材/20_Cancer/chunks/pages_0001-0012/images/page_7_image_7.jpg
EN2134,EN,13,英文未逐图审阅,,,,来源/英文教材/20_Cancer/chunks/pages_0001-0012/images/page_8_image_2.jpg
EN2135,EN,13,英文未逐图审阅,,,,来源/英文教材/20_Cancer/chunks/pages_0001-0012/images/page_9_image_13.jpg
EN2136,EN,13,英文未逐图审阅,,,,来源/英文教材/20_Cancer/chunks/pages_0001-0012/images/page_10_image_4.jpg
EN2137,EN,15,英文未逐图审阅,,,,来源/英文教材/20_Cancer/chunks/pages_0001-0012/images/page_10_image_11.jpg
EN2138,EN,15,英文未逐图审阅,,,,来源/英文教材/20_Cancer/chunks/pages_0001-0012/images/page_10_image_14.jpg
EN2139,EN,15,英文未逐图审阅,,,,来源/英文教材/20_Cancer/chunks/pages_0001-0012/images/page_10_image_16.jpg
EN2140,EN,13,英文未逐图审阅,,,,来源/英文教材/20_Cancer/chunks/pages_0001-0012/images/page_11_image_8.jpg
EN2141,EN,13,英文未逐图审阅,,,,来源/英文教材/20_Cancer/chunks/pages_0013-0024/images/page_12_image_2.jpg
EN2142,EN,13,英文未逐图审阅,,,,来源/英文教材/20_Cancer/chunks/pages_0013-0024/images/page_12_image_4.jpg
EN2143,EN,13,英文未逐图审阅,,,,来源/英文教材/20_Cancer/chunks/pages_0013-0024/images/page_13_image_2.jpg
EN2144,EN,13,英文未逐图审阅,,,,来源/英文教材/20_Cancer/chunks/pages_0013-0024/images/page_14_image_2.jpg
EN2145,EN,13,英文未逐图审阅,,,,来源/英文教材/20_Cancer/chunks/pages_0013-0024/images/page_16_image_8.jpg
EN2146,EN,13,英文未逐图审阅,,,,来源/英文教材/20_Cancer/chunks/pages_0013-0024/images/page_18_image_2.jpg
EN2147,EN,13,英文未逐图审阅,,,,来源/英文教材/20_Cancer/chunks/pages_0013-0024/images/page_18_image_8.jpg
EN2148,EN,13,英文未逐图审阅,,,,来源/英文教材/20_Cancer/chunks/pages_0013-0024/images/page_18_image_9.jpg
EN2149,EN,13,英文未逐图审阅,,,,来源/英文教材/20_Cancer/chunks/pages_0013-0024/images/page_18_image_10.jpg
EN2150,EN,13,英文未逐图审阅,,,,来源/英文教材/20_Cancer/chunks/pages_0013-0024/images/page_20_image_3.jpg
EN2151,EN,13,英文未逐图审阅,,,,来源/英文教材/20_Cancer/chunks/pages_0013-0024/images/page_20_image_8.jpg
EN2152,EN,13,英文未逐图审阅,,,,来源/英文教材/20_Cancer/chunks/pages_0013-0024/images/page_20_image_9.jpg
EN2153,EN,13,英文未逐图审阅,,,,来源/英文教材/20_Cancer/chunks/pages_0013-0024/images/page_21_image_7.jpg
EN2154,EN,13,英文未逐图审阅,,,,来源/英文教材/20_Cancer/chunks/pages_0013-0024/images/page_21_image_8.jpg
EN2155,EN,13,英文未逐图审阅,,,,来源/英文教材/20_Cancer/chunks/pages_0013-0024/images/page_22_image_9.jpg
EN2156,EN,13,英文未逐图审阅,,,,来源/英文教材/20_Cancer/chunks/pages_0013-0024/images/page_23_image_4.jpg
EN2157,EN,13,英文未逐图审阅,,,,来源/英文教材/20_Cancer/chunks/pages_0025-0036/images/page_25_image_2.jpg
EN2158,EN,13,英文未逐图审阅,,,,来源/英文教材/20_Cancer/chunks/pages_0025-0036/images/page_26_image_4.jpg
EN2159,EN,13,英文未逐图审阅,,,,来源/英文教材/20_Cancer/chunks/pages_0025-0036/images/page_27_image_2.jpg
EN2160,EN,13,英文未逐图审阅,,,,来源/英文教材/20_Cancer/chunks/pages_0025-0036/images/page_28_image_3.jpg
EN2161,EN,13,英文未逐图审阅,,,,来源/英文教材/20_Cancer/chunks/pages_0025-0036/images/page_28_image_5.jpg
EN2162,EN,13,英文未逐图审阅,,,,来源/英文教材/20_Cancer/chunks/pages_0025-0036/images/page_28_image_7.jpg
EN2163,EN,13,英文未逐图审阅,,,,来源/英文教材/20_Cancer/chunks/pages_0025-0036/images/page_28_image_8.jpg
EN2164,EN,13,英文未逐图审阅,,,,来源/英文教材/20_Cancer/chunks/pages_0025-0036/images/page_28_image_9.jpg
EN2165,EN,13,英文未逐图审阅,,,,来源/英文教材/20_Cancer/chunks/pages_0025-0036/images/page_28_chart_14.jpg
EN2166,EN,13,英文未逐图审阅,,,,来源/英文教材/20_Cancer/chunks/pages_0025-0036/images/page_30_image_2.jpg
EN2167,EN,13,英文未逐图审阅,,,,来源/英文教材/20_Cancer/chunks/pages_0025-0036/images/page_31_image_9.jpg
EN2168,EN,13,英文未逐图审阅,,,,来源/英文教材/20_Cancer/chunks/pages_0025-0036/images/page_31_image_11.jpg
EN2169,EN,13,英文未逐图审阅,,,,来源/英文教材/20_Cancer/chunks/pages_0025-0036/images/page_33_image_10.jpg
EN2170,EN,13,英文未逐图审阅,,,,来源/英文教材/20_Cancer/chunks/pages_0037-0048/images/page_36_image_3.jpg
EN2171,EN,13,英文未逐图审阅,,,,来源/英文教材/20_Cancer/chunks/pages_0037-0048/images/page_37_image_1.jpg
EN2172,EN,13,英文未逐图审阅,,,,来源/英文教材/20_Cancer/chunks/pages_0037-0048/images/page_38_chart_2.jpg
EN2173,EN,13,英文未逐图审阅,,,,来源/英文教材/20_Cancer/chunks/pages_0037-0048/images/page_38_chart_3.jpg
EN2174,EN,13,英文未逐图审阅,,,,来源/英文教材/20_Cancer/chunks/pages_0037-0048/images/page_40_image_8.jpg
EN2175,EN,13,英文未逐图审阅,,,,来源/英文教材/20_Cancer/chunks/pages_0037-0048/images/page_40_image_11.jpg
EN2176,EN,13,英文未逐图审阅,,,,来源/英文教材/20_Cancer/chunks/pages_0037-0048/images/page_40_image_14.jpg
EN2177,EN,13,英文未逐图审阅,,,,来源/英文教材/20_Cancer/chunks/pages_0037-0048/images/page_40_image_16.jpg
EN2178,EN,13,英文未逐图审阅,,,,来源/英文教材/20_Cancer/chunks/pages_0037-0048/images/page_43_image_2.jpg
EN2179,EN,13,英文未逐图审阅,,,,来源/英文教材/20_Cancer/chunks/pages_0037-0048/images/page_44_image_6.jpg
EN2180,EN,13,英文未逐图审阅,,,,来源/英文教材/20_Cancer/chunks/pages_0037-0048/images/page_45_image_2.jpg
EN2181,EN,13,英文未逐图审阅,,,,来源/英文教材/20_Cancer/chunks/pages_0037-0048/images/page_46_image_2.jpg
EN2182,EN,13,英文未逐图审阅,,,,来源/英文教材/20_Cancer/chunks/pages_0037-0048/images/page_47_image_2.jpg
EN2183,EN,13,英文未逐图审阅,,,,来源/英文教材/20_Cancer/chunks/pages_0049-0054/images/page_48_image_2.jpg
EN2184,EN,13,英文未逐图审阅,,,,来源/英文教材/20_Cancer/chunks/pages_0049-0054/images/page_51_chart_12.jpg
EN2185,EN,13,英文未逐图审阅,,,,来源/英文教材/20_Cancer/chunks/pages_0049-0054/images/page_51_image_16.jpg
EN2186,EN,13,英文未逐图审阅,,,,来源/英文教材/20_Cancer/chunks/pages_0049-0054/images/page_52_image_5.jpg
EN2187,EN,13,英文未逐图审阅,,,,来源/英文教材/20_Cancer/chunks/pages_0049-0054/images/page_52_image_6.jpg
EN2188,EN,13,英文未逐图审阅,,,,来源/英文教材/20_Cancer/chunks/pages_0049-0054/images/page_52_image_7.jpg
EN2189,EN,14,英文未逐图审阅,,,,来源/英文教材/21_Development_of_Multicellular_Organisms/chunks/pages_0001-0012/images/page_0_image_7.jpg
EN2190,EN,14,英文未逐图审阅,,,,来源/英文教材/21_Development_of_Multicellular_Organisms/chunks/pages_0001-0012/images/page_0_image_8.jpg
EN2191,EN,14,英文未逐图审阅,,,,来源/英文教材/21_Development_of_Multicellular_Organisms/chunks/pages_0001-0012/images/page_0_image_10.jpg
EN2192,EN,14,英文未逐图审阅,,,,来源/英文教材/21_Development_of_Multicellular_Organisms/chunks/pages_0001-0012/images/page_1_image_2.jpg
EN2193,EN,14,英文未逐图审阅,,,,来源/英文教材/21_Development_of_Multicellular_Organisms/chunks/pages_0001-0012/images/page_1_image_4.jpg
EN2194,EN,14,英文未逐图审阅,,,,来源/英文教材/21_Development_of_Multicellular_Organisms/chunks/pages_0001-0012/images/page_1_image_6.jpg
EN2195,EN,14,英文未逐图审阅,,,,来源/英文教材/21_Development_of_Multicellular_Organisms/chunks/pages_0001-0012/images/page_1_image_9.jpg
EN2196,EN,14,英文未逐图审阅,,,,来源/英文教材/21_Development_of_Multicellular_Organisms/chunks/pages_0001-0012/images/page_1_image_12.jpg
EN2197,EN,14,英文未逐图审阅,,,,来源/英文教材/21_Development_of_Multicellular_Organisms/chunks/pages_0001-0012/images/page_2_image_2.jpg
EN2198,EN,14,英文未逐图审阅,,,,来源/英文教材/21_Development_of_Multicellular_Organisms/chunks/pages_0001-0012/images/page_2_image_3.jpg
EN2199,EN,14,英文未逐图审阅,,,,来源/英文教材/21_Development_of_Multicellular_Organisms/chunks/pages_0001-0012/images/page_3_image_10.jpg
EN2200,EN,14,英文未逐图审阅,,,,来源/英文教材/21_Development_of_Multicellular_Organisms/chunks/pages_0001-0012/images/page_4_image_2.jpg
EN2201,EN,14,英文未逐图审阅,,,,来源/英文教材/21_Development_of_Multicellular_Organisms/chunks/pages_0001-0012/images/page_4_image_9.jpg
EN2202,EN,14,英文未逐图审阅,,,,来源/英文教材/21_Development_of_Multicellular_Organisms/chunks/pages_0001-0012/images/page_5_image_2.jpg
EN2203,EN,14,英文未逐图审阅,,,,来源/英文教材/21_Development_of_Multicellular_Organisms/chunks/pages_0001-0012/images/page_6_image_4.jpg
EN2204,EN,14,英文未逐图审阅,,,,来源/英文教材/21_Development_of_Multicellular_Organisms/chunks/pages_0001-0012/images/page_6_chart_12.jpg
EN2205,EN,14,英文未逐图审阅,,,,来源/英文教材/21_Development_of_Multicellular_Organisms/chunks/pages_0001-0012/images/page_6_chart_13.jpg
EN2206,EN,14,英文未逐图审阅,,,,来源/英文教材/21_Development_of_Multicellular_Organisms/chunks/pages_0001-0012/images/page_6_chart_14.jpg
EN2207,EN,14,英文未逐图审阅,,,,来源/英文教材/21_Development_of_Multicellular_Organisms/chunks/pages_0001-0012/images/page_7_image_6.jpg
EN2208,EN,14,英文未逐图审阅,,,,来源/英文教材/21_Development_of_Multicellular_Organisms/chunks/pages_0001-0012/images/page_7_image_8.jpg
EN2209,EN,14,英文未逐图审阅,,,,来源/英文教材/21_Development_of_Multicellular_Organisms/chunks/pages_0001-0012/images/page_7_image_10.jpg
EN2210,EN,14,英文未逐图审阅,,,,来源/英文教材/21_Development_of_Multicellular_Organisms/chunks/pages_0001-0012/images/page_8_image_2.jpg
EN2211,EN,14,英文未逐图审阅,,,,来源/英文教材/21_Development_of_Multicellular_Organisms/chunks/pages_0001-0012/images/page_10_image_7.jpg
EN2212,EN,14,英文未逐图审阅,,,,来源/英文教材/21_Development_of_Multicellular_Organisms/chunks/pages_0001-0012/images/page_10_chart_8.jpg
EN2213,EN,14,英文未逐图审阅,,,,来源/英文教材/21_Development_of_Multicellular_Organisms/chunks/pages_0001-0012/images/page_11_image_11.jpg
EN2214,EN,14,英文未逐图审阅,,,,来源/英文教材/21_Development_of_Multicellular_Organisms/chunks/pages_0013-0024/images/page_12_image_3.jpg
EN2215,EN,14,英文未逐图审阅,,,,来源/英文教材/21_Development_of_Multicellular_Organisms/chunks/pages_0013-0024/images/page_13_image_2.jpg
EN2216,EN,14,英文未逐图审阅,,,,来源/英文教材/21_Development_of_Multicellular_Organisms/chunks/pages_0013-0024/images/page_13_image_9.jpg
EN2217,EN,14,英文未逐图审阅,,,,来源/英文教材/21_Development_of_Multicellular_Organisms/chunks/pages_0013-0024/images/page_14_image_2.jpg
EN2218,EN,14,英文未逐图审阅,,,,来源/英文教材/21_Development_of_Multicellular_Organisms/chunks/pages_0013-0024/images/page_15_image_2.jpg
EN2219,EN,14,英文未逐图审阅,,,,来源/英文教材/21_Development_of_Multicellular_Organisms/chunks/pages_0013-0024/images/page_15_image_6.jpg
EN2220,EN,14,英文未逐图审阅,,,,来源/英文教材/21_Development_of_Multicellular_Organisms/chunks/pages_0013-0024/images/page_16_image_11.jpg
EN2221,EN,14,英文未逐图审阅,,,,来源/英文教材/21_Development_of_Multicellular_Organisms/chunks/pages_0013-0024/images/page_16_image_13.jpg
EN2222,EN,14,英文未逐图审阅,,,,来源/英文教材/21_Development_of_Multicellular_Organisms/chunks/pages_0013-0024/images/page_17_image_4.jpg
EN2223,EN,14,英文未逐图审阅,,,,来源/英文教材/21_Development_of_Multicellular_Organisms/chunks/pages_0013-0024/images/page_17_image_8.jpg
EN2224,EN,14,英文未逐图审阅,,,,来源/英文教材/21_Development_of_Multicellular_Organisms/chunks/pages_0013-0024/images/page_17_image_10.jpg
EN2225,EN,14,英文未逐图审阅,,,,来源/英文教材/21_Development_of_Multicellular_Organisms/chunks/pages_0013-0024/images/page_18_image_2.jpg
EN2226,EN,14,英文未逐图审阅,,,,来源/英文教材/21_Development_of_Multicellular_Organisms/chunks/pages_0013-0024/images/page_19_image_2.jpg
EN2227,EN,14,英文未逐图审阅,,,,来源/英文教材/21_Development_of_Multicellular_Organisms/chunks/pages_0013-0024/images/page_19_image_7.jpg
EN2228,EN,14,英文未逐图审阅,,,,来源/英文教材/21_Development_of_Multicellular_Organisms/chunks/pages_0013-0024/images/page_20_image_4.jpg
EN2229,EN,14,英文未逐图审阅,,,,来源/英文教材/21_Development_of_Multicellular_Organisms/chunks/pages_0013-0024/images/page_21_image_9.jpg
EN2230,EN,14,英文未逐图审阅,,,,来源/英文教材/21_Development_of_Multicellular_Organisms/chunks/pages_0013-0024/images/page_22_image_2.jpg
EN2231,EN,14,英文未逐图审阅,,,,来源/英文教材/21_Development_of_Multicellular_Organisms/chunks/pages_0013-0024/images/page_23_image_2.jpg
EN2232,EN,14,英文未逐图审阅,,,,来源/英文教材/21_Development_of_Multicellular_Organisms/chunks/pages_0025-0036/images/page_24_image_2.jpg
EN2233,EN,14,英文未逐图审阅,,,,来源/英文教材/21_Development_of_Multicellular_Organisms/chunks/pages_0025-0036/images/page_24_image_3.jpg
EN2234,EN,14,英文未逐图审阅,,,,来源/英文教材/21_Development_of_Multicellular_Organisms/chunks/pages_0025-0036/images/page_25_image_2.jpg
EN2235,EN,14,英文未逐图审阅,,,,来源/英文教材/21_Development_of_Multicellular_Organisms/chunks/pages_0025-0036/images/page_25_chart_3.jpg
EN2236,EN,14,英文未逐图审阅,,,,来源/英文教材/21_Development_of_Multicellular_Organisms/chunks/pages_0025-0036/images/page_26_image_2.jpg
EN2237,EN,14,英文未逐图审阅,,,,来源/英文教材/21_Development_of_Multicellular_Organisms/chunks/pages_0025-0036/images/page_26_image_9.jpg
EN2238,EN,14,英文未逐图审阅,,,,来源/英文教材/21_Development_of_Multicellular_Organisms/chunks/pages_0025-0036/images/page_26_image_10.jpg
EN2239,EN,14,英文未逐图审阅,,,,来源/英文教材/21_Development_of_Multicellular_Organisms/chunks/pages_0025-0036/images/page_26_image_11.jpg
EN2240,EN,14,英文未逐图审阅,,,,来源/英文教材/21_Development_of_Multicellular_Organisms/chunks/pages_0025-0036/images/page_27_image_2.jpg
EN2241,EN,14,英文未逐图审阅,,,,来源/英文教材/21_Development_of_Multicellular_Organisms/chunks/pages_0025-0036/images/page_28_image_2.jpg
EN2242,EN,14,英文未逐图审阅,,,,来源/英文教材/21_Development_of_Multicellular_Organisms/chunks/pages_0025-0036/images/page_28_image_5.jpg
EN2243,EN,14,英文未逐图审阅,,,,来源/英文教材/21_Development_of_Multicellular_Organisms/chunks/pages_0025-0036/images/page_28_image_7.jpg
EN2244,EN,14,英文未逐图审阅,,,,来源/英文教材/21_Development_of_Multicellular_Organisms/chunks/pages_0025-0036/images/page_28_image_9.jpg
EN2245,EN,14,英文未逐图审阅,,,,来源/英文教材/21_Development_of_Multicellular_Organisms/chunks/pages_0025-0036/images/page_28_image_18.jpg
EN2246,EN,14,英文未逐图审阅,,,,来源/英文教材/21_Development_of_Multicellular_Organisms/chunks/pages_0025-0036/images/page_29_image_7.jpg
EN2247,EN,14,英文未逐图审阅,,,,来源/英文教材/21_Development_of_Multicellular_Organisms/chunks/pages_0025-0036/images/page_29_image_9.jpg
EN2248,EN,14,英文未逐图审阅,,,,来源/英文教材/21_Development_of_Multicellular_Organisms/chunks/pages_0025-0036/images/page_29_image_11.jpg
EN2249,EN,14,英文未逐图审阅,,,,来源/英文教材/21_Development_of_Multicellular_Organisms/chunks/pages_0025-0036/images/page_29_image_13.jpg
EN2250,EN,14,英文未逐图审阅,,,,来源/英文教材/21_Development_of_Multicellular_Organisms/chunks/pages_0025-0036/images/page_29_image_15.jpg
EN2251,EN,14,英文未逐图审阅,,,,来源/英文教材/21_Development_of_Multicellular_Organisms/chunks/pages_0025-0036/images/page_30_image_2.jpg
EN2252,EN,14,英文未逐图审阅,,,,来源/英文教材/21_Development_of_Multicellular_Organisms/chunks/pages_0025-0036/images/page_32_image_7.jpg
EN2253,EN,14,英文未逐图审阅,,,,来源/英文教材/21_Development_of_Multicellular_Organisms/chunks/pages_0025-0036/images/page_33_image_7.jpg
EN2254,EN,14,英文未逐图审阅,,,,来源/英文教材/21_Development_of_Multicellular_Organisms/chunks/pages_0025-0036/images/page_33_chart_8.jpg
EN2255,EN,14,英文未逐图审阅,,,,来源/英文教材/21_Development_of_Multicellular_Organisms/chunks/pages_0025-0036/images/page_34_image_4.jpg
EN2256,EN,14,英文未逐图审阅,,,,来源/英文教材/21_Development_of_Multicellular_Organisms/chunks/pages_0025-0036/images/page_35_image_3.jpg
EN2257,EN,14,英文未逐图审阅,,,,来源/英文教材/21_Development_of_Multicellular_Organisms/chunks/pages_0037-0048/images/page_36_image_2.jpg
EN2258,EN,14,英文未逐图审阅,,,,来源/英文教材/21_Development_of_Multicellular_Organisms/chunks/pages_0037-0048/images/page_37_image_2.jpg
EN2259,EN,14,英文未逐图审阅,,,,来源/英文教材/21_Development_of_Multicellular_Organisms/chunks/pages_0037-0048/images/page_37_chart_8.jpg
EN2260,EN,14,英文未逐图审阅,,,,来源/英文教材/21_Development_of_Multicellular_Organisms/chunks/pages_0037-0048/images/page_39_image_8.jpg
EN2261,EN,16,英文未逐图审阅,,,,来源/英文教材/21_Development_of_Multicellular_Organisms/chunks/pages_0037-0048/images/page_42_image_2.jpg
EN2262,EN,16,英文未逐图审阅,,,,来源/英文教材/21_Development_of_Multicellular_Organisms/chunks/pages_0037-0048/images/page_42_image_4.jpg
EN2263,EN,16,英文未逐图审阅,,,,来源/英文教材/21_Development_of_Multicellular_Organisms/chunks/pages_0037-0048/images/page_42_image_7.jpg
EN2264,EN,16,英文未逐图审阅,,,,来源/英文教材/21_Development_of_Multicellular_Organisms/chunks/pages_0037-0048/images/page_43_image_2.jpg
EN2265,EN,16,英文未逐图审阅,,,,来源/英文教材/21_Development_of_Multicellular_Organisms/chunks/pages_0037-0048/images/page_43_image_4.jpg
EN2266,EN,16,英文未逐图审阅,,,,来源/英文教材/21_Development_of_Multicellular_Organisms/chunks/pages_0037-0048/images/page_43_image_7.jpg
EN2267,EN,16,英文未逐图审阅,,,,来源/英文教材/21_Development_of_Multicellular_Organisms/chunks/pages_0037-0048/images/page_43_image_9.jpg
EN2268,EN,16,英文未逐图审阅,,,,来源/英文教材/21_Development_of_Multicellular_Organisms/chunks/pages_0037-0048/images/page_43_image_11.jpg
EN2269,EN,16,英文未逐图审阅,,,,来源/英文教材/21_Development_of_Multicellular_Organisms/chunks/pages_0037-0048/images/page_43_image_12.jpg
EN2270,EN,16,英文未逐图审阅,,,,来源/英文教材/21_Development_of_Multicellular_Organisms/chunks/pages_0037-0048/images/page_43_image_14.jpg
EN2271,EN,16,英文未逐图审阅,,,,来源/英文教材/21_Development_of_Multicellular_Organisms/chunks/pages_0037-0048/images/page_43_image_15.jpg
EN2272,EN,16,英文未逐图审阅,,,,来源/英文教材/21_Development_of_Multicellular_Organisms/chunks/pages_0037-0048/images/page_44_image_7.jpg
EN2273,EN,16,英文未逐图审阅,,,,来源/英文教材/21_Development_of_Multicellular_Organisms/chunks/pages_0037-0048/images/page_44_image_10.jpg
EN2274,EN,16,英文未逐图审阅,,,,来源/英文教材/21_Development_of_Multicellular_Organisms/chunks/pages_0037-0048/images/page_44_image_11.jpg
EN2275,EN,16,英文未逐图审阅,,,,来源/英文教材/21_Development_of_Multicellular_Organisms/chunks/pages_0037-0048/images/page_44_image_13.jpg
EN2276,EN,16,英文未逐图审阅,,,,来源/英文教材/21_Development_of_Multicellular_Organisms/chunks/pages_0037-0048/images/page_44_image_16.jpg
EN2277,EN,16,英文未逐图审阅,,,,来源/英文教材/21_Development_of_Multicellular_Organisms/chunks/pages_0037-0048/images/page_44_image_17.jpg
EN2278,EN,16,英文未逐图审阅,,,,来源/英文教材/21_Development_of_Multicellular_Organisms/chunks/pages_0037-0048/images/page_44_image_18.jpg
EN2279,EN,16,英文未逐图审阅,,,,来源/英文教材/21_Development_of_Multicellular_Organisms/chunks/pages_0037-0048/images/page_45_image_4.jpg
EN2280,EN,16,英文未逐图审阅,,,,来源/英文教材/21_Development_of_Multicellular_Organisms/chunks/pages_0037-0048/images/page_45_image_5.jpg
EN2281,EN,16,英文未逐图审阅,,,,来源/英文教材/21_Development_of_Multicellular_Organisms/chunks/pages_0037-0048/images/page_45_image_7.jpg
EN2282,EN,16,英文未逐图审阅,,,,来源/英文教材/21_Development_of_Multicellular_Organisms/chunks/pages_0037-0048/images/page_45_image_13.jpg
EN2283,EN,16,英文未逐图审阅,,,,来源/英文教材/21_Development_of_Multicellular_Organisms/chunks/pages_0037-0048/images/page_45_image_17.jpg
EN2284,EN,16,英文未逐图审阅,,,,来源/英文教材/21_Development_of_Multicellular_Organisms/chunks/pages_0037-0048/images/page_45_image_19.jpg
EN2285,EN,16,英文未逐图审阅,,,,来源/英文教材/21_Development_of_Multicellular_Organisms/chunks/pages_0037-0048/images/page_45_image_20.jpg
EN2286,EN,16,英文未逐图审阅,,,,来源/英文教材/21_Development_of_Multicellular_Organisms/chunks/pages_0037-0048/images/page_46_image_7.jpg
EN2287,EN,16,英文未逐图审阅,,,,来源/英文教材/21_Development_of_Multicellular_Organisms/chunks/pages_0037-0048/images/page_47_image_0.jpg
EN2288,EN,16,英文未逐图审阅,,,,来源/英文教材/21_Development_of_Multicellular_Organisms/chunks/pages_0037-0048/images/page_47_image_8.jpg
EN2289,EN,16,英文未逐图审阅,,,,来源/英文教材/21_Development_of_Multicellular_Organisms/chunks/pages_0049-0060/images/page_48_image_2.jpg
EN2290,EN,16,英文未逐图审阅,,,,来源/英文教材/21_Development_of_Multicellular_Organisms/chunks/pages_0049-0060/images/page_48_image_9.jpg
EN2291,EN,16,英文未逐图审阅,,,,来源/英文教材/21_Development_of_Multicellular_Organisms/chunks/pages_0049-0060/images/page_49_image_7.jpg
EN2292,EN,16,英文未逐图审阅,,,,来源/英文教材/21_Development_of_Multicellular_Organisms/chunks/pages_0049-0060/images/page_50_image_2.jpg
EN2293,EN,16,英文未逐图审阅,,,,来源/英文教材/21_Development_of_Multicellular_Organisms/chunks/pages_0049-0060/images/page_51_image_3.jpg
EN2294,EN,16,英文未逐图审阅,,,,来源/英文教材/21_Development_of_Multicellular_Organisms/chunks/pages_0049-0060/images/page_51_image_4.jpg
EN2295,EN,16,英文未逐图审阅,,,,来源/英文教材/21_Development_of_Multicellular_Organisms/chunks/pages_0049-0060/images/page_51_image_11.jpg
EN2296,EN,16,英文未逐图审阅,,,,来源/英文教材/21_Development_of_Multicellular_Organisms/chunks/pages_0049-0060/images/page_51_image_12.jpg
EN2297,EN,16,英文未逐图审阅,,,,来源/英文教材/21_Development_of_Multicellular_Organisms/chunks/pages_0049-0060/images/page_52_image_5.jpg
EN2298,EN,13,英文未逐图审阅,,,,来源/英文教材/21_Development_of_Multicellular_Organisms/chunks/pages_0049-0060/images/page_52_image_10.jpg
EN2299,EN,13,英文未逐图审阅,,,,来源/英文教材/21_Development_of_Multicellular_Organisms/chunks/pages_0049-0060/images/page_53_image_9.jpg
EN2300,EN,13,英文未逐图审阅,,,,来源/英文教材/21_Development_of_Multicellular_Organisms/chunks/pages_0049-0060/images/page_53_image_12.jpg
EN2301,EN,13,英文未逐图审阅,,,,来源/英文教材/21_Development_of_Multicellular_Organisms/chunks/pages_0049-0060/images/page_54_image_6.jpg
EN2302,EN,13,英文未逐图审阅,,,,来源/英文教材/21_Development_of_Multicellular_Organisms/chunks/pages_0049-0060/images/page_54_image_9.jpg
EN2303,EN,13,英文未逐图审阅,,,,来源/英文教材/21_Development_of_Multicellular_Organisms/chunks/pages_0049-0060/images/page_54_image_11.jpg
EN2304,EN,13,英文未逐图审阅,,,,来源/英文教材/21_Development_of_Multicellular_Organisms/chunks/pages_0049-0060/images/page_54_image_12.jpg
EN2305,EN,13,英文未逐图审阅,,,,来源/英文教材/21_Development_of_Multicellular_Organisms/chunks/pages_0049-0060/images/page_54_image_14.jpg
EN2306,EN,13,英文未逐图审阅,,,,来源/英文教材/21_Development_of_Multicellular_Organisms/chunks/pages_0049-0060/images/page_54_image_15.jpg
EN2307,EN,13,英文未逐图审阅,,,,来源/英文教材/21_Development_of_Multicellular_Organisms/chunks/pages_0049-0060/images/page_55_image_7.jpg
EN2308,EN,13,英文未逐图审阅,,,,来源/英文教材/21_Development_of_Multicellular_Organisms/chunks/pages_0049-0060/images/page_55_image_8.jpg
EN2309,EN,13,英文未逐图审阅,,,,来源/英文教材/21_Development_of_Multicellular_Organisms/chunks/pages_0049-0060/images/page_55_image_10.jpg
EN2310,EN,13,英文未逐图审阅,,,,来源/英文教材/21_Development_of_Multicellular_Organisms/chunks/pages_0049-0060/images/page_55_image_11.jpg
EN2311,EN,13,英文未逐图审阅,,,,来源/英文教材/21_Development_of_Multicellular_Organisms/chunks/pages_0049-0060/images/page_55_image_13.jpg
EN2312,EN,13,英文未逐图审阅,,,,来源/英文教材/21_Development_of_Multicellular_Organisms/chunks/pages_0049-0060/images/page_56_image_10.jpg
EN2313,EN,13,英文未逐图审阅,,,,来源/英文教材/21_Development_of_Multicellular_Organisms/chunks/pages_0049-0060/images/page_56_image_12.jpg
EN2314,EN,13,英文未逐图审阅,,,,来源/英文教材/21_Development_of_Multicellular_Organisms/chunks/pages_0049-0060/images/page_57_image_0.jpg
EN2315,EN,13,英文未逐图审阅,,,,来源/英文教材/21_Development_of_Multicellular_Organisms/chunks/pages_0049-0060/images/page_57_image_5.jpg
EN2316,EN,13,英文未逐图审阅,,,,来源/英文教材/21_Development_of_Multicellular_Organisms/chunks/pages_0049-0060/images/page_58_image_9.jpg
EN2317,EN,13,英文未逐图审阅,,,,来源/英文教材/21_Development_of_Multicellular_Organisms/chunks/pages_0049-0060/images/page_58_image_13.jpg
EN2318,EN,13,英文未逐图审阅,,,,来源/英文教材/21_Development_of_Multicellular_Organisms/chunks/pages_0049-0060/images/page_58_image_14.jpg
EN2319,EN,14,英文未逐图审阅,,,,来源/英文教材/21_Development_of_Multicellular_Organisms/chunks/pages_0049-0060/images/page_59_image_15.jpg
EN2320,EN,14,英文未逐图审阅,,,,来源/英文教材/21_Development_of_Multicellular_Organisms/chunks/pages_0049-0060/images/page_59_image_17.jpg
EN2321,EN,14,英文未逐图审阅,,,,来源/英文教材/21_Development_of_Multicellular_Organisms/chunks/pages_0049-0060/images/page_59_image_19.jpg
EN2322,EN,14,英文未逐图审阅,,,,来源/英文教材/21_Development_of_Multicellular_Organisms/chunks/pages_0061-0062/images/page_60_image_4.jpg
EN2323,EN,14,英文未逐图审阅,,,,来源/英文教材/21_Development_of_Multicellular_Organisms/chunks/pages_0061-0062/images/page_60_image_6.jpg
EN2324,EN,14,英文未逐图审阅,,,,来源/英文教材/21_Development_of_Multicellular_Organisms/chunks/pages_0061-0062/images/page_60_image_10.jpg
EN2325,EN,14,英文未逐图审阅,,,,来源/英文教材/21_Development_of_Multicellular_Organisms/chunks/pages_0061-0062/images/page_60_image_11.jpg
EN2326,EN,14,英文未逐图审阅,,,,来源/英文教材/21_Development_of_Multicellular_Organisms/chunks/pages_0061-0062/images/page_60_image_12.jpg
EN2327,EN,14,英文未逐图审阅,,,,来源/英文教材/22_Stem_Cells_in_Tissue_Homeostasis_and_Regeneration/chunks/pages_0001-0012/images/page_1_image_2.jpg
EN2328,EN,14,英文未逐图审阅,,,,来源/英文教材/22_Stem_Cells_in_Tissue_Homeostasis_and_Regeneration/chunks/pages_0001-0012/images/page_1_image_10.jpg
EN2329,EN,14,英文未逐图审阅,,,,来源/英文教材/22_Stem_Cells_in_Tissue_Homeostasis_and_Regeneration/chunks/pages_0001-0012/images/page_2_image_2.jpg
EN2330,EN,14,英文未逐图审阅,,,,来源/英文教材/22_Stem_Cells_in_Tissue_Homeostasis_and_Regeneration/chunks/pages_0001-0012/images/page_3_image_2.jpg
EN2331,EN,14,英文未逐图审阅,,,,来源/英文教材/22_Stem_Cells_in_Tissue_Homeostasis_and_Regeneration/chunks/pages_0001-0012/images/page_4_image_2.jpg
EN2332,EN,14,英文未逐图审阅,,,,来源/英文教材/22_Stem_Cells_in_Tissue_Homeostasis_and_Regeneration/chunks/pages_0001-0012/images/page_4_image_5.jpg
EN2333,EN,14,英文未逐图审阅,,,,来源/英文教材/22_Stem_Cells_in_Tissue_Homeostasis_and_Regeneration/chunks/pages_0001-0012/images/page_5_image_5.jpg
EN2334,EN,14,英文未逐图审阅,,,,来源/英文教材/22_Stem_Cells_in_Tissue_Homeostasis_and_Regeneration/chunks/pages_0001-0012/images/page_6_image_3.jpg
EN2335,EN,14,英文未逐图审阅,,,,来源/英文教材/22_Stem_Cells_in_Tissue_Homeostasis_and_Regeneration/chunks/pages_0001-0012/images/page_6_image_5.jpg
EN2336,EN,14,英文未逐图审阅,,,,来源/英文教材/22_Stem_Cells_in_Tissue_Homeostasis_and_Regeneration/chunks/pages_0001-0012/images/page_6_image_7.jpg
EN2337,EN,14,英文未逐图审阅,,,,来源/英文教材/22_Stem_Cells_in_Tissue_Homeostasis_and_Regeneration/chunks/pages_0001-0012/images/page_6_image_15.jpg
EN2338,EN,14,英文未逐图审阅,,,,来源/英文教材/22_Stem_Cells_in_Tissue_Homeostasis_and_Regeneration/chunks/pages_0001-0012/images/page_8_image_7.jpg
EN2339,EN,14,英文未逐图审阅,,,,来源/英文教材/22_Stem_Cells_in_Tissue_Homeostasis_and_Regeneration/chunks/pages_0001-0012/images/page_8_image_10.jpg
EN2340,EN,14,英文未逐图审阅,,,,来源/英文教材/22_Stem_Cells_in_Tissue_Homeostasis_and_Regeneration/chunks/pages_0001-0012/images/page_8_image_12.jpg
EN2341,EN,14,英文未逐图审阅,,,,来源/英文教材/22_Stem_Cells_in_Tissue_Homeostasis_and_Regeneration/chunks/pages_0001-0012/images/page_8_image_14.jpg
EN2342,EN,14,英文未逐图审阅,,,,来源/英文教材/22_Stem_Cells_in_Tissue_Homeostasis_and_Regeneration/chunks/pages_0001-0012/images/page_8_image_15.jpg
EN2343,EN,14,英文未逐图审阅,,,,来源/英文教材/22_Stem_Cells_in_Tissue_Homeostasis_and_Regeneration/chunks/pages_0001-0012/images/page_8_image_16.jpg
EN2344,EN,14,英文未逐图审阅,,,,来源/英文教材/22_Stem_Cells_in_Tissue_Homeostasis_and_Regeneration/chunks/pages_0001-0012/images/page_8_image_19.jpg
EN2345,EN,14,英文未逐图审阅,,,,来源/英文教材/22_Stem_Cells_in_Tissue_Homeostasis_and_Regeneration/chunks/pages_0001-0012/images/page_8_image_21.jpg
EN2346,EN,14,英文未逐图审阅,,,,来源/英文教材/22_Stem_Cells_in_Tissue_Homeostasis_and_Regeneration/chunks/pages_0001-0012/images/page_9_image_5.jpg
EN2347,EN,14,英文未逐图审阅,,,,来源/英文教材/22_Stem_Cells_in_Tissue_Homeostasis_and_Regeneration/chunks/pages_0013-0024/images/page_12_image_9.jpg
EN2348,EN,14,英文未逐图审阅,,,,来源/英文教材/22_Stem_Cells_in_Tissue_Homeostasis_and_Regeneration/chunks/pages_0013-0024/images/page_13_image_2.jpg
EN2349,EN,14,英文未逐图审阅,,,,来源/英文教材/22_Stem_Cells_in_Tissue_Homeostasis_and_Regeneration/chunks/pages_0013-0024/images/page_13_image_9.jpg
EN2350,EN,14,英文未逐图审阅,,,,来源/英文教材/22_Stem_Cells_in_Tissue_Homeostasis_and_Regeneration/chunks/pages_0013-0024/images/page_13_image_11.jpg
EN2351,EN,14,英文未逐图审阅,,,,来源/英文教材/22_Stem_Cells_in_Tissue_Homeostasis_and_Regeneration/chunks/pages_0013-0024/images/page_14_image_0.jpg
EN2352,EN,14,英文未逐图审阅,,,,来源/英文教材/22_Stem_Cells_in_Tissue_Homeostasis_and_Regeneration/chunks/pages_0013-0024/images/page_15_image_2.jpg
EN2353,EN,15,英文未逐图审阅,,,,来源/英文教材/22_Stem_Cells_in_Tissue_Homeostasis_and_Regeneration/chunks/pages_0013-0024/images/page_16_image_2.jpg
EN2354,EN,15,英文未逐图审阅,,,,来源/英文教材/22_Stem_Cells_in_Tissue_Homeostasis_and_Regeneration/chunks/pages_0013-0024/images/page_16_image_5.jpg
EN2355,EN,14,英文未逐图审阅,,,,来源/英文教材/22_Stem_Cells_in_Tissue_Homeostasis_and_Regeneration/chunks/pages_0013-0024/images/page_18_image_2.jpg
EN2356,EN,14,英文未逐图审阅,,,,来源/英文教材/22_Stem_Cells_in_Tissue_Homeostasis_and_Regeneration/chunks/pages_0013-0024/images/page_19_image_2.jpg
EN2357,EN,14,英文未逐图审阅,,,,来源/英文教材/22_Stem_Cells_in_Tissue_Homeostasis_and_Regeneration/chunks/pages_0013-0024/images/page_19_image_7.jpg
EN2358,EN,14,英文未逐图审阅,,,,来源/英文教材/22_Stem_Cells_in_Tissue_Homeostasis_and_Regeneration/chunks/pages_0013-0024/images/page_20_image_13.jpg
EN2359,EN,14,英文未逐图审阅,,,,来源/英文教材/22_Stem_Cells_in_Tissue_Homeostasis_and_Regeneration/chunks/pages_0013-0024/images/page_21_image_6.jpg
EN2360,EN,14,英文未逐图审阅,,,,来源/英文教材/22_Stem_Cells_in_Tissue_Homeostasis_and_Regeneration/chunks/pages_0013-0024/images/page_21_image_7.jpg
EN2361,EN,14,英文未逐图审阅,,,,来源/英文教材/22_Stem_Cells_in_Tissue_Homeostasis_and_Regeneration/chunks/pages_0013-0024/images/page_21_image_11.jpg
EN2362,EN,14,英文未逐图审阅,,,,来源/英文教材/22_Stem_Cells_in_Tissue_Homeostasis_and_Regeneration/chunks/pages_0013-0024/images/page_23_image_8.jpg
EN2363,EN,14,英文未逐图审阅,,,,来源/英文教材/22_Stem_Cells_in_Tissue_Homeostasis_and_Regeneration/chunks/pages_0025-0034/images/page_25_image_7.jpg
EN2364,EN,14,英文未逐图审阅,,,,来源/英文教材/22_Stem_Cells_in_Tissue_Homeostasis_and_Regeneration/chunks/pages_0025-0034/images/page_25_image_8.jpg
EN2365,EN,14,英文未逐图审阅,,,,来源/英文教材/22_Stem_Cells_in_Tissue_Homeostasis_and_Regeneration/chunks/pages_0025-0034/images/page_26_image_2.jpg
EN2366,EN,14,英文未逐图审阅,,,,来源/英文教材/22_Stem_Cells_in_Tissue_Homeostasis_and_Regeneration/chunks/pages_0025-0034/images/page_27_image_1.jpg
EN2367,EN,14,英文未逐图审阅,,,,来源/英文教材/22_Stem_Cells_in_Tissue_Homeostasis_and_Regeneration/chunks/pages_0025-0034/images/page_27_image_10.jpg
EN2368,EN,14,英文未逐图审阅,,,,来源/英文教材/22_Stem_Cells_in_Tissue_Homeostasis_and_Regeneration/chunks/pages_0025-0034/images/page_28_image_2.jpg
EN2369,EN,14,英文未逐图审阅,,,,来源/英文教材/22_Stem_Cells_in_Tissue_Homeostasis_and_Regeneration/chunks/pages_0025-0034/images/page_28_image_6.jpg
EN2370,EN,14,英文未逐图审阅,,,,来源/英文教材/22_Stem_Cells_in_Tissue_Homeostasis_and_Regeneration/chunks/pages_0025-0034/images/page_30_image_2.jpg
EN2371,EN,14,英文未逐图审阅,,,,来源/英文教材/22_Stem_Cells_in_Tissue_Homeostasis_and_Regeneration/chunks/pages_0025-0034/images/page_31_image_12.jpg
EN2372,EN,14,英文未逐图审阅,,,,来源/英文教材/22_Stem_Cells_in_Tissue_Homeostasis_and_Regeneration/chunks/pages_0025-0034/images/page_31_image_13.jpg
EN2373,EN,14,英文未逐图审阅,,,,来源/英文教材/22_Stem_Cells_in_Tissue_Homeostasis_and_Regeneration/chunks/pages_0025-0034/images/page_31_image_16.jpg
EN2374,EN,14,英文未逐图审阅,,,,来源/英文教材/22_Stem_Cells_in_Tissue_Homeostasis_and_Regeneration/chunks/pages_0025-0034/images/page_31_image_18.jpg
EN2375,EN,14,英文未逐图审阅,,,,来源/英文教材/22_Stem_Cells_in_Tissue_Homeostasis_and_Regeneration/chunks/pages_0025-0034/images/page_32_chart_2.jpg
EN2376,EN,14,英文未逐图审阅,,,,来源/英文教材/22_Stem_Cells_in_Tissue_Homeostasis_and_Regeneration/chunks/pages_0025-0034/images/page_32_chart_7.jpg
EN2377,EN,14,英文未逐图审阅,,,,来源/英文教材/22_Stem_Cells_in_Tissue_Homeostasis_and_Regeneration/chunks/pages_0025-0034/images/page_32_image_11.jpg
EN2378,EN,14,英文未逐图审阅,,,,来源/英文教材/22_Stem_Cells_in_Tissue_Homeostasis_and_Regeneration/chunks/pages_0025-0034/images/page_32_image_12.jpg
EN2379,EN,14,英文未逐图审阅,,,,来源/英文教材/22_Stem_Cells_in_Tissue_Homeostasis_and_Regeneration/chunks/pages_0025-0034/images/page_32_image_13.jpg
EN2380,EN,14,英文未逐图审阅,,,,来源/英文教材/22_Stem_Cells_in_Tissue_Homeostasis_and_Regeneration/chunks/pages_0025-0034/images/page_32_chart_14.jpg
EN2381,EN,14,英文未逐图审阅,,,,来源/英文教材/22_Stem_Cells_in_Tissue_Homeostasis_and_Regeneration/chunks/pages_0025-0034/images/page_32_chart_15.jpg
EN2382,EN,1,英文未逐图审阅,,,,来源/英文教材/23_Pathogens_and_Infection/chunks/pages_0001-0012/images/page_1_image_2.jpg
EN2383,EN,1,英文未逐图审阅,,,,来源/英文教材/23_Pathogens_and_Infection/chunks/pages_0001-0012/images/page_1_image_4.jpg
EN2384,EN,1,英文未逐图审阅,,,,来源/英文教材/23_Pathogens_and_Infection/chunks/pages_0001-0012/images/page_2_image_2.jpg
EN2385,EN,1,英文未逐图审阅,,,,来源/英文教材/23_Pathogens_and_Infection/chunks/pages_0001-0012/images/page_2_image_4.jpg
EN2386,EN,1,英文未逐图审阅,,,,来源/英文教材/23_Pathogens_and_Infection/chunks/pages_0001-0012/images/page_2_image_7.jpg
EN2387,EN,1,英文未逐图审阅,,,,来源/英文教材/23_Pathogens_and_Infection/chunks/pages_0001-0012/images/page_2_image_9.jpg
EN2388,EN,1,英文未逐图审阅,,,,来源/英文教材/23_Pathogens_and_Infection/chunks/pages_0001-0012/images/page_2_image_21.jpg
EN2389,EN,1,英文未逐图审阅,,,,来源/英文教材/23_Pathogens_and_Infection/chunks/pages_0001-0012/images/page_3_image_2.jpg
EN2390,EN,1,英文未逐图审阅,,,,来源/英文教材/23_Pathogens_and_Infection/chunks/pages_0001-0012/images/page_3_image_4.jpg
EN2391,EN,1,英文未逐图审阅,,,,来源/英文教材/23_Pathogens_and_Infection/chunks/pages_0001-0012/images/page_3_image_9.jpg
EN2392,EN,1,英文未逐图审阅,,,,来源/英文教材/23_Pathogens_and_Infection/chunks/pages_0001-0012/images/page_3_image_11.jpg
EN2393,EN,1,英文未逐图审阅,,,,来源/英文教材/23_Pathogens_and_Infection/chunks/pages_0001-0012/images/page_3_image_12.jpg
EN2394,EN,1,英文未逐图审阅,,,,来源/英文教材/23_Pathogens_and_Infection/chunks/pages_0001-0012/images/page_4_image_6.jpg
EN2395,EN,1,英文未逐图审阅,,,,来源/英文教材/23_Pathogens_and_Infection/chunks/pages_0001-0012/images/page_5_image_2.jpg
EN2396,EN,1,英文未逐图审阅,,,,来源/英文教材/23_Pathogens_and_Infection/chunks/pages_0001-0012/images/page_6_image_5.jpg
EN2397,EN,1,英文未逐图审阅,,,,来源/英文教材/23_Pathogens_and_Infection/chunks/pages_0001-0012/images/page_7_image_6.jpg
EN2398,EN,1,英文未逐图审阅,,,,来源/英文教材/23_Pathogens_and_Infection/chunks/pages_0001-0012/images/page_8_image_8.jpg
EN2399,EN,1,英文未逐图审阅,,,,来源/英文教材/23_Pathogens_and_Infection/chunks/pages_0001-0012/images/page_9_image_2.jpg
EN2400,EN,1,英文未逐图审阅,,,,来源/英文教材/23_Pathogens_and_Infection/chunks/pages_0001-0012/images/page_10_image_6.jpg
EN2401,EN,1,英文未逐图审阅,,,,来源/英文教材/23_Pathogens_and_Infection/chunks/pages_0001-0012/images/page_11_image_1.jpg
EN2402,EN,1,英文未逐图审阅,,,,来源/英文教材/23_Pathogens_and_Infection/chunks/pages_0001-0012/images/page_11_image_5.jpg
EN2403,EN,1,英文未逐图审阅,,,,来源/英文教材/23_Pathogens_and_Infection/chunks/pages_0013-0024/images/page_12_chart_2.jpg
EN2404,EN,16,英文未逐图审阅,,,,来源/英文教材/23_Pathogens_and_Infection/chunks/pages_0013-0024/images/page_13_image_10.jpg
EN2405,EN,16,英文未逐图审阅,,,,来源/英文教材/23_Pathogens_and_Infection/chunks/pages_0013-0024/images/page_14_image_2.jpg
EN2406,EN,16,英文未逐图审阅,,,,来源/英文教材/23_Pathogens_and_Infection/chunks/pages_0013-0024/images/page_14_image_3.jpg
EN2407,EN,16,英文未逐图审阅,,,,来源/英文教材/23_Pathogens_and_Infection/chunks/pages_0013-0024/images/page_14_image_5.jpg
EN2408,EN,16,英文未逐图审阅,,,,来源/英文教材/23_Pathogens_and_Infection/chunks/pages_0013-0024/images/page_14_image_8.jpg
EN2409,EN,1,英文未逐图审阅,,,,来源/英文教材/23_Pathogens_and_Infection/chunks/pages_0013-0024/images/page_15_image_8.jpg
EN2410,EN,4,英文未逐图审阅,,,,来源/英文教材/23_Pathogens_and_Infection/chunks/pages_0013-0024/images/page_17_image_2.jpg
EN2411,EN,4,英文未逐图审阅,,,,来源/英文教材/23_Pathogens_and_Infection/chunks/pages_0013-0024/images/page_18_image_4.jpg
EN2412,EN,4,英文未逐图审阅,,,,来源/英文教材/23_Pathogens_and_Infection/chunks/pages_0013-0024/images/page_19_image_3.jpg
EN2413,EN,4,英文未逐图审阅,,,,来源/英文教材/23_Pathogens_and_Infection/chunks/pages_0013-0024/images/page_19_image_5.jpg
EN2414,EN,4,英文未逐图审阅,,,,来源/英文教材/23_Pathogens_and_Infection/chunks/pages_0013-0024/images/page_19_image_6.jpg
EN2415,EN,4,英文未逐图审阅,,,,来源/英文教材/23_Pathogens_and_Infection/chunks/pages_0013-0024/images/page_19_image_7.jpg
EN2416,EN,4,英文未逐图审阅,,,,来源/英文教材/23_Pathogens_and_Infection/chunks/pages_0013-0024/images/page_20_image_2.jpg
EN2417,EN,4,英文未逐图审阅,,,,来源/英文教材/23_Pathogens_and_Infection/chunks/pages_0013-0024/images/page_20_image_3.jpg
EN2418,EN,4,英文未逐图审阅,,,,来源/英文教材/23_Pathogens_and_Infection/chunks/pages_0013-0024/images/page_21_image_1.jpg
EN2419,EN,4,英文未逐图审阅,,,,来源/英文教材/23_Pathogens_and_Infection/chunks/pages_0013-0024/images/page_21_image_6.jpg
EN2420,EN,4,英文未逐图审阅,,,,来源/英文教材/23_Pathogens_and_Infection/chunks/pages_0013-0024/images/page_22_image_2.jpg
EN2421,EN,4,英文未逐图审阅,,,,来源/英文教材/23_Pathogens_and_Infection/chunks/pages_0013-0024/images/page_22_image_8.jpg
EN2422,EN,4,英文未逐图审阅,,,,来源/英文教材/23_Pathogens_and_Infection/chunks/pages_0013-0024/images/page_23_image_2.jpg
EN2423,EN,4,英文未逐图审阅,,,,来源/英文教材/23_Pathogens_and_Infection/chunks/pages_0013-0024/images/page_23_image_8.jpg
EN2424,EN,4,英文未逐图审阅,,,,来源/英文教材/23_Pathogens_and_Infection/chunks/pages_0025-0036/images/page_24_image_3.jpg
EN2425,EN,8,英文未逐图审阅,,,,来源/英文教材/23_Pathogens_and_Infection/chunks/pages_0025-0036/images/page_25_image_8.jpg
EN2426,EN,8,英文未逐图审阅,,,,来源/英文教材/23_Pathogens_and_Infection/chunks/pages_0025-0036/images/page_26_image_2.jpg
EN2427,EN,8,英文未逐图审阅,,,,来源/英文教材/23_Pathogens_and_Infection/chunks/pages_0025-0036/images/page_26_image_5.jpg
EN2428,EN,8,英文未逐图审阅,,,,来源/英文教材/23_Pathogens_and_Infection/chunks/pages_0025-0036/images/page_27_image_2.jpg
EN2429,EN,1,英文未逐图审阅,,,,来源/英文教材/23_Pathogens_and_Infection/chunks/pages_0025-0036/images/page_29_image_3.jpg
EN2430,EN,1,英文未逐图审阅,,,,来源/英文教材/23_Pathogens_and_Infection/chunks/pages_0025-0036/images/page_29_chart_5.jpg
EN2431,EN,1,英文未逐图审阅,,,,来源/英文教材/23_Pathogens_and_Infection/chunks/pages_0025-0036/images/page_30_image_7.jpg
EN2432,EN,1,英文未逐图审阅,,,,来源/英文教材/23_Pathogens_and_Infection/chunks/pages_0025-0036/images/page_30_image_10.jpg
EN2433,EN,1,英文未逐图审阅,,,,来源/英文教材/23_Pathogens_and_Infection/chunks/pages_0025-0036/images/page_31_image_2.jpg
EN2434,EN,1,英文未逐图审阅,,,,来源/英文教材/23_Pathogens_and_Infection/chunks/pages_0025-0036/images/page_32_image_4.jpg
EN2435,EN,1,英文未逐图审阅,,,,来源/英文教材/23_Pathogens_and_Infection/chunks/pages_0025-0036/images/page_32_image_9.jpg
EN2436,EN,1,英文未逐图审阅,,,,来源/英文教材/23_Pathogens_and_Infection/chunks/pages_0025-0036/images/page_34_image_9.jpg
EN2437,EN,1,英文未逐图审阅,,,,来源/英文教材/23_Pathogens_and_Infection/chunks/pages_0025-0036/images/page_35_image_7.jpg
EN2438,EN,1,英文未逐图审阅,,,,来源/英文教材/23_Pathogens_and_Infection/chunks/pages_0037-0040/images/page_37_image_13.jpg
EN2439,EN,1,英文未逐图审阅,,,,来源/英文教材/23_Pathogens_and_Infection/chunks/pages_0037-0040/images/page_37_chart_17.jpg
EN2440,EN,1,英文未逐图审阅,,,,来源/英文教材/23_Pathogens_and_Infection/chunks/pages_0037-0040/images/page_38_chart_5.jpg
EN2441,EN,0,英文未逐图审阅,,,,来源/英文教材/24_The_Innate_and_Adaptive_Immune_Systems/chunks/pages_0001-0012/images/page_0_image_8.jpg
EN2442,EN,11,英文未逐图审阅,,,,来源/英文教材/24_The_Innate_and_Adaptive_Immune_Systems/chunks/pages_0001-0012/images/page_1_image_11.jpg
EN2443,EN,11,英文未逐图审阅,,,,来源/英文教材/24_The_Innate_and_Adaptive_Immune_Systems/chunks/pages_0001-0012/images/page_2_image_3.jpg
EN2444,EN,11,英文未逐图审阅,,,,来源/英文教材/24_The_Innate_and_Adaptive_Immune_Systems/chunks/pages_0001-0012/images/page_3_image_2.jpg
EN2445,EN,11,英文未逐图审阅,,,,来源/英文教材/24_The_Innate_and_Adaptive_Immune_Systems/chunks/pages_0001-0012/images/page_3_image_3.jpg
EN2446,EN,0,英文未逐图审阅,,,,来源/英文教材/24_The_Innate_and_Adaptive_Immune_Systems/chunks/pages_0001-0012/images/page_5_image_10.jpg
EN2447,EN,0,英文未逐图审阅,,,,来源/英文教材/24_The_Innate_and_Adaptive_Immune_Systems/chunks/pages_0001-0012/images/page_5_image_11.jpg
EN2448,EN,0,英文未逐图审阅,,,,来源/英文教材/24_The_Innate_and_Adaptive_Immune_Systems/chunks/pages_0001-0012/images/page_6_image_2.jpg
EN2449,EN,0,英文未逐图审阅,,,,来源/英文教材/24_The_Innate_and_Adaptive_Immune_Systems/chunks/pages_0001-0012/images/page_7_image_2.jpg
EN2450,EN,15,英文未逐图审阅,,,,来源/英文教材/24_The_Innate_and_Adaptive_Immune_Systems/chunks/pages_0001-0012/images/page_8_image_7.jpg
EN2451,EN,15,英文未逐图审阅,,,,来源/英文教材/24_The_Innate_and_Adaptive_Immune_Systems/chunks/pages_0001-0012/images/page_9_image_2.jpg
EN2452,EN,15,英文未逐图审阅,,,,来源/英文教材/24_The_Innate_and_Adaptive_Immune_Systems/chunks/pages_0001-0012/images/page_9_image_4.jpg
EN2453,EN,0,英文未逐图审阅,,,,来源/英文教材/24_The_Innate_and_Adaptive_Immune_Systems/chunks/pages_0001-0012/images/page_10_image_2.jpg
EN2454,EN,0,英文未逐图审阅,,,,来源/英文教材/24_The_Innate_and_Adaptive_Immune_Systems/chunks/pages_0013-0024/images/page_12_image_2.jpg
EN2455,EN,0,英文未逐图审阅,,,,来源/英文教材/24_The_Innate_and_Adaptive_Immune_Systems/chunks/pages_0013-0024/images/page_12_image_7.jpg
EN2456,EN,0,英文未逐图审阅,,,,来源/英文教材/24_The_Innate_and_Adaptive_Immune_Systems/chunks/pages_0013-0024/images/page_13_image_2.jpg
EN2457,EN,0,英文未逐图审阅,,,,来源/英文教材/24_The_Innate_and_Adaptive_Immune_Systems/chunks/pages_0013-0024/images/page_14_image_2.jpg
EN2458,EN,0,英文未逐图审阅,,,,来源/英文教材/24_The_Innate_and_Adaptive_Immune_Systems/chunks/pages_0013-0024/images/page_15_chart_2.jpg
EN2459,EN,0,英文未逐图审阅,,,,来源/英文教材/24_The_Innate_and_Adaptive_Immune_Systems/chunks/pages_0013-0024/images/page_15_image_9.jpg
EN2460,EN,0,英文未逐图审阅,,,,来源/英文教材/24_The_Innate_and_Adaptive_Immune_Systems/chunks/pages_0013-0024/images/page_16_image_4.jpg
EN2461,EN,0,英文未逐图审阅,,,,来源/英文教材/24_The_Innate_and_Adaptive_Immune_Systems/chunks/pages_0013-0024/images/page_16_image_7.jpg
EN2462,EN,0,英文未逐图审阅,,,,来源/英文教材/24_The_Innate_and_Adaptive_Immune_Systems/chunks/pages_0013-0024/images/page_17_image_2.jpg
EN2463,EN,0,英文未逐图审阅,,,,来源/英文教材/24_The_Innate_and_Adaptive_Immune_Systems/chunks/pages_0013-0024/images/page_18_image_5.jpg
EN2464,EN,0,英文未逐图审阅,,,,来源/英文教材/24_The_Innate_and_Adaptive_Immune_Systems/chunks/pages_0013-0024/images/page_20_image_8.jpg
EN2465,EN,0,英文未逐图审阅,,,,来源/英文教材/24_The_Innate_and_Adaptive_Immune_Systems/chunks/pages_0013-0024/images/page_20_image_9.jpg
EN2466,EN,0,英文未逐图审阅,,,,来源/英文教材/24_The_Innate_and_Adaptive_Immune_Systems/chunks/pages_0013-0024/images/page_21_image_1.jpg
EN2467,EN,0,英文未逐图审阅,,,,来源/英文教材/24_The_Innate_and_Adaptive_Immune_Systems/chunks/pages_0013-0024/images/page_22_chart_8.jpg
EN2468,EN,0,英文未逐图审阅,,,,来源/英文教材/24_The_Innate_and_Adaptive_Immune_Systems/chunks/pages_0013-0024/images/page_23_image_2.jpg
EN2469,EN,0,英文未逐图审阅,,,,来源/英文教材/24_The_Innate_and_Adaptive_Immune_Systems/chunks/pages_0013-0024/images/page_23_image_6.jpg
EN2470,EN,0,英文未逐图审阅,,,,来源/英文教材/24_The_Innate_and_Adaptive_Immune_Systems/chunks/pages_0025-0036/images/page_25_image_2.jpg
EN2471,EN,0,英文未逐图审阅,,,,来源/英文教材/24_The_Innate_and_Adaptive_Immune_Systems/chunks/pages_0025-0036/images/page_25_image_5.jpg
EN2472,EN,0,英文未逐图审阅,,,,来源/英文教材/24_The_Innate_and_Adaptive_Immune_Systems/chunks/pages_0025-0036/images/page_27_image_5.jpg
EN2473,EN,0,英文未逐图审阅,,,,来源/英文教材/24_The_Innate_and_Adaptive_Immune_Systems/chunks/pages_0025-0036/images/page_28_image_7.jpg
EN2474,EN,0,英文未逐图审阅,,,,来源/英文教材/24_The_Innate_and_Adaptive_Immune_Systems/chunks/pages_0025-0036/images/page_30_image_2.jpg
EN2475,EN,0,英文未逐图审阅,,,,来源/英文教材/24_The_Innate_and_Adaptive_Immune_Systems/chunks/pages_0025-0036/images/page_30_image_3.jpg
EN2476,EN,0,英文未逐图审阅,,,,来源/英文教材/24_The_Innate_and_Adaptive_Immune_Systems/chunks/pages_0025-0036/images/page_30_image_12.jpg
EN2477,EN,0,英文未逐图审阅,,,,来源/英文教材/24_The_Innate_and_Adaptive_Immune_Systems/chunks/pages_0025-0036/images/page_30_image_13.jpg
EN2478,EN,0,英文未逐图审阅,,,,来源/英文教材/24_The_Innate_and_Adaptive_Immune_Systems/chunks/pages_0025-0036/images/page_31_image_2.jpg
EN2479,EN,0,英文未逐图审阅,,,,来源/英文教材/24_The_Innate_and_Adaptive_Immune_Systems/chunks/pages_0025-0036/images/page_31_image_9.jpg
EN2480,EN,0,英文未逐图审阅,,,,来源/英文教材/24_The_Innate_and_Adaptive_Immune_Systems/chunks/pages_0025-0036/images/page_32_image_2.jpg
EN2481,EN,0,英文未逐图审阅,,,,来源/英文教材/24_The_Innate_and_Adaptive_Immune_Systems/chunks/pages_0025-0036/images/page_32_image_6.jpg
EN2482,EN,0,英文未逐图审阅,,,,来源/英文教材/24_The_Innate_and_Adaptive_Immune_Systems/chunks/pages_0025-0036/images/page_33_image_2.jpg
EN2483,EN,0,英文未逐图审阅,,,,来源/英文教材/24_The_Innate_and_Adaptive_Immune_Systems/chunks/pages_0025-0036/images/page_34_image_2.jpg
EN2484,EN,0,英文未逐图审阅,,,,来源/英文教材/24_The_Innate_and_Adaptive_Immune_Systems/chunks/pages_0037-0048/images/page_36_image_5.jpg
EN2485,EN,0,英文未逐图审阅,,,,来源/英文教材/24_The_Innate_and_Adaptive_Immune_Systems/chunks/pages_0037-0048/images/page_36_image_7.jpg
EN2486,EN,0,英文未逐图审阅,,,,来源/英文教材/24_The_Innate_and_Adaptive_Immune_Systems/chunks/pages_0037-0048/images/page_37_image_1.jpg
EN2487,EN,15,英文未逐图审阅,,,,来源/英文教材/24_The_Innate_and_Adaptive_Immune_Systems/chunks/pages_0037-0048/images/page_39_image_2.jpg
EN2488,EN,15,英文未逐图审阅,,,,来源/英文教材/24_The_Innate_and_Adaptive_Immune_Systems/chunks/pages_0037-0048/images/page_39_image_3.jpg
EN2489,EN,15,英文未逐图审阅,,,,来源/英文教材/24_The_Innate_and_Adaptive_Immune_Systems/chunks/pages_0037-0048/images/page_39_image_4.jpg
EN2490,EN,11,英文未逐图审阅,,,,来源/英文教材/24_The_Innate_and_Adaptive_Immune_Systems/chunks/pages_0037-0048/images/page_39_image_9.jpg
EN2491,EN,11,英文未逐图审阅,,,,来源/英文教材/24_The_Innate_and_Adaptive_Immune_Systems/chunks/pages_0037-0048/images/page_40_image_7.jpg
EN2492,EN,11,英文未逐图审阅,,,,来源/英文教材/24_The_Innate_and_Adaptive_Immune_Systems/chunks/pages_0037-0048/images/page_41_image_6.jpg
EN2493,EN,11,英文未逐图审阅,,,,来源/英文教材/24_The_Innate_and_Adaptive_Immune_Systems/chunks/pages_0037-0048/images/page_42_image_2.jpg
EN2494,EN,11,英文未逐图审阅,,,,来源/英文教材/24_The_Innate_and_Adaptive_Immune_Systems/chunks/pages_0037-0048/images/page_43_image_2.jpg
EN2495,EN,11,英文未逐图审阅,,,,来源/英文教材/24_The_Innate_and_Adaptive_Immune_Systems/chunks/pages_0037-0048/images/page_43_image_3.jpg
EN2496,EN,0,英文未逐图审阅,,,,来源/英文教材/24_The_Innate_and_Adaptive_Immune_Systems/chunks/pages_0037-0048/images/page_44_image_2.jpg
EN2497,EN,0,英文未逐图审阅,,,,来源/英文教材/24_The_Innate_and_Adaptive_Immune_Systems/chunks/pages_0037-0048/images/page_46_image_2.jpg
EN2498,EN,0,英文未逐图审阅,,,,来源/英文教材/24_The_Innate_and_Adaptive_Immune_Systems/chunks/pages_0037-0048/images/page_47_image_2.jpg
EN2499,EN,0,英文未逐图审阅,,,,来源/英文教材/24_The_Innate_and_Adaptive_Immune_Systems/chunks/pages_0049-0052/images/page_48_chart_2.jpg
EN2500,EN,0,英文未逐图审阅,,,,来源/英文教材/24_The_Innate_and_Adaptive_Immune_Systems/chunks/pages_0049-0052/images/page_49_chart_16.jpg
EN2501,EN,0,英文未逐图审阅,,,,来源/英文教材/24_The_Innate_and_Adaptive_Immune_Systems/chunks/pages_0049-0052/images/page_50_image_2.jpg
EN2502,EN,0,英文未逐图审阅,,,,来源/英文教材/24_The_Innate_and_Adaptive_Immune_Systems/chunks/pages_0049-0052/images/page_50_image_8.jpg
EN2503,EN,0,英文未逐图审阅,,,,来源/英文教材/24_The_Innate_and_Adaptive_Immune_Systems/chunks/pages_0049-0052/images/page_50_chart_10.jpg
EN2504,EN,0,英文未逐图审阅,,,,来源/英文教材/24_The_Innate_and_Adaptive_Immune_Systems/chunks/pages_0049-0052/images/page_50_chart_15.jpg
EN2505,EN,,英文未逐图审阅,,,,来源/英文教材/00_Front_Matter/chunks/pages_0010-0010/images/page_9_table_2.jpg
EN2506,EN,,英文未逐图审阅,,,,来源/英文教材/01_Cells_Genomes_and_the_Diversity_of_Life/chunks/pages_0013-0024/images/page_21_table_2.jpg
EN2507,EN,,英文未逐图审阅,,,,来源/英文教材/01_Cells_Genomes_and_the_Diversity_of_Life/chunks/pages_0025-0036/images/page_28_table_2.jpg
EN2508,EN,,英文未逐图审阅,,,,来源/英文教材/02_Cell_Chemistry_and_Bioenergetics/chunks/pages_0001-0012/images/page_0_table_10.jpg
EN2509,EN,,英文未逐图审阅,,,,来源/英文教材/02_Cell_Chemistry_and_Bioenergetics/chunks/pages_0001-0012/images/page_2_table_10.jpg
EN2510,EN,,英文未逐图审阅,,,,来源/英文教材/02_Cell_Chemistry_and_Bioenergetics/chunks/pages_0013-0024/images/page_13_equation_12.jpg
EN2511,EN,,英文未逐图审阅,,,,来源/英文教材/02_Cell_Chemistry_and_Bioenergetics/chunks/pages_0013-0024/images/page_14_equation_6.jpg
EN2512,EN,,英文未逐图审阅,,,,来源/英文教材/02_Cell_Chemistry_and_Bioenergetics/chunks/pages_0013-0024/images/page_18_equation_11.jpg
EN2513,EN,,英文未逐图审阅,,,,来源/英文教材/02_Cell_Chemistry_and_Bioenergetics/chunks/pages_0013-0024/images/page_19_equation_12.jpg
EN2514,EN,,英文未逐图审阅,,,,来源/英文教材/02_Cell_Chemistry_and_Bioenergetics/chunks/pages_0013-0024/images/page_19_equation_14.jpg
EN2515,EN,,英文未逐图审阅,,,,来源/英文教材/02_Cell_Chemistry_and_Bioenergetics/chunks/pages_0013-0024/images/page_20_equation_10.jpg
EN2516,EN,,英文未逐图审阅,,,,来源/英文教材/02_Cell_Chemistry_and_Bioenergetics/chunks/pages_0013-0024/images/page_20_equation_14.jpg
EN2517,EN,,英文未逐图审阅,,,,来源/英文教材/02_Cell_Chemistry_and_Bioenergetics/chunks/pages_0013-0024/images/page_20_equation_3.jpg
EN2518,EN,,英文未逐图审阅,,,,来源/英文教材/02_Cell_Chemistry_and_Bioenergetics/chunks/pages_0013-0024/images/page_20_equation_5.jpg
EN2519,EN,,英文未逐图审阅,,,,来源/英文教材/02_Cell_Chemistry_and_Bioenergetics/chunks/pages_0013-0024/images/page_20_equation_8.jpg
EN2520,EN,,英文未逐图审阅,,,,来源/英文教材/02_Cell_Chemistry_and_Bioenergetics/chunks/pages_0013-0024/images/page_20_table_20.jpg
EN2521,EN,,英文未逐图审阅,,,,来源/英文教材/02_Cell_Chemistry_and_Bioenergetics/chunks/pages_0013-0024/images/page_23_equation_11.jpg
EN2522,EN,,英文未逐图审阅,,,,来源/英文教材/02_Cell_Chemistry_and_Bioenergetics/chunks/pages_0013-0024/images/page_23_equation_12.jpg
EN2523,EN,,英文未逐图审阅,,,,来源/英文教材/02_Cell_Chemistry_and_Bioenergetics/chunks/pages_0013-0024/images/page_23_equation_13.jpg
EN2524,EN,,英文未逐图审阅,,,,来源/英文教材/02_Cell_Chemistry_and_Bioenergetics/chunks/pages_0013-0024/images/page_23_equation_9.jpg
EN2525,EN,,英文未逐图审阅,,,,来源/英文教材/02_Cell_Chemistry_and_Bioenergetics/chunks/pages_0025-0036/images/page_27_table_2.jpg
EN2526,EN,,英文未逐图审阅,,,,来源/英文教材/02_Cell_Chemistry_and_Bioenergetics/chunks/pages_0037-0048/images/page_46_equation_29.jpg
EN2527,EN,,英文未逐图审阅,,,,来源/英文教材/02_Cell_Chemistry_and_Bioenergetics/chunks/pages_0049-0060/images/page_48_equation_13.jpg
EN2528,EN,,英文未逐图审阅,,,,来源/英文教材/02_Cell_Chemistry_and_Bioenergetics/chunks/pages_0049-0060/images/page_48_equation_16.jpg
EN2529,EN,,英文未逐图审阅,,,,来源/英文教材/02_Cell_Chemistry_and_Bioenergetics/chunks/pages_0049-0060/images/page_48_equation_17.jpg
EN2530,EN,,英文未逐图审阅,,,,来源/英文教材/02_Cell_Chemistry_and_Bioenergetics/chunks/pages_0049-0060/images/page_48_equation_21.jpg
EN2531,EN,,英文未逐图审阅,,,,来源/英文教材/02_Cell_Chemistry_and_Bioenergetics/chunks/pages_0049-0060/images/page_48_equation_29.jpg
EN2532,EN,,英文未逐图审阅,,,,来源/英文教材/02_Cell_Chemistry_and_Bioenergetics/chunks/pages_0049-0060/images/page_48_equation_30.jpg
EN2533,EN,,英文未逐图审阅,,,,来源/英文教材/02_Cell_Chemistry_and_Bioenergetics/chunks/pages_0049-0060/images/page_53_equation_16.jpg
EN2534,EN,,英文未逐图审阅,,,,来源/英文教材/02_Cell_Chemistry_and_Bioenergetics/chunks/pages_0049-0060/images/page_53_equation_17.jpg
EN2535,EN,,英文未逐图审阅,,,,来源/英文教材/02_Cell_Chemistry_and_Bioenergetics/chunks/pages_0049-0060/images/page_56_table_2.jpg
EN2536,EN,,英文未逐图审阅,,,,来源/英文教材/02_Cell_Chemistry_and_Bioenergetics/chunks/pages_0049-0060/images/page_57_equation_12.jpg
EN2537,EN,,英文未逐图审阅,,,,来源/英文教材/02_Cell_Chemistry_and_Bioenergetics/chunks/pages_0049-0060/images/page_58_equation_13.jpg
EN2538,EN,,英文未逐图审阅,,,,来源/英文教材/02_Cell_Chemistry_and_Bioenergetics/chunks/pages_0049-0060/images/page_58_equation_15.jpg
EN2539,EN,,英文未逐图审阅,,,,来源/英文教材/02_Cell_Chemistry_and_Bioenergetics/chunks/pages_0049-0060/images/page_58_equation_17.jpg
EN2540,EN,,英文未逐图审阅,,,,来源/英文教材/02_Cell_Chemistry_and_Bioenergetics/chunks/pages_0049-0060/images/page_58_equation_3.jpg
EN2541,EN,,英文未逐图审阅,,,,来源/英文教材/02_Cell_Chemistry_and_Bioenergetics/chunks/pages_0049-0060/images/page_58_equation_9.jpg
EN2542,EN,,英文未逐图审阅,,,,来源/英文教材/02_Cell_Chemistry_and_Bioenergetics/chunks/pages_0061-0066/images/page_63_equation_13.jpg
EN2543,EN,,英文未逐图审阅,,,,来源/英文教材/02_Cell_Chemistry_and_Bioenergetics/chunks/pages_0061-0066/images/page_64_equation_18.jpg
EN2544,EN,,英文未逐图审阅,,,,来源/英文教材/02_Cell_Chemistry_and_Bioenergetics/chunks/pages_0061-0066/images/page_64_equation_5.jpg
EN2545,EN,,英文未逐图审阅,,,,来源/英文教材/03_Proteins/chunks/pages_0001-0012/images/page_1_table_5.jpg
EN2546,EN,,英文未逐图审阅,,,,来源/英文教材/03_Proteins/chunks/pages_0001-0012/images/page_1_table_6.jpg
EN2547,EN,,英文未逐图审阅,,,,来源/英文教材/03_Proteins/chunks/pages_0025-0036/images/page_32_table_2.jpg
EN2548,EN,,英文未逐图审阅,,,,来源/英文教材/03_Proteins/chunks/pages_0025-0036/images/page_35_equation_15.jpg
EN2549,EN,,英文未逐图审阅,,,,来源/英文教材/03_Proteins/chunks/pages_0025-0036/images/page_35_equation_17.jpg
EN2550,EN,,英文未逐图审阅,,,,来源/英文教材/03_Proteins/chunks/pages_0025-0036/images/page_35_equation_19.jpg
EN2551,EN,,英文未逐图审阅,,,,来源/英文教材/03_Proteins/chunks/pages_0025-0036/images/page_35_equation_21.jpg
EN2552,EN,,英文未逐图审阅,,,,来源/英文教材/03_Proteins/chunks/pages_0025-0036/images/page_35_equation_23.jpg
EN2553,EN,,英文未逐图审阅,,,,来源/英文教材/03_Proteins/chunks/pages_0025-0036/images/page_35_equation_25.jpg
EN2554,EN,,英文未逐图审阅,,,,来源/英文教材/03_Proteins/chunks/pages_0025-0036/images/page_35_equation_6.jpg
EN2555,EN,,英文未逐图审阅,,,,来源/英文教材/03_Proteins/chunks/pages_0025-0036/images/page_35_equation_8.jpg
EN2556,EN,,英文未逐图审阅,,,,来源/英文教材/03_Proteins/chunks/pages_0037-0048/images/page_36_equation_5.jpg
EN2557,EN,,英文未逐图审阅,,,,来源/英文教材/03_Proteins/chunks/pages_0037-0048/images/page_36_table_15.jpg
EN2558,EN,,英文未逐图审阅,,,,来源/英文教材/03_Proteins/chunks/pages_0037-0048/images/page_39_table_3.jpg
EN2559,EN,,英文未逐图审阅,,,,来源/英文教材/03_Proteins/chunks/pages_0061-0068/images/page_60_table_2.jpg
EN2560,EN,,英文未逐图审阅,,,,来源/英文教材/03_Proteins/chunks/pages_0061-0068/images/page_60_table_6.jpg
EN2561,EN,,英文未逐图审阅,,,,来源/英文教材/03_Proteins/chunks/pages_0061-0068/images/page_66_equation_10.jpg
EN2562,EN,,英文未逐图审阅,,,,来源/英文教材/03_Proteins/chunks/pages_0061-0068/images/page_66_equation_3.jpg
EN2563,EN,,英文未逐图审阅,,,,来源/英文教材/04_DNA_Chromosomes_and_Genomes/chunks/pages_0001-0012/images/page_11_table_2.jpg
EN2564,EN,,英文未逐图审阅,,,,来源/英文教材/04_DNA_Chromosomes_and_Genomes/chunks/pages_0025-0036/images/page_27_table_3.jpg
EN2565,EN,,英文未逐图审阅,,,,来源/英文教材/04_DNA_Chromosomes_and_Genomes/chunks/pages_0061-0070/images/page_64_table_3.jpg
EN2566,EN,,英文未逐图审阅,,,,来源/英文教材/05_DNA_Replication_Repair_and_Recombination/chunks/pages_0001-0012/images/page_7_table_2.jpg
EN2567,EN,,英文未逐图审阅,,,,来源/英文教材/05_DNA_Replication_Repair_and_Recombination/chunks/pages_0025-0036/images/page_32_table_2.jpg
EN2568,EN,,英文未逐图审阅,,,,来源/英文教材/05_DNA_Replication_Repair_and_Recombination/chunks/pages_0025-0036/images/page_33_table_7.jpg
EN2569,EN,,英文未逐图审阅,,,,来源/英文教材/05_DNA_Replication_Repair_and_Recombination/chunks/pages_0049-0060/images/page_55_table_2.jpg
EN2570,EN,,英文未逐图审阅,,,,来源/英文教材/05_DNA_Replication_Repair_and_Recombination/chunks/pages_0061-0068/images/page_65_table_11.jpg
EN2571,EN,,英文未逐图审阅,,,,来源/英文教材/06_How_Cells_Read_the_Genome_From_DNA_to_Protein/chunks/pages_0001-0012/images/page_10_table_12.jpg
EN2572,EN,,英文未逐图审阅,,,,来源/英文教材/06_How_Cells_Read_the_Genome_From_DNA_to_Protein/chunks/pages_0001-0012/images/page_6_table_7.jpg
EN2573,EN,,英文未逐图审阅,,,,来源/英文教材/06_How_Cells_Read_the_Genome_From_DNA_to_Protein/chunks/pages_0013-0024/images/page_12_table_2.jpg
EN2574,EN,,英文未逐图审阅,,,,来源/英文教材/06_How_Cells_Read_the_Genome_From_DNA_to_Protein/chunks/pages_0013-0024/images/page_12_table_6.jpg
EN2575,EN,,英文未逐图审阅,,,,来源/英文教材/06_How_Cells_Read_the_Genome_From_DNA_to_Protein/chunks/pages_0037-0048/images/page_38_table_2.jpg
EN2576,EN,,英文未逐图审阅,,,,来源/英文教材/06_How_Cells_Read_the_Genome_From_DNA_to_Protein/chunks/pages_0037-0048/images/page_39_table_6.jpg
EN2577,EN,,英文未逐图审阅,,,,来源/英文教材/06_How_Cells_Read_the_Genome_From_DNA_to_Protein/chunks/pages_0037-0048/images/page_39_table_7.jpg
EN2578,EN,,英文未逐图审阅,,,,来源/英文教材/06_How_Cells_Read_the_Genome_From_DNA_to_Protein/chunks/pages_0049-0060/images/page_56_table_5.jpg
EN2579,EN,,英文未逐图审阅,,,,来源/英文教材/06_How_Cells_Read_the_Genome_From_DNA_to_Protein/chunks/pages_0061-0072/images/page_70_table_10.jpg
EN2580,EN,,英文未逐图审阅,,,,来源/英文教材/08_Analyzing_Cells_Molecules_and_Systems/chunks/pages_0001-0012/images/page_3_table_13.jpg
EN2581,EN,,英文未逐图审阅,,,,来源/英文教材/08_Analyzing_Cells_Molecules_and_Systems/chunks/pages_0073-0084/images/page_73_equation_10.jpg
EN2582,EN,,英文未逐图审阅,,,,来源/英文教材/08_Analyzing_Cells_Molecules_and_Systems/chunks/pages_0073-0084/images/page_73_equation_12.jpg
EN2583,EN,,英文未逐图审阅,,,,来源/英文教材/08_Analyzing_Cells_Molecules_and_Systems/chunks/pages_0073-0084/images/page_73_equation_5.jpg
EN2584,EN,,英文未逐图审阅,,,,来源/英文教材/08_Analyzing_Cells_Molecules_and_Systems/chunks/pages_0073-0084/images/page_73_equation_9.jpg
EN2585,EN,,英文未逐图审阅,,,,来源/英文教材/08_Analyzing_Cells_Molecules_and_Systems/chunks/pages_0073-0084/images/page_76_equation_3.jpg
EN2586,EN,,英文未逐图审阅,,,,来源/英文教材/09_Visualizing_Cells_and_Their_Molecules/chunks/pages_0001-0012/images/page_3_equation_7.jpg
EN2587,EN,,英文未逐图审阅,,,,来源/英文教材/10_Membrane_Structure/chunks/pages_0001-0012/images/page_7_table_3.jpg
EN2588,EN,,英文未逐图审阅,,,,来源/英文教材/11_Small-Molecule_Transport_and_Electrical_Properties_of_Membranes/chunks/pages_0001-0012/images/page_1_table_3.jpg
EN2589,EN,,英文未逐图审阅,,,,来源/英文教材/11_Small-Molecule_Transport_and_Electrical_Properties_of_Membranes/chunks/pages_0013-0024/images/page_19_equation_10.jpg
EN2590,EN,,英文未逐图审阅,,,,来源/英文教材/11_Small-Molecule_Transport_and_Electrical_Properties_of_Membranes/chunks/pages_0013-0024/images/page_19_equation_11.jpg
EN2591,EN,,英文未逐图审阅,,,,来源/英文教材/11_Small-Molecule_Transport_and_Electrical_Properties_of_Membranes/chunks/pages_0013-0024/images/page_19_equation_19.jpg
EN2592,EN,,英文未逐图审阅,,,,来源/英文教材/11_Small-Molecule_Transport_and_Electrical_Properties_of_Membranes/chunks/pages_0013-0024/images/page_19_equation_22.jpg
EN2593,EN,,英文未逐图审阅,,,,来源/英文教材/11_Small-Molecule_Transport_and_Electrical_Properties_of_Membranes/chunks/pages_0013-0024/images/page_19_equation_24.jpg
EN2594,EN,,英文未逐图审阅,,,,来源/英文教材/11_Small-Molecule_Transport_and_Electrical_Properties_of_Membranes/chunks/pages_0013-0024/images/page_19_equation_26.jpg
EN2595,EN,,英文未逐图审阅,,,,来源/英文教材/11_Small-Molecule_Transport_and_Electrical_Properties_of_Membranes/chunks/pages_0013-0024/images/page_19_equation_28.jpg
EN2596,EN,,英文未逐图审阅,,,,来源/英文教材/11_Small-Molecule_Transport_and_Electrical_Properties_of_Membranes/chunks/pages_0013-0024/images/page_19_equation_30.jpg
EN2597,EN,,英文未逐图审阅,,,,来源/英文教材/11_Small-Molecule_Transport_and_Electrical_Properties_of_Membranes/chunks/pages_0013-0024/images/page_19_equation_32.jpg
EN2598,EN,,英文未逐图审阅,,,,来源/英文教材/11_Small-Molecule_Transport_and_Electrical_Properties_of_Membranes/chunks/pages_0013-0024/images/page_19_equation_34.jpg
EN2599,EN,,英文未逐图审阅,,,,来源/英文教材/11_Small-Molecule_Transport_and_Electrical_Properties_of_Membranes/chunks/pages_0013-0024/images/page_19_equation_38.jpg
EN2600,EN,,英文未逐图审阅,,,,来源/英文教材/11_Small-Molecule_Transport_and_Electrical_Properties_of_Membranes/chunks/pages_0013-0024/images/page_19_equation_41.jpg
EN2601,EN,,英文未逐图审阅,,,,来源/英文教材/11_Small-Molecule_Transport_and_Electrical_Properties_of_Membranes/chunks/pages_0013-0024/images/page_19_equation_5.jpg
EN2602,EN,,英文未逐图审阅,,,,来源/英文教材/11_Small-Molecule_Transport_and_Electrical_Properties_of_Membranes/chunks/pages_0013-0024/images/page_19_equation_9.jpg
EN2603,EN,,英文未逐图审阅,,,,来源/英文教材/11_Small-Molecule_Transport_and_Electrical_Properties_of_Membranes/chunks/pages_0037-0046/images/page_44_equation_9.jpg
EN2604,EN,,英文未逐图审阅,,,,来源/英文教材/11_Small-Molecule_Transport_and_Electrical_Properties_of_Membranes/chunks/pages_0037-0046/images/page_44_table_20.jpg
EN2605,EN,,英文未逐图审阅,,,,来源/英文教材/12_Intracellular_Organization_and_Protein_Sorting/chunks/pages_0001-0012/images/page_1_table_11.jpg
EN2606,EN,,英文未逐图审阅,,,,来源/英文教材/12_Intracellular_Organization_and_Protein_Sorting/chunks/pages_0001-0012/images/page_2_table_2.jpg
EN2607,EN,,英文未逐图审阅,,,,来源/英文教材/12_Intracellular_Organization_and_Protein_Sorting/chunks/pages_0001-0012/images/page_6_table_7.jpg
EN2608,EN,,英文未逐图审阅,,,,来源/英文教材/12_Intracellular_Organization_and_Protein_Sorting/chunks/pages_0013-0024/images/page_13_equation_12.jpg
EN2609,EN,,英文未逐图审阅,,,,来源/英文教材/12_Intracellular_Organization_and_Protein_Sorting/chunks/pages_0037-0048/images/page_41_equation_4.jpg
EN2610,EN,,英文未逐图审阅,,,,来源/英文教材/12_Intracellular_Organization_and_Protein_Sorting/chunks/pages_0037-0048/images/page_41_equation_6.jpg
EN2611,EN,,英文未逐图审阅,,,,来源/英文教材/13_Intracellular_Membrane_Traffic/chunks/pages_0001-0012/images/page_11_table_7.jpg
EN2612,EN,,英文未逐图审阅,,,,来源/英文教材/14_Energy_Conversion_and_Metabolic_Compartmentation_Mitochondria_and_Chloroplasts/chunks/pages_0001-0012/images/page_4_table_7.jpg
EN2613,EN,,英文未逐图审阅,,,,来源/英文教材/14_Energy_Conversion_and_Metabolic_Compartmentation_Mitochondria_and_Chloroplasts/chunks/pages_0001-0012/images/page_8_table_2.jpg
EN2614,EN,,英文未逐图审阅,,,,来源/英文教材/14_Energy_Conversion_and_Metabolic_Compartmentation_Mitochondria_and_Chloroplasts/chunks/pages_0013-0024/images/page_12_equation_12.jpg
EN2615,EN,,英文未逐图审阅,,,,来源/英文教材/14_Energy_Conversion_and_Metabolic_Compartmentation_Mitochondria_and_Chloroplasts/chunks/pages_0013-0024/images/page_13_equation_3.jpg
EN2616,EN,,英文未逐图审阅,,,,来源/英文教材/14_Energy_Conversion_and_Metabolic_Compartmentation_Mitochondria_and_Chloroplasts/chunks/pages_0013-0024/images/page_14_equation_13.jpg
EN2617,EN,,英文未逐图审阅,,,,来源/英文教材/14_Energy_Conversion_and_Metabolic_Compartmentation_Mitochondria_and_Chloroplasts/chunks/pages_0013-0024/images/page_14_equation_14.jpg
EN2618,EN,,英文未逐图审阅,,,,来源/英文教材/14_Energy_Conversion_and_Metabolic_Compartmentation_Mitochondria_and_Chloroplasts/chunks/pages_0013-0024/images/page_14_table_7.jpg
EN2619,EN,,英文未逐图审阅,,,,来源/英文教材/14_Energy_Conversion_and_Metabolic_Compartmentation_Mitochondria_and_Chloroplasts/chunks/pages_0025-0036/images/page_25_equation_6.jpg
EN2620,EN,,英文未逐图审阅,,,,来源/英文教材/14_Energy_Conversion_and_Metabolic_Compartmentation_Mitochondria_and_Chloroplasts/chunks/pages_0025-0036/images/page_25_equation_9.jpg
EN2621,EN,,英文未逐图审阅,,,,来源/英文教材/14_Energy_Conversion_and_Metabolic_Compartmentation_Mitochondria_and_Chloroplasts/chunks/pages_0025-0036/images/page_32_equation_6.jpg
EN2622,EN,,英文未逐图审阅,,,,来源/英文教材/14_Energy_Conversion_and_Metabolic_Compartmentation_Mitochondria_and_Chloroplasts/chunks/pages_0049-0060/images/page_53_table_9.jpg
EN2623,EN,,英文未逐图审阅,,,,来源/英文教材/14_Energy_Conversion_and_Metabolic_Compartmentation_Mitochondria_and_Chloroplasts/chunks/pages_0049-0060/images/page_59_equation_12.jpg
EN2624,EN,,英文未逐图审阅,,,,来源/英文教材/15_Cell_Signaling/chunks/pages_0013-0024/images/page_23_table_2.jpg
EN2625,EN,,英文未逐图审阅,,,,来源/英文教材/15_Cell_Signaling/chunks/pages_0025-0036/images/page_25_table_2.jpg
EN2626,EN,,英文未逐图审阅,,,,来源/英文教材/15_Cell_Signaling/chunks/pages_0025-0036/images/page_34_table_4.jpg
EN2627,EN,,英文未逐图审阅,,,,来源/英文教材/15_Cell_Signaling/chunks/pages_0037-0048/images/page_38_table_8.jpg
EN2628,EN,,英文未逐图审阅,,,,来源/英文教材/15_Cell_Signaling/chunks/pages_0037-0048/images/page_42_table_8.jpg
EN2629,EN,,英文未逐图审阅,,,,来源/英文教材/15_Cell_Signaling/chunks/pages_0049-0060/images/page_52_table_7.jpg
EN2630,EN,,英文未逐图审阅,,,,来源/英文教材/16_The_Cytoskeleton/chunks/pages_0001-0012/images/page_11_equation_10.jpg
EN2631,EN,,英文未逐图审阅,,,,来源/英文教材/16_The_Cytoskeleton/chunks/pages_0001-0012/images/page_11_equation_8.jpg
EN2632,EN,,英文未逐图审阅,,,,来源/英文教材/16_The_Cytoskeleton/chunks/pages_0013-0024/images/page_12_equation_13.jpg
EN2633,EN,,英文未逐图审阅,,,,来源/英文教材/16_The_Cytoskeleton/chunks/pages_0013-0024/images/page_12_equation_9.jpg
EN2634,EN,,英文未逐图审阅,,,,来源/英文教材/16_The_Cytoskeleton/chunks/pages_0013-0024/images/page_15_table_2.jpg
EN2635,EN,,英文未逐图审阅,,,,来源/英文教材/16_The_Cytoskeleton/chunks/pages_0049-0060/images/page_58_table_9.jpg
EN2636,EN,,英文未逐图审阅,,,,来源/英文教材/17_The_Cell_Cycle/chunks/pages_0001-0012/images/page_7_table_9.jpg
EN2637,EN,,英文未逐图审阅,,,,来源/英文教材/17_The_Cell_Cycle/chunks/pages_0013-0024/images/page_14_table_5.jpg
EN2638,EN,,英文未逐图审阅,,,,来源/英文教材/19_Cell_Junctions_and_the_Extracellular_Matrix/chunks/pages_0001-0012/images/page_2_table_7.jpg
EN2639,EN,,英文未逐图审阅,,,,来源/英文教材/19_Cell_Junctions_and_the_Extracellular_Matrix/chunks/pages_0025-0036/images/page_29_table_4.jpg
EN2640,EN,,英文未逐图审阅,,,,来源/英文教材/19_Cell_Junctions_and_the_Extracellular_Matrix/chunks/pages_0037-0048/images/page_44_table_2.jpg
EN2641,EN,,英文未逐图审阅,,,,来源/英文教材/19_Cell_Junctions_and_the_Extracellular_Matrix/chunks/pages_0049-0058/images/page_56_table_6.jpg
EN2642,EN,,英文未逐图审阅,,,,来源/英文教材/20_Cancer/chunks/pages_0025-0036/images/page_31_table_2.jpg
EN2643,EN,,英文未逐图审阅,,,,来源/英文教材/20_Cancer/chunks/pages_0037-0048/images/page_36_table_5.jpg
EN2644,EN,,英文未逐图审阅,,,,来源/英文教材/20_Cancer/chunks/pages_0037-0048/images/page_39_table_2.jpg
EN2645,EN,,英文未逐图审阅,,,,来源/英文教材/22_Stem_Cells_in_Tissue_Homeostasis_and_Regeneration/chunks/pages_0001-0012/images/page_7_table_6.jpg
EN2646,EN,,英文未逐图审阅,,,,来源/英文教材/23_Pathogens_and_Infection/chunks/pages_0001-0012/images/page_10_table_2.jpg
EN2647,EN,,英文未逐图审阅,,,,来源/英文教材/24_The_Innate_and_Adaptive_Immune_Systems/chunks/pages_0001-0012/images/page_3_table_8.jpg
EN2648,EN,,英文未逐图审阅,,,,来源/英文教材/24_The_Innate_and_Adaptive_Immune_Systems/chunks/pages_0013-0024/images/page_22_table_2.jpg
EN2649,EN,,英文未逐图审阅,,,,来源/英文教材/24_The_Innate_and_Adaptive_Immune_Systems/chunks/pages_0025-0036/images/page_35_table_2.jpg
EN2650,EN,,英文未逐图审阅,,,,来源/英文教材/24_The_Innate_and_Adaptive_Immune_Systems/chunks/pages_0037-0048/images/page_45_table_2.jpg
EN2651,EN,,英文未逐图审阅,,,,来源/英文教材/27_Back_Matter_and_Genetic_Code/chunks/pages_0001-0004/images/page_3_table_0.jpg
EN2652,EN,,英文未逐图审阅,,,,来源/英文教材/27_Back_Matter_and_Genetic_Code/chunks/pages_0001-0004/images/page_3_table_1.jpg
