教材位置,具体知识点,知识点ID,卡片ID,答案对应位置,是否明确要求回忆,必答点位置,处理状态
01_绪论/整合教材.md:18 / CN01-S00-P004,形态描述时期及时间,KP-CN01-0001,RB-CN01-0001,A1,是,R1,covered
01_绪论/整合教材.md:18 / CN01-S00-P004,实验生物学时期及时间,KP-CN01-0002,RB-CN01-0001,A1,是,R1,covered
01_绪论/整合教材.md:18 / CN01-S00-P004,现代生物学时期及时间,KP-CN01-0003,RB-CN01-0001,A1,是,R1,covered
01_绪论/整合教材.md:18 / CN01-S00-P004,DNA结构与中心法则的历史作用,KP-CN01-0004,RB-CN01-0001,A1,是,R1,covered
01_绪论/整合教材.md:20 / CN01-S00-P005；01_绪论/整合教材.md:22 / CN01-S00-P006,科学史的核心问题追踪,KP-CN01-0005,RB-CN01-0002,A1,是,R1,covered
01_绪论/整合教材.md:20 / CN01-S00-P005；01_绪论/整合教材.md:22 / CN01-S00-P006,研究方法与理论形成的联系,KP-CN01-0006,RB-CN01-0002,A1,是,R1,covered
01_绪论/整合教材.md:20 / CN01-S00-P005；01_绪论/整合教材.md:22 / CN01-S00-P006,科学史对认知规律和新问题研究的意义,KP-CN01-0007,RB-CN01-0002,A1,是,R1,covered
01_绪论/整合教材.md:38 / CN01-S01-P002,细胞学说的人物和1838—1839年,KP-CN01-0008,RB-CN01-0003,A1,是,R1,covered
01_绪论/整合教材.md:38 / CN01-S01-P002,达尔文进化论和1859年,KP-CN01-0009,RB-CN01-0003,A1,是,R1,covered
01_绪论/整合教材.md:38 / CN01-S01-P002,孟德尔遗传学和1866年,KP-CN01-0010,RB-CN01-0003,A1,是,R1,covered
01_绪论/整合教材.md:38 / CN01-S01-P002,细胞学说为遗传与演化提供细胞学基础,KP-CN01-0011,RB-CN01-0003,A2,是,R2,covered
01_绪论/整合教材.md:38 / CN01-S01-P002,分子生物学推动经典分支和细胞生物学的发展,KP-CN01-0012,RB-CN01-0003,A2,是,R2,covered
01_绪论/整合教材.md:40 / CN01-S01-P003；01_绪论/整合教材.md:92 / CN01-S01-P028,细胞学定义,KP-CN01-0013,RB-CN01-0004,A1,是,R1,covered
01_绪论/整合教材.md:40 / CN01-S01-P003；01_绪论/整合教材.md:92 / CN01-S01-P028,细胞生物学定义,KP-CN01-0014,RB-CN01-0004,A1,是,R1,covered
01_绪论/整合教材.md:40 / CN01-S01-P003；01_绪论/整合教材.md:92 / CN01-S01-P028,两学科对象连续性与方法发展,KP-CN01-0015,RB-CN01-0004,A1,是,R1,covered
01_绪论/整合教材.md:92 / CN01-S01-P028,显微亚显微和分子三个层次,KP-CN01-0016,RB-CN01-0004,A2,是,R2,covered
01_绪论/整合教材.md:92 / CN01-S01-P028,细胞生物学的主要研究过程与调控范围,KP-CN01-0017,RB-CN01-0004,A2,是,R2,covered
01_绪论/整合教材.md:44 / CN01-S01-P005,眼镜与早期显微镜的时代,KP-CN01-0018,RB-CN01-0005,A1,是,R1,covered
01_绪论/整合教材.md:44 / CN01-S01-P005,胡克观察软木的动机和对象,KP-CN01-0019,RB-CN01-0005,A1,是,R1,covered
01_绪论/整合教材.md:44 / CN01-S01-P005,胡克显微镜40—140倍,KP-CN01-0020,RB-CN01-0005,A1,是,R1,covered
01_绪论/整合教材.md:44 / CN01-S01-P005,胡克观察到死亡组织细胞壁,KP-CN01-0021,RB-CN01-0005,A1,是,R1,covered
01_绪论/整合教材.md:44 / CN01-S01-P005,cell名称来自小室,KP-CN01-0022,RB-CN01-0005,A2,是,R2,covered
01_绪论/整合教材.md:44 / CN01-S01-P005,1665年显微图谱与细胞发现纪年,KP-CN01-0023,RB-CN01-0005,A2,是,R2,covered
01_绪论/整合教材.md:46 / CN01-S01-P006,列文虎克观察活细胞原生动物和细菌,KP-CN01-0024,RB-CN01-0006,A1,是,R1,covered
01_绪论/整合教材.md:46 / CN01-S01-P006,持续约50年的观察,KP-CN01-0025,RB-CN01-0006,A1,是,R1,covered
01_绪论/整合教材.md:46 / CN01-S01-P006,教材所列1674年鱼红细胞核观察,KP-CN01-0026,RB-CN01-0006,A1,是,R1,covered
01_绪论/整合教材.md:46 / CN01-S01-P006,列文虎克布店学徒背景,KP-CN01-0027,RB-CN01-0006,A1,是,R1,covered
01_绪论/整合教材.md:48 / CN01-S01-P007,布朗1833年植物细胞核观察,KP-CN01-0028,RB-CN01-0006,A2,是,R2,covered
01_绪论/整合教材.md:48 / CN01-S01-P007,动物核仁观察,KP-CN01-0029,RB-CN01-0006,A2,是,R2,covered
01_绪论/整合教材.md:48 / CN01-S01-P007,长期观察资料为细胞学说提供基础,KP-CN01-0030,RB-CN01-0006,A2,是,R2,covered
01_绪论/整合教材.md:52 / CN01-S01-P009,德国自然科学与自然哲学背景,KP-CN01-0031,RB-CN01-0007,A1,是,R1,covered
01_绪论/整合教材.md:52 / CN01-S01-P009,施莱登1838年植物发生论,KP-CN01-0032,RB-CN01-0007,A1,是,R1,covered
01_绪论/整合教材.md:52 / CN01-S01-P009,施万1839年代表论文,KP-CN01-0033,RB-CN01-0007,A1,是,R1,covered
01_绪论/整合教材.md:52 / CN01-S01-P009；01_绪论/整合教材.md:54 / CN01-S01-P010；01_绪论/整合教材.md:57 / CN01-S01-P011,细胞学说的早期核心内容,KP-CN01-0034,RB-CN01-0007,A2,是,R2,covered
01_绪论/整合教材.md:52 / CN01-S01-P009；01_绪论/整合教材.md:54 / CN01-S01-P010；01_绪论/整合教材.md:57 / CN01-S01-P011,施莱登1804—1881年,KP-CN01-0035,RB-CN01-0007,A2,是,R2,covered
01_绪论/整合教材.md:52 / CN01-S01-P009；01_绪论/整合教材.md:54 / CN01-S01-P010；01_绪论/整合教材.md:57 / CN01-S01-P011,施万1810—1882年,KP-CN01-0036,RB-CN01-0007,A2,是,R2,covered
01_绪论/整合教材.md:52 / CN01-S01-P009；01_绪论/整合教材.md:54 / CN01-S01-P010；01_绪论/整合教材.md:57 / CN01-S01-P011,早期细胞繁殖解释的错误与修正,KP-CN01-0037,RB-CN01-0007,A2,是,R2,covered
01_绪论/整合教材.md:52 / CN01-S01-P009,魏尔肖1858年细胞来自细胞,KP-CN01-0038,RB-CN01-0008,A1,是,R1,covered
01_绪论/整合教材.md:52 / CN01-S01-P009,细胞学说的生命连续性补充,KP-CN01-0039,RB-CN01-0008,A1,是,R1,covered
01_绪论/整合教材.md:52 / CN01-S01-P009,病理表现的细胞损伤基础,KP-CN01-0040,RB-CN01-0008,A2,是,R2,covered
01_绪论/整合教材.md:60 / CN01-S01-P012,Siebold与原生动物的单细胞生命,KP-CN01-0041,RB-CN01-0009,A1,是,R1,covered
01_绪论/整合教材.md:60 / CN01-S01-P012,Kölliker与发育中的繁殖分化,KP-CN01-0042,RB-CN01-0009,A1,是,R1,covered
01_绪论/整合教材.md:60 / CN01-S01-P012,19世纪末细胞学建立,KP-CN01-0043,RB-CN01-0009,A2,是,R2,covered
01_绪论/整合教材.md:60 / CN01-S01-P012,细胞统一性与进化多样性的联系,KP-CN01-0044,RB-CN01-0009,A2,是,R2,covered
01_绪论/整合教材.md:60 / CN01-S01-P012,恩格斯的三大发现,KP-CN01-0045,RB-CN01-0009,A2,是,R2,covered
01_绪论/整合教材.md:60 / CN01-S01-P012,对比较解剖生理胚胎学的基础意义,KP-CN01-0046,RB-CN01-0009,A2,是,R2,covered
01_绪论/整合教材.md:64 / CN01-S01-P014；01_绪论/整合教材.md:74 / CN01-S01-P019,经典细胞学时期的时间和描述特点,KP-CN01-0047,RB-CN01-0010,A1,是,R1,covered
01_绪论/整合教材.md:64 / CN01-S01-P014；01_绪论/整合教材.md:74 / CN01-S01-P019,实验细胞学时期的时间和主动实验,KP-CN01-0048,RB-CN01-0010,A1,是,R1,covered
01_绪论/整合教材.md:64 / CN01-S01-P014；01_绪论/整合教材.md:74 / CN01-S01-P019,模式生物与学科交叉,KP-CN01-0049,RB-CN01-0010,A1,是,R1,covered
01_绪论/整合教材.md:68 / CN01-S01-P016,原生质描述与Purkinje1840年,KP-CN01-0050,RB-CN01-0011,A1,是,R1,covered
01_绪论/整合教材.md:68 / CN01-S01-P016,von Mohl1846年,KP-CN01-0051,RB-CN01-0011,A1,是,R1,covered
01_绪论/整合教材.md:68 / CN01-S01-P016,Schultze1861年原生质理论,KP-CN01-0052,RB-CN01-0011,A1,是,R1,covered
01_绪论/整合教材.md:68 / CN01-S01-P016,Hanstein1880年原生质体,KP-CN01-0053,RB-CN01-0011,A2,是,R2,covered
01_绪论/整合教材.md:68 / CN01-S01-P016,细胞概念由小室深化为生命活性物质,KP-CN01-0054,RB-CN01-0011,A2,是,R2,covered
01_绪论/整合教材.md:68 / CN01-S01-P016,cell沿用及原生质研究意义,KP-CN01-0055,RB-CN01-0011,A2,是,R2,covered
01_绪论/整合教材.md:70 / CN01-S01-P017,Flemming和Strasburger的核分裂观察,KP-CN01-0056,RB-CN01-0012,A1,是,R1,covered
01_绪论/整合教材.md:70 / CN01-S01-P017,1880年有丝分裂命名,KP-CN01-0057,RB-CN01-0012,A1,是,R1,covered
01_绪论/整合教材.md:70 / CN01-S01-P017,有丝分裂的染色体分配实质,KP-CN01-0058,RB-CN01-0012,A1,是,R1,covered
01_绪论/整合教材.md:70 / CN01-S01-P017；01_绪论/整合教材.md:76 / CN01-S01-P020,van Beneden1883年动物减数分裂,KP-CN01-0059,RB-CN01-0012,A2,是,R2,covered
01_绪论/整合教材.md:70 / CN01-S01-P017；01_绪论/整合教材.md:76 / CN01-S01-P020,Strasburger1886年植物减数分裂,KP-CN01-0060,RB-CN01-0012,A2,是,R2,covered
01_绪论/整合教材.md:72 / CN01-S01-P018,显微分辨切片染色对细胞器发现的作用,KP-CN01-0061,RB-CN01-0013,A1,是,R1,covered
01_绪论/整合教材.md:72 / CN01-S01-P018,教材所列中心体1883年发现,KP-CN01-0062,RB-CN01-0013,A1,是,R1,covered
01_绪论/整合教材.md:72 / CN01-S01-P018,教材所列线粒体1894年发现,KP-CN01-0063,RB-CN01-0013,A1,是,R1,covered
01_绪论/整合教材.md:72 / CN01-S01-P018,高尔基体1898年发现,KP-CN01-0064,RB-CN01-0013,A1,是,R1,covered
01_绪论/整合教材.md:74 / CN01-S01-P019,Hertwig1892年细胞和组织,KP-CN01-0065,RB-CN01-0014,A1,是,R1,covered
01_绪论/整合教材.md:74 / CN01-S01-P019,海胆蛔虫核质关系实验,KP-CN01-0066,RB-CN01-0014,A1,是,R1,covered
01_绪论/整合教材.md:74 / CN01-S01-P019,模式生物与体外培养推动实验细胞学分支,KP-CN01-0067,RB-CN01-0014,A1,是,R1,covered
01_绪论/整合教材.md:76 / CN01-S01-P020,Hertwig1876年动物受精,KP-CN01-0068,RB-CN01-0015,A1,是,R1,covered
01_绪论/整合教材.md:76 / CN01-S01-P020,van Beneden1883年蛔虫配子染色体减半,KP-CN01-0069,RB-CN01-0015,A1,是,R1,covered
01_绪论/整合教材.md:76 / CN01-S01-P020,Strasburger1888年植物受精与减半,KP-CN01-0070,RB-CN01-0015,A1,是,R1,covered
01_绪论/整合教材.md:76 / CN01-S01-P020,1900年孟德尔法则重发现,KP-CN01-0071,RB-CN01-0015,A1,是,R1,covered
01_绪论/整合教材.md:76 / CN01-S01-P020,Wilson1905年性别与染色体,KP-CN01-0072,RB-CN01-0015,A2,是,R2,covered
01_绪论/整合教材.md:76 / CN01-S01-P020,Weismann的遗传单位排列推测,KP-CN01-0073,RB-CN01-0015,A2,是,R2,covered
01_绪论/整合教材.md:76 / CN01-S01-P020,BoveriSutton染色体假说,KP-CN01-0074,RB-CN01-0015,A2,是,R2,covered
01_绪论/整合教材.md:76 / CN01-S01-P020,Morgan1910年果蝇遗传学,KP-CN01-0075,RB-CN01-0015,A3,是,R3,covered
01_绪论/整合教材.md:76 / CN01-S01-P020,基因性状与直线排列,KP-CN01-0076,RB-CN01-0015,A3,是,R3,covered
01_绪论/整合教材.md:76 / CN01-S01-P020,细胞学遗传学结合,KP-CN01-0077,RB-CN01-0015,A3,是,R3,covered
01_绪论/整合教材.md:78 / CN01-S01-P021,细胞遗传学研究对象,KP-CN01-0078,RB-CN01-0016,A1,是,R1,covered
01_绪论/整合教材.md:78 / CN01-S01-P021,染色体基因学说,KP-CN01-0079,RB-CN01-0016,A1,是,R1,covered
01_绪论/整合教材.md:78 / CN01-S01-P021,染色体结构与表达控制仍受关注,KP-CN01-0080,RB-CN01-0016,A1,是,R1,covered
01_绪论/整合教材.md:80 / CN01-S01-P022；01_绪论/整合教材.md:82 / CN01-S01-P023,细胞运动的四类早期对象,KP-CN01-0081,RB-CN01-0017,A1,是,R1,covered
01_绪论/整合教材.md:80 / CN01-S01-P022；01_绪论/整合教材.md:82 / CN01-S01-P023,质膜通透性应激与神经传导,KP-CN01-0082,RB-CN01-0017,A1,是,R1,covered
01_绪论/整合教材.md:80 / CN01-S01-P022；01_绪论/整合教材.md:82 / CN01-S01-P023,细胞生理学主要功能范围,KP-CN01-0083,RB-CN01-0017,A1,是,R1,covered
01_绪论/整合教材.md:82 / CN01-S01-P023,HarrisonCarrel1909年组织培养,KP-CN01-0084,RB-CN01-0017,A2,是,R2,covered
01_绪论/整合教材.md:82 / CN01-S01-P023,Claude1943年高速离心,KP-CN01-0085,RB-CN01-0017,A2,是,R2,covered
01_绪论/整合教材.md:82 / CN01-S01-P023,细胞器体外活性组成酶定位,KP-CN01-0086,RB-CN01-0017,A2,是,R2,covered
01_绪论/整合教材.md:82 / CN01-S01-P023,跨膜运输信号转导延续细胞生理问题,KP-CN01-0087,RB-CN01-0017,A2,是,R2,covered
01_绪论/整合教材.md:84 / CN01-S01-P024,Feulgen1924年DNA特异定性,KP-CN01-0088,RB-CN01-0018,A1,是,R1,covered
01_绪论/整合教材.md:84 / CN01-S01-P024,Brachet1940年甲基绿派洛宁核酸染色,KP-CN01-0089,RB-CN01-0018,A1,是,R1,covered
01_绪论/整合教材.md:84 / CN01-S01-P024,Caspersson紫外显微分光DNA定量,KP-CN01-0090,RB-CN01-0018,A1,是,R1,covered
01_绪论/整合教材.md:84 / CN01-S01-P024；01_绪论/整合教材.md:86 / CN01-S01-P025,分离自显影超微量分析与代谢研究,KP-CN01-0091,RB-CN01-0018,A2,是,R2,covered
01_绪论/整合教材.md:84 / CN01-S01-P024；01_绪论/整合教材.md:86 / CN01-S01-P025,流式原位杂交免疫荧光共聚焦的发展,KP-CN01-0092,RB-CN01-0018,A2,是,R2,covered
01_绪论/整合教材.md:84 / CN01-S01-P024；01_绪论/整合教材.md:86 / CN01-S01-P025,定性定位定量动态的四个维度,KP-CN01-0093,RB-CN01-0018,A2,是,R2,covered
01_绪论/整合教材.md:84 / CN01-S01-P024；01_绪论/整合教材.md:86 / CN01-S01-P025,实验细胞学分支持续发展,KP-CN01-0094,RB-CN01-0018,A2,是,R2,covered
01_绪论/整合教材.md:90 / CN01-S01-P027,电镜超薄切片与超微结构,KP-CN01-0095,RB-CN01-0019,A1,是,R1,covered
01_绪论/整合教材.md:90 / CN01-S01-P027,内质网核糖体溶酶体核孔骨架的新认识,KP-CN01-0096,RB-CN01-0019,A1,是,R1,covered
01_绪论/整合教材.md:90 / CN01-S01-P027,超微形态的功能解释限制,KP-CN01-0097,RB-CN01-0019,A1,是,R1,covered
01_绪论/整合教材.md:90 / CN01-S01-P027,WatsonCrick1953年双螺旋,KP-CN01-0098,RB-CN01-0019,A2,是,R2,covered
01_绪论/整合教材.md:90 / CN01-S01-P027,分子概念与技术融合,KP-CN01-0099,RB-CN01-0019,A2,是,R2,covered
01_绪论/整合教材.md:90 / CN01-S01-P027,70年代细胞生物学形成,KP-CN01-0100,RB-CN01-0019,A2,是,R2,covered
01_绪论/整合教材.md:90 / CN01-S01-P027,转基因与单克隆抗体,KP-CN01-0101,RB-CN01-0020,A1,是,R1,covered
01_绪论/整合教材.md:90 / CN01-S01-P027,模式生物突变株,KP-CN01-0102,RB-CN01-0020,A1,是,R1,covered
01_绪论/整合教材.md:90 / CN01-S01-P027,基因打靶TALENCRISPR,KP-CN01-0103,RB-CN01-0020,A1,是,R1,covered
01_绪论/整合教材.md:90 / CN01-S01-P027,测序与生物芯片,KP-CN01-0104,RB-CN01-0020,A1,是,R1,covered
01_绪论/整合教材.md:90 / CN01-S01-P027,人类基因组计划蛋白质组与组学,KP-CN01-0105,RB-CN01-0020,A2,是,R2,covered
01_绪论/整合教材.md:90 / CN01-S01-P027,高通量生物信息扩展研究对象,KP-CN01-0106,RB-CN01-0020,A2,是,R2,covered
01_绪论/整合教材.md:90 / CN01-S01-P027,因子通路向网络研究变化,KP-CN01-0107,RB-CN01-0020,A2,是,R2,covered
01_绪论/整合教材.md:90 / CN01-S01-P027,80年代分子细胞生物学名称,KP-CN01-0108,RB-CN01-0020,A2,是,R2,covered
01_绪论/整合教材.md:90 / CN01-S01-P027,TALEN、CRISPR/Cas广泛应用的年代归属,KP-CN01-0109,,,否,,unresolved
01_绪论/整合教材.md:94 / CN01-S01-P029,生命体系的多层次非线性动态耗散性质,KP-CN01-0110,RB-CN01-0021,A1,是,R1,covered
01_绪论/整合教材.md:94 / CN01-S01-P029,细胞作为枢纽层次,KP-CN01-0111,RB-CN01-0021,A1,是,R1,covered
01_绪论/整合教材.md:94 / CN01-S01-P029,Wilson1925年观点,KP-CN01-0112,RB-CN01-0021,A1,是,R1,covered
01_绪论/整合教材.md:96 / CN01-S01-P030,生殖发育遗传神经的细胞基础,KP-CN01-0113,RB-CN01-0021,A2,是,R2,covered
01_绪论/整合教材.md:96 / CN01-S01-P030,疾病机制的细胞病变基础,KP-CN01-0114,RB-CN01-0021,A2,是,R2,covered
01_绪论/整合教材.md:96 / CN01-S01-P030,基因蛋白工程的细胞操作基础,KP-CN01-0115,RB-CN01-0021,A2,是,R2,covered
01_绪论/整合教材.md:96 / CN01-S01-P030,细胞生物学与农业医学的联系,KP-CN01-0116,RB-CN01-0021,A2,是,R2,covered
01_绪论/整合教材.md:112 / CN01-S02-P002；01_绪论/整合教材.md:24 / CN01-S00-P007,细胞同一性的四类层面,KP-CN01-0117,RB-CN01-0022,A1,是,R1,covered
01_绪论/整合教材.md:112 / CN01-S02-P002；01_绪论/整合教材.md:24 / CN01-S00-P007,细胞多样性形成物种组织器官,KP-CN01-0118,RB-CN01-0022,A1,是,R1,covered
01_绪论/整合教材.md:112 / CN01-S02-P002；01_绪论/整合教材.md:24 / CN01-S00-P007,本版物种数估计及限定,KP-CN01-0119,RB-CN01-0022,A1,是,R1,covered
01_绪论/整合教材.md:122 / CN01-S02-P007,细胞利用20多种元素的教材概括,KP-CN01-0120,RB-CN01-0023,A1,是,R1,covered
01_绪论/整合教材.md:122 / CN01-S02-P007,CHONPS六种主要元素,KP-CN01-0121,RB-CN01-0023,A1,是,R1,covered
01_绪论/整合教材.md:122 / CN01-S02-P007,四类基本构件及碳骨架,KP-CN01-0122,RB-CN01-0023,A1,是,R1,covered
01_绪论/整合教材.md:122 / CN01-S02-P007,共同材料使拆卸再利用成为可能,KP-CN01-0123,RB-CN01-0023,A1,是,R1,covered
01_绪论/整合教材.md:126 / CN01-S02-P009,质膜脂质蛋白与典型磷脂双层,KP-CN01-0124,RB-CN01-0024,A1,是,R1,covered
01_绪论/整合教材.md:126 / CN01-S02-P009,质膜维持相对独立内环境,KP-CN01-0125,RB-CN01-0024,A1,是,R1,covered
01_绪论/整合教材.md:126 / CN01-S02-P009,质膜承担交换和信号,KP-CN01-0126,RB-CN01-0024,A1,是,R1,covered
01_绪论/整合教材.md:130 / CN01-S02-P011,DNA作为遗传载体,KP-CN01-0127,RB-CN01-0025,A1,是,R1,covered
01_绪论/整合教材.md:130 / CN01-S02-P011,RNA信息传递与核糖体蛋白合成,KP-CN01-0128,RB-CN01-0025,A1,是,R1,covered
01_绪论/整合教材.md:130 / CN01-S02-P011,遗传密码的保守性和教材例外,KP-CN01-0129,RB-CN01-0025,A1,是,R1,covered
01_绪论/整合教材.md:130 / CN01-S02-P011,共同装置支持共同祖先,KP-CN01-0130,RB-CN01-0025,A1,是,R1,covered
01_绪论/整合教材.md:134 / CN01-S02-P013；01_绪论/整合教材.md:274 / CN01-S02-P078,遗传物质分配维持繁衍连续性,KP-CN01-0131,RB-CN01-0026,A1,是,R1,covered
01_绪论/整合教材.md:134 / CN01-S02-P013；01_绪论/整合教材.md:274 / CN01-S02-P078,现存细胞共同祖先后代,KP-CN01-0132,RB-CN01-0026,A1,是,R1,covered
01_绪论/整合教材.md:134 / CN01-S02-P013；01_绪论/整合教材.md:274 / CN01-S02-P078,同章古菌出芽与二分概括的条件,KP-CN01-0133,RB-CN01-0026,A1,是,R1,covered
01_绪论/整合教材.md:138 / CN01-S02-P015；01_绪论/整合教材.md:144 / CN01-S02-P018；01_绪论/整合教材.md:208 / CN01-S02-P048,病毒20—300nm图示范围,KP-CN01-0134,RB-CN01-0027,A1,是,R1,covered
01_绪论/整合教材.md:138 / CN01-S02-P015；01_绪论/整合教材.md:144 / CN01-S02-P018；01_绪论/整合教材.md:208 / CN01-S02-P048,支原体100—300nm图示范围,KP-CN01-0135,RB-CN01-0027,A1,是,R1,covered
01_绪论/整合教材.md:138 / CN01-S02-P015；01_绪论/整合教材.md:144 / CN01-S02-P018；01_绪论/整合教材.md:208 / CN01-S02-P048,细菌1—2μm代表,KP-CN01-0136,RB-CN01-0027,A1,是,R1,covered
01_绪论/整合教材.md:138 / CN01-S02-P015；01_绪论/整合教材.md:144 / CN01-S02-P018；01_绪论/整合教材.md:208 / CN01-S02-P048,动植物20—30μm代表,KP-CN01-0137,RB-CN01-0027,A1,是,R1,covered
01_绪论/整合教材.md:138 / CN01-S02-P015；01_绪论/整合教材.md:144 / CN01-S02-P018；01_绪论/整合教材.md:208 / CN01-S02-P048,原生生物0.1至数mm,KP-CN01-0138,RB-CN01-0027,A1,是,R1,covered
01_绪论/整合教材.md:138 / CN01-S02-P015；01_绪论/整合教材.md:144 / CN01-S02-P018；01_绪论/整合教材.md:208 / CN01-S02-P048,蛙卵鲸卵的大尺寸参照,KP-CN01-0139,RB-CN01-0027,A1,是,R1,covered
01_绪论/整合教材.md:138 / CN01-S02-P015；01_绪论/整合教材.md:144 / CN01-S02-P018；01_绪论/整合教材.md:208 / CN01-S02-P048,对数刻度与数量级比较,KP-CN01-0140,RB-CN01-0027,A1,是,R1,covered
01_绪论/整合教材.md:138 / CN01-S02-P015；01_绪论/整合教材.md:144 / CN01-S02-P018；01_绪论/整合教材.md:208 / CN01-S02-P048,代表范围与总体范围不同,KP-CN01-0141,RB-CN01-0027,A1,是,R1,covered
01_绪论/整合教材.md:140 / CN01-S02-P016；01_绪论/整合教材.md:142 / CN01-S02-P017,适宜体积对交换运输信号的意义,KP-CN01-0142,RB-CN01-0028,A1,是,R1,covered
01_绪论/整合教材.md:140 / CN01-S02-P016；01_绪论/整合教材.md:142 / CN01-S02-P017,同类组织尺寸范围,KP-CN01-0143,RB-CN01-0028,A1,是,R1,covered
01_绪论/整合教材.md:140 / CN01-S02-P016；01_绪论/整合教材.md:142 / CN01-S02-P017,核糖体活性与蛋白质积累,KP-CN01-0144,RB-CN01-0028,A1,是,R1,covered
01_绪论/整合教材.md:140 / CN01-S02-P016；01_绪论/整合教材.md:142 / CN01-S02-P017,酵母果蝇核糖体蛋白突变尺寸证据,KP-CN01-0145,RB-CN01-0028,A1,是,R1,covered
01_绪论/整合教材.md:142 / CN01-S02-P017；01_绪论/整合教材.md:147 / CN01-S02-P019,IGF胰岛素与膜受体,KP-CN01-0146,RB-CN01-0029,A1,是,R1,covered
01_绪论/整合教材.md:142 / CN01-S02-P017；01_绪论/整合教材.md:147 / CN01-S02-P019,PI3K作用与磷脂转换,KP-CN01-0147,RB-CN01-0029,A1,是,R1,covered
01_绪论/整合教材.md:142 / CN01-S02-P017；01_绪论/整合教材.md:147 / CN01-S02-P019,Akt活化与下游mTOR,KP-CN01-0148,RB-CN01-0029,A1,是,R1,covered
01_绪论/整合教材.md:142 / CN01-S02-P017；01_绪论/整合教材.md:147 / CN01-S02-P019,图中胞外胞内膜侧定位,KP-CN01-0149,RB-CN01-0029,A1,是,R1,covered
01_绪论/整合教材.md:142 / CN01-S02-P017；01_绪论/整合教材.md:147 / CN01-S02-P019,mTOR教材全称激酶和雷帕霉素命名,KP-CN01-0150,RB-CN01-0029,A2,是,R2,covered
01_绪论/整合教材.md:142 / CN01-S02-P017；01_绪论/整合教材.md:147 / CN01-S02-P019,蛋白质合成与脂类合成的体积效应,KP-CN01-0151,RB-CN01-0029,A2,是,R2,covered
01_绪论/整合教材.md:142 / CN01-S02-P017；01_绪论/整合教材.md:147 / CN01-S02-P019,mTOR失活体积变小,KP-CN01-0152,RB-CN01-0029,A2,是,R2,covered
01_绪论/整合教材.md:142 / CN01-S02-P017；01_绪论/整合教材.md:147 / CN01-S02-P019,下游促进与抑制关系,KP-CN01-0153,RB-CN01-0029,A2,是,R2,covered
01_绪论/整合教材.md:150 / CN01-S02-P020；01_绪论/整合教材.md:335 / CN01-S02-P108,植物分裂期大分子积累,KP-CN01-0154,RB-CN01-0030,A1,是,R1,covered
01_绪论/整合教材.md:150 / CN01-S02-P020；01_绪论/整合教材.md:335 / CN01-S02-P108,分裂后液泡膨胀数倍至数千倍,KP-CN01-0155,RB-CN01-0030,A1,是,R1,covered
01_绪论/整合教材.md:150 / CN01-S02-P020；01_绪论/整合教材.md:335 / CN01-S02-P108,小液泡形成中央大液泡,KP-CN01-0156,RB-CN01-0030,A1,是,R1,covered
01_绪论/整合教材.md:150 / CN01-S02-P020；01_绪论/整合教材.md:335 / CN01-S02-P108,氮含量基本不增加的低成本扩张,KP-CN01-0157,RB-CN01-0030,A1,是,R1,covered
01_绪论/整合教材.md:150 / CN01-S02-P020；01_绪论/整合教材.md:335 / CN01-S02-P108,体积与受光面积,KP-CN01-0158,RB-CN01-0030,A1,是,R1,covered
01_绪论/整合教材.md:335 / CN01-S02-P108,液泡溶质运输维持膨压,KP-CN01-0159,RB-CN01-0030,A2,是,R2,covered
01_绪论/整合教材.md:335 / CN01-S02-P108,膨压维持组织刚性,KP-CN01-0160,RB-CN01-0030,A2,是,R2,covered
01_绪论/整合教材.md:152 / CN01-S02-P021；01_绪论/整合教材.md:428 / CN01-S02-P151,支原体0.1—0.3μm,KP-CN01-0161,RB-CN01-0031,A1,是,R1,covered
01_绪论/整合教材.md:152 / CN01-S02-P021；01_绪论/整合教材.md:428 / CN01-S02-P151,最小细胞的结构功能依据,KP-CN01-0162,RB-CN01-0031,A1,是,R1,covered
01_绪论/整合教材.md:152 / CN01-S02-P021；01_绪论/整合教材.md:428 / CN01-S02-P151,基因删除与约400基因的教材估计,KP-CN01-0163,RB-CN01-0031,A1,是,R1,covered
01_绪论/整合教材.md:152 / CN01-S02-P021；01_绪论/整合教材.md:428 / CN01-S02-P151,最少基因数的条件与版本限定,KP-CN01-0164,RB-CN01-0031,A1,是,R1,covered
01_绪论/整合教材.md:152 / CN01-S02-P021,支原体英文mycoplast及“自由生活”的用语,KP-CN01-0165,,,否,,resolved_duplicate
01_绪论/整合教材.md:152 / CN01-S02-P021,人工合成部分为支原体基因组,KP-CN01-0166,RB-CN01-0032,A1,是,R1,covered
01_绪论/整合教材.md:152 / CN01-S02-P021,其余细胞组分来自现存细胞,KP-CN01-0167,RB-CN01-0032,A1,是,R1,covered
01_绪论/整合教材.md:152 / CN01-S02-P021,人工基因组细胞不等于完全人工细胞,KP-CN01-0168,RB-CN01-0032,A1,是,R1,covered
01_绪论/整合教材.md:158 / CN01-S02-P024；01_绪论/整合教材.md:160 / CN01-S02-P025；01_绪论/整合教材.md:167 / CN01-S02-P028；01_绪论/整合教材.md:426 / CN01-S02-P150,单细胞与多细胞的构成,KP-CN01-0169,RB-CN01-0033,A1,是,R1,covered
01_绪论/整合教材.md:158 / CN01-S02-P024；01_绪论/整合教材.md:160 / CN01-S02-P025；01_绪论/整合教材.md:167 / CN01-S02-P028；01_绪论/整合教材.md:426 / CN01-S02-P150,人体200多种细胞,KP-CN01-0170,RB-CN01-0033,A1,是,R1,covered
01_绪论/整合教材.md:158 / CN01-S02-P024；01_绪论/整合教材.md:160 / CN01-S02-P025；01_绪论/整合教材.md:167 / CN01-S02-P028；01_绪论/整合教材.md:426 / CN01-S02-P150,单细胞多种生理功能,KP-CN01-0171,RB-CN01-0033,A1,是,R1,covered
01_绪论/整合教材.md:158 / CN01-S02-P024；01_绪论/整合教材.md:160 / CN01-S02-P025；01_绪论/整合教材.md:167 / CN01-S02-P028；01_绪论/整合教材.md:426 / CN01-S02-P150,多细胞协作与器官功能,KP-CN01-0172,RB-CN01-0033,A1,是,R1,covered
01_绪论/整合教材.md:171 / CN01-S02-P030；01_绪论/整合教材.md:175 / CN01-S02-P032；01_绪论/整合教材.md:426 / CN01-S02-P150,分裂分化迁移凋亡的发育基础,KP-CN01-0173,RB-CN01-0033,A2,是,R2,covered
01_绪论/整合教材.md:171 / CN01-S02-P030；01_绪论/整合教材.md:175 / CN01-S02-P032；01_绪论/整合教材.md:426 / CN01-S02-P150,生殖细胞作为遗传桥梁,KP-CN01-0174,RB-CN01-0033,A2,是,R2,covered
01_绪论/整合教材.md:171 / CN01-S02-P030；01_绪论/整合教材.md:175 / CN01-S02-P032；01_绪论/整合教材.md:426 / CN01-S02-P150,孢子萌发与配子合子建立下一代,KP-CN01-0175,RB-CN01-0033,A2,是,R2,covered
01_绪论/整合教材.md:156 / CN01-S02-P023；01_绪论/整合教材.md:179 / CN01-S02-P034；01_绪论/整合教材.md:426 / CN01-S02-P150,化学演化与原始细胞,KP-CN01-0176,RB-CN01-0033,A3,是,R3,covered
01_绪论/整合教材.md:156 / CN01-S02-P023；01_绪论/整合教材.md:179 / CN01-S02-P034；01_绪论/整合教材.md:426 / CN01-S02-P150,原始细胞作为本章生命起源标志,KP-CN01-0177,RB-CN01-0033,A3,是,R3,covered
01_绪论/整合教材.md:156 / CN01-S02-P023；01_绪论/整合教材.md:179 / CN01-S02-P034；01_绪论/整合教材.md:426 / CN01-S02-P150,细胞形成后的生物演化,KP-CN01-0178,RB-CN01-0033,A3,是,R3,covered
01_绪论/整合教材.md:160 / CN01-S02-P025,新生儿2×10¹²细胞估计,KP-CN01-0179,RB-CN01-0034,A1,是,R1,covered
01_绪论/整合教材.md:160 / CN01-S02-P025,成人3.7×10¹³细胞估计,KP-CN01-0180,RB-CN01-0034,A1,是,R1,covered
01_绪论/整合教材.md:160 / CN01-S02-P025,细胞类型与数量不同,KP-CN01-0181,RB-CN01-0034,A1,是,R1,covered
01_绪论/整合教材.md:160 / CN01-S02-P025,总量估计的版本属性,KP-CN01-0182,RB-CN01-0034,A1,是,R1,covered
01_绪论/整合教材.md:160 / CN01-S02-P025,脑内10¹¹神经元与“几十倍神经胶质细胞”的估算,KP-CN01-0183,,,否,,unresolved
01_绪论/整合教材.md:162 / CN01-S02-P026,图中神经细胞和血细胞,KP-CN01-0184,RB-CN01-0035,A1,是,R1,covered
01_绪论/整合教材.md:162 / CN01-S02-P026,图中平滑肌和成纤维细胞,KP-CN01-0185,RB-CN01-0035,A1,是,R1,covered
01_绪论/整合教材.md:162 / CN01-S02-P026,图中骨骼肌和脂肪细胞,KP-CN01-0186,RB-CN01-0035,A1,是,R1,covered
01_绪论/整合教材.md:162 / CN01-S02-P026,图中肝脏和胰岛细胞,KP-CN01-0187,RB-CN01-0035,A1,是,R1,covered
01_绪论/整合教材.md:162 / CN01-S02-P026,同一个体细胞结构功能多样性,KP-CN01-0188,RB-CN01-0035,A1,是,R1,covered
01_绪论/整合教材.md:162 / CN01-S02-P026,无统一比例尺不能用排版大小比较真实直径,KP-CN01-0189,RB-CN01-0035,A2,是,R2,covered
01_绪论/整合教材.md:183 / CN01-S02-P036；01_绪论/整合教材.md:187 / CN01-S02-P038,H.Ris60年代原核真核分类,KP-CN01-0190,RB-CN01-0036,A1,是,R1,covered
01_绪论/整合教材.md:183 / CN01-S02-P036；01_绪论/整合教材.md:187 / CN01-S02-P038,真核词源eu与karyon,KP-CN01-0191,RB-CN01-0036,A1,是,R1,covered
01_绪论/整合教材.md:183 / CN01-S02-P036；01_绪论/整合教材.md:187 / CN01-S02-P038,单双细胞分布,KP-CN01-0192,RB-CN01-0036,A1,是,R1,covered
01_绪论/整合教材.md:183 / CN01-S02-P036；01_绪论/整合教材.md:187 / CN01-S02-P038,代谢表达调控信号的分类差异,KP-CN01-0193,RB-CN01-0036,A1,是,R1,covered
01_绪论/整合教材.md:189 / CN01-S02-P039；01_绪论/整合教材.md:191 / CN01-S02-P040；01_绪论/整合教材.md:200 / CN01-S02-P044,基因组证据独立古菌域,KP-CN01-0194,RB-CN01-0036,A2,是,R2,covered
01_绪论/整合教材.md:189 / CN01-S02-P039；01_绪论/整合教材.md:191 / CN01-S02-P040；01_绪论/整合教材.md:200 / CN01-S02-P044,细菌古菌真核三域,KP-CN01-0195,RB-CN01-0036,A2,是,R2,covered
01_绪论/整合教材.md:189 / CN01-S02-P039；01_绪论/整合教材.md:191 / CN01-S02-P040；01_绪论/整合教材.md:200 / CN01-S02-P044,教材的六界对应,KP-CN01-0196,RB-CN01-0036,A2,是,R2,covered
01_绪论/整合教材.md:189 / CN01-S02-P039；01_绪论/整合教材.md:191 / CN01-S02-P040；01_绪论/整合教材.md:200 / CN01-S02-P044,古菌真核较近的本章关系,KP-CN01-0197,RB-CN01-0036,A2,是,R2,covered
01_绪论/整合教材.md:195 / CN01-S02-P042；01_绪论/整合教材.md:204 / CN01-S02-P046；01_绪论/整合教材.md:208 / CN01-S02-P048,原核型30—35亿年起源概括,KP-CN01-0198,RB-CN01-0037,A1,是,R1,covered
01_绪论/整合教材.md:195 / CN01-S02-P042；01_绪论/整合教材.md:204 / CN01-S02-P046；01_绪论/整合教材.md:208 / CN01-S02-P048,原核型0.2—10μm,KP-CN01-0199,RB-CN01-0037,A1,是,R1,covered
01_绪论/整合教材.md:195 / CN01-S02-P042；01_绪论/整合教材.md:204 / CN01-S02-P046；01_绪论/整合教材.md:208 / CN01-S02-P048,六类原核代表,KP-CN01-0200,RB-CN01-0037,A1,是,R1,covered
01_绪论/整合教材.md:195 / CN01-S02-P042；01_绪论/整合教材.md:204 / CN01-S02-P046；01_绪论/整合教材.md:208 / CN01-S02-P048,多数细菌0.5—5.0μm,KP-CN01-0201,RB-CN01-0037,A1,是,R1,covered
01_绪论/整合教材.md:183 / CN01-S02-P036,真核宏观形态不同与基本细胞共性,KP-CN01-0202,RB-CN01-0037,A2,是,R2,covered
01_绪论/整合教材.md:183 / CN01-S02-P036,根本差异应在细胞层次比较,KP-CN01-0203,RB-CN01-0037,A2,是,R2,covered
01_绪论/整合教材.md:202 / CN01-S02-P045,原核生物无法复杂分化、只能有限生态位且物种远少于真核的绝对概括,KP-CN01-0204,,,否,,unresolved
01_绪论/整合教材.md:210 / CN01-S02-P049；01_绪论/整合教材.md:220 / CN01-S02-P054；01_绪论/整合教材.md:222 / CN01-S02-P055,猪丹毒杆菌电镜与模式图区别,KP-CN01-0205,RB-CN01-0038,A1,是,R1,covered
01_绪论/整合教材.md:210 / CN01-S02-P049；01_绪论/整合教材.md:220 / CN01-S02-P054；01_绪论/整合教材.md:222 / CN01-S02-P055,细胞壁质膜核区核糖体鞭毛对应,KP-CN01-0206,RB-CN01-0038,A1,是,R1,covered
01_绪论/整合教材.md:210 / CN01-S02-P049；01_绪论/整合教材.md:220 / CN01-S02-P054；01_绪论/整合教材.md:222 / CN01-S02-P055,拟核无核膜,KP-CN01-0207,RB-CN01-0038,A1,是,R1,covered
01_绪论/整合教材.md:210 / CN01-S02-P049；01_绪论/整合教材.md:220 / CN01-S02-P054；01_绪论/整合教材.md:222 / CN01-S02-P055,拟核不规则及周围胞质,KP-CN01-0208,RB-CN01-0038,A1,是,R1,covered
01_绪论/整合教材.md:210 / CN01-S02-P049,“中膜体”作为细菌正常结构,KP-CN01-0209,,,否,,unresolved
01_绪论/整合教材.md:212 / CN01-S02-P050,所有细菌有肽聚糖及仅由肽聚糖含量判定青霉素敏感性,KP-CN01-0210,,,否,,unresolved
01_绪论/整合教材.md:212 / CN01-S02-P050；01_绪论/整合教材.md:278 / CN01-S02-P080,青霉素抑制肽聚糖合成,KP-CN01-0211,RB-CN01-0039,A1,是,R1,covered
01_绪论/整合教材.md:212 / CN01-S02-P050；01_绪论/整合教材.md:278 / CN01-S02-P080,古菌壁缺胞壁酸肽聚糖,KP-CN01-0212,RB-CN01-0039,A1,是,R1,covered
01_绪论/整合教材.md:212 / CN01-S02-P050；01_绪论/整合教材.md:278 / CN01-S02-P080,缺靶点导致相关抗生素溶菌酶反应不同,KP-CN01-0213,RB-CN01-0039,A1,是,R1,covered
01_绪论/整合教材.md:212 / CN01-S02-P050；01_绪论/整合教材.md:278 / CN01-S02-P080,古菌革兰染色与细菌壁成分不同,KP-CN01-0214,RB-CN01-0039,A1,是,R1,covered
01_绪论/整合教材.md:214 / CN01-S02-P051,细菌质膜选择性交换,KP-CN01-0215,RB-CN01-0040,A1,是,R1,covered
01_绪论/整合教材.md:214 / CN01-S02-P051,膜相关呼吸分泌壁合成,KP-CN01-0216,RB-CN01-0040,A1,是,R1,covered
01_绪论/整合教材.md:214 / CN01-S02-P051,真核细胞器部分功能的类比及限定,KP-CN01-0217,RB-CN01-0040,A1,是,R1,covered
01_绪论/整合教材.md:216 / CN01-S02-P052,细菌鞭毛约20nm,KP-CN01-0218,RB-CN01-0041,A1,是,R1,covered
01_绪论/整合教材.md:216 / CN01-S02-P052,鞭毛蛋白与存在条件,KP-CN01-0219,RB-CN01-0041,A1,是,R1,covered
01_绪论/整合教材.md:216 / CN01-S02-P052,细菌真核鞭毛同名但结构运动不同,KP-CN01-0220,RB-CN01-0041,A1,是,R1,covered
01_绪论/整合教材.md:218 / CN01-S02-P053,细菌核糖体5000—50000个的概括,KP-CN01-0221,RB-CN01-0041,A2,是,R2,covered
01_绪论/整合教材.md:218 / CN01-S02-P053,细菌70S核糖体,KP-CN01-0222,RB-CN01-0041,A2,是,R2,covered
01_绪论/整合教材.md:226 / CN01-S02-P056,拟核蛋白参与DNA包装,KP-CN01-0223,RB-CN01-0042,A1,是,R1,covered
01_绪论/整合教材.md:226 / CN01-S02-P056,不到1μm³核区体积,KP-CN01-0224,RB-CN01-0042,A1,是,R1,covered
01_绪论/整合教材.md:226 / CN01-S02-P056,1200—1400μmDNA长度,KP-CN01-0225,RB-CN01-0042,A1,是,R1,covered
01_绪论/整合教材.md:226 / CN01-S02-P056,2000—5000蛋白编码信息估计,KP-CN01-0226,RB-CN01-0042,A1,是,R1,covered
01_绪论/整合教材.md:226 / CN01-S02-P056,细菌DNA不是完全无蛋白,KP-CN01-0227,RB-CN01-0042,A1,是,R1,covered
01_绪论/整合教材.md:228 / CN01-S02-P057,细菌“没有真正染色体”的术语判断,KP-CN01-0228,,,否,,unresolved
01_绪论/整合教材.md:230 / CN01-S02-P058；01_绪论/整合教材.md:238 / CN01-S02-P062,DNA聚合酶复制叉,KP-CN01-0229,RB-CN01-0043,A1,是,R1,covered
01_绪论/整合教材.md:230 / CN01-S02-P058；01_绪论/整合教材.md:238 / CN01-S02-P062,RNA聚合酶转录mRNA,KP-CN01-0230,RB-CN01-0043,A1,是,R1,covered
01_绪论/整合教材.md:230 / CN01-S02-P058；01_绪论/整合教材.md:238 / CN01-S02-P062,核糖体与新生RNA翻译肽链,KP-CN01-0231,RB-CN01-0043,A1,是,R1,covered
01_绪论/整合教材.md:230 / CN01-S02-P058；01_绪论/整合教材.md:238 / CN01-S02-P062,空间不分隔使转录翻译耦联,KP-CN01-0232,RB-CN01-0043,A1,是,R1,covered
01_绪论/整合教材.md:230 / CN01-S02-P058；01_绪论/整合教材.md:238 / CN01-S02-P062,不同过程可并行,KP-CN01-0233,RB-CN01-0043,A1,是,R1,covered
01_绪论/整合教材.md:230 / CN01-S02-P058,大肠杆菌4.64×10⁶bp,KP-CN01-0234,RB-CN01-0044,A1,是,R1,covered
01_绪论/整合教材.md:230 / CN01-S02-P058,一般单起点的教材概括,KP-CN01-0235,RB-CN01-0044,A1,是,R1,covered
01_绪论/整合教材.md:230 / CN01-S02-P058,典型与全体细菌不能等同,KP-CN01-0236,RB-CN01-0044,A1,是,R1,covered
01_绪论/整合教材.md:230 / CN01-S02-P058,细菌DNA复制必需附着质膜且“不受周期限制”的机制概括,KP-CN01-0237,,,否,,unresolved
01_绪论/整合教材.md:232 / CN01-S02-P059,质粒自主复制的小DNA,KP-CN01-0238,RB-CN01-0045,A1,是,R1,covered
01_绪论/整合教材.md:232 / CN01-S02-P059,质粒赋予新性状,KP-CN01-0239,RB-CN01-0045,A1,是,R1,covered
01_绪论/整合教材.md:232 / CN01-S02-P059,质粒用于重组与转移载体,KP-CN01-0240,RB-CN01-0045,A1,是,R1,covered
01_绪论/整合教材.md:232 / CN01-S02-P059,质粒丢失效应的条件,KP-CN01-0241,RB-CN01-0045,A1,是,R1,covered
01_绪论/整合教材.md:234 / CN01-S02-P060,细菌二分裂,KP-CN01-0242,RB-CN01-0046,A1,是,R1,covered
01_绪论/整合教材.md:234 / CN01-S02-P060,适宜条件20分钟一代40分钟复制,KP-CN01-0243,RB-CN01-0046,A1,是,R1,covered
01_绪论/整合教材.md:234 / CN01-S02-P060,复制轮次重叠,KP-CN01-0244,RB-CN01-0046,A1,是,R1,covered
01_绪论/整合教材.md:234 / CN01-S02-P060,子细胞已有部分复制,KP-CN01-0245,RB-CN01-0046,A1,是,R1,covered
01_绪论/整合教材.md:234 / CN01-S02-P060,复制耗时与分裂间隔不矛盾,KP-CN01-0246,RB-CN01-0046,A1,是,R1,covered
01_绪论/整合教材.md:236 / CN01-S02-P061,FtsZ全称与细菌分裂,KP-CN01-0247,RB-CN01-0047,A1,是,R1,covered
01_绪论/整合教材.md:236 / CN01-S02-P061,FtsZ与管蛋白同源,KP-CN01-0248,RB-CN01-0047,A1,是,R1,covered
01_绪论/整合教材.md:236 / CN01-S02-P061,FtsZ与胞质分裂微丝的功能类比,KP-CN01-0249,RB-CN01-0047,A1,是,R1,covered
01_绪论/整合教材.md:236 / CN01-S02-P061,分子同源与功能类比区别,KP-CN01-0250,RB-CN01-0047,A1,是,R1,covered
01_绪论/整合教材.md:236 / CN01-S02-P061,FtsZ起始DNA分离的精确机制定位,KP-CN01-0251,,,否,,unresolved
01_绪论/整合教材.md:243 / CN01-S02-P064,蓝细菌自养产氧,KP-CN01-0252,RB-CN01-0048,A1,是,R1,covered
01_绪论/整合教材.md:243 / CN01-S02-P064,本章约30亿年出现,KP-CN01-0253,RB-CN01-0048,A1,是,R1,covered
01_绪论/整合教材.md:243 / CN01-S02-P064,释氧改变大气组成,KP-CN01-0254,RB-CN01-0048,A1,是,R1,covered
01_绪论/整合教材.md:243 / CN01-S02-P064,为真核后生生物提供演化条件,KP-CN01-0255,RB-CN01-0048,A1,是,R1,covered
01_绪论/整合教材.md:245 / CN01-S02-P065；01_绪论/整合教材.md:247 / CN01-S02-P066,分布广贫瘠生境和色素多样,KP-CN01-0256,RB-CN01-0048,A2,是,R2,covered
01_绪论/整合教材.md:245 / CN01-S02-P065；01_绪论/整合教材.md:247 / CN01-S02-P066,常1—10μm且部分60μm,KP-CN01-0257,RB-CN01-0048,A2,是,R2,covered
01_绪论/整合教材.md:245 / CN01-S02-P065；01_绪论/整合教材.md:247 / CN01-S02-P066,丝状片状中空球状群体,KP-CN01-0258,RB-CN01-0048,A2,是,R2,covered
01_绪论/整合教材.md:245 / CN01-S02-P065；01_绪论/整合教材.md:247 / CN01-S02-P066,发菜丝状与固沙,KP-CN01-0259,RB-CN01-0048,A2,是,R2,covered
01_绪论/整合教材.md:249 / CN01-S02-P067；01_绪论/整合教材.md:257 / CN01-S02-P071；01_绪论/整合教材.md:263 / CN01-S02-P073,蓝细菌包被和胶质鞘,KP-CN01-0260,RB-CN01-0049,A1,是,R1,covered
01_绪论/整合教材.md:249 / CN01-S02-P067；01_绪论/整合教材.md:257 / CN01-S02-P071；01_绪论/整合教材.md:263 / CN01-S02-P073,类囊体同心膜及光合成分,KP-CN01-0261,RB-CN01-0049,A1,是,R1,covered
01_绪论/整合教材.md:249 / CN01-S02-P067；01_绪论/整合教材.md:257 / CN01-S02-P071；01_绪论/整合教材.md:263 / CN01-S02-P073,藻胆体向叶绿素a传光能,KP-CN01-0262,RB-CN01-0049,A1,是,R1,covered
01_绪论/整合教材.md:249 / CN01-S02-P067；01_绪论/整合教材.md:257 / CN01-S02-P071；01_绪论/整合教材.md:263 / CN01-S02-P073,电镜同心膜片层与模式对应,KP-CN01-0263,RB-CN01-0049,A1,是,R1,covered
01_绪论/整合教材.md:249 / CN01-S02-P067；01_绪论/整合教材.md:251 / CN01-S02-P068,中心质位置与无明确界限,KP-CN01-0264,RB-CN01-0049,A2,是,R2,covered
01_绪论/整合教材.md:249 / CN01-S02-P067；01_绪论/整合教材.md:251 / CN01-S02-P068,蓝细菌DNA多拷贝及个体变化,KP-CN01-0265,RB-CN01-0049,A2,是,R2,covered
01_绪论/整合教材.md:249 / CN01-S02-P067；01_绪论/整合教材.md:251 / CN01-S02-P068,脂滴羧酶体气泡,KP-CN01-0266,RB-CN01-0049,A2,是,R2,covered
01_绪论/整合教材.md:249 / CN01-S02-P067；01_绪论/整合教材.md:251 / CN01-S02-P068,羧酶体固定CO₂与气泡调水中位置,KP-CN01-0267,RB-CN01-0049,A2,是,R2,covered
01_绪论/整合教材.md:249 / CN01-S02-P067,蓝细菌细胞壁内层含纤维素的概括,KP-CN01-0268,,,否,,unresolved
01_绪论/整合教材.md:263 / CN01-S02-P073,图1-6C原始切片比例尺数值,KP-CN01-0269,,,否,,unresolved
01_绪论/整合教材.md:253 / CN01-S02-P069；01_绪论/整合教材.md:255 / CN01-S02-P070,蓝细菌横隔壁与二分,KP-CN01-0270,RB-CN01-0050,A1,是,R1,covered
01_绪论/整合教材.md:253 / CN01-S02-P069；01_绪论/整合教材.md:255 / CN01-S02-P070,公共鞘维持群体,KP-CN01-0271,RB-CN01-0050,A1,是,R1,covered
01_绪论/整合教材.md:253 / CN01-S02-P069；01_绪论/整合教材.md:255 / CN01-S02-P070,氮不足诱导异形胞,KP-CN01-0272,RB-CN01-0050,A1,是,R1,covered
01_绪论/整合教材.md:253 / CN01-S02-P069；01_绪论/整合教材.md:255 / CN01-S02-P070,丝状条件及5%—10%分化,KP-CN01-0273,RB-CN01-0050,A1,是,R1,covered
01_绪论/整合教材.md:255 / CN01-S02-P070；01_绪论/整合教材.md:261 / CN01-S02-P072；01_绪论/整合教材.md:263 / CN01-S02-P073,异形胞固氮酶还原N₂为NH₃,KP-CN01-0274,RB-CN01-0050,A2,是,R2,covered
01_绪论/整合教材.md:255 / CN01-S02-P070；01_绪论/整合教材.md:261 / CN01-S02-P072；01_绪论/整合教材.md:263 / CN01-S02-P073,ATP能量与光系统Ⅰ,KP-CN01-0275,RB-CN01-0050,A2,是,R2,covered
01_绪论/整合教材.md:255 / CN01-S02-P070；01_绪论/整合教材.md:261 / CN01-S02-P072；01_绪论/整合教材.md:263 / CN01-S02-P073,荧光图红营养蓝异形胞,KP-CN01-0276,RB-CN01-0050,A2,是,R2,covered
01_绪论/整合教材.md:255 / CN01-S02-P070；01_绪论/整合教材.md:261 / CN01-S02-P072；01_绪论/整合教材.md:263 / CN01-S02-P073,10μm比例尺与成像色码限定,KP-CN01-0277,RB-CN01-0050,A2,是,R2,covered
01_绪论/整合教材.md:189 / CN01-S02-P039；01_绪论/整合教材.md:268 / CN01-S02-P075,直系同源基因序列比较亲缘,KP-CN01-0278,RB-CN01-0051,A1,是,R1,covered
01_绪论/整合教材.md:189 / CN01-S02-P039；01_绪论/整合教材.md:268 / CN01-S02-P075,形态相似但细菌古菌分子差异,KP-CN01-0279,RB-CN01-0051,A1,是,R1,covered
01_绪论/整合教材.md:189 / CN01-S02-P039；01_绪论/整合教材.md:268 / CN01-S02-P075,表达装置支持独立古菌,KP-CN01-0280,RB-CN01-0051,A1,是,R1,covered
01_绪论/整合教材.md:270 / CN01-S02-P076；01_绪论/整合教材.md:274 / CN01-S02-P078,产甲烷类最早发现,KP-CN01-0281,RB-CN01-0052,A1,是,R1,covered
01_绪论/整合教材.md:270 / CN01-S02-P076；01_绪论/整合教材.md:274 / CN01-S02-P078,盐古菌ThermoplasmaSulfolobus及环境,KP-CN01-0282,RB-CN01-0052,A1,是,R1,covered
01_绪论/整合教材.md:270 / CN01-S02-P076；01_绪论/整合教材.md:274 / CN01-S02-P078,古菌广泛分布,KP-CN01-0283,RB-CN01-0052,A1,是,R1,covered
01_绪论/整合教材.md:270 / CN01-S02-P076；01_绪论/整合教材.md:274 / CN01-S02-P078,0.1—15μm与形态多样,KP-CN01-0284,RB-CN01-0052,A1,是,R1,covered
01_绪论/整合教材.md:270 / CN01-S02-P076；01_绪论/整合教材.md:274 / CN01-S02-P078,古菌分裂或出芽,KP-CN01-0285,RB-CN01-0052,A1,是,R1,covered
01_绪论/整合教材.md:272 / CN01-S02-P077,热泉古菌与早期地球环境的研究联系,KP-CN01-0286,RB-CN01-0052,A2,是,R2,covered
01_绪论/整合教材.md:272 / CN01-S02-P077,起源演化研究动机而非直接证明,KP-CN01-0287,RB-CN01-0052,A2,是,R2,covered
01_绪论/整合教材.md:282 / CN01-S02-P082；01_绪论/整合教材.md:292 / CN01-S02-P087；01_绪论/整合教材.md:296 / CN01-S02-P089,酯键脂肪酸与古菌醚键植烷链,KP-CN01-0288,RB-CN01-0053,A1,是,R1,covered
01_绪论/整合教材.md:282 / CN01-S02-P082；01_绪论/整合教材.md:292 / CN01-S02-P087；01_绪论/整合教材.md:296 / CN01-S02-P089,C₂₀二醚双层及膜蛋白,KP-CN01-0289,RB-CN01-0053,A1,是,R1,covered
01_绪论/整合教材.md:282 / CN01-S02-P082；01_绪论/整合教材.md:292 / CN01-S02-P087；01_绪论/整合教材.md:296 / CN01-S02-P089,C₄₀四醚跨膜单层,KP-CN01-0290,RB-CN01-0053,A1,是,R1,covered
01_绪论/整合教材.md:282 / CN01-S02-P082；01_绪论/整合教材.md:292 / CN01-S02-P087；01_绪论/整合教材.md:296 / CN01-S02-P089,单层膜耐热条件,KP-CN01-0291,RB-CN01-0053,A1,是,R1,covered
01_绪论/整合教材.md:282 / CN01-S02-P082；01_绪论/整合教材.md:296 / CN01-S02-P089,鲨烯四氢鲨烯和非极性脂质,KP-CN01-0292,RB-CN01-0053,A2,是,R2,covered
01_绪论/整合教材.md:282 / CN01-S02-P082；01_绪论/整合教材.md:296 / CN01-S02-P089,古菌单层不普遍,KP-CN01-0293,RB-CN01-0053,A2,是,R2,covered
01_绪论/整合教材.md:282 / CN01-S02-P082；01_绪论/整合教材.md:296 / CN01-S02-P089,原图甘油醚脂与OCR乙醚歧义,KP-CN01-0294,RB-CN01-0053,A2,是,R2,covered
01_绪论/整合教材.md:286 / CN01-S02-P084,环状DNA操纵子多顺反子,KP-CN01-0295,RB-CN01-0054,A1,是,R1,covered
01_绪论/整合教材.md:286 / CN01-S02-P084,多数无而部分有内含子,KP-CN01-0296,RB-CN01-0054,A1,是,R1,covered
01_绪论/整合教材.md:286 / CN01-S02-P084,组蛋白核小体样组织,KP-CN01-0297,RB-CN01-0054,A1,是,R1,covered
01_绪论/整合教材.md:286 / CN01-S02-P084,复杂RNA聚合酶,KP-CN01-0298,RB-CN01-0054,A1,是,R1,covered
01_绪论/整合教材.md:286 / CN01-S02-P084,古菌Met与细菌fMet起始,KP-CN01-0299,RB-CN01-0054,A1,是,R1,covered
01_绪论/整合教材.md:286 / CN01-S02-P084,詹氏甲烷球菌1700多蛋白基因,KP-CN01-0300,RB-CN01-0054,A2,是,R2,covered
01_绪论/整合教材.md:286 / CN01-S02-P084,特定比较近60%特有序列,KP-CN01-0301,RB-CN01-0054,A2,是,R2,covered
01_绪论/整合教材.md:290 / CN01-S02-P086,古菌70S及60种以上蛋白概括,KP-CN01-0302,RB-CN01-0055,A1,是,R1,covered
01_绪论/整合教材.md:290 / CN01-S02-P086,古菌rRNA蛋白接近真核,KP-CN01-0303,RB-CN01-0055,A1,是,R1,covered
01_绪论/整合教材.md:290 / CN01-S02-P086,5S基因演化关系,KP-CN01-0304,RB-CN01-0055,A1,是,R1,covered
01_绪论/整合教材.md:290 / CN01-S02-P086,沉降系数相同不推出抗生素反应相同,KP-CN01-0305,RB-CN01-0055,A1,是,R1,covered
01_绪论/整合教材.md:300 / CN01-S02-P091；01_绪论/整合教材.md:304 / CN01-S02-P093,本版早期真核化石约21亿年,KP-CN01-0306,RB-CN01-0056,A1,是,R1,covered
01_绪论/整合教材.md:300 / CN01-S02-P091；01_绪论/整合教材.md:304 / CN01-S02-P093,真核主要单多细胞类群,KP-CN01-0307,RB-CN01-0056,A1,是,R1,covered
01_绪论/整合教材.md:300 / CN01-S02-P091；01_绪论/整合教材.md:304 / CN01-S02-P093,膜系统脂质蛋白,KP-CN01-0308,RB-CN01-0056,A1,是,R1,covered
01_绪论/整合教材.md:300 / CN01-S02-P091；01_绪论/整合教材.md:304 / CN01-S02-P093,信息系统核酸蛋白,KP-CN01-0309,RB-CN01-0056,A1,是,R1,covered
01_绪论/整合教材.md:300 / CN01-S02-P091；01_绪论/整合教材.md:304 / CN01-S02-P093,骨架系统特异蛋白,KP-CN01-0310,RB-CN01-0056,A1,是,R1,covered
01_绪论/整合教材.md:300 / CN01-S02-P091；01_绪论/整合教材.md:304 / CN01-S02-P093,三体系的程序化与自控协作,KP-CN01-0311,RB-CN01-0056,A1,是,R1,covered
01_绪论/整合教材.md:306 / CN01-S02-P094；01_绪论/整合教材.md:349 / CN01-S02-P115,本章典型膜厚8—10nm,KP-CN01-0312,RB-CN01-0057,A1,是,R1,covered
01_绪论/整合教材.md:306 / CN01-S02-P094；01_绪论/整合教材.md:349 / CN01-S02-P115,质膜运输和信号,KP-CN01-0313,RB-CN01-0057,A1,是,R1,covered
01_绪论/整合教材.md:306 / CN01-S02-P094；01_绪论/整合教材.md:349 / CN01-S02-P115,双层核被膜分隔与表达调控,KP-CN01-0314,RB-CN01-0057,A1,是,R1,covered
01_绪论/整合教材.md:306 / CN01-S02-P094；01_绪论/整合教材.md:349 / CN01-S02-P115,膜提供酶反应表面,KP-CN01-0315,RB-CN01-0057,A1,是,R1,covered
01_绪论/整合教材.md:306 / CN01-S02-P094,线粒体叶绿体能量功能,KP-CN01-0316,RB-CN01-0057,A2,是,R2,covered
01_绪论/整合教材.md:306 / CN01-S02-P094,内质网合成分选,KP-CN01-0317,RB-CN01-0057,A2,是,R2,covered
01_绪论/整合教材.md:306 / CN01-S02-P094,高尔基体加工包装运输,KP-CN01-0318,RB-CN01-0057,A2,是,R2,covered
01_绪论/整合教材.md:306 / CN01-S02-P094,溶酶体胞内降解,KP-CN01-0319,RB-CN01-0057,A2,是,R2,covered
01_绪论/整合教材.md:306 / CN01-S02-P094,“大部分生化反应在膜表面进行”及糖类广泛在ER表面合成,KP-CN01-0320,,,否,,unresolved
01_绪论/整合教材.md:308 / CN01-S02-P095,DNA组蛋白与约10nm核小体,KP-CN01-0321,RB-CN01-0058,A1,是,R1,covered
01_绪论/整合教材.md:308 / CN01-S02-P095,常异染色质及分裂染色体,KP-CN01-0322,RB-CN01-0058,A1,是,R1,covered
01_绪论/整合教材.md:308 / CN01-S02-P095,染色质修饰因子与转录调控,KP-CN01-0323,RB-CN01-0058,A1,是,R1,covered
01_绪论/整合教材.md:308 / CN01-S02-P095,核仁rRNA转录与亚基装配,KP-CN01-0324,RB-CN01-0058,A2,是,R2,covered
01_绪论/整合教材.md:308 / CN01-S02-P095,核糖体rRNA与蛋白组成,KP-CN01-0325,RB-CN01-0058,A2,是,R2,covered
01_绪论/整合教材.md:308 / CN01-S02-P095,mRNA指令和tRNA氨基酸,KP-CN01-0326,RB-CN01-0058,A2,是,R2,covered
01_绪论/整合教材.md:308 / CN01-S02-P095,核糖体合成肽链,KP-CN01-0327,RB-CN01-0058,A2,是,R2,covered
01_绪论/整合教材.md:310 / CN01-S02-P096,微丝5—7nm运动信号,KP-CN01-0328,RB-CN01-0059,A1,是,R1,covered
01_绪论/整合教材.md:310 / CN01-S02-P096,微管24nm运输和纺锤,KP-CN01-0329,RB-CN01-0059,A1,是,R1,covered
01_绪论/整合教材.md:310 / CN01-S02-P096,中间纤维10nm及组织特异支撑,KP-CN01-0330,RB-CN01-0059,A1,是,R1,covered
01_绪论/整合教材.md:312 / CN01-S02-P097；01_绪论/整合教材.md:351 / CN01-S02-P116,核纤层及lamin,KP-CN01-0331,RB-CN01-0059,A2,是,R2,covered
01_绪论/整合教材.md:312 / CN01-S02-P097；01_绪论/整合教材.md:351 / CN01-S02-P116,核基质成分复杂,KP-CN01-0332,RB-CN01-0059,A2,是,R2,covered
01_绪论/整合教材.md:312 / CN01-S02-P097；01_绪论/整合教材.md:351 / CN01-S02-P116,核骨架染色质表达联系,KP-CN01-0333,RB-CN01-0059,A2,是,R2,covered
01_绪论/整合教材.md:312 / CN01-S02-P097；01_绪论/整合教材.md:351 / CN01-S02-P116,核胞质骨架布局协作,KP-CN01-0334,RB-CN01-0059,A2,是,R2,covered
01_绪论/整合教材.md:314 / CN01-S02-P098,膜信息颗粒骨架的纳米尺度,KP-CN01-0335,RB-CN01-0060,A1,是,R1,covered
01_绪论/整合教材.md:314 / CN01-S02-P098,纳米生物学定义,KP-CN01-0336,RB-CN01-0060,A1,是,R1,covered
01_绪论/整合教材.md:314 / CN01-S02-P098,大分子复合物与生命现象联系,KP-CN01-0337,RB-CN01-0060,A1,是,R1,covered
01_绪论/整合教材.md:314 / CN01-S02-P098,所有基本结构大小都在5—20nm的总结,KP-CN01-0338,,,否,,unresolved
01_绪论/整合教材.md:316 / CN01-S02-P099,自组装分子内信息及中间纤维,KP-CN01-0339,RB-CN01-0061,A1,是,R1,covered
01_绪论/整合教材.md:316 / CN01-S02-P099,辅助装配非最终组分及核糖体200多蛋白,KP-CN01-0340,RB-CN01-0061,A1,是,R1,covered
01_绪论/整合教材.md:316 / CN01-S02-P099,直接装配预存结构及膜扩展,KP-CN01-0341,RB-CN01-0061,A1,是,R1,covered
01_绪论/整合教材.md:318 / CN01-S02-P100,复合体替代超大蛋白的合成意义,KP-CN01-0342,RB-CN01-0061,A2,是,R2,covered
01_绪论/整合教材.md:318 / CN01-S02-P100,组装与错误风险,KP-CN01-0343,RB-CN01-0061,A2,是,R2,covered
01_绪论/整合教材.md:318 / CN01-S02-P100,可逆装配去装配的调控意义,KP-CN01-0344,RB-CN01-0061,A2,是,R2,covered
01_绪论/整合教材.md:318 / CN01-S02-P100,细胞分裂中的动态组装,KP-CN01-0345,RB-CN01-0061,A2,是,R2,covered
01_绪论/整合教材.md:322 / CN01-S02-P102；01_绪论/整合教材.md:330 / CN01-S02-P106,图中共享核核孔核仁核糖体,KP-CN01-0346,RB-CN01-0062,A1,是,R1,covered
01_绪论/整合教材.md:322 / CN01-S02-P102；01_绪论/整合教材.md:330 / CN01-S02-P106,共享ER高尔基线粒体过氧化物酶体,KP-CN01-0347,RB-CN01-0062,A1,是,R1,covered
01_绪论/整合教材.md:322 / CN01-S02-P102；01_绪论/整合教材.md:330 / CN01-S02-P106,膜和骨架共享,KP-CN01-0348,RB-CN01-0062,A1,是,R1,covered
01_绪论/整合教材.md:322 / CN01-S02-P102；01_绪论/整合教材.md:330 / CN01-S02-P106,植物壁液泡叶绿体胞间连丝,KP-CN01-0349,RB-CN01-0062,A1,是,R1,covered
01_绪论/整合教材.md:324 / CN01-S02-P103；01_绪论/整合教材.md:326 / CN01-S02-P104；01_绪论/整合教材.md:442 / CN01-S02-P158,植物自养定植的结构联系,KP-CN01-0350,RB-CN01-0062,A2,是,R2,covered
01_绪论/整合教材.md:324 / CN01-S02-P103；01_绪论/整合教材.md:326 / CN01-S02-P104；01_绪论/整合教材.md:442 / CN01-S02-P158,纤维素果胶半纤维素木质素,KP-CN01-0351,RB-CN01-0062,A2,是,R2,covered
01_绪论/整合教材.md:324 / CN01-S02-P103；01_绪论/整合教材.md:326 / CN01-S02-P104；01_绪论/整合教材.md:442 / CN01-S02-P158,胞间连丝联系,KP-CN01-0352,RB-CN01-0062,A2,是,R2,covered
01_绪论/整合教材.md:326 / CN01-S02-P104,植物细胞未发现动物样中间纤维的范围和时效,KP-CN01-0353,,,否,,unresolved
01_绪论/整合教材.md:328 / CN01-S02-P105；01_绪论/整合教材.md:333 / CN01-S02-P107,液泡单层膜,KP-CN01-0354,RB-CN01-0063,A1,是,R1,covered
01_绪论/整合教材.md:328 / CN01-S02-P105；01_绪论/整合教材.md:333 / CN01-S02-P107,液泡的六类内容物,KP-CN01-0355,RB-CN01-0063,A1,是,R1,covered
01_绪论/整合教材.md:328 / CN01-S02-P105；01_绪论/整合教材.md:333 / CN01-S02-P107,中性储存液泡代谢调节,KP-CN01-0356,RB-CN01-0063,A1,是,R1,covered
01_绪论/整合教材.md:328 / CN01-S02-P105；01_绪论/整合教材.md:333 / CN01-S02-P107,酸性水解液泡降解衰老器官,KP-CN01-0357,RB-CN01-0063,A1,是,R1,covered
01_绪论/整合教材.md:328 / CN01-S02-P105；01_绪论/整合教材.md:333 / CN01-S02-P107,植物溶酶体样功能,KP-CN01-0358,RB-CN01-0063,A1,是,R1,covered
01_绪论/整合教材.md:337 / CN01-S02-P109；01_绪论/整合教材.md:339 / CN01-S02-P110,质体双层膜与糖类合成贮存,KP-CN01-0359,RB-CN01-0064,A1,是,R1,covered
01_绪论/整合教材.md:337 / CN01-S02-P109；01_绪论/整合教材.md:339 / CN01-S02-P110,叶绿体是光合质体,KP-CN01-0360,RB-CN01-0064,A1,是,R1,covered
01_绪论/整合教材.md:337 / CN01-S02-P109；01_绪论/整合教材.md:339 / CN01-S02-P110,无色原质体与茎尖分生组织,KP-CN01-0361,RB-CN01-0064,A1,是,R1,covered
01_绪论/整合教材.md:337 / CN01-S02-P109；01_绪论/整合教材.md:339 / CN01-S02-P110,光照叶绿素与叶绿体分化,KP-CN01-0362,RB-CN01-0064,A1,是,R1,covered
01_绪论/整合教材.md:341 / CN01-S02-P111,植物多类生命活动与动物的差别,KP-CN01-0363,RB-CN01-0065,A1,是,R1,covered
01_绪论/整合教材.md:341 / CN01-S02-P111,分裂后扩张与成熟,KP-CN01-0364,RB-CN01-0065,A1,是,R1,covered
01_绪论/整合教材.md:341 / CN01-S02-P111,次生代谢产物及天然产物名称,KP-CN01-0365,RB-CN01-0065,A1,是,R1,covered
01_绪论/整合教材.md:341 / CN01-S02-P111,不直接生长不等于无生存作用,KP-CN01-0366,RB-CN01-0065,A1,是,R1,covered
01_绪论/整合教材.md:341 / CN01-S02-P111,药物调味剂等人类用途,KP-CN01-0367,RB-CN01-0065,A1,是,R1,covered
01_绪论/整合教材.md:349 / CN01-S02-P115；01_绪论/整合教材.md:351 / CN01-S02-P116；01_绪论/整合教材.md:355 / CN01-S02-P118,膜系统与功能区室化,KP-CN01-0368,RB-CN01-0066,A1,是,R1,covered
01_绪论/整合教材.md:349 / CN01-S02-P115；01_绪论/整合教材.md:351 / CN01-S02-P116；01_绪论/整合教材.md:355 / CN01-S02-P118,体积复杂化与骨架布局,KP-CN01-0369,RB-CN01-0066,A1,是,R1,covered
01_绪论/整合教材.md:349 / CN01-S02-P115；01_绪论/整合教材.md:351 / CN01-S02-P116；01_绪论/整合教材.md:355 / CN01-S02-P118,核区室和多层表达控制,KP-CN01-0370,RB-CN01-0066,A1,是,R1,covered
01_绪论/整合教材.md:349 / CN01-S02-P115；01_绪论/整合教材.md:351 / CN01-S02-P116；01_绪论/整合教材.md:355 / CN01-S02-P118,内含子可变剪接与蛋白多样,KP-CN01-0371,RB-CN01-0066,A1,是,R1,covered
01_绪论/整合教材.md:361 / CN01-S02-P121；01_绪论/整合教材.md:236 / CN01-S02-P061,多条DNA复杂染色质与复制分配要求,KP-CN01-0372,RB-CN01-0066,A2,是,R2,covered
01_绪论/整合教材.md:361 / CN01-S02-P121；01_绪论/整合教材.md:236 / CN01-S02-P061,真核周期调控与分裂体系,KP-CN01-0373,RB-CN01-0066,A2,是,R2,covered
01_绪论/整合教材.md:361 / CN01-S02-P121；01_绪论/整合教材.md:236 / CN01-S02-P061,细菌不具有真核有丝分裂装置,KP-CN01-0374,RB-CN01-0066,A2,是,R2,covered
01_绪论/整合教材.md:361 / CN01-S02-P121；01_绪论/整合教材.md:236 / CN01-S02-P061,细菌分裂仍受调控,KP-CN01-0375,RB-CN01-0066,A2,是,R2,covered
01_绪论/整合教材.md:355 / CN01-S02-P118,哺乳动物2.5万—3万蛋白编码基因及10万蛋白种类的旧估计,KP-CN01-0376,,,否,,unresolved
01_绪论/整合教材.md:359 / CN01-S02-P120,三类均有质膜,KP-CN01-0377,RB-CN01-0067,A1,是,R1,covered
01_绪论/整合教材.md:359 / CN01-S02-P120,细菌古菌无典型核膜核仁,KP-CN01-0378,RB-CN01-0067,A1,是,R1,covered
01_绪论/整合教材.md:359 / CN01-S02-P120,真核典型核膜核仁,KP-CN01-0379,RB-CN01-0067,A1,是,R1,covered
01_绪论/整合教材.md:359 / CN01-S02-P120,三类质膜功能分工,KP-CN01-0380,RB-CN01-0067,A1,是,R1,covered
01_绪论/整合教材.md:359 / CN01-S02-P120,真核典型膜性器官,KP-CN01-0381,RB-CN01-0067,A1,是,R1,covered
01_绪论/整合教材.md:359 / CN01-S02-P120,细菌质粒,KP-CN01-0382,RB-CN01-0067,A2,是,R2,covered
01_绪论/整合教材.md:359 / CN01-S02-P120,古菌质粒,KP-CN01-0383,RB-CN01-0067,A2,是,R2,covered
01_绪论/整合教材.md:359 / CN01-S02-P120,真核线粒体DNA,KP-CN01-0384,RB-CN01-0067,A2,是,R2,covered
01_绪论/整合教材.md:359 / CN01-S02-P120,光合细胞叶绿体DNA,KP-CN01-0385,RB-CN01-0067,A2,是,R2,covered
01_绪论/整合教材.md:359 / CN01-S02-P120,核外DNA列的比较语境,KP-CN01-0386,RB-CN01-0067,A2,是,R2,covered
01_绪论/整合教材.md:359 / CN01-S02-P120,细菌70S及50S30S,KP-CN01-0387,RB-CN01-0068,A1,是,R1,covered
01_绪论/整合教材.md:359 / CN01-S02-P120,古菌70S及50S30S,KP-CN01-0388,RB-CN01-0068,A1,是,R1,covered
01_绪论/整合教材.md:359 / CN01-S02-P120,真核胞质80S及60S40S,KP-CN01-0389,RB-CN01-0068,A1,是,R1,covered
01_绪论/整合教材.md:359 / CN01-S02-P120,细菌fMet起始,KP-CN01-0390,RB-CN01-0068,A2,是,R2,covered
01_绪论/整合教材.md:359 / CN01-S02-P120,古菌Met起始,KP-CN01-0391,RB-CN01-0068,A2,是,R2,covered
01_绪论/整合教材.md:359 / CN01-S02-P120,真核胞质Met起始,KP-CN01-0392,RB-CN01-0068,A2,是,R2,covered
01_绪论/整合教材.md:359 / CN01-S02-P120,氯霉素敏感性典型对比及胞质范围,KP-CN01-0393,RB-CN01-0068,A2,是,R2,covered
01_绪论/整合教材.md:359 / CN01-S02-P120；01_绪论/整合教材.md:326 / CN01-S02-P104；01_绪论/整合教材.md:278 / CN01-S02-P080,植物壁纤维素果胶,KP-CN01-0394,RB-CN01-0069,A1,是,R1,covered
01_绪论/整合教材.md:359 / CN01-S02-P120；01_绪论/整合教材.md:326 / CN01-S02-P104；01_绪论/整合教材.md:278 / CN01-S02-P080,真菌壁几丁质,KP-CN01-0395,RB-CN01-0069,A1,是,R1,covered
01_绪论/整合教材.md:359 / CN01-S02-P120；01_绪论/整合教材.md:326 / CN01-S02-P104；01_绪论/整合教材.md:278 / CN01-S02-P080,真核有壁条件,KP-CN01-0396,RB-CN01-0069,A1,是,R1,covered
01_绪论/整合教材.md:359 / CN01-S02-P120；01_绪论/整合教材.md:326 / CN01-S02-P104；01_绪论/整合教材.md:278 / CN01-S02-P080,细菌肽聚糖与古菌壁不同,KP-CN01-0397,RB-CN01-0069,A1,是,R1,covered
01_绪论/整合教材.md:359 / CN01-S02-P120,三类染色体数量、形状及蛋白结合程度的绝对单元格,KP-CN01-0398,,,否,,unresolved
01_绪论/整合教材.md:359 / CN01-S02-P120,细菌古菌“无骨架”的表格单元格,KP-CN01-0399,,,否,,unresolved
01_绪论/整合教材.md:359 / CN01-S02-P120,古菌壁均由蛋白组成及增殖均二分裂的单元格,KP-CN01-0400,,,否,,unresolved
01_绪论/整合教材.md:363 / CN01-S02-P122,原核真核长期共存,KP-CN01-0401,RB-CN01-0070,A1,是,R1,covered
01_绪论/整合教材.md:363 / CN01-S02-P122,病原关系与互利共生,KP-CN01-0402,RB-CN01-0070,A1,是,R1,covered
01_绪论/整合教材.md:363 / CN01-S02-P122,肠道1000多类10万亿的本版概括,KP-CN01-0403,RB-CN01-0070,A1,是,R1,covered
01_绪论/整合教材.md:363 / CN01-S02-P122,正常菌群相对稳定,KP-CN01-0404,RB-CN01-0070,A1,是,R1,covered
01_绪论/整合教材.md:363 / CN01-S02-P122,宿主栖息营养与菌群代谢吸收,KP-CN01-0405,RB-CN01-0070,A1,是,R1,covered
01_绪论/整合教材.md:363 / CN01-S02-P122,菌群免疫发育维持,KP-CN01-0406,RB-CN01-0070,A1,是,R1,covered
01_绪论/整合教材.md:365 / CN01-S02-P123,小鼠回肠分节丝状菌箭头,KP-CN01-0407,RB-CN01-0071,A1,是,R1,covered
01_绪论/整合教材.md:365 / CN01-S02-P123,分节丝状菌与Th17增殖,KP-CN01-0408,RB-CN01-0071,A1,是,R1,covered
01_绪论/整合教材.md:365 / CN01-S02-P123,IL17等细胞因子与抵抗,KP-CN01-0409,RB-CN01-0071,A1,是,R1,covered
01_绪论/整合教材.md:365 / CN01-S02-P123,形态定植观察与功能结论区别,KP-CN01-0410,RB-CN01-0071,A2,是,R2,covered
01_绪论/整合教材.md:365 / CN01-S02-P123,本章不提供完整干预实验细节,KP-CN01-0411,RB-CN01-0071,A2,是,R2,covered
01_绪论/整合教材.md:370 / CN01-S02-P125；01_绪论/整合教材.md:376 / CN01-S02-P128；01_绪论/整合教材.md:438 / CN01-S02-P156,病毒非细胞复合体,KP-CN01-0412,RB-CN01-0072,A1,是,R1,covered
01_绪论/整合教材.md:370 / CN01-S02-P125；01_绪论/整合教材.md:376 / CN01-S02-P128；01_绪论/整合教材.md:438 / CN01-S02-P156,绝大多数20—200nm及电镜,KP-CN01-0413,RB-CN01-0072,A1,是,R1,covered
01_绪论/整合教材.md:370 / CN01-S02-P125；01_绪论/整合教材.md:376 / CN01-S02-P128；01_绪论/整合教材.md:438 / CN01-S02-P156,病毒缺独立核糖体完整代谢,KP-CN01-0414,RB-CN01-0072,A1,是,R1,covered
01_绪论/整合教材.md:378 / CN01-S02-P129；01_绪论/整合教材.md:380 / CN01-S02-P130；01_绪论/整合教材.md:438 / CN01-S02-P156,细胞DNA载体和RNA,KP-CN01-0415,RB-CN01-0072,A2,是,R2,covered
01_绪论/整合教材.md:378 / CN01-S02-P129；01_绪论/整合教材.md:380 / CN01-S02-P130；01_绪论/整合教材.md:438 / CN01-S02-P156,病毒DNA或RNA基因组及通常限定,KP-CN01-0416,RB-CN01-0072,A2,是,R2,covered
01_绪论/整合教材.md:378 / CN01-S02-P129；01_绪论/整合教材.md:380 / CN01-S02-P130；01_绪论/整合教材.md:438 / CN01-S02-P156,病毒复制合成装配,KP-CN01-0417,RB-CN01-0072,A2,是,R2,covered
01_绪论/整合教材.md:378 / CN01-S02-P129；01_绪论/整合教材.md:380 / CN01-S02-P130；01_绪论/整合教材.md:438 / CN01-S02-P156,细胞分裂与病毒装配不同,KP-CN01-0418,RB-CN01-0072,A2,是,R2,covered
01_绪论/整合教材.md:382 / CN01-S02-P131；01_绪论/整合教材.md:438 / CN01-S02-P156,病毒结构原料能量酶的宿主依赖,KP-CN01-0419,RB-CN01-0072,A3,是,R3,covered
01_绪论/整合教材.md:382 / CN01-S02-P131；01_绪论/整合教材.md:438 / CN01-S02-P156,分子水平寄生,KP-CN01-0420,RB-CN01-0072,A3,是,R3,covered
01_绪论/整合教材.md:382 / CN01-S02-P131；01_绪论/整合教材.md:438 / CN01-S02-P156,某些病毒核酸进入细胞可繁殖,KP-CN01-0421,RB-CN01-0072,A3,是,R3,covered
01_绪论/整合教材.md:382 / CN01-S02-P131；01_绪论/整合教材.md:438 / CN01-S02-P156,宿主依赖支持细胞基本单位,KP-CN01-0422,RB-CN01-0072,A3,是,R3,covered
01_绪论/整合教材.md:386 / CN01-S02-P133；01_绪论/整合教材.md:388 / CN01-S02-P134,衣壳蛋白保护核酸,KP-CN01-0423,RB-CN01-0073,A1,是,R1,covered
01_绪论/整合教材.md:386 / CN01-S02-P133；01_绪论/整合教材.md:388 / CN01-S02-P134,核衣壳等于核酸加衣壳,KP-CN01-0424,RB-CN01-0073,A1,是,R1,covered
01_绪论/整合教材.md:386 / CN01-S02-P133；01_绪论/整合教材.md:388 / CN01-S02-P134,某些囊膜脂双层,KP-CN01-0425,RB-CN01-0073,A1,是,R1,covered
01_绪论/整合教材.md:386 / CN01-S02-P133；01_绪论/整合教材.md:388 / CN01-S02-P134,宿主膜脂与病毒编码膜蛋白,KP-CN01-0426,RB-CN01-0073,A1,是,R1,covered
01_绪论/整合教材.md:386 / CN01-S02-P133；01_绪论/整合教材.md:388 / CN01-S02-P134,衣壳囊膜区别,KP-CN01-0427,RB-CN01-0073,A1,是,R1,covered
01_绪论/整合教材.md:388 / CN01-S02-P134,腺病毒DNA衣壳70nm,KP-CN01-0428,RB-CN01-0073,A2,是,R2,covered
01_绪论/整合教材.md:388 / CN01-S02-P134,疱疹病毒囊膜150nm,KP-CN01-0429,RB-CN01-0073,A2,是,R2,covered
01_绪论/整合教材.md:388 / CN01-S02-P134,烟草花叶病毒RNA螺旋18nm直径,KP-CN01-0430,RB-CN01-0073,A2,是,R2,covered
01_绪论/整合教材.md:388 / CN01-S02-P134,三类形态与尺度维度,KP-CN01-0431,RB-CN01-0073,A2,是,R2,covered
01_绪论/整合教材.md:392 / CN01-S02-P135；01_绪论/整合教材.md:394 / CN01-S02-P136,表面病毒蛋白与细胞受体,KP-CN01-0432,RB-CN01-0074,A1,是,R1,covered
01_绪论/整合教材.md:392 / CN01-S02-P135；01_绪论/整合教材.md:394 / CN01-S02-P136,特异受体影响宿主细胞选择,KP-CN01-0433,RB-CN01-0074,A1,是,R1,covered
01_绪论/整合教材.md:392 / CN01-S02-P135；01_绪论/整合教材.md:394 / CN01-S02-P136,识别进入在完整增殖中的位置,KP-CN01-0434,RB-CN01-0074,A1,是,R1,covered
01_绪论/整合教材.md:392 / CN01-S02-P135,删除CCR5并骨髓移植可普遍治愈HIV的表述,KP-CN01-0435,,,否,,unresolved
01_绪论/整合教材.md:394 / CN01-S02-P136；01_绪论/整合教材.md:412 / CN01-S02-P144,辛德毕斯胞吞进入内体,KP-CN01-0436,RB-CN01-0075,A1,是,R1,covered
01_绪论/整合教材.md:394 / CN01-S02-P136；01_绪论/整合教材.md:412 / CN01-S02-P144,脱壳释放RNA,KP-CN01-0437,RB-CN01-0075,A1,是,R1,covered
01_绪论/整合教材.md:394 / CN01-S02-P136；01_绪论/整合教材.md:412 / CN01-S02-P144,胞质翻译复制与核衣壳装配,KP-CN01-0438,RB-CN01-0075,A1,是,R1,covered
01_绪论/整合教材.md:394 / CN01-S02-P136；01_绪论/整合教材.md:412 / CN01-S02-P144,生命周期的病毒类型限定,KP-CN01-0439,RB-CN01-0075,A1,是,R1,covered
01_绪论/整合教材.md:394 / CN01-S02-P136；01_绪论/整合教材.md:412 / CN01-S02-P144,膜蛋白ER高尔基质膜路线,KP-CN01-0440,RB-CN01-0075,A2,是,R2,covered
01_绪论/整合教材.md:394 / CN01-S02-P136；01_绪论/整合教材.md:412 / CN01-S02-P144,核衣壳出芽获得囊膜,KP-CN01-0441,RB-CN01-0075,A2,是,R2,covered
01_绪论/整合教材.md:394 / CN01-S02-P136；01_绪论/整合教材.md:412 / CN01-S02-P144,释放并感染下一细胞,KP-CN01-0442,RB-CN01-0075,A2,是,R2,covered
01_绪论/整合教材.md:394 / CN01-S02-P136；01_绪论/整合教材.md:412 / CN01-S02-P144,电镜出芽与50nm比例尺,KP-CN01-0443,RB-CN01-0075,A2,是,R2,covered
01_绪论/整合教材.md:394 / CN01-S02-P136；01_绪论/整合教材.md:412 / CN01-S02-P144,电镜形态不独立证明全部分子反应,KP-CN01-0444,RB-CN01-0075,A2,是,R2,covered
01_绪论/整合教材.md:394 / CN01-S02-P136,HIV、流感、腺病毒等皆同样胞饮进入并利用宿主“全套”代谢酶的归纳,KP-CN01-0445,,,否,,unresolved
01_绪论/整合教材.md:412 / CN01-S02-P144,辛德毕斯被称为昆虫病毒的完整宿主范围,KP-CN01-0446,,,否,,unresolved
01_绪论/整合教材.md:396 / CN01-S02-P137,多种病毒感染诱导凋亡,KP-CN01-0447,RB-CN01-0076,A1,是,R1,covered
01_绪论/整合教材.md:396 / CN01-S02-P137,某些病毒蛋白抑制凋亡,KP-CN01-0448,RB-CN01-0076,A1,是,R1,covered
01_绪论/整合教材.md:396 / CN01-S02-P137,抑制凋亡有利复制完成,KP-CN01-0449,RB-CN01-0076,A1,是,R1,covered
01_绪论/整合教材.md:398 / CN01-S02-P138,病毒癌基因研究推动原癌基因发现,KP-CN01-0450,RB-CN01-0076,A2,是,R2,covered
01_绪论/整合教材.md:398 / CN01-S02-P138,癌变研究促进增殖调控理解,KP-CN01-0451,RB-CN01-0076,A2,是,R2,covered
01_绪论/整合教材.md:402 / CN01-S02-P140；01_绪论/整合教材.md:404 / CN01-S02-P141；01_绪论/整合教材.md:408 / CN01-S02-P142,病毒先于细胞假说,KP-CN01-0452,RB-CN01-0077,A1,是,R1,covered
01_绪论/整合教材.md:402 / CN01-S02-P140；01_绪论/整合教材.md:404 / CN01-S02-P141；01_绪论/整合教材.md:408 / CN01-S02-P142,病毒细胞分支形成假说,KP-CN01-0453,RB-CN01-0077,A1,是,R1,covered
01_绪论/整合教材.md:402 / CN01-S02-P140；01_绪论/整合教材.md:404 / CN01-S02-P141；01_绪论/整合教材.md:408 / CN01-S02-P142,细胞先于病毒假说,KP-CN01-0454,RB-CN01-0077,A1,是,R1,covered
01_绪论/整合教材.md:402 / CN01-S02-P140；01_绪论/整合教材.md:404 / CN01-S02-P141；01_绪论/整合教材.md:408 / CN01-S02-P142,早期病毒桥梁观点,KP-CN01-0455,RB-CN01-0077,A1,是,R1,covered
01_绪论/整合教材.md:402 / CN01-S02-P140；01_绪论/整合教材.md:404 / CN01-S02-P141；01_绪论/整合教材.md:408 / CN01-S02-P142,寄生性对起源顺序的教材论证,KP-CN01-0456,RB-CN01-0077,A1,是,R1,covered
01_绪论/整合教材.md:408 / CN01-S02-P142,缺少病毒化石,KP-CN01-0457,RB-CN01-0077,A2,是,R2,covered
01_绪论/整合教材.md:408 / CN01-S02-P142,教材倾向不等于起源假说已证实,KP-CN01-0458,RB-CN01-0077,A2,是,R2,covered
01_绪论/整合教材.md:410 / CN01-S02-P143,17世纪细胞及细胞学说,KP-CN01-0459,RB-CN01-0078,A1,是,R1,covered
01_绪论/整合教材.md:410 / CN01-S02-P143,染色体与染色体遗传理论,KP-CN01-0460,RB-CN01-0078,A1,是,R1,covered
01_绪论/整合教材.md:410 / CN01-S02-P143,DNA双螺旋,KP-CN01-0461,RB-CN01-0078,A1,是,R1,covered
01_绪论/整合教材.md:410 / CN01-S02-P143,2003年人类基因组计划,KP-CN01-0462,RB-CN01-0078,A1,是,R1,covered
01_绪论/整合教材.md:410 / CN01-S02-P143,核移植和体外干细胞诱导,KP-CN01-0463,RB-CN01-0078,A1,是,R1,covered
01_绪论/整合教材.md:410 / CN01-S02-P143,个体细胞分子研究层次连接,KP-CN01-0464,RB-CN01-0078,A1,是,R1,covered
01_绪论/整合教材.md:126 / CN01-S02-P009；01_绪论/整合教材.md:230 / CN01-S02-P058；01_绪论/整合教材.md:335 / CN01-S02-P108；01_绪论/整合教材.md:442 / CN01-S02-P158,结构功能原则的膜例子,KP-CN01-0465,RB-CN01-0079,A1,是,R1,covered
01_绪论/整合教材.md:126 / CN01-S02-P009；01_绪论/整合教材.md:230 / CN01-S02-P058；01_绪论/整合教材.md:335 / CN01-S02-P108；01_绪论/整合教材.md:442 / CN01-S02-P158,结构功能原则的液泡例子,KP-CN01-0466,RB-CN01-0079,A1,是,R1,covered
01_绪论/整合教材.md:126 / CN01-S02-P009；01_绪论/整合教材.md:230 / CN01-S02-P058；01_绪论/整合教材.md:335 / CN01-S02-P108；01_绪论/整合教材.md:442 / CN01-S02-P158,结构功能原则的信息耦联例子,KP-CN01-0467,RB-CN01-0079,A1,是,R1,covered
01_绪论/整合教材.md:46 / CN01-S01-P006,知识窗1-1完整数字课程正文,KP-CN01-0470,,,否,,unresolved
01_绪论/整合教材.md:76 / CN01-S01-P020,知识窗1-2完整数字课程正文,KP-CN01-0471,,,否,,unresolved
01_绪论/整合教材.md:152 / CN01-S02-P021,知识窗1-3完整数字课程正文,KP-CN01-0472,,,否,,unresolved
01_绪论/整合教材.md:130 / CN01-S02-P011；01_绪论/整合教材.md:282 / CN01-S02-P082；01_绪论/整合教材.md:349 / CN01-S02-P115；01_绪论/整合教材.md:359 / CN01-S02-P120；01_绪论/整合教材.md:440 / CN01-S02-P157,三类演化比较的共同基础,KP-CN01-0473,RB-CN01-0080,A1,是,R1,covered
01_绪论/整合教材.md:130 / CN01-S02-P011；01_绪论/整合教材.md:282 / CN01-S02-P082；01_绪论/整合教材.md:349 / CN01-S02-P115；01_绪论/整合教材.md:359 / CN01-S02-P120；01_绪论/整合教材.md:440 / CN01-S02-P157,三类膜区室与功能分工,KP-CN01-0474,RB-CN01-0080,A1,是,R1,covered
01_绪论/整合教材.md:130 / CN01-S02-P011；01_绪论/整合教材.md:282 / CN01-S02-P082；01_绪论/整合教材.md:349 / CN01-S02-P115；01_绪论/整合教材.md:359 / CN01-S02-P120；01_绪论/整合教材.md:440 / CN01-S02-P157,古菌膜脂化学差异,KP-CN01-0475,RB-CN01-0080,A1,是,R1,covered
01_绪论/整合教材.md:230 / CN01-S02-P058；01_绪论/整合教材.md:236 / CN01-S02-P061；01_绪论/整合教材.md:286 / CN01-S02-P084；01_绪论/整合教材.md:361 / CN01-S02-P121；01_绪论/整合教材.md:440 / CN01-S02-P157,演化比较的细菌信息耦联,KP-CN01-0476,RB-CN01-0080,A2,是,R2,covered
01_绪论/整合教材.md:230 / CN01-S02-P058；01_绪论/整合教材.md:236 / CN01-S02-P061；01_绪论/整合教材.md:286 / CN01-S02-P084；01_绪论/整合教材.md:361 / CN01-S02-P121；01_绪论/整合教材.md:440 / CN01-S02-P157,古菌细菌式基因组织和真核式表达,KP-CN01-0477,RB-CN01-0080,A2,是,R2,covered
01_绪论/整合教材.md:230 / CN01-S02-P058；01_绪论/整合教材.md:236 / CN01-S02-P061；01_绪论/整合教材.md:286 / CN01-S02-P084；01_绪论/整合教材.md:361 / CN01-S02-P121；01_绪论/整合教材.md:440 / CN01-S02-P157,真核表达与染色质分配的复杂化,KP-CN01-0478,RB-CN01-0080,A2,是,R2,covered
01_绪论/整合教材.md:268 / CN01-S02-P075；01_绪论/整合教材.md:290 / CN01-S02-P086；01_绪论/整合教材.md:440 / CN01-S02-P157,三域关系的分子证据,KP-CN01-0479,RB-CN01-0080,A3,是,R3,covered
01_绪论/整合教材.md:268 / CN01-S02-P075；01_绪论/整合教材.md:290 / CN01-S02-P086；01_绪论/整合教材.md:440 / CN01-S02-P157,共有与分支特征的演化解释,KP-CN01-0480,RB-CN01-0080,A3,是,R3,covered
01_绪论/整合教材.md:473 / EN01-H000-H030-P003；01_绪论/整合教材.md:475 / EN01-H000-H030-P004；01_绪论/整合教材.md:499 / EN01-H000-H030-P016,细胞膜包围的浓缩水溶体系,KP-CN01-0481,RB-CN01-0081,A1,是,R1,covered
01_绪论/整合教材.md:473 / EN01-H000-H030-P003；01_绪论/整合教材.md:475 / EN01-H000-H030-P004；01_绪论/整合教材.md:499 / EN01-H000-H030-P016,物质摄取与自复制,KP-CN01-0482,RB-CN01-0081,A1,是,R1,covered
01_绪论/整合教材.md:473 / EN01-H000-H030-P003；01_绪论/整合教材.md:475 / EN01-H000-H030-P004；01_绪论/整合教材.md:499 / EN01-H000-H030-P016,遗传区分生命与晶体火焰水波,KP-CN01-0483,RB-CN01-0081,A1,是,R1,covered
01_绪论/整合教材.md:477 / EN01-H000-H030-P005；01_绪论/整合教材.md:479 / EN01-H000-H030-P006；01_绪论/整合教材.md:499 / EN01-H000-H030-P016,自由能消耗不是生命充分条件,KP-CN01-0484,RB-CN01-0081,A2,是,R2,covered
01_绪论/整合教材.md:477 / EN01-H000-H030-P005；01_绪论/整合教材.md:479 / EN01-H000-H030-P006；01_绪论/整合教材.md:499 / EN01-H000-H030-P016,能量与遗传信息共同组织生命体系,KP-CN01-0485,RB-CN01-0081,A2,是,R2,covered
01_绪论/整合教材.md:477 / EN01-H000-H030-P005；01_绪论/整合教材.md:479 / EN01-H000-H030-P006；01_绪论/整合教材.md:499 / EN01-H000-H030-P016,多样性与基本机制恒定并存,KP-CN01-0486,RB-CN01-0081,A2,是,R2,covered
01_绪论/整合教材.md:501 / EN01-H000-H030-P017；01_绪论/整合教材.md:507 / EN01-H000-H030-P020；01_绪论/整合教材.md:509 / EN01-H000-H030-P021；01_绪论/整合教材.md:511 / EN01-H000-H030-P022；01_绪论/整合教材.md:513 / EN01-H000-H030-P023；01_绪论/整合教材.md:515 / EN01-H000-H030-P024；01_绪论/整合教材.md:517 / EN01-H000-H030-P025；01_绪论/整合教材.md:525 / EN01-H000-H030-P029,海胆卵到海胆对应,KP-CN01-0487,RB-CN01-0082,A1,是,R1,covered
01_绪论/整合教材.md:501 / EN01-H000-H030-P017；01_绪论/整合教材.md:507 / EN01-H000-H030-P020；01_绪论/整合教材.md:509 / EN01-H000-H030-P021；01_绪论/整合教材.md:511 / EN01-H000-H030-P022；01_绪论/整合教材.md:513 / EN01-H000-H030-P023；01_绪论/整合教材.md:515 / EN01-H000-H030-P024；01_绪论/整合教材.md:517 / EN01-H000-H030-P025；01_绪论/整合教材.md:525 / EN01-H000-H030-P029,小鼠卵到小鼠对应,KP-CN01-0488,RB-CN01-0082,A1,是,R1,covered
01_绪论/整合教材.md:501 / EN01-H000-H030-P017；01_绪论/整合教材.md:507 / EN01-H000-H030-P020；01_绪论/整合教材.md:509 / EN01-H000-H030-P021；01_绪论/整合教材.md:511 / EN01-H000-H030-P022；01_绪论/整合教材.md:513 / EN01-H000-H030-P023；01_绪论/整合教材.md:515 / EN01-H000-H030-P024；01_绪论/整合教材.md:517 / EN01-H000-H030-P025；01_绪论/整合教材.md:525 / EN01-H000-H030-P029,墨角藻卵到墨角藻对应,KP-CN01-0489,RB-CN01-0082,A1,是,R1,covered
01_绪论/整合教材.md:501 / EN01-H000-H030-P017；01_绪论/整合教材.md:507 / EN01-H000-H030-P020；01_绪论/整合教材.md:509 / EN01-H000-H030-P021；01_绪论/整合教材.md:511 / EN01-H000-H030-P022；01_绪论/整合教材.md:513 / EN01-H000-H030-P023；01_绪论/整合教材.md:515 / EN01-H000-H030-P024；01_绪论/整合教材.md:517 / EN01-H000-H030-P025；01_绪论/整合教材.md:525 / EN01-H000-H030-P029,卵形相似不等于遗传指令相同,KP-CN01-0490,RB-CN01-0082,A1,是,R1,covered
01_绪论/整合教材.md:501 / EN01-H000-H030-P017；01_绪论/整合教材.md:507 / EN01-H000-H030-P020；01_绪论/整合教材.md:509 / EN01-H000-H030-P021；01_绪论/整合教材.md:511 / EN01-H000-H030-P022；01_绪论/整合教材.md:513 / EN01-H000-H030-P023；01_绪论/整合教材.md:515 / EN01-H000-H030-P024；01_绪论/整合教材.md:517 / EN01-H000-H030-P025；01_绪论/整合教材.md:525 / EN01-H000-H030-P029,多细胞个体来自单细胞分裂,KP-CN01-0491,RB-CN01-0082,A1,是,R1,covered
01_绪论/整合教材.md:507 / EN01-H000-H030-P020；01_绪论/整合教材.md:509 / EN01-H000-H030-P021；01_绪论/整合教材.md:511 / EN01-H000-H030-P022；01_绪论/整合教材.md:525 / EN01-H000-H030-P029,海胆卵100μm标尺,KP-CN01-0492,RB-CN01-0082,A2,是,R2,covered
01_绪论/整合教材.md:507 / EN01-H000-H030-P020；01_绪论/整合教材.md:509 / EN01-H000-H030-P021；01_绪论/整合教材.md:511 / EN01-H000-H030-P022；01_绪论/整合教材.md:525 / EN01-H000-H030-P029,小鼠卵50μm标尺,KP-CN01-0493,RB-CN01-0082,A2,是,R2,covered
01_绪论/整合教材.md:507 / EN01-H000-H030-P020；01_绪论/整合教材.md:509 / EN01-H000-H030-P021；01_绪论/整合教材.md:511 / EN01-H000-H030-P022；01_绪论/整合教材.md:525 / EN01-H000-H030-P029,墨角藻卵50μm标尺,KP-CN01-0494,RB-CN01-0082,A2,是,R2,covered
01_绪论/整合教材.md:507 / EN01-H000-H030-P020；01_绪论/整合教材.md:509 / EN01-H000-H030-P021；01_绪论/整合教材.md:511 / EN01-H000-H030-P022；01_绪论/整合教材.md:525 / EN01-H000-H030-P029,成年照片尺度不统一,KP-CN01-0495,RB-CN01-0082,A2,是,R2,covered
01_绪论/整合教材.md:505 / EN01-H000-H030-P019；01_绪论/整合教材.md:527 / EN01-H000-H030-P030,基因组全套DNA序列遗传信息,KP-CN01-0496,RB-CN01-0083,A1,是,R1,covered
01_绪论/整合教材.md:505 / EN01-H000-H030-P019；01_绪论/整合教材.md:527 / EN01-H000-H030-P030,DNA长不分支双链及ATCG,KP-CN01-0497,RB-CN01-0083,A1,是,R1,covered
01_绪论/整合教材.md:505 / EN01-H000-H030-P019；01_绪论/整合教材.md:527 / EN01-H000-H030-P030,跨物种读取解释复制及适配条件,KP-CN01-0498,RB-CN01-0083,A1,是,R1,covered
01_绪论/整合教材.md:505 / EN01-H000-H030-P019；01_绪论/整合教材.md:527 / EN01-H000-H030-P030,共同遗传语言支持共同祖先,KP-CN01-0499,RB-CN01-0083,A2,是,R2,covered
01_绪论/整合教材.md:505 / EN01-H000-H030-P019；01_绪论/整合教材.md:527 / EN01-H000-H030-P030,共同祖先35—38亿年估计,KP-CN01-0500,RB-CN01-0083,A2,是,R2,covered
01_绪论/整合教材.md:505 / EN01-H000-H030-P019；01_绪论/整合教材.md:527 / EN01-H000-H030-P030,快速测序与数万完整基因组,KP-CN01-0501,RB-CN01-0083,A2,是,R2,covered
01_绪论/整合教材.md:505 / EN01-H000-H030-P019,教材10⁶bytes文字图片类比,KP-CN01-0502,RB-CN01-0084,A1,是,R1,covered
01_绪论/整合教材.md:505 / EN01-H000-H030-P019,10⁹bytes60分钟视频类比,KP-CN01-0503,RB-CN01-0084,A1,是,R1,covered
01_绪论/整合教材.md:505 / EN01-H000-H030-P019,旧磁盘磁带与25年例子,KP-CN01-0504,RB-CN01-0084,A1,是,R1,covered
01_绪论/整合教材.md:505 / EN01-H000-H030-P019,载体可变和生命DNA保守的对照,KP-CN01-0505,RB-CN01-0084,A1,是,R1,covered
01_绪论/整合教材.md:531 / EN01-H000-H030-P032；01_绪论/整合教材.md:533 / EN01-H000-H030-P033；01_绪论/整合教材.md:535 / EN01-H000-H030-P034,脱氧核苷酸糖磷酸碱基组成,KP-CN01-0506,RB-CN01-0085,A1,是,R1,covered
01_绪论/整合教材.md:531 / EN01-H000-H030-P032；01_绪论/整合教材.md:533 / EN01-H000-H030-P033；01_绪论/整合教材.md:535 / EN01-H000-H030-P034,A腺嘌呤G鸟嘌呤C胞嘧啶T胸腺嘧啶,KP-CN01-0507,RB-CN01-0085,A1,是,R1,covered
01_绪论/整合教材.md:531 / EN01-H000-H030-P032；01_绪论/整合教材.md:533 / EN01-H000-H030-P033；01_绪论/整合教材.md:535 / EN01-H000-H030-P034,图注约35原子的概括,KP-CN01-0508,RB-CN01-0085,A1,是,R1,covered
01_绪论/整合教材.md:531 / EN01-H000-H030-P032；01_绪论/整合教材.md:533 / EN01-H000-H030-P033；01_绪论/整合教材.md:535 / EN01-H000-H030-P034,糖磷酸骨架与碱基伸出,KP-CN01-0509,RB-CN01-0085,A1,是,R1,covered
01_绪论/整合教材.md:531 / EN01-H000-H030-P032；01_绪论/整合教材.md:533 / EN01-H000-H030-P033；01_绪论/整合教材.md:535 / EN01-H000-H030-P034,骨架非对称与方向性,KP-CN01-0510,RB-CN01-0085,A1,是,R1,covered
01_绪论/整合教材.md:531 / EN01-H000-H030-P032；01_绪论/整合教材.md:535 / EN01-H000-H030-P034,模板配对选择新单体,KP-CN01-0511,RB-CN01-0085,A2,是,R2,covered
01_绪论/整合教材.md:531 / EN01-H000-H030-P032；01_绪论/整合教材.md:535 / EN01-H000-H030-P034,ATCG互补关系,KP-CN01-0512,RB-CN01-0085,A2,是,R2,covered
01_绪论/整合教材.md:531 / EN01-H000-H030-P032；01_绪论/整合教材.md:535 / EN01-H000-H030-P034,新旧链反平行及序列示例,KP-CN01-0513,RB-CN01-0085,A2,是,R2,covered
01_绪论/整合教材.md:531 / EN01-H000-H030-P032；01_绪论/整合教材.md:535 / EN01-H000-H030-P034,链内共价与链间氢键,KP-CN01-0514,RB-CN01-0085,A2,是,R2,covered
01_绪论/整合教材.md:531 / EN01-H000-H030-P032；01_绪论/整合教材.md:535 / EN01-H000-H030-P034,双螺旋容纳不同序列,KP-CN01-0515,RB-CN01-0085,A2,是,R2,covered
01_绪论/整合教材.md:537 / EN01-H000-H030-P035；01_绪论/整合教材.md:539 / EN01-H000-H030-P036；01_绪论/整合教材.md:541 / EN01-H000-H030-P037,链间分开不切骨架的键强度原因,KP-CN01-0516,RB-CN01-0086,A1,是,R1,covered
01_绪论/整合教材.md:537 / EN01-H000-H030-P035；01_绪论/整合教材.md:539 / EN01-H000-H030-P036；01_绪论/整合教材.md:541 / EN01-H000-H030-P037,每条旧链分别为模板,KP-CN01-0517,RB-CN01-0086,A1,是,R1,covered
01_绪论/整合教材.md:537 / EN01-H000-H030-P035；01_绪论/整合教材.md:539 / EN01-H000-H030-P036；01_绪论/整合教材.md:541 / EN01-H000-H030-P037,互补聚合产生两份双链,KP-CN01-0518,RB-CN01-0086,A1,是,R1,covered
01_绪论/整合教材.md:537 / EN01-H000-H030-P035；01_绪论/整合教材.md:539 / EN01-H000-H030-P036；01_绪论/整合教材.md:541 / EN01-H000-H030-P037,每份亲代链与新链,KP-CN01-0519,RB-CN01-0086,A1,是,R1,covered
01_绪论/整合教材.md:537 / EN01-H000-H030-P035；01_绪论/整合教材.md:541 / EN01-H000-H030-P037,复制速度启停辅助因子差异,KP-CN01-0520,RB-CN01-0086,A2,是,R2,covered
01_绪论/整合教材.md:537 / EN01-H000-H030-P035；01_绪论/整合教材.md:541 / EN01-H000-H030-P037,模板聚合的普遍基础,KP-CN01-0521,RB-CN01-0086,A2,是,R2,covered
01_绪论/整合教材.md:537 / EN01-H000-H030-P035；01_绪论/整合教材.md:541 / EN01-H000-H030-P037,图色编码旧新链,KP-CN01-0522,RB-CN01-0086,A2,是,R2,covered
01_绪论/整合教材.md:545 / EN01-H000-H030-P039；01_绪论/整合教材.md:551 / EN01-H000-H030-P042；01_绪论/整合教材.md:553 / EN01-H000-H030-P043,DNA复制模板产物,KP-CN01-0523,RB-CN01-0087,A1,是,R1,covered
01_绪论/整合教材.md:545 / EN01-H000-H030-P039；01_绪论/整合教材.md:551 / EN01-H000-H030-P042；01_绪论/整合教材.md:553 / EN01-H000-H030-P043,转录DNA到RNA,KP-CN01-0524,RB-CN01-0087,A1,是,R1,covered
01_绪论/整合教材.md:545 / EN01-H000-H030-P039；01_绪论/整合教材.md:551 / EN01-H000-H030-P042；01_绪论/整合教材.md:553 / EN01-H000-H030-P043,翻译RNA信息到氨基酸蛋白,KP-CN01-0525,RB-CN01-0087,A1,是,R1,covered
01_绪论/整合教材.md:545 / EN01-H000-H030-P039；01_绪论/整合教材.md:551 / EN01-H000-H030-P042；01_绪论/整合教材.md:553 / EN01-H000-H030-P043,核苷酸聚合与翻译化学类别区别,KP-CN01-0526,RB-CN01-0087,A1,是,R1,covered
01_绪论/整合教材.md:547 / EN01-H000-H030-P040,RNA核糖DNA脱氧核糖,KP-CN01-0527,RB-CN01-0088,A1,是,R1,covered
01_绪论/整合教材.md:547 / EN01-H000-H030-P040,RNAU替代DNAT,KP-CN01-0528,RB-CN01-0088,A1,是,R1,covered
01_绪论/整合教材.md:547 / EN01-H000-H030-P040,RNA与DNA模板四组互补,KP-CN01-0529,RB-CN01-0088,A1,是,R1,covered
01_绪论/整合教材.md:547 / EN01-H000-H030-P040,单链RNA保留模板遗传信息,KP-CN01-0530,RB-CN01-0088,A1,是,R1,covered
01_绪论/整合教材.md:549 / EN01-H000-H030-P041；01_绪论/整合教材.md:581 / EN01-H000-H030-P057,同段DNA可重复转录,KP-CN01-0531,RB-CN01-0089,A1,是,R1,covered
01_绪论/整合教材.md:549 / EN01-H000-H030-P041；01_绪论/整合教材.md:581 / EN01-H000-H030-P057,DNA档案与RNA可更新副本,KP-CN01-0532,RB-CN01-0089,A1,是,R1,covered
01_绪论/整合教材.md:549 / EN01-H000-H030-P041；01_绪论/整合教材.md:581 / EN01-H000-H030-P057,mRNA信息中介,KP-CN01-0533,RB-CN01-0089,A1,是,R1,covered
01_绪论/整合教材.md:549 / EN01-H000-H030-P041；01_绪论/整合教材.md:581 / EN01-H000-H030-P057,非翻译RNA直接功能,KP-CN01-0534,RB-CN01-0089,A1,是,R1,covered
01_绪论/整合教材.md:557 / EN01-H000-H030-P045；01_绪论/整合教材.md:559 / EN01-H000-H030-P046；01_绪论/整合教材.md:561 / EN01-H000-H030-P047,蛋白无分支氨基酸聚合链,KP-CN01-0535,RB-CN01-0090,A1,是,R1,covered
01_绪论/整合教材.md:557 / EN01-H000-H030-P045；01_绪论/整合教材.md:559 / EN01-H000-H030-P046；01_绪论/整合教材.md:561 / EN01-H000-H030-P047,经典20种与侧链差异,KP-CN01-0536,RB-CN01-0090,A1,是,R1,covered
01_绪论/整合教材.md:557 / EN01-H000-H030-P045；01_绪论/整合教材.md:559 / EN01-H000-H030-P046；01_绪论/整合教材.md:561 / EN01-H000-H030-P047,序列折叠三维特异功能,KP-CN01-0537,RB-CN01-0090,A1,是,R1,covered
01_绪论/整合教材.md:557 / EN01-H000-H030-P045；01_绪论/整合教材.md:559 / EN01-H000-H030-P046；01_绪论/整合教材.md:561 / EN01-H000-H030-P047,蛋白去水后质量主要部分,KP-CN01-0538,RB-CN01-0090,A1,是,R1,covered
01_绪论/整合教材.md:561 / EN01-H000-H030-P047；01_绪论/整合教材.md:563 / EN01-H000-H030-P048,蛋白结构运动感知功能,KP-CN01-0539,RB-CN01-0090,A2,是,R2,covered
01_绪论/整合教材.md:561 / EN01-H000-H030-P047；01_绪论/整合教材.md:563 / EN01-H000-H030-P048,酶活性位点与特定反应,KP-CN01-0540,RB-CN01-0090,A2,是,R2,covered
01_绪论/整合教材.md:561 / EN01-H000-H030-P047；01_绪论/整合教材.md:563 / EN01-H000-H030-P048,催化剂化学定义与日常含义区别,KP-CN01-0541,RB-CN01-0090,A2,是,R2,covered
01_绪论/整合教材.md:563 / EN01-H000-H030-P048；01_绪论/整合教材.md:569 / EN01-H000-H030-P051；01_绪论/整合教材.md:571 / EN01-H000-H030-P052；01_绪论/整合教材.md:573 / EN01-H000-H030-P053,食物构件能量及废物排出,KP-CN01-0542,RB-CN01-0091,A1,是,R1,covered
01_绪论/整合教材.md:563 / EN01-H000-H030-P048；01_绪论/整合教材.md:569 / EN01-H000-H030-P051；01_绪论/整合教材.md:571 / EN01-H000-H030-P052；01_绪论/整合教材.md:573 / EN01-H000-H030-P053,分裂前复制催化集合,KP-CN01-0543,RB-CN01-0091,A1,是,R1,covered
01_绪论/整合教材.md:563 / EN01-H000-H030-P048；01_绪论/整合教材.md:569 / EN01-H000-H030-P051；01_绪论/整合教材.md:571 / EN01-H000-H030-P052；01_绪论/整合教材.md:573 / EN01-H000-H030-P053,绿色信息箭头,KP-CN01-0544,RB-CN01-0091,A1,是,R1,covered
01_绪论/整合教材.md:563 / EN01-H000-H030-P048；01_绪论/整合教材.md:569 / EN01-H000-H030-P051；01_绪论/整合教材.md:571 / EN01-H000-H030-P052；01_绪论/整合教材.md:573 / EN01-H000-H030-P053,红色催化箭头,KP-CN01-0545,RB-CN01-0091,A1,是,R1,covered
01_绪论/整合教材.md:563 / EN01-H000-H030-P048；01_绪论/整合教材.md:569 / EN01-H000-H030-P051；01_绪论/整合教材.md:571 / EN01-H000-H030-P052；01_绪论/整合教材.md:573 / EN01-H000-H030-P053,信息与催化相互维持自复制,KP-CN01-0546,RB-CN01-0091,A1,是,R1,covered
01_绪论/整合教材.md:569 / EN01-H000-H030-P051,核酶为催化RNA,KP-CN01-0547,RB-CN01-0091,A2,是,R2,covered
01_绪论/整合教材.md:569 / EN01-H000-H030-P051,主要蛋白催化不等于全部,KP-CN01-0548,RB-CN01-0091,A2,是,R2,covered
01_绪论/整合教材.md:575 / EN01-H000-H030-P054；01_绪论/整合教材.md:577 / EN01-H000-H030-P055；10_核糖体/整合教材.md:623 / EN06-H040-H046-P014；10_核糖体/整合教材.md:623 / EN06-H040-H046-P014；10_核糖体/整合教材.md:623 / EN06-H040-H046-P014,三联体密码子,KP-CN01-0549,RB-CN01-0092,A1,是,R1,covered
01_绪论/整合教材.md:575 / EN01-H000-H030-P054；01_绪论/整合教材.md:577 / EN01-H000-H030-P055；10_核糖体/整合教材.md:623 / EN06-H040-H046-P014；10_核糖体/整合教材.md:623 / EN06-H040-H046-P014；10_核糖体/整合教材.md:623 / EN06-H040-H046-P014,四种核苷酸形成64三联体,KP-CN01-0550,RB-CN01-0092,A1,是,R1,covered
01_绪论/整合教材.md:575 / EN01-H000-H030-P054；01_绪论/整合教材.md:577 / EN01-H000-H030-P055；10_核糖体/整合教材.md:623 / EN06-H040-H046-P014；10_核糖体/整合教材.md:623 / EN06-H040-H046-P014；10_核糖体/整合教材.md:623 / EN06-H040-H046-P014,多个密码子同一氨基酸简并,KP-CN01-0551,RB-CN01-0092,A1,是,R1,covered
01_绪论/整合教材.md:575 / EN01-H000-H030-P054；01_绪论/整合教材.md:577 / EN01-H000-H030-P055,tRNA氨基酸与反密码子两端功能,KP-CN01-0552,RB-CN01-0092,A2,是,R2,covered
01_绪论/整合教材.md:575 / EN01-H000-H030-P054；01_绪论/整合教材.md:577 / EN01-H000-H030-P055,识别一个或一组密码子,KP-CN01-0553,RB-CN01-0092,A2,是,R2,covered
01_绪论/整合教材.md:575 / EN01-H000-H030-P054；01_绪论/整合教材.md:577 / EN01-H000-H030-P055,核糖体RNA蛋白与翻译,KP-CN01-0554,RB-CN01-0092,A2,是,R2,covered
01_绪论/整合教材.md:575 / EN01-H000-H030-P054；01_绪论/整合教材.md:577 / EN01-H000-H030-P055,遗传码保守和例外,KP-CN01-0555,RB-CN01-0092,A2,是,R2,covered
01_绪论/整合教材.md:575 / EN01-H000-H030-P054；01_绪论/整合教材.md:577 / EN01-H000-H030-P055,翻译任意性与冻结偶然假说,KP-CN01-0556,RB-CN01-0092,A2,是,R2,covered
01_绪论/整合教材.md:581 / EN01-H000-H030-P057,基因为相应功能产物DNA片段,KP-CN01-0558,RB-CN01-0093,A1,是,R1,covered
01_绪论/整合教材.md:581 / EN01-H000-H030-P057,同基因可有相关替代蛋白形式,KP-CN01-0559,RB-CN01-0093,A1,是,R1,covered
01_绪论/整合教材.md:581 / EN01-H000-H030-P057,催化调控结构RNA基因,KP-CN01-0560,RB-CN01-0093,A1,是,R1,covered
01_绪论/整合教材.md:581 / EN01-H000-H030-P057,特定边界与表达单位,KP-CN01-0561,RB-CN01-0093,A1,是,R1,covered
01_绪论/整合教材.md:581 / EN01-H000-H030-P057,非翻译RNA片段也属基因,KP-CN01-0562,RB-CN01-0093,A1,是,R1,covered
01_绪论/整合教材.md:583 / EN01-H000-H030-P058,按需求调节转录翻译,KP-CN01-0563,RB-CN01-0094,A1,是,R1,covered
01_绪论/整合教材.md:583 / EN01-H000-H030-P058,调控DNA与蛋白结合控制转录,KP-CN01-0564,RB-CN01-0094,A1,是,R1,covered
01_绪论/整合教材.md:583 / EN01-H000-H030-P058,调控DNA组织类群差异,KP-CN01-0565,RB-CN01-0094,A1,是,R1,covered
01_绪论/整合教材.md:583 / EN01-H000-H030-P058,基因组规定产物及时间位置,KP-CN01-0566,RB-CN01-0094,A1,是,R1,covered
01_绪论/整合教材.md:587 / EN01-H000-H030-P060；01_绪论/整合教材.md:589 / EN01-H000-H030-P061；01_绪论/整合教材.md:591 / EN01-H000-H030-P062,细胞远离化学平衡,KP-CN01-0567,RB-CN01-0095,A1,是,R1,covered
01_绪论/整合教材.md:587 / EN01-H000-H030-P060；01_绪论/整合教材.md:589 / EN01-H000-H030-P061；01_绪论/整合教材.md:591 / EN01-H000-H030-P062,自由能原料维持生长复制,KP-CN01-0568,RB-CN01-0095,A1,是,R1,covered
01_绪论/整合教材.md:587 / EN01-H000-H030-P060；01_绪论/整合教材.md:589 / EN01-H000-H030-P061；01_绪论/整合教材.md:591 / EN01-H000-H030-P062,能源缺失趋平衡衰败,KP-CN01-0569,RB-CN01-0095,A1,是,R1,covered
01_绪论/整合教材.md:587 / EN01-H000-H030-P060；01_绪论/整合教材.md:589 / EN01-H000-H030-P061；01_绪论/整合教材.md:591 / EN01-H000-H030-P062,模板排列连接对抗热扰动需能量,KP-CN01-0570,RB-CN01-0095,A1,是,R1,covered
01_绪论/整合教材.md:589 / EN01-H000-H030-P061；01_绪论/整合教材.md:591 / EN01-H000-H030-P062,弹簧陷阱低自由能结合类比,KP-CN01-0571,RB-CN01-0095,A2,是,R2,covered
01_绪论/整合教材.md:589 / EN01-H000-H030-P061；01_绪论/整合教材.md:591 / EN01-H000-H030-P062,释放自由能与散热,KP-CN01-0572,RB-CN01-0095,A2,是,R2,covered
01_绪论/整合教材.md:589 / EN01-H000-H030-P061；01_绪论/整合教材.md:591 / EN01-H000-H030-P062,动物食物与光合阳光来源,KP-CN01-0573,RB-CN01-0095,A2,是,R2,covered
01_绪论/整合教材.md:595 / EN01-H000-H030-P064,共享糖核苷酸氨基酸小分子,KP-CN01-0574,RB-CN01-0096,A1,是,R1,covered
01_绪论/整合教材.md:595 / EN01-H000-H030-P064,ATP核苷酸类别,KP-CN01-0575,RB-CN01-0096,A1,是,R1,covered
01_绪论/整合教材.md:595 / EN01-H000-H030-P064,ATP自由能载体驱动反应,KP-CN01-0576,RB-CN01-0096,A1,是,R1,covered
01_绪论/整合教材.md:597 / EN01-H000-H030-P065,光合植物简单营养形成有机物,KP-CN01-0577,RB-CN01-0096,A2,是,R2,covered
01_绪论/整合教材.md:597 / EN01-H000-H030-P065,动物部分细菌获取预成有机物,KP-CN01-0578,RB-CN01-0096,A2,是,R2,covered
01_绪论/整合教材.md:597 / EN01-H000-H030-P065,共同基础与营养方式差异,KP-CN01-0579,RB-CN01-0096,A2,是,R2,covered
01_绪论/整合教材.md:595 / EN01-H000-H030-P064,ATP被同时称为DNA和RNA直接构件的化学精确性,KP-CN01-0580,,,否,,unresolved
01_绪论/整合教材.md:601 / EN01-H000-H030-P067；01_绪论/整合教材.md:611 / EN01-H000-H030-P072,质膜保留产物浓集营养排废,KP-CN01-0581,RB-CN01-0097,A1,是,R1,covered
01_绪论/整合教材.md:601 / EN01-H000-H030-P067；01_绪论/整合教材.md:611 / EN01-H000-H030-P072,膜维持协调化学系统,KP-CN01-0582,RB-CN01-0097,A1,是,R1,covered
01_绪论/整合教材.md:601 / EN01-H000-H030-P067；01_绪论/整合教材.md:611 / EN01-H000-H030-P072,特异运输蛋白允许原料和废物交换,KP-CN01-0583,RB-CN01-0097,A1,是,R1,covered
01_绪论/整合教材.md:601 / EN01-H000-H030-P067；01_绪论/整合教材.md:611 / EN01-H000-H030-P072,部分运输蛋白远缘保守,KP-CN01-0584,RB-CN01-0097,A1,是,R1,covered
01_绪论/整合教材.md:613 / EN01-H000-H030-P073,运输蛋白选择输入,KP-CN01-0585,RB-CN01-0097,A2,是,R2,covered
01_绪论/整合教材.md:613 / EN01-H000-H030-P073,胞内酶选择反应,KP-CN01-0586,RB-CN01-0097,A2,是,R2,covered
01_绪论/整合教材.md:613 / EN01-H000-H030-P073,DNA表达连接化学形态行为,KP-CN01-0587,RB-CN01-0097,A2,是,R2,covered
01_绪论/整合教材.md:603 / EN01-H000-H030-P068；01_绪论/整合教材.md:605 / EN01-H000-H030-P069；01_绪论/整合教材.md:607 / EN01-H000-H030-P070,两亲性亲水头疏水尾,KP-CN01-0588,RB-CN01-0098,A1,是,R1,covered
01_绪论/整合教材.md:603 / EN01-H000-H030-P068；01_绪论/整合教材.md:605 / EN01-H000-H030-P069；01_绪论/整合教材.md:607 / EN01-H000-H030-P070,油水界面单层朝向,KP-CN01-0589,RB-CN01-0098,A1,是,R1,covered
01_绪论/整合教材.md:603 / EN01-H000-H030-P068；01_绪论/整合教材.md:605 / EN01-H000-H030-P069；01_绪论/整合教材.md:607 / EN01-H000-H030-P070,全水双层内外亲水,KP-CN01-0590,RB-CN01-0098,A1,是,R1,covered
01_绪论/整合教材.md:603 / EN01-H000-H030-P068；01_绪论/整合教材.md:605 / EN01-H000-H030-P069；01_绪论/整合教材.md:607 / EN01-H000-H030-P070,形状条件与闭合囊泡,KP-CN01-0591,RB-CN01-0098,A1,是,R1,covered
01_绪论/整合教材.md:609 / EN01-H000-H030-P071；01_绪论/整合教材.md:282 / CN01-S02-P082,脂质化学性质驱动自组装,KP-CN01-0592,RB-CN01-0098,A2,是,R2,covered
01_绪论/整合教材.md:609 / EN01-H000-H030-P071；01_绪论/整合教材.md:282 / CN01-S02-P082,烃链共同基础与不同膜型,KP-CN01-0593,RB-CN01-0098,A2,是,R2,covered
01_绪论/整合教材.md:617 / EN01-H000-H030-P075,微米尺度随机热碰撞,KP-CN01-0594,RB-CN01-0099,A1,是,R1,covered
01_绪论/整合教材.md:617 / EN01-H000-H030-P075,布朗运动名称及1827年观察,KP-CN01-0595,RB-CN01-0099,A1,是,R1,covered
01_绪论/整合教材.md:617 / EN01-H000-H030-P075,热运动推动扩散和反应碰撞,KP-CN01-0596,RB-CN01-0099,A1,是,R1,covered
01_绪论/整合教材.md:617 / EN01-H000-H030-P075,显微图静态不代表组分静止,KP-CN01-0597,RB-CN01-0099,A1,是,R1,covered
01_绪论/整合教材.md:617 / EN01-H000-H030-P075；01_绪论/整合教材.md:621 / EN01-H000-H030-P077,ATP驱动多类运动运输,KP-CN01-0598,RB-CN01-0099,A2,是,R2,covered
01_绪论/整合教材.md:617 / EN01-H000-H030-P075；01_绪论/整合教材.md:621 / EN01-H000-H030-P077,微米环境黏滞阻力,KP-CN01-0599,RB-CN01-0099,A2,是,R2,covered
01_绪论/整合教材.md:617 / EN01-H000-H030-P075；01_绪论/整合教材.md:621 / EN01-H000-H030-P077,驱动力解除停止定向而继续热扰动,KP-CN01-0600,RB-CN01-0099,A2,是,R2,covered
01_绪论/整合教材.md:619 / EN01-H000-H030-P076；01_绪论/整合教材.md:623 / EN01-H000-H030-P078；01_绪论/整合教材.md:637 / EN01-H000-H030-P085,随机膜波动产生间隙,KP-CN01-0601,RB-CN01-0100,A1,是,R1,covered
01_绪论/整合教材.md:619 / EN01-H000-H030-P076；01_绪论/整合教材.md:623 / EN01-H000-H030-P078；01_绪论/整合教材.md:637 / EN01-H000-H030-P085,肌动蛋白单体聚合填隙,KP-CN01-0602,RB-CN01-0100,A1,是,R1,covered
01_绪论/整合教材.md:619 / EN01-H000-H030-P076；01_绪论/整合教材.md:623 / EN01-H000-H030-P078；01_绪论/整合教材.md:637 / EN01-H000-H030-P085,延长丝阻回退,KP-CN01-0603,RB-CN01-0100,A1,是,R1,covered
01_绪论/整合教材.md:619 / EN01-H000-H030-P076；01_绪论/整合教材.md:623 / EN01-H000-H030-P078；01_绪论/整合教材.md:637 / EN01-H000-H030-P085,布朗棘轮实现净前突,KP-CN01-0604,RB-CN01-0100,A1,是,R1,covered
01_绪论/整合教材.md:619 / EN01-H000-H030-P076；01_绪论/整合教材.md:637 / EN01-H000-H030-P085,前突局部步骤不是直接马达牵拉,KP-CN01-0605,RB-CN01-0100,A2,是,R2,covered
01_绪论/整合教材.md:619 / EN01-H000-H030-P076；01_绪论/整合教材.md:637 / EN01-H000-H030-P085,局部机制与整个爬行任务的范围区别,KP-CN01-0606,RB-CN01-0100,A2,是,R2,covered
01_绪论/整合教材.md:627 / EN01-H000-H030-P080,生殖支原体哺乳动物寄生条件,KP-CN01-0607,RB-CN01-0101,A1,是,R1,covered
01_绪论/整合教材.md:627 / EN01-H000-H030-P080,环境供应预成小分子,KP-CN01-0608,RB-CN01-0101,A1,是,R1,covered
01_绪论/整合教材.md:627 / EN01-H000-H030-P080,仍需合成DNA RNA蛋白,KP-CN01-0609,RB-CN01-0101,A1,是,R1,covered
01_绪论/整合教材.md:627 / EN01-H000-H030-P080,525基因580070bp,KP-CN01-0610,RB-CN01-0101,A1,是,R1,covered
01_绪论/整合教材.md:627 / EN01-H000-H030-P080,约500标题与条件性,KP-CN01-0611,RB-CN01-0101,A1,是,R1,covered
01_绪论/整合教材.md:152 / CN01-S02-P021；01_绪论/整合教材.md:627 / EN01-H000-H030-P080,中文约400删除研究与英文525具体物种不同,KP-CN01-0612,RB-CN01-0101,A2,是,R2,covered
01_绪论/整合教材.md:152 / CN01-S02-P021；01_绪论/整合教材.md:627 / EN01-H000-H030-P080,最少细胞要求依赖研究和环境条件,KP-CN01-0613,RB-CN01-0101,A2,是,R2,covered
01_绪论/整合教材.md:639 / EN01-H000-H030-P086；01_绪论/整合教材.md:641 / EN01-H000-H030-P087；01_绪论/整合教材.md:643 / EN01-H000-H030-P088,生殖支原体电镜截面0.2μm,KP-CN01-0614,RB-CN01-0102,A1,是,R1,covered
01_绪论/整合教材.md:639 / EN01-H000-H030-P086；01_绪论/整合教材.md:641 / EN01-H000-H030-P087；01_绪论/整合教材.md:643 / EN01-H000-H030-P088,电镜电子成像与常规光镜分辨对比,KP-CN01-0615,RB-CN01-0102,A1,是,R1,covered
01_绪论/整合教材.md:639 / EN01-H000-H030-P086；01_绪论/整合教材.md:641 / EN01-H000-H030-P087；01_绪论/整合教材.md:643 / EN01-H000-H030-P088,43非蛋白RNA基因,KP-CN01-0616,RB-CN01-0102,A1,是,R1,covered
01_绪论/整合教材.md:639 / EN01-H000-H030-P086；01_绪论/整合教材.md:641 / EN01-H000-H030-P087；01_绪论/整合教材.md:643 / EN01-H000-H030-P088,482蛋白编码基因,KP-CN01-0617,RB-CN01-0102,A1,是,R1,covered
01_绪论/整合教材.md:639 / EN01-H000-H030-P086；01_绪论/整合教材.md:641 / EN01-H000-H030-P087；01_绪论/整合教材.md:643 / EN01-H000-H030-P088,154信息过程基因,KP-CN01-0618,RB-CN01-0102,A1,是,R1,covered
01_绪论/整合教材.md:639 / EN01-H000-H030-P086；01_绪论/整合教材.md:641 / EN01-H000-H030-P087；01_绪论/整合教材.md:643 / EN01-H000-H030-P088,98膜表面基因,KP-CN01-0619,RB-CN01-0102,A1,是,R1,covered
01_绪论/整合教材.md:639 / EN01-H000-H030-P086；01_绪论/整合教材.md:641 / EN01-H000-H030-P087；01_绪论/整合教材.md:643 / EN01-H000-H030-P088,46运输基因,KP-CN01-0620,RB-CN01-0102,A1,是,R1,covered
01_绪论/整合教材.md:639 / EN01-H000-H030-P086；01_绪论/整合教材.md:641 / EN01-H000-H030-P087；01_绪论/整合教材.md:643 / EN01-H000-H030-P088,71能量小分子代谢基因,KP-CN01-0621,RB-CN01-0102,A1,是,R1,covered
01_绪论/整合教材.md:527 / EN01-H000-H030-P030；01_绪论/整合教材.md:531 / EN01-H000-H030-P032；01_绪论/整合教材.md:627 / EN01-H000-H030-P080,四碱基理想编码2bit,KP-CN01-0622,RB-CN01-0103,A1,是,R1,covered
01_绪论/整合教材.md:527 / EN01-H000-H030-P030；01_绪论/整合教材.md:531 / EN01-H000-H030-P032；01_绪论/整合教材.md:627 / EN01-H000-H030-P080,580070×2再除8的计算,KP-CN01-0623,RB-CN01-0103,A1,是,R1,covered
01_绪论/整合教材.md:527 / EN01-H000-H030-P030；01_绪论/整合教材.md:531 / EN01-H000-H030-P032；01_绪论/整合教材.md:627 / EN01-H000-H030-P080,145018字节近似,KP-CN01-0624,RB-CN01-0103,A1,是,R1,covered
01_绪论/整合教材.md:527 / EN01-H000-H030-P030；01_绪论/整合教材.md:531 / EN01-H000-H030-P032；01_绪论/整合教材.md:627 / EN01-H000-H030-P080,互补链不重复计算,KP-CN01-0625,RB-CN01-0103,A1,是,R1,covered
01_绪论/整合教材.md:505 / EN01-H000-H030-P019；01_绪论/整合教材.md:627 / EN01-H000-H030-P080,理想序列计算不含格式注释等信息,KP-CN01-0626,RB-CN01-0103,A2,是,R2,covered
01_绪论/整合教材.md:505 / EN01-H000-H030-P019；01_绪论/整合教材.md:627 / EN01-H000-H030-P080,基因组信息不等于完整细胞全部状态,KP-CN01-0627,RB-CN01-0103,A2,是,R2,covered
01_绪论/整合教材.md:631 / EN01-H000-H030-P082；01_绪论/整合教材.md:569 / EN01-H000-H030-P051；01_绪论/整合教材.md:601 / EN01-H000-H030-P067；01_绪论/整合教材.md:613 / EN01-H000-H030-P073,膜与营养选择性输入,KP-CN01-0628,RB-CN01-0104,A1,是,R1,covered
01_绪论/整合教材.md:631 / EN01-H000-H030-P082；01_绪论/整合教材.md:569 / EN01-H000-H030-P051；01_绪论/整合教材.md:601 / EN01-H000-H030-P067；01_绪论/整合教材.md:613 / EN01-H000-H030-P073,能量构件与有序合成,KP-CN01-0629,RB-CN01-0104,A1,是,R1,covered
01_绪论/整合教材.md:631 / EN01-H000-H030-P082；01_绪论/整合教材.md:569 / EN01-H000-H030-P051；01_绪论/整合教材.md:601 / EN01-H000-H030-P067；01_绪论/整合教材.md:613 / EN01-H000-H030-P073,DNA复制转录RNA,KP-CN01-0630,RB-CN01-0104,A1,是,R1,covered
01_绪论/整合教材.md:631 / EN01-H000-H030-P082；01_绪论/整合教材.md:569 / EN01-H000-H030-P051；01_绪论/整合教材.md:601 / EN01-H000-H030-P067；01_绪论/整合教材.md:613 / EN01-H000-H030-P073,翻译催化与运输反馈,KP-CN01-0631,RB-CN01-0104,A1,是,R1,covered
01_绪论/整合教材.md:631 / EN01-H000-H030-P082；01_绪论/整合教材.md:569 / EN01-H000-H030-P051；01_绪论/整合教材.md:601 / EN01-H000-H030-P067；01_绪论/整合教材.md:613 / EN01-H000-H030-P073,装置信息共同复制分配,KP-CN01-0632,RB-CN01-0104,A1,是,R1,covered
01_绪论/整合教材.md:479 / EN01-H000-H030-P006；01_绪论/整合教材.md:537 / EN01-H000-H030-P035；01_绪论/整合教材.md:597 / EN01-H000-H030-P065；01_绪论/整合教材.md:631 / EN01-H000-H030-P082,统一化学信息基础与共同祖先,KP-CN01-0633,RB-CN01-0104,A2,是,R2,covered
01_绪论/整合教材.md:479 / EN01-H000-H030-P006；01_绪论/整合教材.md:537 / EN01-H000-H030-P035；01_绪论/整合教材.md:597 / EN01-H000-H030-P065；01_绪论/整合教材.md:631 / EN01-H000-H030-P082,速率调控营养差异与细胞多样性,KP-CN01-0634,RB-CN01-0104,A2,是,R2,covered
01_绪论/整合教材.md:493 / EN01-H000-H030-P013；01_绪论/整合教材.md:495 / EN01-H000-H030-P014,动植物是生命多样性一部分,KP-CN01-0635,RB-CN01-0105,A1,是,R1,covered
01_绪论/整合教材.md:493 / EN01-H000-H030-P013；01_绪论/整合教材.md:495 / EN01-H000-H030-P014,DNA比较量化三域亲缘,KP-CN01-0636,RB-CN01-0105,A1,是,R1,covered
01_绪论/整合教材.md:493 / EN01-H000-H030-P013；01_绪论/整合教材.md:495 / EN01-H000-H030-P014,模式生物研究分子机制,KP-CN01-0637,RB-CN01-0105,A1,是,R1,covered
01_绪论/整合教材.md:493 / EN01-H000-H030-P013；01_绪论/整合教材.md:495 / EN01-H000-H030-P014,病毒实体丰度与细胞生物不同,KP-CN01-0638,RB-CN01-0105,A1,是,R1,covered
01_绪论/整合教材.md:493 / EN01-H000-H030-P013；01_绪论/整合教材.md:495 / EN01-H000-H030-P014,SARSCoV2研究例子,KP-CN01-0639,RB-CN01-0105,A1,是,R1,covered
01_绪论/整合教材.md:647 / EN01-H000-H030-P090,深海热泥南极冰下地下生境,KP-CN01-0640,RB-CN01-0106,A1,是,R1,covered
01_绪论/整合教材.md:647 / EN01-H000-H030-P090,微生物体小难获取难培养,KP-CN01-0641,RB-CN01-0106,A1,是,R1,covered
01_绪论/整合教材.md:647 / EN01-H000-H030-P090,疾病腐木与大型陆生视角偏差,KP-CN01-0642,RB-CN01-0106,A1,是,R1,covered
01_绪论/整合教材.md:647 / EN01-H000-H030-P090,快速测序改变多样性认识,KP-CN01-0643,RB-CN01-0106,A1,是,R1,covered
01_绪论/整合教材.md:635 / EN01-H000-H030-P084；01_绪论/整合教材.md:645 / EN01-H000-H030-P089；01_绪论/整合教材.md:649 / EN01-H000-H030-P091,通用DNA序列支持描述分类亲缘,KP-CN01-0644,RB-CN01-0106,A2,是,R2,covered
01_绪论/整合教材.md:635 / EN01-H000-H030-P084；01_绪论/整合教材.md:645 / EN01-H000-H030-P089；01_绪论/整合教材.md:649 / EN01-H000-H030-P091,生命活动形成富氧大气煤石油,KP-CN01-0645,RB-CN01-0106,A2,是,R2,covered
01_绪论/整合教材.md:635 / EN01-H000-H030-P084；01_绪论/整合教材.md:645 / EN01-H000-H030-P089；01_绪论/整合教材.md:649 / EN01-H000-H030-P091,生物活动与铁矿碳酸盐地质结果,KP-CN01-0646,RB-CN01-0106,A2,是,R2,covered
01_绪论/整合教材.md:635 / EN01-H000-H030-P084；01_绪论/整合教材.md:645 / EN01-H000-H030-P089；01_绪论/整合教材.md:649 / EN01-H000-H030-P091,生命长期塑造环境,KP-CN01-0647,RB-CN01-0106,A2,是,R2,covered
01_绪论/整合教材.md:567 / EN01-H000-H030-P050,英文单元映射待核查,KP-CN01-0648,,,否,,unresolved
10_核糖体/整合教材.md:623 / EN06-H040-H046-P014；10_核糖体/整合教材.md:625 / EN06-H040-H046-P015；10_核糖体/整合教材.md:627 / EN06-H040-H046-P016,图示5′3′mRNA与MetAsnTrp肽,KP-CN01-0649,RB-CN01-0107,A1,是,R1,covered
10_核糖体/整合教材.md:623 / EN06-H040-H046-P014；10_核糖体/整合教材.md:625 / EN06-H040-H046-P015；10_核糖体/整合教材.md:627 / EN06-H040-H046-P016,UAG终止在A位点,KP-CN01-0650,RB-CN01-0107,A1,是,R1,covered
10_核糖体/整合教材.md:623 / EN06-H040-H046-P014；10_核糖体/整合教材.md:625 / EN06-H040-H046-P015；10_核糖体/整合教材.md:627 / EN06-H040-H046-P016,释放因子形状电荷与tRNA类似,KP-CN01-0651,RB-CN01-0107,A1,是,R1,covered
10_核糖体/整合教材.md:623 / EN06-H040-H046-P014；10_核糖体/整合教材.md:625 / EN06-H040-H046-P015；10_核糖体/整合教材.md:627 / EN06-H040-H046-P016,两亚基释放因子与GTP图示,KP-CN01-0652,RB-CN01-0107,A1,是,R1,covered
10_核糖体/整合教材.md:623 / EN06-H040-H046-P014；10_核糖体/整合教材.md:625 / EN06-H040-H046-P015,水参与肽tRNA连接水解,KP-CN01-0653,RB-CN01-0107,A2,是,R2,covered
10_核糖体/整合教材.md:623 / EN06-H040-H046-P014；10_核糖体/整合教材.md:625 / EN06-H040-H046-P015,释放肽链羧基端,KP-CN01-0654,RB-CN01-0107,A2,是,R2,covered
10_核糖体/整合教材.md:623 / EN06-H040-H046-P014；10_核糖体/整合教材.md:625 / EN06-H040-H046-P015,核糖体组分解离与亚基再利用,KP-CN01-0655,RB-CN01-0107,A2,是,R2,covered
01_绪论/整合教材.md:501 / EN01-H000-H030-P017,英文人体细胞大于10¹³的数量级概括,KP-CN01-0656,RB-CN01-0034,A1,是,R1,covered
01_绪论/整合教材.md:533 / EN01-H000-H030-P033；01_绪论/整合教材.md:535 / EN01-H000-H030-P034,图示AT两个氢键,KP-CN01-0657,RB-CN01-0085,A2,是,R2,covered
01_绪论/整合教材.md:533 / EN01-H000-H030-P033；01_绪论/整合教材.md:535 / EN01-H000-H030-P034,图示GC三个氢键,KP-CN01-0658,RB-CN01-0085,A2,是,R2,covered
01_绪论/整合教材.md:577 / EN01-H000-H030-P055；10_核糖体/整合教材.md:623 / EN06-H040-H046-P014,标准UAA终止信号,KP-CN01-0659,RB-CN01-0092,A1,是,R1,covered
01_绪论/整合教材.md:577 / EN01-H000-H030-P055；10_核糖体/整合教材.md:623 / EN06-H040-H046-P014,标准UAG终止信号,KP-CN01-0660,RB-CN01-0092,A1,是,R1,covered
01_绪论/整合教材.md:577 / EN01-H000-H030-P055；10_核糖体/整合教材.md:623 / EN06-H040-H046-P014,标准UGA终止信号,KP-CN01-0661,RB-CN01-0092,A1,是,R1,covered
01_绪论/整合教材.md:577 / EN01-H000-H030-P055；10_核糖体/整合教材.md:623 / EN06-H040-H046-P014,由64减3得到61个标准氨基酸编码三联体,KP-CN01-0662,RB-CN01-0092,A1,是,R1,covered
01_绪论/整合教材.md:653 / EN01-H000-H030-P093；01_绪论/整合教材.md:655 / EN01-H000-H030-P094,鱼人与蚯蚓的形态亲缘例子,KP-CN01-0663,RB-CN01-0108,A1,是,R1,covered
01_绪论/整合教材.md:653 / EN01-H000-H030-P093；01_绪论/整合教材.md:655 / EN01-H000-H030-P094,玫瑰苹果树与草的亲缘例子,KP-CN01-0664,RB-CN01-0108,A1,是,R1,covered
01_绪论/整合教材.md:653 / EN01-H000-H030-P093；01_绪论/整合教材.md:655 / EN01-H000-H030-P094,达尔文共同祖先与化石和分叉联系,KP-CN01-0665,RB-CN01-0108,A1,是,R1,covered
01_绪论/整合教材.md:653 / EN01-H000-H030-P093；01_绪论/整合教材.md:655 / EN01-H000-H030-P094,真菌亲缘及微生物外形分类局限,KP-CN01-0666,RB-CN01-0108,A1,是,R1,covered
01_绪论/整合教材.md:655 / EN01-H000-H030-P094,环境DNA揭示绝大多数微生物难培养,KP-CN01-0667,RB-CN01-0108,A2,是,R2,covered
01_绪论/整合教材.md:655 / EN01-H000-H030-P094,复杂生态系统依赖造成培养偏倚,KP-CN01-0668,RB-CN01-0108,A2,是,R2,covered
01_绪论/整合教材.md:655 / EN01-H000-H030-P094,深地壳和海洋极端环境的未识别生命,KP-CN01-0669,RB-CN01-0108,A2,是,R2,covered
01_绪论/整合教材.md:657 / EN01-H000-H030-P095；01_绪论/整合教材.md:659 / EN01-H000-H030-P096；01_绪论/整合教材.md:661 / EN01-H000-H030-P097,数字化基因组差异可定量比较,KP-CN01-0670,RB-CN01-0108,A3,是,R3,covered
01_绪论/整合教材.md:657 / EN01-H000-H030-P095；01_绪论/整合教材.md:659 / EN01-H000-H030-P096；01_绪论/整合教材.md:661 / EN01-H000-H030-P097,远缘比较必须具有可识别的共同同源片段,KP-CN01-0671,RB-CN01-0108,A3,是,R3,covered
01_绪论/整合教材.md:657 / EN01-H000-H030-P095；01_绪论/整合教材.md:659 / EN01-H000-H030-P096；01_绪论/整合教材.md:661 / EN01-H000-H030-P097,核糖体核心rRNA的保守与变异,KP-CN01-0672,RB-CN01-0108,A3,是,R3,covered
01_绪论/整合教材.md:657 / EN01-H000-H030-P095；01_绪论/整合教材.md:659 / EN01-H000-H030-P096；01_绪论/整合教材.md:661 / EN01-H000-H030-P097,更相似rRNA支持较近期分叉,KP-CN01-0673,RB-CN01-0108,A3,是,R3,covered
01_绪论/整合教材.md:657 / EN01-H000-H030-P095；01_绪论/整合教材.md:659 / EN01-H000-H030-P096；01_绪论/整合教材.md:661 / EN01-H000-H030-P097,增加DNA比较细化近缘关系,KP-CN01-0674,RB-CN01-0108,A3,是,R3,covered
01_绪论/整合教材.md:661 / EN01-H000-H030-P097；01_绪论/整合教材.md:663 / EN01-H000-H030-P098；01_绪论/整合教材.md:665 / EN01-H000-H030-P099；01_绪论/整合教材.md:707 / EN01-H000-H030-P120,生命树分支长度与基因组差异对应,KP-CN01-0675,RB-CN01-0109,A1,是,R1,covered
01_绪论/整合教材.md:661 / EN01-H000-H030-P097；01_绪论/整合教材.md:663 / EN01-H000-H030-P098；01_绪论/整合教材.md:665 / EN01-H000-H030-P099；01_绪论/整合教材.md:707 / EN01-H000-H030-P120,三域括号位置,KP-CN01-0676,RB-CN01-0109,A1,是,R1,covered
01_绪论/整合教材.md:661 / EN01-H000-H030-P097；01_绪论/整合教材.md:663 / EN01-H000-H030-P098；01_绪论/整合教材.md:665 / EN01-H000-H030-P099；01_绪论/整合教材.md:707 / EN01-H000-H030-P120,古菌与真核较近及Asgard分支,KP-CN01-0677,RB-CN01-0109,A1,是,R1,covered
01_绪论/整合教材.md:663 / EN01-H000-H030-P098；01_绪论/整合教材.md:665 / EN01-H000-H030-P099；01_绪论/整合教材.md:675 / EN01-H000-H030-P104；01_绪论/整合教材.md:823 / EN01-H000-H030-P178,环境样本测序建立的大量分支,KP-CN01-0678,RB-CN01-0109,A2,是,R2,covered
01_绪论/整合教材.md:663 / EN01-H000-H030-P098；01_绪论/整合教材.md:665 / EN01-H000-H030-P099；01_绪论/整合教材.md:675 / EN01-H000-H030-P104；01_绪论/整合教材.md:823 / EN01-H000-H030-P178,新类群命名挑战,KP-CN01-0679,RB-CN01-0109,A2,是,R2,covered
01_绪论/整合教材.md:663 / EN01-H000-H030-P098；01_绪论/整合教材.md:665 / EN01-H000-H030-P099；01_绪论/整合教材.md:675 / EN01-H000-H030-P104；01_绪论/整合教材.md:823 / EN01-H000-H030-P178,细菌最大基因组多样性及生态位广泛,KP-CN01-0680,RB-CN01-0109,A2,是,R2,covered
01_绪论/整合教材.md:663 / EN01-H000-H030-P098；01_绪论/整合教材.md:665 / EN01-H000-H030-P099；01_绪论/整合教材.md:675 / EN01-H000-H030-P104；01_绪论/整合教材.md:823 / EN01-H000-H030-P178,动物仅真核分支小部分,KP-CN01-0681,RB-CN01-0109,A2,是,R2,covered
01_绪论/整合教材.md:663 / EN01-H000-H030-P098；01_绪论/整合教材.md:665 / EN01-H000-H030-P099,PVC超门与Chlamydia代表,KP-CN01-0682,RB-CN01-0110,A1,是,R1,covered
01_绪论/整合教材.md:663 / EN01-H000-H030-P098；01_绪论/整合教材.md:665 / EN01-H000-H030-P099,Actinobacteria与Streptomyces代表,KP-CN01-0683,RB-CN01-0110,A1,是,R1,covered
01_绪论/整合教材.md:663 / EN01-H000-H030-P098；01_绪论/整合教材.md:665 / EN01-H000-H030-P099,Chloroflexi分支,KP-CN01-0684,RB-CN01-0110,A1,是,R1,covered
01_绪论/整合教材.md:663 / EN01-H000-H030-P098；01_绪论/整合教材.md:665 / EN01-H000-H030-P099,Firmicutes与Clostridium代表,KP-CN01-0685,RB-CN01-0110,A1,是,R1,covered
01_绪论/整合教材.md:663 / EN01-H000-H030-P098；01_绪论/整合教材.md:665 / EN01-H000-H030-P099,Firmicutes与Streptococcus代表,KP-CN01-0686,RB-CN01-0110,A1,是,R1,covered
01_绪论/整合教材.md:663 / EN01-H000-H030-P098；01_绪论/整合教材.md:665 / EN01-H000-H030-P099,Firmicutes与Staphylococcus代表,KP-CN01-0687,RB-CN01-0110,A1,是,R1,covered
01_绪论/整合教材.md:663 / EN01-H000-H030-P098；01_绪论/整合教材.md:665 / EN01-H000-H030-P099,Firmicutes与Listeria代表,KP-CN01-0688,RB-CN01-0110,A1,是,R1,covered
01_绪论/整合教材.md:663 / EN01-H000-H030-P098；01_绪论/整合教材.md:665 / EN01-H000-H030-P099,Cyanobacteria与Anabaena代表,KP-CN01-0689,RB-CN01-0110,A2,是,R2,covered
01_绪论/整合教材.md:663 / EN01-H000-H030-P098；01_绪论/整合教材.md:665 / EN01-H000-H030-P099,Cyanobacteria与Phormidium代表,KP-CN01-0690,RB-CN01-0110,A2,是,R2,covered
01_绪论/整合教材.md:663 / EN01-H000-H030-P098；01_绪论/整合教材.md:665 / EN01-H000-H030-P099,灰色绿色环境测序扇区的知识含义,KP-CN01-0691,RB-CN01-0110,A2,是,R2,covered
01_绪论/整合教材.md:663 / EN01-H000-H030-P098；01_绪论/整合教材.md:665 / EN01-H000-H030-P099,Spirochetes分支,KP-CN01-0692,RB-CN01-0111,A1,是,R1,covered
01_绪论/整合教材.md:663 / EN01-H000-H030-P098；01_绪论/整合教材.md:665 / EN01-H000-H030-P099,Rickettsia分支,KP-CN01-0693,RB-CN01-0111,A1,是,R1,covered
01_绪论/整合教材.md:663 / EN01-H000-H030-P098；01_绪论/整合教材.md:665 / EN01-H000-H030-P099,Neisseria分支,KP-CN01-0694,RB-CN01-0111,A1,是,R1,covered
01_绪论/整合教材.md:663 / EN01-H000-H030-P098；01_绪论/整合教材.md:665 / EN01-H000-H030-P099,Proteobacteria与E.coli代表,KP-CN01-0695,RB-CN01-0111,A1,是,R1,covered
01_绪论/整合教材.md:663 / EN01-H000-H030-P098；01_绪论/整合教材.md:665 / EN01-H000-H030-P099,Proteobacteria与Salmonella代表,KP-CN01-0696,RB-CN01-0111,A1,是,R1,covered
01_绪论/整合教材.md:663 / EN01-H000-H030-P098；01_绪论/整合教材.md:665 / EN01-H000-H030-P099,Proteobacteria与Yersinia代表,KP-CN01-0697,RB-CN01-0111,A1,是,R1,covered
01_绪论/整合教材.md:663 / EN01-H000-H030-P098；01_绪论/整合教材.md:665 / EN01-H000-H030-P099,Proteobacteria与Vibrio代表,KP-CN01-0698,RB-CN01-0111,A1,是,R1,covered
01_绪论/整合教材.md:663 / EN01-H000-H030-P098；01_绪论/整合教材.md:665 / EN01-H000-H030-P099,Proteobacteria与Beggiatoa代表,KP-CN01-0699,RB-CN01-0111,A1,是,R1,covered
01_绪论/整合教材.md:663 / EN01-H000-H030-P098；01_绪论/整合教材.md:665 / EN01-H000-H030-P099；01_绪论/整合教材.md:707 / EN01-H000-H030-P120,真核扇区植物与动物真菌标注,KP-CN01-0700,RB-CN01-0111,A2,是,R2,covered
01_绪论/整合教材.md:663 / EN01-H000-H030-P098；01_绪论/整合教材.md:665 / EN01-H000-H030-P099；01_绪论/整合教材.md:707 / EN01-H000-H030-P120,Asgard古菌位置与亲缘推断范围,KP-CN01-0701,RB-CN01-0111,A2,是,R2,covered
01_绪论/整合教材.md:667 / EN01-H000-H030-P100；01_绪论/整合教材.md:669 / EN01-H000-H030-P101,eukaryote的eu与karyon词源,KP-CN01-0702,RB-CN01-0112,A1,是,R1,covered
01_绪论/整合教材.md:667 / EN01-H000-H030-P100；01_绪论/整合教材.md:669 / EN01-H000-H030-P101,细胞核是膜围成DNA区室,KP-CN01-0703,RB-CN01-0112,A1,是,R1,covered
01_绪论/整合教材.md:667 / EN01-H000-H030-P100；01_绪论/整合教材.md:669 / EN01-H000-H030-P101,原核包含细菌与古菌,KP-CN01-0704,RB-CN01-0112,A1,是,R1,covered
01_绪论/整合教材.md:667 / EN01-H000-H030-P100；01_绪论/整合教材.md:669 / EN01-H000-H030-P101,真核细胞通常更大且膜性细胞器与基因组更复杂,KP-CN01-0705,RB-CN01-0112,A1,是,R1,covered
01_绪论/整合教材.md:669 / EN01-H000-H030-P101；01_绪论/整合教材.md:671 / EN01-H000-H030-P102,人珊瑚超过20000基因及典型原核4000至6000估计,KP-CN01-0706,RB-CN01-0112,A2,是,R2,covered
01_绪论/整合教材.md:669 / EN01-H000-H030-P101；01_绪论/整合教材.md:671 / EN01-H000-H030-P102,真菌蘑菇酵母及酵母用途,KP-CN01-0707,RB-CN01-0112,A2,是,R2,covered
01_绪论/整合教材.md:669 / EN01-H000-H030-P101；01_绪论/整合教材.md:671 / EN01-H000-H030-P102,单细胞真核的多样性,KP-CN01-0708,RB-CN01-0112,A2,是,R2,covered
01_绪论/整合教材.md:669 / EN01-H000-H030-P101；01_绪论/整合教材.md:671 / EN01-H000-H030-P102,英文教材侧重真核和动物细胞,KP-CN01-0709,RB-CN01-0112,A2,是,R2,covered
01_绪论/整合教材.md:673 / EN01-H000-H030-P103；01_绪论/整合教材.md:675 / EN01-H000-H030-P104,细菌较早出现与高度演化多样性的联系,KP-CN01-0710,RB-CN01-0113,A1,是,R1,covered
01_绪论/整合教材.md:673 / EN01-H000-H030-P103；01_绪论/整合教材.md:675 / EN01-H000-H030-P104,多数细菌肉眼不可见独立或松散群落生活,KP-CN01-0711,RB-CN01-0113,A1,是,R1,covered
01_绪论/整合教材.md:673 / EN01-H000-H030-P103；01_绪论/整合教材.md:675 / EN01-H000-H030-P104,细菌内部仍高度组织化,KP-CN01-0712,RB-CN01-0113,A1,是,R1,covered
01_绪论/整合教材.md:679 / EN01-H000-H030-P106；01_绪论/整合教材.md:681 / EN01-H000-H030-P107；01_绪论/整合教材.md:683 / EN01-H000-H030-P108；01_绪论/整合教材.md:685 / EN01-H000-H030-P109；01_绪论/整合教材.md:687 / EN01-H000-H030-P110；01_绪论/整合教材.md:689 / EN01-H000-H030-P111,球形链球菌图像,KP-CN01-0713,RB-CN01-0113,A2,是,R2,covered
01_绪论/整合教材.md:679 / EN01-H000-H030-P106；01_绪论/整合教材.md:681 / EN01-H000-H030-P107；01_绪论/整合教材.md:683 / EN01-H000-H030-P108；01_绪论/整合教材.md:685 / EN01-H000-H030-P109；01_绪论/整合教材.md:687 / EN01-H000-H030-P110；01_绪论/整合教材.md:689 / EN01-H000-H030-P111,杆形大肠杆菌和沙门菌图像,KP-CN01-0714,RB-CN01-0113,A2,是,R2,covered
01_绪论/整合教材.md:679 / EN01-H000-H030-P106；01_绪论/整合教材.md:681 / EN01-H000-H030-P107；01_绪论/整合教材.md:683 / EN01-H000-H030-P108；01_绪论/整合教材.md:685 / EN01-H000-H030-P109；01_绪论/整合教材.md:687 / EN01-H000-H030-P110；01_绪论/整合教材.md:689 / EN01-H000-H030-P111,小型支原体和螺原体图像,KP-CN01-0715,RB-CN01-0113,A2,是,R2,covered
01_绪论/整合教材.md:679 / EN01-H000-H030-P106；01_绪论/整合教材.md:681 / EN01-H000-H030-P107；01_绪论/整合教材.md:683 / EN01-H000-H030-P108；01_绪论/整合教材.md:685 / EN01-H000-H030-P109；01_绪论/整合教材.md:687 / EN01-H000-H030-P110；01_绪论/整合教材.md:689 / EN01-H000-H030-P111,螺旋形梅毒螺旋体图像,KP-CN01-0716,RB-CN01-0113,A2,是,R2,covered
01_绪论/整合教材.md:679 / EN01-H000-H030-P106；01_绪论/整合教材.md:681 / EN01-H000-H030-P107；01_绪论/整合教材.md:683 / EN01-H000-H030-P108；01_绪论/整合教材.md:685 / EN01-H000-H030-P109；01_绪论/整合教材.md:687 / EN01-H000-H030-P110；01_绪论/整合教材.md:689 / EN01-H000-H030-P111,图1-10的2微米标尺,KP-CN01-0717,RB-CN01-0113,A2,是,R2,covered
01_绪论/整合教材.md:679 / EN01-H000-H030-P106；01_绪论/整合教材.md:681 / EN01-H000-H030-P107；01_绪论/整合教材.md:683 / EN01-H000-H030-P108；01_绪论/整合教材.md:685 / EN01-H000-H030-P109；01_绪论/整合教材.md:687 / EN01-H000-H030-P110；01_绪论/整合教材.md:689 / EN01-H000-H030-P111,Epulopiscium鱼肠600微米例外,KP-CN01-0718,RB-CN01-0113,A2,是,R2,covered
01_绪论/整合教材.md:675 / EN01-H000-H030-P104；01_绪论/整合教材.md:531 / EN01-H000-H030-P112；01_绪论/整合教材.md:693 / EN01-H000-H030-P113；01_绪论/整合教材.md:695 / EN01-H000-H030-P114,细菌细胞质所含分子和质膜边界,KP-CN01-0719,RB-CN01-0114,A1,是,R1,covered
01_绪论/整合教材.md:675 / EN01-H000-H030-P104；01_绪论/整合教材.md:531 / EN01-H000-H030-P112；01_绪论/整合教材.md:693 / EN01-H000-H030-P113；01_绪论/整合教材.md:695 / EN01-H000-H030-P114,DNA与胞质核糖体定位,KP-CN01-0720,RB-CN01-0114,A1,是,R1,covered
01_绪论/整合教材.md:675 / EN01-H000-H030-P104；01_绪论/整合教材.md:531 / EN01-H000-H030-P112；01_绪论/整合教材.md:693 / EN01-H000-H030-P113；01_绪论/整合教材.md:695 / EN01-H000-H030-P114,细胞壁的保护作用,KP-CN01-0721,RB-CN01-0114,A1,是,R1,covered
01_绪论/整合教材.md:675 / EN01-H000-H030-P104；01_绪论/整合教材.md:531 / EN01-H000-H030-P112；01_绪论/整合教材.md:693 / EN01-H000-H030-P113；01_绪论/整合教材.md:695 / EN01-H000-H030-P114,图示两菌的内膜与外膜,KP-CN01-0722,RB-CN01-0114,A1,是,R1,covered
01_绪论/整合教材.md:675 / EN01-H000-H030-P104；01_绪论/整合教材.md:531 / EN01-H000-H030-P112；01_绪论/整合教材.md:693 / EN01-H000-H030-P113；01_绪论/整合教材.md:695 / EN01-H000-H030-P114,典型革兰氏阴阳性包膜对照,KP-CN01-0723,RB-CN01-0114,A1,是,R1,covered
01_绪论/整合教材.md:531 / EN01-H000-H030-P112；01_绪论/整合教材.md:693 / EN01-H000-H030-P113；01_绪论/整合教材.md:695 / EN01-H000-H030-P114,霍乱弧菌小肠感染与腹泻,KP-CN01-0724,RB-CN01-0114,A2,是,R2,covered
01_绪论/整合教材.md:531 / EN01-H000-H030-P112；01_绪论/整合教材.md:693 / EN01-H000-H030-P113；01_绪论/整合教材.md:695 / EN01-H000-H030-P114,图注霍乱年死亡逾十万的版本估计,KP-CN01-0725,RB-CN01-0114,A2,是,R2,covered
01_绪论/整合教材.md:531 / EN01-H000-H030-P112；01_绪论/整合教材.md:693 / EN01-H000-H030-P113；01_绪论/整合教材.md:695 / EN01-H000-H030-P114,霍乱弧菌端部鞭毛旋转运动,KP-CN01-0726,RB-CN01-0114,A2,是,R2,covered
01_绪论/整合教材.md:531 / EN01-H000-H030-P112；01_绪论/整合教材.md:693 / EN01-H000-H030-P113；01_绪论/整合教材.md:695 / EN01-H000-H030-P114,大肠杆菌肠道微生物群身份,KP-CN01-0727,RB-CN01-0114,A2,是,R2,covered
01_绪论/整合教材.md:531 / EN01-H000-H030-P112；01_绪论/整合教材.md:693 / EN01-H000-H030-P113；01_绪论/整合教材.md:695 / EN01-H000-H030-P114,E.coli多鞭毛但本切片未显示,KP-CN01-0728,RB-CN01-0114,A2,是,R2,covered
01_绪论/整合教材.md:531 / EN01-H000-H030-P112；01_绪论/整合教材.md:693 / EN01-H000-H030-P113；01_绪论/整合教材.md:695 / EN01-H000-H030-P114,图1-11两幅1微米标尺,KP-CN01-0729,RB-CN01-0114,A2,是,R2,covered
01_绪论/整合教材.md:677 / EN01-H000-H030-P105；01_绪论/整合教材.md:697 / EN01-H000-H030-P115,细菌跨种利用糖和氨基酸,KP-CN01-0730,RB-CN01-0115,A1,是,R1,covered
01_绪论/整合教材.md:677 / EN01-H000-H030-P105；01_绪论/整合教材.md:697 / EN01-H000-H030-P115,细菌利用烃包括甲烷CH4,KP-CN01-0731,RB-CN01-0115,A1,是,R1,covered
01_绪论/整合教材.md:677 / EN01-H000-H030-P105；01_绪论/整合教材.md:697 / EN01-H000-H030-P115,生化能力跨物种范围限定,KP-CN01-0732,RB-CN01-0115,A1,是,R1,covered
01_绪论/整合教材.md:697 / EN01-H000-H030-P115；01_绪论/英文习题与参考文献.md:35 / EN01-EX-P013,部分细菌光能利用及产氧,KP-CN01-0733,RB-CN01-0115,A2,是,R2,covered
01_绪论/整合教材.md:697 / EN01-H000-H030-P115；01_绪论/英文习题与参考文献.md:35 / EN01-EX-P013,部分细菌CO2碳源,KP-CN01-0734,RB-CN01-0115,A2,是,R2,covered
01_绪论/整合教材.md:697 / EN01-H000-H030-P115；01_绪论/英文习题与参考文献.md:35 / EN01-EX-P013,H2与Fe2+无机能量物质,KP-CN01-0735,RB-CN01-0115,A2,是,R2,covered
01_绪论/整合教材.md:697 / EN01-H000-H030-P115；01_绪论/英文习题与参考文献.md:35 / EN01-EX-P013,H2S与元素硫无机能量物质,KP-CN01-0736,RB-CN01-0115,A2,是,R2,covered
01_绪论/整合教材.md:697 / EN01-H000-H030-P115；01_绪论/英文习题与参考文献.md:35 / EN01-EX-P013,碳来源与能量来源不同维度,KP-CN01-0737,RB-CN01-0115,A2,是,R2,covered
01_绪论/整合教材.md:699 / EN01-H000-H030-P116,腺鼠疫与結核各由特定细菌引起,KP-CN01-0738,RB-CN01-0116,A1,是,R1,covered
01_绪论/整合教材.md:699 / EN01-H000-H030-P116,中世纪鼠疫欧洲约半人口估计,KP-CN01-0739,RB-CN01-0116,A1,是,R1,covered
01_绪论/整合教材.md:699 / EN01-H000-H030-P116,教材结核年逾百万死亡估计,KP-CN01-0740,RB-CN01-0116,A1,是,R1,covered
01_绪论/整合教材.md:699 / EN01-H000-H030-P116,疾病数据历史与版本限定,KP-CN01-0741,RB-CN01-0116,A1,是,R1,covered
01_绪论/整合教材.md:699 / EN01-H000-H030-P116,肠道皮肤数千细菌及往往有益,KP-CN01-0742,RB-CN01-0116,A2,是,R2,covered
01_绪论/整合教材.md:699 / EN01-H000-H030-P116,细菌研究对复制转录翻译的贡献,KP-CN01-0743,RB-CN01-0116,A2,是,R2,covered
01_绪论/整合教材.md:699 / EN01-H000-H030-P116,工程细菌生产人用药品,KP-CN01-0744,RB-CN01-0116,A2,是,R2,covered
01_绪论/整合教材.md:699 / EN01-H000-H030-P116,工程细菌生产生物燃料,KP-CN01-0745,RB-CN01-0116,A2,是,R2,covered
01_绪论/整合教材.md:699 / EN01-H000-H030-P116,工程细菌生产高价值化学产品,KP-CN01-0746,RB-CN01-0116,A2,是,R2,covered
01_绪论/整合教材.md:701 / EN01-H000-H030-P117；01_绪论/整合教材.md:703 / EN01-H000-H030-P118,Anabaena cylindrica链状光镜图,KP-CN01-0747,RB-CN01-0117,A1,是,R1,covered
01_绪论/整合教材.md:701 / EN01-H000-H030-P117；01_绪论/整合教材.md:703 / EN01-H000-H030-P118,V细胞光合作用与固碳,KP-CN01-0748,RB-CN01-0117,A1,是,R1,covered
01_绪论/整合教材.md:701 / EN01-H000-H030-P117；01_绪论/整合教材.md:703 / EN01-H000-H030-P118,H特化细胞固氮,KP-CN01-0749,RB-CN01-0117,A1,是,R1,covered
01_绪论/整合教材.md:701 / EN01-H000-H030-P117；01_绪论/整合教材.md:703 / EN01-H000-H030-P118,S抗不利条件孢子,KP-CN01-0750,RB-CN01-0117,A1,是,R1,covered
01_绪论/整合教材.md:701 / EN01-H000-H030-P117；01_绪论/整合教材.md:703 / EN01-H000-H030-P118,图1-12A的10微米标尺,KP-CN01-0751,RB-CN01-0117,A1,是,R1,covered
01_绪论/整合教材.md:701 / EN01-H000-H030-P117；01_绪论/整合教材.md:703 / EN01-H000-H030-P118；01_绪论/整合教材.md:202 / CN01-S02-P045,Phormidium laminosum光合胞内膜,KP-CN01-0752,RB-CN01-0117,A2,是,R2,covered
01_绪论/整合教材.md:701 / EN01-H000-H030-P117；01_绪论/整合教材.md:703 / EN01-H000-H030-P118；01_绪论/整合教材.md:202 / CN01-S02-P045,图1-12B的1微米标尺,KP-CN01-0753,RB-CN01-0117,A2,是,R2,covered
01_绪论/整合教材.md:701 / EN01-H000-H030-P117；01_绪论/整合教材.md:703 / EN01-H000-H030-P118；01_绪论/整合教材.md:202 / CN01-S02-P045,有些原核生物胞内膜与群体组织,KP-CN01-0754,RB-CN01-0117,A2,是,R2,covered
01_绪论/整合教材.md:701 / EN01-H000-H030-P117；01_绪论/整合教材.md:703 / EN01-H000-H030-P118；01_绪论/整合教材.md:202 / CN01-S02-P045,不能把原核概括绝对化,KP-CN01-0755,RB-CN01-0117,A2,是,R2,covered
01_绪论/整合教材.md:705 / EN01-H000-H030-P119；01_绪论/整合教材.md:707 / EN01-H000-H030-P120,多数古菌环境DNA识别及培养种类少,KP-CN01-0756,RB-CN01-0118,A1,是,R1,covered
01_绪论/整合教材.md:705 / EN01-H000-H030-P119；01_绪论/整合教材.md:707 / EN01-H000-H030-P120,已知古菌与细菌外观相似,KP-CN01-0757,RB-CN01-0118,A1,是,R1,covered
01_绪论/整合教材.md:705 / EN01-H000-H030-P119；01_绪论/整合教材.md:707 / EN01-H000-H030-P120,古菌细胞壁膜脂及生化反应与细菌不同,KP-CN01-0758,RB-CN01-0118,A1,是,R1,covered
01_绪论/整合教材.md:707 / EN01-H000-H030-P120,古菌真核较近的基因组证据,KP-CN01-0759,RB-CN01-0118,A2,是,R2,covered
01_绪论/整合教材.md:707 / EN01-H000-H030-P120,两域分类提议的内容与证据强度,KP-CN01-0760,RB-CN01-0118,A2,是,R2,covered
01_绪论/整合教材.md:713 / EN01-H000-H030-P123,古菌火山盐湖酸泉与牛胃环境,KP-CN01-0761,RB-CN01-0118,A3,是,R3,covered
01_绪论/整合教材.md:713 / EN01-H000-H030-P123,古菌土壤海水皮肤普通环境,KP-CN01-0762,RB-CN01-0118,A3,是,R3,covered
01_绪论/整合教材.md:713 / EN01-H000-H030-P123,古菌不同种生化能力多样,KP-CN01-0763,RB-CN01-0118,A3,是,R3,covered
01_绪论/整合教材.md:713 / EN01-H000-H030-P123,古菌土壤海水主要生命形式的教材推测,KP-CN01-0764,RB-CN01-0118,A3,是,R3,covered
01_绪论/整合教材.md:713 / EN01-H000-H030-P123,古菌氮碳循环作用,KP-CN01-0765,RB-CN01-0118,A3,是,R3,covered
01_绪论/整合教材.md:709 / EN01-H000-H030-P121；01_绪论/整合教材.md:711 / EN01-H000-H030-P122,Beggiatoa含硫环境,KP-CN01-0766,RB-CN01-0119,A1,是,R1,covered
01_绪论/整合教材.md:709 / EN01-H000-H030-P121；01_绪论/整合教材.md:711 / EN01-H000-H030-P122,H2S氧化供能与暗处固碳,KP-CN01-0767,RB-CN01-0119,A1,是,R1,covered
01_绪论/整合教材.md:709 / EN01-H000-H030-P121；01_绪论/整合教材.md:711 / EN01-H000-H030-P122,细胞内黄色硫沉积,KP-CN01-0768,RB-CN01-0119,A1,是,R1,covered
01_绪论/整合教材.md:709 / EN01-H000-H030-P121；01_绪论/整合教材.md:711 / EN01-H000-H030-P122,图1-13的6微米标尺,KP-CN01-0769,RB-CN01-0119,A1,是,R1,covered
01_绪论/整合教材.md:709 / EN01-H000-H030-P121；01_绪论/整合教材.md:711 / EN01-H000-H030-P122,固碳与光合区别,KP-CN01-0770,RB-CN01-0119,A1,是,R1,covered
01_绪论/整合教材.md:715 / EN01-H000-H030-P124；01_绪论/整合教材.md:717 / EN01-H000-H030-P125；01_绪论/整合教材.md:719 / EN01-H000-H030-P126,近乎全地球生命分布,KP-CN01-0771,RB-CN01-0120,A1,是,R1,covered
01_绪论/整合教材.md:715 / EN01-H000-H030-P124；01_绪论/整合教材.md:717 / EN01-H000-H030-P125；01_绪论/整合教材.md:719 / EN01-H000-H030-P126,地下数英里和深海极端栖息地,KP-CN01-0772,RB-CN01-0120,A1,是,R1,covered
01_绪论/整合教材.md:715 / EN01-H000-H030-P124；01_绪论/整合教材.md:717 / EN01-H000-H030-P125；01_绪论/整合教材.md:719 / EN01-H000-H030-P126,DNA与先进技术研究生物分布,KP-CN01-0773,RB-CN01-0120,A1,是,R1,covered
01_绪论/整合教材.md:719 / EN01-H000-H030-P126,植物主要陆生,KP-CN01-0774,RB-CN01-0120,A2,是,R2,covered
01_绪论/整合教材.md:719 / EN01-H000-H030-P126,细菌古菌主要土壤地壳,KP-CN01-0775,RB-CN01-0120,A2,是,R2,covered
01_绪论/整合教材.md:719 / EN01-H000-H030-P126,陆地总体生物量约海洋100倍,KP-CN01-0776,RB-CN01-0120,A2,是,R2,covered
01_绪论/整合教材.md:719 / EN01-H000-H030-P126,动物多数生物量海洋,KP-CN01-0777,RB-CN01-0120,A2,是,R2,covered
01_绪论/整合教材.md:719 / EN01-H000-H030-P126,人类生物量约可测野生动物10倍,KP-CN01-0778,RB-CN01-0120,A2,是,R2,covered
01_绪论/整合教材.md:719 / EN01-H000-H030-P126,人增加野生动物减少与人类活动关系,KP-CN01-0779,RB-CN01-0120,A2,是,R2,covered
01_绪论/整合教材.md:721 / EN01-H000-H030-P127；01_绪论/整合教材.md:725 / EN01-H000-H030-P129,动物小生物量而依赖其他生命,KP-CN01-0780,RB-CN01-0120,A3,是,R3,covered
01_绪论/整合教材.md:721 / EN01-H000-H030-P127；01_绪论/整合教材.md:725 / EN01-H000-H030-P129,生物量与演化多样性量纲区别,KP-CN01-0781,RB-CN01-0120,A3,是,R3,covered
01_绪论/整合教材.md:719 / EN01-H000-H030-P126；01_绪论/整合教材.md:727 / EN01-H000-H030-P130；01_绪论/整合教材.md:729 / EN01-H000-H030-P131,生物量以碳质量计,KP-CN01-0782,RB-CN01-0121,A1,是,R1,covered
01_绪论/整合教材.md:719 / EN01-H000-H030-P126；01_绪论/整合教材.md:727 / EN01-H000-H030-P130；01_绪论/整合教材.md:729 / EN01-H000-H030-P131,GtC与10的15次方克单位,KP-CN01-0783,RB-CN01-0121,A1,是,R1,covered
01_绪论/整合教材.md:719 / EN01-H000-H030-P126；01_绪论/整合教材.md:727 / EN01-H000-H030-P130；01_绪论/整合教材.md:729 / EN01-H000-H030-P131,全球约550GtC估算,KP-CN01-0784,RB-CN01-0121,A1,是,R1,covered
01_绪论/整合教材.md:719 / EN01-H000-H030-P126；01_绪论/整合教材.md:727 / EN01-H000-H030-P130；01_绪论/整合教材.md:729 / EN01-H000-H030-P131,面积与类群生物量成比例,KP-CN01-0785,RB-CN01-0121,A1,是,R1,covered
01_绪论/整合教材.md:719 / EN01-H000-H030-P126；01_绪论/整合教材.md:727 / EN01-H000-H030-P130；01_绪论/整合教材.md:729 / EN01-H000-H030-P131,DNA测序和遥感估算技术,KP-CN01-0786,RB-CN01-0121,A1,是,R1,covered
01_绪论/整合教材.md:727 / EN01-H000-H030-P130；01_绪论/整合教材.md:729 / EN01-H000-H030-P131,植物450GtC,KP-CN01-0787,RB-CN01-0121,A2,是,R2,covered
01_绪论/整合教材.md:727 / EN01-H000-H030-P130；01_绪论/整合教材.md:729 / EN01-H000-H030-P131,细菌70GtC,KP-CN01-0788,RB-CN01-0121,A2,是,R2,covered
01_绪论/整合教材.md:727 / EN01-H000-H030-P130；01_绪论/整合教材.md:729 / EN01-H000-H030-P131,真菌12GtC,KP-CN01-0789,RB-CN01-0121,A2,是,R2,covered
01_绪论/整合教材.md:727 / EN01-H000-H030-P130；01_绪论/整合教材.md:729 / EN01-H000-H030-P131,古菌7GtC,KP-CN01-0790,RB-CN01-0121,A2,是,R2,covered
01_绪论/整合教材.md:727 / EN01-H000-H030-P130；01_绪论/整合教材.md:729 / EN01-H000-H030-P131,原生生物4GtC,KP-CN01-0791,RB-CN01-0121,A2,是,R2,covered
01_绪论/整合教材.md:727 / EN01-H000-H030-P130；01_绪论/整合教材.md:729 / EN01-H000-H030-P131,动物2GtC,KP-CN01-0792,RB-CN01-0121,A2,是,R2,covered
01_绪论/整合教材.md:727 / EN01-H000-H030-P130；01_绪论/整合教材.md:729 / EN01-H000-H030-P131,病毒0.2GtC,KP-CN01-0793,RB-CN01-0121,A2,是,R2,covered
01_绪论/整合教材.md:727 / EN01-H000-H030-P130；01_绪论/整合教材.md:729 / EN01-H000-H030-P131,病毒质量盘点与细胞分类不同,KP-CN01-0794,RB-CN01-0121,A2,是,R2,covered
01_绪论/整合教材.md:719 / EN01-H000-H030-P126；01_绪论/整合教材.md:727 / EN01-H000-H030-P130；01_绪论/整合教材.md:729 / EN01-H000-H030-P131,图注植物约80%与动物约0.4%,KP-CN01-0795,RB-CN01-0121,A3,是,R3,covered
01_绪论/整合教材.md:719 / EN01-H000-H030-P126；01_绪论/整合教材.md:727 / EN01-H000-H030-P130；01_绪论/整合教材.md:729 / EN01-H000-H030-P131,植物450除550的比例计算,KP-CN01-0796,RB-CN01-0121,A3,是,R3,covered
01_绪论/整合教材.md:719 / EN01-H000-H030-P126；01_绪论/整合教材.md:727 / EN01-H000-H030-P130；01_绪论/整合教材.md:729 / EN01-H000-H030-P131,动物2除550的比例计算,KP-CN01-0797,RB-CN01-0121,A3,是,R3,covered
01_绪论/整合教材.md:719 / EN01-H000-H030-P126；01_绪论/整合教材.md:727 / EN01-H000-H030-P130；01_绪论/整合教材.md:729 / EN01-H000-H030-P131,估算分项取整与总量近似,KP-CN01-0798,RB-CN01-0121,A3,是,R3,covered
01_绪论/整合教材.md:723 / EN01-H000-H030-P128；01_绪论/整合教材.md:725 / EN01-H000-H030-P129,organotrophic有机营养定义,KP-CN01-0799,RB-CN01-0122,A1,是,R1,covered
01_绪论/整合教材.md:723 / EN01-H000-H030-P128；01_绪论/整合教材.md:725 / EN01-H000-H030-P129,有机营养动物真菌肠菌代表,KP-CN01-0800,RB-CN01-0122,A1,是,R1,covered
01_绪论/整合教材.md:723 / EN01-H000-H030-P128；01_绪论/整合教材.md:725 / EN01-H000-H030-P129,trophe食物词源,KP-CN01-0801,RB-CN01-0122,A1,是,R1,covered
01_绪论/整合教材.md:725 / EN01-H000-H030-P129；01_绪论/英文习题与参考文献.md:35 / EN01-EX-P013,初级能量转换者从非生物环境供能,KP-CN01-0802,RB-CN01-0122,A2,是,R2,covered
01_绪论/整合教材.md:725 / EN01-H000-H030-P129；01_绪论/英文习题与参考文献.md:35 / EN01-EX-P013,phototrophic阳光供能,KP-CN01-0803,RB-CN01-0122,A2,是,R2,covered
01_绪论/整合教材.md:725 / EN01-H000-H030-P129；01_绪论/英文习题与参考文献.md:35 / EN01-EX-P013,lithotrophic无机化学体系供能,KP-CN01-0804,RB-CN01-0122,A2,是,R2,covered
01_绪论/整合教材.md:725 / EN01-H000-H030-P129；01_绪论/英文习题与参考文献.md:35 / EN01-EX-P013,远离化学平衡的供能条件,KP-CN01-0805,RB-CN01-0122,A2,是,R2,covered
01_绪论/整合教材.md:725 / EN01-H000-H030-P129；01_绪论/英文习题与参考文献.md:35 / EN01-EX-P013,有机营养对初级能量转换者依赖,KP-CN01-0806,RB-CN01-0122,A2,是,R2,covered
01_绪论/整合教材.md:731 / EN01-H000-H030-P132；01_绪论/整合教材.md:733 / EN01-H000-H030-P133,光能营养细菌藻类植物代表,KP-CN01-0807,RB-CN01-0122,A3,是,R3,covered
01_绪论/整合教材.md:731 / EN01-H000-H030-P132；01_绪论/整合教材.md:733 / EN01-H000-H030-P133,光能营养对环境化学和大气氧影响,KP-CN01-0808,RB-CN01-0122,A3,是,R3,covered
01_绪论/整合教材.md:731 / EN01-H000-H030-P132；01_绪论/整合教材.md:733 / EN01-H000-H030-P133,无机营养者深海地壳及历史意义,KP-CN01-0809,RB-CN01-0122,A3,是,R3,covered
01_绪论/整合教材.md:735 / EN01-H000-H030-P134,部分无机营养需氧反应,KP-CN01-0810,RB-CN01-0123,A1,是,R1,covered
01_绪论/整合教材.md:735 / EN01-H000-H030-P134,大气氧来自产氧光能营养生命,KP-CN01-0811,RB-CN01-0123,A1,是,R1,covered
01_绪论/整合教材.md:735 / EN01-H000-H030-P134,需氧无机营养对过去生命的间接依赖,KP-CN01-0812,RB-CN01-0123,A1,是,R1,covered
01_绪论/整合教材.md:735 / EN01-H000-H030-P134；01_绪论/整合教材.md:737 / EN01-H000-H030-P135；01_绪论/整合教材.md:823 / EN01-H000-H030-P178,厌氧无机营养少氧无氧条件,KP-CN01-0813,RB-CN01-0123,A2,是,R2,covered
01_绪论/整合教材.md:735 / EN01-H000-H030-P134；01_绪论/整合教材.md:737 / EN01-H000-H030-P135；01_绪论/整合教材.md:823 / EN01-H000-H030-P178,类似早期地球氧未积累环境,KP-CN01-0814,RB-CN01-0123,A2,是,R2,covered
01_绪论/整合教材.md:735 / EN01-H000-H030-P134；01_绪论/整合教材.md:737 / EN01-H000-H030-P135；01_绪论/整合教材.md:823 / EN01-H000-H030-P178,最初细胞可能地球化学供能的证据强度,KP-CN01-0815,RB-CN01-0123,A2,是,R2,covered
01_绪论/整合教材.md:737 / EN01-H000-H030-P135；01_绪论/整合教材.md:739 / EN01-H000-H030-P136；01_绪论/整合教材.md:741 / EN01-H000-H030-P137；01_绪论/英文习题与参考文献.md:35 / EN01-EX-P013,喷口海底扩张新地壳位置,KP-CN01-0816,RB-CN01-0124,A1,是,R1,covered
01_绪论/整合教材.md:737 / EN01-H000-H030-P135；01_绪论/整合教材.md:739 / EN01-H000-H030-P136；01_绪论/整合教材.md:741 / EN01-H000-H030-P137；01_绪论/英文习题与参考文献.md:35 / EN01-EX-P013,海水下渗受热与溶出矿物,KP-CN01-0817,RB-CN01-0124,A1,是,R1,covered
01_绪论/整合教材.md:737 / EN01-H000-H030-P135；01_绪论/整合教材.md:739 / EN01-H000-H030-P136；01_绪论/整合教材.md:741 / EN01-H000-H030-P137；01_绪论/英文习题与参考文献.md:35 / EN01-EX-P013,热液上涌成喷流,KP-CN01-0818,RB-CN01-0124,A1,是,R1,covered
01_绪论/整合教材.md:737 / EN01-H000-H030-P135；01_绪论/整合教材.md:739 / EN01-H000-H030-P136；01_绪论/整合教材.md:741 / EN01-H000-H030-P137；01_绪论/英文习题与参考文献.md:35 / EN01-EX-P013,热液H2S和H2,KP-CN01-0819,RB-CN01-0124,A1,是,R1,covered
01_绪论/整合教材.md:737 / EN01-H000-H030-P135；01_绪论/整合教材.md:739 / EN01-H000-H030-P136；01_绪论/整合教材.md:741 / EN01-H000-H030-P137；01_绪论/英文习题与参考文献.md:35 / EN01-EX-P013,热液CO与Mn2+,KP-CN01-0820,RB-CN01-0124,A1,是,R1,covered
01_绪论/整合教材.md:737 / EN01-H000-H030-P135；01_绪论/整合教材.md:739 / EN01-H000-H030-P136；01_绪论/整合教材.md:741 / EN01-H000-H030-P137；01_绪论/英文习题与参考文献.md:35 / EN01-EX-P013,热液Fe2+与Ni2+,KP-CN01-0821,RB-CN01-0124,A1,是,R1,covered
01_绪论/整合教材.md:737 / EN01-H000-H030-P135；01_绪论/整合教材.md:739 / EN01-H000-H030-P136；01_绪论/整合教材.md:741 / EN01-H000-H030-P137；01_绪论/英文习题与参考文献.md:35 / EN01-EX-P013,热液CH4与NH4+,KP-CN01-0822,RB-CN01-0124,A1,是,R1,covered
01_绪论/整合教材.md:737 / EN01-H000-H030-P135；01_绪论/整合教材.md:739 / EN01-H000-H030-P136；01_绪论/整合教材.md:741 / EN01-H000-H030-P137；01_绪论/英文习题与参考文献.md:35 / EN01-EX-P013,热液含磷化合物及典型混合物限定,KP-CN01-0823,RB-CN01-0124,A1,是,R1,covered
01_绪论/整合教材.md:739 / EN01-H000-H030-P136；01_绪论/整合教材.md:741 / EN01-H000-H030-P137,冷却矿物沉淀形成金属硫化物烟囱,KP-CN01-0824,RB-CN01-0124,A2,是,R2,covered
01_绪论/整合教材.md:739 / EN01-H000-H030-P136；01_绪论/整合教材.md:741 / EN01-H000-H030-P137,典型数米高烟囱,KP-CN01-0825,RB-CN01-0124,A2,是,R2,covered
01_绪论/整合教材.md:739 / EN01-H000-H030-P136；01_绪论/整合教材.md:741 / EN01-H000-H030-P137,图示350摄氏度与图注逾350范围,KP-CN01-0826,RB-CN01-0124,A2,是,R2,covered
01_绪论/整合教材.md:739 / EN01-H000-H030-P136；01_绪论/整合教材.md:741 / EN01-H000-H030-P137,海水2至3摄氏度温度梯度,KP-CN01-0827,RB-CN01-0124,A2,是,R2,covered
01_绪论/整合教材.md:739 / EN01-H000-H030-P136；01_绪论/整合教材.md:741 / EN01-H000-H030-P137,不同生物依耐温范围占据邻域,KP-CN01-0828,RB-CN01-0124,A2,是,R2,covered
01_绪论/整合教材.md:739 / EN01-H000-H030-P136；01_绪论/整合教材.md:741 / EN01-H000-H030-P137,厌氧无机营养细菌与外围动物位置,KP-CN01-0829,RB-CN01-0124,A2,是,R2,covered
01_绪论/整合教材.md:527 / EN01-H000-H030-P138；01_绪论/整合教材.md:745 / EN01-H000-H030-P139；01_绪论/整合教材.md:747 / EN01-H000-H030-P140；01_绪论/整合教材.md:749 / EN01-H000-H030-P141；01_绪论/整合教材.md:751 / EN01-H000-H030-P142；01_绪论/整合教材.md:753 / EN01-H000-H030-P143,喷口2500米深度,KP-CN01-0830,RB-CN01-0125,A1,是,R1,covered
01_绪论/整合教材.md:527 / EN01-H000-H030-P138；01_绪论/整合教材.md:745 / EN01-H000-H030-P139；01_绪论/整合教材.md:747 / EN01-H000-H030-P140；01_绪论/整合教材.md:749 / EN01-H000-H030-P141；01_绪论/整合教材.md:751 / EN01-H000-H030-P142；01_绪论/整合教材.md:753 / EN01-H000-H030-P143,部分微生物最高约120摄氏度教材条件,KP-CN01-0831,RB-CN01-0125,A1,是,R1,covered
01_绪论/整合教材.md:527 / EN01-H000-H030-P138；01_绪论/整合教材.md:745 / EN01-H000-H030-P139；01_绪论/整合教材.md:747 / EN01-H000-H030-P140；01_绪论/整合教材.md:749 / EN01-H000-H030-P141；01_绪论/整合教材.md:751 / EN01-H000-H030-P142；01_绪论/整合教材.md:753 / EN01-H000-H030-P143,化学能无机物到细菌古菌再到动物,KP-CN01-0832,RB-CN01-0125,A1,是,R1,covered
01_绪论/整合教材.md:527 / EN01-H000-H030-P138；01_绪论/整合教材.md:745 / EN01-H000-H030-P139；01_绪论/整合教材.md:747 / EN01-H000-H030-P140；01_绪论/整合教材.md:749 / EN01-H000-H030-P141；01_绪论/整合教材.md:751 / EN01-H000-H030-P142；01_绪论/整合教材.md:753 / EN01-H000-H030-P143,蛤贻贝大型海虫摄食关系,KP-CN01-0833,RB-CN01-0125,A1,是,R1,covered
01_绪论/整合教材.md:527 / EN01-H000-H030-P138；01_绪论/整合教材.md:745 / EN01-H000-H030-P139；01_绪论/整合教材.md:747 / EN01-H000-H030-P140；01_绪论/整合教材.md:749 / EN01-H000-H030-P141；01_绪论/整合教材.md:751 / EN01-H000-H030-P142；01_绪论/整合教材.md:753 / EN01-H000-H030-P143,化学能生态系统与光能系统类比,KP-CN01-0834,RB-CN01-0125,A1,是,R1,covered
01_绪论/整合教材.md:527 / EN01-H000-H030-P138；01_绪论/整合教材.md:745 / EN01-H000-H030-P139；01_绪论/整合教材.md:747 / EN01-H000-H030-P140；01_绪论/整合教材.md:749 / EN01-H000-H030-P141；01_绪论/整合教材.md:751 / EN01-H000-H030-P142,Riftia pachyptila约2米长,KP-CN01-0835,RB-CN01-0125,A2,是,R2,covered
01_绪论/整合教材.md:527 / EN01-H000-H030-P138；01_绪论/整合教材.md:745 / EN01-H000-H030-P139；01_绪论/整合教材.md:747 / EN01-H000-H030-P140；01_绪论/整合教材.md:749 / EN01-H000-H030-P141；01_绪论/整合教材.md:751 / EN01-H000-H030-P142,专门器官内共生硫氧化细菌供养,KP-CN01-0836,RB-CN01-0125,A2,是,R2,covered
01_绪论/整合教材.md:527 / EN01-H000-H030-P138；01_绪论/整合教材.md:745 / EN01-H000-H030-P139；01_绪论/整合教材.md:747 / EN01-H000-H030-P140；01_绪论/整合教材.md:749 / EN01-H000-H030-P141；01_绪论/整合教材.md:751 / EN01-H000-H030-P142,管虫无口肠肛门,KP-CN01-0837,RB-CN01-0125,A2,是,R2,covered
01_绪论/整合教材.md:527 / EN01-H000-H030-P138；01_绪论/整合教材.md:745 / EN01-H000-H030-P139；01_绪论/整合教材.md:747 / EN01-H000-H030-P140；01_绪论/整合教材.md:749 / EN01-H000-H030-P141；01_绪论/整合教材.md:751 / EN01-H000-H030-P142,管虫二次适应的教材推测,KP-CN01-0838,RB-CN01-0125,A2,是,R2,covered
01_绪论/整合教材.md:527 / EN01-H000-H030-P138；01_绪论/整合教材.md:745 / EN01-H000-H030-P139；01_绪论/整合教材.md:747 / EN01-H000-H030-P140；01_绪论/整合教材.md:749 / EN01-H000-H030-P141；01_绪论/整合教材.md:751 / EN01-H000-H030-P142,图1-16照片1米标尺,KP-CN01-0839,RB-CN01-0125,A2,是,R2,covered
01_绪论/整合教材.md:755 / EN01-H000-H030-P144；01_绪论/整合教材.md:757 / EN01-H000-H030-P145；01_绪论/英文习题与参考文献.md:35 / EN01-EX-P013,DNA RNA蛋白的氢碳氮氧硫磷,KP-CN01-0840,RB-CN01-0126,A1,是,R1,covered
01_绪论/整合教材.md:755 / EN01-H000-H030-P144；01_绪论/整合教材.md:757 / EN01-H000-H030-P145；01_绪论/英文习题与参考文献.md:35 / EN01-EX-P013,环境元素化学形式与可利用性,KP-CN01-0841,RB-CN01-0126,A1,是,R1,covered
01_绪论/整合教材.md:755 / EN01-H000-H030-P144；01_绪论/整合教材.md:757 / EN01-H000-H030-P145；01_绪论/英文习题与参考文献.md:35 / EN01-EX-P013,N2 CO2固定需要大量自由能,KP-CN01-0842,RB-CN01-0126,A1,是,R1,covered
01_绪论/整合教材.md:755 / EN01-H000-H030-P144；01_绪论/整合教材.md:757 / EN01-H000-H030-P145；01_绪论/英文习题与参考文献.md:35 / EN01-EX-P013,固氮固碳供后续生物合成,KP-CN01-0843,RB-CN01-0126,A1,是,R1,covered
01_绪论/整合教材.md:757 / EN01-H000-H030-P145,许多细胞无固定装置而依赖别类,KP-CN01-0844,RB-CN01-0126,A2,是,R2,covered
01_绪论/整合教材.md:757 / EN01-H000-H030-P145,动物直接间接依植物碳氮有机物,KP-CN01-0845,RB-CN01-0126,A2,是,R2,covered
01_绪论/整合教材.md:757 / EN01-H000-H030-P145,植物固CO2但不固大气N2,KP-CN01-0846,RB-CN01-0126,A2,是,R2,covered
01_绪论/整合教材.md:757 / EN01-H000-H030-P145,植物部分依固氮细菌,KP-CN01-0847,RB-CN01-0126,A2,是,R2,covered
01_绪论/整合教材.md:757 / EN01-H000-H030-P145,豆科根瘤内共生固氮菌,KP-CN01-0848,RB-CN01-0126,A2,是,R2,covered
01_绪论/整合教材.md:759 / EN01-H000-H030-P146；01_绪论/整合教材.md:793 / EN01-H000-H030-P163,生化需求能力互补促成共生,KP-CN01-0849,RB-CN01-0127,A1,是,R1,covered
01_绪论/整合教材.md:759 / EN01-H000-H030-P146；01_绪论/整合教材.md:793 / EN01-H000-H030-P163,ectosymbiosis分开个体定义,KP-CN01-0850,RB-CN01-0127,A1,是,R1,covered
01_绪论/整合教材.md:759 / EN01-H000-H030-P146；01_绪论/整合教材.md:793 / EN01-H000-H030-P163,endosymbiosis复合细胞定义,KP-CN01-0851,RB-CN01-0127,A1,是,R1,covered
01_绪论/整合教材.md:759 / EN01-H000-H030-P146；01_绪论/整合教材.md:793 / EN01-H000-H030-P163,共生演化可丧失独立身份,KP-CN01-0852,RB-CN01-0127,A1,是,R1,covered
01_绪论/整合教材.md:759 / EN01-H000-H030-P146；01_绪论/整合教材.md:793 / EN01-H000-H030-P163,永久共生中的基因水平转移,KP-CN01-0853,RB-CN01-0127,A2,是,R2,covered
01_绪论/整合教材.md:759 / EN01-H000-H030-P146；01_绪论/整合教材.md:793 / EN01-H000-H030-P163,线粒体叶绿体来源与共生基因整合联系,KP-CN01-0854,RB-CN01-0127,A2,是,R2,covered
01_绪论/整合教材.md:761 / EN01-H000-H030-P147；01_绪论/整合教材.md:763 / EN01-H000-H030-P148；01_绪论/整合教材.md:765 / EN01-H000-H030-P149,遗传信息随机错误产生序列突变,KP-CN01-0855,RB-CN01-0128,A1,是,R1,covered
01_绪论/整合教材.md:761 / EN01-H000-H030-P147；01_绪论/整合教材.md:763 / EN01-H000-H030-P148；01_绪论/整合教材.md:765 / EN01-H000-H030-P149,两个子代及亲代基因组可略不同,KP-CN01-0856,RB-CN01-0128,A1,是,R1,covered
01_绪论/整合教材.md:761 / EN01-H000-H030-P147；01_绪论/整合教材.md:763 / EN01-H000-H030-P148；01_绪论/整合教材.md:765 / EN01-H000-H030-P149,极少有利和更多无显著影响改变,KP-CN01-0857,RB-CN01-0128,A1,是,R1,covered
01_绪论/整合教材.md:761 / EN01-H000-H030-P147；01_绪论/整合教材.md:763 / EN01-H000-H030-P148；01_绪论/整合教材.md:765 / EN01-H000-H030-P149,破坏关键蛋白RNA的严重有害改变,KP-CN01-0858,RB-CN01-0128,A1,是,R1,covered
01_绪论/整合教材.md:765 / EN01-H000-H030-P149,有利突变倾向经生存繁殖保留,KP-CN01-0859,RB-CN01-0128,A2,是,R2,covered
01_绪论/整合教材.md:765 / EN01-H000-H030-P149,中性改变随机保留或丢失,KP-CN01-0860,RB-CN01-0128,A2,是,R2,covered
01_绪论/整合教材.md:765 / EN01-H000-H030-P149,严重有害改变死亡无后代的例子,KP-CN01-0861,RB-CN01-0128,A2,是,R2,covered
01_绪论/整合教材.md:765 / EN01-H000-H030-P149,突变选择循环形成环境利用竞争繁殖适应,KP-CN01-0862,RB-CN01-0128,A2,是,R2,covered
01_绪论/整合教材.md:767 / EN01-H000-H030-P150,无编码且无显著调控DNA的变异条件,KP-CN01-0863,RB-CN01-0129,A1,是,R1,covered
01_绪论/整合教材.md:767 / EN01-H000-H030-P150,缺少功能约束时变化受随机错误频率限制,KP-CN01-0864,RB-CN01-0129,A1,是,R1,covered
01_绪论/整合教材.md:767 / EN01-H000-H030-P150；01_绪论/整合教材.md:769 / EN01-H000-H030-P151,必需高度优化基因的保守因果链,KP-CN01-0865,RB-CN01-0129,A2,是,R2,covered
01_绪论/整合教材.md:767 / EN01-H000-H030-P150；01_绪论/整合教材.md:769 / EN01-H000-H030-P151,35亿年以上序列变化与保守基因可识别,KP-CN01-0866,RB-CN01-0129,A2,是,R2,covered
01_绪论/整合教材.md:767 / EN01-H000-H030-P150；01_绪论/整合教材.md:769 / EN01-H000-H030-P151,远缘亲缘分析需高度保守基因,KP-CN01-0867,RB-CN01-0129,A2,是,R2,covered
01_绪论/整合教材.md:767 / EN01-H000-H030-P150；01_绪论/整合教材.md:769 / EN01-H000-H030-P151,蛋白合成普遍性使rRNA高度保守,KP-CN01-0868,RB-CN01-0129,A2,是,R2,covered
01_绪论/整合教材.md:769 / EN01-H000-H030-P151；01_绪论/整合教材.md:773 / EN01-H000-H030-P153；01_绪论/整合教材.md:775 / EN01-H000-H030-P154,小亚基rRNA完整约1500至1900核苷酸,KP-CN01-0869,RB-CN01-0130,A1,是,R1,covered
01_绪论/整合教材.md:769 / EN01-H000-H030-P151；01_绪论/整合教材.md:773 / EN01-H000-H030-P153；01_绪论/整合教材.md:775 / EN01-H000-H030-P154,Methanococcus E.coli人三域比对对象,KP-CN01-0870,RB-CN01-0130,A1,是,R1,covered
01_绪论/整合教材.md:769 / EN01-H000-H030-P151；01_绪论/整合教材.md:773 / EN01-H000-H030-P153；01_绪论/整合教材.md:775 / EN01-H000-H030-P154,三域可识别相似支持共同遗传继承,KP-CN01-0871,RB-CN01-0130,A1,是,R1,covered
01_绪论/整合教材.md:773 / EN01-H000-H030-P153；01_绪论/整合教材.md:775 / EN01-H000-H030-P154,图注红线表示同位点相同核苷酸,KP-CN01-0872,RB-CN01-0130,A2,是,R2,covered
01_绪论/整合教材.md:773 / EN01-H000-H030-P153；01_绪论/整合教材.md:775 / EN01-H000-H030-P154,人序列重复用于三组两两比较,KP-CN01-0873,RB-CN01-0130,A2,是,R2,covered
01_绪论/整合教材.md:773 / EN01-H000-H030-P153；01_绪论/整合教材.md:775 / EN01-H000-H030-P154,黑点缺口可能删除或另外谱系插入,KP-CN01-0874,RB-CN01-0130,A2,是,R2,covered
01_绪论/整合教材.md:773 / EN01-H000-H030-P153；01_绪论/整合教材.md:775 / EN01-H000-H030-P154,缺口不能单独确定进化事件方向,KP-CN01-0875,RB-CN01-0130,A2,是,R2,covered
01_绪论/整合教材.md:773 / EN01-H000-H030-P153,图1-17原始比对的各碱基、具体红线和黑点位置,KP-CN01-0876,,,否,,unresolved
01_绪论/整合教材.md:779 / EN01-H000-H030-P156；01_绪论/整合教材.md:781 / EN01-H000-H030-P157；01_绪论/整合教材.md:783 / EN01-H000-H030-P158；01_绪论/整合教材.md:785 / EN01-H000-H030-P159；01_绪论/整合教材.md:791 / EN01-H000-H030-P162；01_绪论/整合教材.md:799 / EN01-H000-H030-P166,已有DNA是遗传创新原料,KP-CN01-0877,RB-CN01-0131,A1,是,R1,covered
01_绪论/整合教材.md:779 / EN01-H000-H030-P156；01_绪论/整合教材.md:781 / EN01-H000-H030-P157；01_绪论/整合教材.md:783 / EN01-H000-H030-P158；01_绪论/整合教材.md:785 / EN01-H000-H030-P159；01_绪论/整合教材.md:791 / EN01-H000-H030-P162；01_绪论/整合教材.md:799 / EN01-H000-H030-P166,复制修复错误可产生基因内突变,KP-CN01-0878,RB-CN01-0131,A1,是,R1,covered
01_绪论/整合教材.md:779 / EN01-H000-H030-P156；01_绪论/整合教材.md:781 / EN01-H000-H030-P157；01_绪论/整合教材.md:783 / EN01-H000-H030-P158；01_绪论/整合教材.md:785 / EN01-H000-H030-P159；01_绪论/整合教材.md:791 / EN01-H000-H030-P162；01_绪论/整合教材.md:799 / EN01-H000-H030-P166,基因重复产生初同拷贝及后续分化,KP-CN01-0879,RB-CN01-0131,A1,是,R1,covered
01_绪论/整合教材.md:787 / EN01-H000-H030-P160；01_绪论/整合教材.md:789 / EN01-H000-H030-P161；01_绪论/整合教材.md:791 / EN01-H000-H030-P162；01_绪论/整合教材.md:793 / EN01-H000-H030-P163；01_绪论/整合教材.md:799 / EN01-H000-H030-P166,不同基因片段断接形成混合基因,KP-CN01-0880,RB-CN01-0131,A2,是,R2,covered
01_绪论/整合教材.md:787 / EN01-H000-H030-P160；01_绪论/整合教材.md:789 / EN01-H000-H030-P161；01_绪论/整合教材.md:791 / EN01-H000-H030-P162；01_绪论/整合教材.md:793 / EN01-H000-H030-P163；01_绪论/整合教材.md:799 / EN01-H000-H030-P166,图1-18颜色标识片段来源,KP-CN01-0881,RB-CN01-0131,A2,是,R2,covered
01_绪论/整合教材.md:787 / EN01-H000-H030-P160；01_绪论/整合教材.md:789 / EN01-H000-H030-P161；01_绪论/整合教材.md:791 / EN01-H000-H030-P162；01_绪论/整合教材.md:793 / EN01-H000-H030-P163；01_绪论/整合教材.md:799 / EN01-H000-H030-P166,水平转移跨细胞可跨物种,KP-CN01-0882,RB-CN01-0131,A2,是,R2,covered
01_绪论/整合教材.md:787 / EN01-H000-H030-P160；01_绪论/整合教材.md:789 / EN01-H000-H030-P161；01_绪论/整合教材.md:791 / EN01-H000-H030-P162；01_绪论/整合教材.md:793 / EN01-H000-H030-P163；01_绪论/整合教材.md:799 / EN01-H000-H030-P166,图1-18B获得A来源基因,KP-CN01-0883,RB-CN01-0131,A2,是,R2,covered
01_绪论/整合教材.md:787 / EN01-H000-H030-P160；01_绪论/整合教材.md:789 / EN01-H000-H030-P161；01_绪论/整合教材.md:791 / EN01-H000-H030-P162；01_绪论/整合教材.md:793 / EN01-H000-H030-P163；01_绪论/整合教材.md:799 / EN01-H000-H030-P166,水平与亲代子代垂直传递区别,KP-CN01-0884,RB-CN01-0131,A2,是,R2,covered
01_绪论/整合教材.md:787 / EN01-H000-H030-P160；01_绪论/整合教材.md:789 / EN01-H000-H030-P161；01_绪论/整合教材.md:791 / EN01-H000-H030-P162；01_绪论/整合教材.md:793 / EN01-H000-H030-P163；01_绪论/整合教材.md:799 / EN01-H000-H030-P166,四种创新序列痕迹与发生证据,KP-CN01-0885,RB-CN01-0131,A2,是,R2,covered
01_绪论/整合教材.md:801 / EN01-H000-H030-P167；01_绪论/整合教材.md:803 / EN01-H000-H030-P168,正常全基因组复制与局部额外重复区别,KP-CN01-0886,RB-CN01-0132,A1,是,R1,covered
01_绪论/整合教材.md:801 / EN01-H000-H030-P167；01_绪论/整合教材.md:803 / EN01-H000-H030-P168,同一细胞保留原片段与重复片段,KP-CN01-0887,RB-CN01-0132,A1,是,R1,covered
01_绪论/整合教材.md:803 / EN01-H000-H030-P168,重复拷贝分别突变并可功能专化,KP-CN01-0888,RB-CN01-0132,A2,是,R2,covered
01_绪论/整合教材.md:803 / EN01-H000-H030-P168,数百万年反复重复分化产生基因家族,KP-CN01-0889,RB-CN01-0132,A2,是,R2,covered
01_绪论/整合教材.md:803 / EN01-H000-H030-P168,枯草芽孢杆菌47%基因有明显亲缘成员,KP-CN01-0890,RB-CN01-0132,A2,是,R2,covered
01_绪论/整合教材.md:795 / EN01-H000-H030-P164；01_绪论/整合教材.md:797 / EN01-H000-H030-P165；01_绪论/整合教材.md:803 / EN01-H000-H030-P168,无家族关系2126基因,KP-CN01-0891,RB-CN01-0133,A1,是,R1,covered
01_绪论/整合教材.md:795 / EN01-H000-H030-P164；01_绪论/整合教材.md:797 / EN01-H000-H030-P165；01_绪论/整合教材.md:803 / EN01-H000-H030-P168,2成员家族568基因,KP-CN01-0892,RB-CN01-0133,A1,是,R1,covered
01_绪论/整合教材.md:795 / EN01-H000-H030-P164；01_绪论/整合教材.md:797 / EN01-H000-H030-P165；01_绪论/整合教材.md:803 / EN01-H000-H030-P168,3成员家族273基因,KP-CN01-0893,RB-CN01-0133,A1,是,R1,covered
01_绪论/整合教材.md:795 / EN01-H000-H030-P164；01_绪论/整合教材.md:797 / EN01-H000-H030-P165；01_绪论/整合教材.md:803 / EN01-H000-H030-P168,4至19成员家族764基因,KP-CN01-0894,RB-CN01-0133,A1,是,R1,covered
01_绪论/整合教材.md:795 / EN01-H000-H030-P164；01_绪论/整合教材.md:797 / EN01-H000-H030-P165；01_绪论/整合教材.md:803 / EN01-H000-H030-P168,38至77成员家族283基因,KP-CN01-0895,RB-CN01-0133,A1,是,R1,covered
01_绪论/整合教材.md:795 / EN01-H000-H030-P164；01_绪论/整合教材.md:797 / EN01-H000-H030-P165；01_绪论/整合教材.md:803 / EN01-H000-H030-P168,基因数与家族数不同,KP-CN01-0896,RB-CN01-0133,A1,是,R1,covered
01_绪论/整合教材.md:795 / EN01-H000-H030-P164；01_绪论/整合教材.md:797 / EN01-H000-H030-P165；01_绪论/整合教材.md:803 / EN01-H000-H030-P168,568除2得284家族的推导,KP-CN01-0897,RB-CN01-0133,A1,是,R1,covered
01_绪论/整合教材.md:795 / EN01-H000-H030-P164；01_绪论/整合教材.md:797 / EN01-H000-H030-P165；01_绪论/整合教材.md:803 / EN01-H000-H030-P168；04_物质的跨膜运输/整合教材.md:533 / EN11-H009-H013-P004,1888有关系基因与4014总数比例推导,KP-CN01-0898,RB-CN01-0133,A2,是,R2,covered
01_绪论/整合教材.md:795 / EN01-H000-H030-P164；01_绪论/整合教材.md:797 / EN01-H000-H030-P165；01_绪论/整合教材.md:803 / EN01-H000-H030-P168；04_物质的跨膜运输/整合教材.md:533 / EN11-H009-H013-P004,最大家族77ABC转运基因,KP-CN01-0899,RB-CN01-0133,A2,是,R2,covered
01_绪论/整合教材.md:795 / EN01-H000-H030-P164；01_绪论/整合教材.md:797 / EN01-H000-H030-P165；01_绪论/整合教材.md:803 / EN01-H000-H030-P168；04_物质的跨膜运输/整合教材.md:533 / EN11-H009-H013-P004,ABC全称和三域分布,KP-CN01-0900,RB-CN01-0133,A2,是,R2,covered
01_绪论/整合教材.md:795 / EN01-H000-H030-P164；01_绪论/整合教材.md:797 / EN01-H000-H030-P165；01_绪论/整合教材.md:803 / EN01-H000-H030-P168；04_物质的跨膜运输/整合教材.md:533 / EN11-H009-H013-P004,ABC与P型ATP酶结构区别及小有机分子泵送,KP-CN01-0901,RB-CN01-0133,A2,是,R2,covered
01_绪论/整合教材.md:795 / EN01-H000-H030-P164；01_绪论/整合教材.md:797 / EN01-H000-H030-P165；01_绪论/整合教材.md:803 / EN01-H000-H030-P168；04_物质的跨膜运输/整合教材.md:533 / EN11-H009-H013-P004,最大家族77与红扇区283区别,KP-CN01-0902,RB-CN01-0133,A2,是,R2,covered
01_绪论/整合教材.md:805 / EN01-H000-H030-P169；01_绪论/整合教材.md:811 / EN01-H000-H030-P172；01_绪论/整合教材.md:813 / EN01-H000-H030-P173,orthologs由物种分化形成,KP-CN01-0903,RB-CN01-0134,A1,是,R1,covered
01_绪论/整合教材.md:805 / EN01-H000-H030-P169；01_绪论/整合教材.md:811 / EN01-H000-H030-P172；01_绪论/整合教材.md:813 / EN01-H000-H030-P173,最近共同祖先同一基因定义,KP-CN01-0904,RB-CN01-0134,A1,是,R1,covered
01_绪论/整合教材.md:805 / EN01-H000-H030-P169；01_绪论/整合教材.md:811 / EN01-H000-H030-P172；01_绪论/整合教材.md:813 / EN01-H000-H030-P173,人黑猩猩对应基因例子,KP-CN01-0905,RB-CN01-0134,A1,是,R1,covered
01_绪论/整合教材.md:805 / EN01-H000-H030-P169；01_绪论/整合教材.md:811 / EN01-H000-H030-P172；01_绪论/整合教材.md:813 / EN01-H000-H030-P173,图A的GA GB路径,KP-CN01-0906,RB-CN01-0134,A1,是,R1,covered
01_绪论/整合教材.md:805 / EN01-H000-H030-P169；01_绪论/整合教材.md:811 / EN01-H000-H030-P172；01_绪论/整合教材.md:813 / EN01-H000-H030-P173,正交同源通常功能对应,KP-CN01-0907,RB-CN01-0134,A1,是,R1,covered
01_绪论/整合教材.md:805 / EN01-H000-H030-P169；01_绪论/整合教材.md:811 / EN01-H000-H030-P172；01_绪论/整合教材.md:813 / EN01-H000-H030-P173,paralogs由基因重复形成,KP-CN01-0908,RB-CN01-0134,A2,是,R2,covered
01_绪论/整合教材.md:805 / EN01-H000-H030-P169；01_绪论/整合教材.md:811 / EN01-H000-H030-P172；01_绪论/整合教材.md:813 / EN01-H000-H030-P173,图B同一后代G1 G2路径,KP-CN01-0909,RB-CN01-0134,A2,是,R2,covered
01_绪论/整合教材.md:805 / EN01-H000-H030-P169；01_绪论/整合教材.md:811 / EN01-H000-H030-P172；01_绪论/整合教材.md:813 / EN01-H000-H030-P173,旁系同源往往功能分化,KP-CN01-0910,RB-CN01-0134,A2,是,R2,covered
01_绪论/整合教材.md:805 / EN01-H000-H030-P169；01_绪论/整合教材.md:811 / EN01-H000-H030-P172；01_绪论/整合教材.md:813 / EN01-H000-H030-P173,homologs涵盖正交与旁系同源,KP-CN01-0911,RB-CN01-0134,A2,是,R2,covered
01_绪论/整合教材.md:805 / EN01-H000-H030-P169；01_绪论/整合教材.md:811 / EN01-H000-H030-P172；01_绪论/整合教材.md:813 / EN01-H000-H030-P173,同源不保证功能绝对相同,KP-CN01-0912,RB-CN01-0134,A2,是,R2,covered
01_绪论/整合教材.md:771 / EN01-H000-H030-P152；01_绪论/整合教材.md:777 / EN01-H000-H030-P155；01_绪论/整合教材.md:807 / EN01-H000-H030-P170；01_绪论/整合教材.md:809 / EN01-H000-H030-P171；01_绪论/整合教材.md:827 / EN01-H000-H030-P180,新基因序列数据库同源搜索流程,KP-CN01-0913,RB-CN01-0135,A1,是,R1,covered
01_绪论/整合教材.md:771 / EN01-H000-H030-P152；01_绪论/整合教材.md:777 / EN01-H000-H030-P155；01_绪论/整合教材.md:807 / EN01-H000-H030-P170；01_绪论/整合教材.md:809 / EN01-H000-H030-P171；01_绪论/整合教材.md:827 / EN01-H000-H030-P180,已实验确认同源成员支撑功能推测,KP-CN01-0914,RB-CN01-0135,A1,是,R1,covered
01_绪论/整合教材.md:771 / EN01-H000-H030-P152；01_绪论/整合教材.md:777 / EN01-H000-H030-P155；01_绪论/整合教材.md:807 / EN01-H000-H030-P170；01_绪论/整合教材.md:809 / EN01-H000-H030-P171；01_绪论/整合教材.md:827 / EN01-H000-H030-P180,序列分析推测整体生物学,KP-CN01-0915,RB-CN01-0135,A1,是,R1,covered
01_绪论/整合教材.md:771 / EN01-H000-H030-P152；01_绪论/整合教材.md:777 / EN01-H000-H030-P155；01_绪论/整合教材.md:807 / EN01-H000-H030-P170；01_绪论/整合教材.md:809 / EN01-H000-H030-P171；01_绪论/整合教材.md:827 / EN01-H000-H030-P180,完整基因组识别基因有无,KP-CN01-0916,RB-CN01-0135,A1,是,R1,covered
01_绪论/整合教材.md:805 / EN01-H000-H030-P169；01_绪论/整合教材.md:809 / EN01-H000-H030-P171；01_绪论/整合教材.md:817 / EN01-H000-H030-P175；01_绪论/整合教材.md:827 / EN01-H000-H030-P180,序列功能推测与当前基因实验确认区别,KP-CN01-0917,RB-CN01-0135,A2,是,R2,covered
01_绪论/整合教材.md:805 / EN01-H000-H030-P169；01_绪论/整合教材.md:809 / EN01-H000-H030-P171；01_绪论/整合教材.md:817 / EN01-H000-H030-P175；01_绪论/整合教材.md:827 / EN01-H000-H030-P180,同源类型和功能分化的推断限制,KP-CN01-0918,RB-CN01-0135,A2,是,R2,covered
01_绪论/整合教材.md:805 / EN01-H000-H030-P169；01_绪论/整合教材.md:809 / EN01-H000-H030-P171；01_绪论/整合教材.md:817 / EN01-H000-H030-P175；01_绪论/整合教材.md:827 / EN01-H000-H030-P180,家族相似支持重复分化共同来源,KP-CN01-0919,RB-CN01-0135,A2,是,R2,covered
01_绪论/整合教材.md:805 / EN01-H000-H030-P169；01_绪论/整合教材.md:809 / EN01-H000-H030-P171；01_绪论/整合教材.md:817 / EN01-H000-H030-P175；01_绪论/整合教材.md:827 / EN01-H000-H030-P180,祖先基因推断受丢失和水平转移限制,KP-CN01-0920,RB-CN01-0135,A2,是,R2,covered
01_绪论/整合教材.md:815 / EN01-H000-H030-P174；01_绪论/整合教材.md:817 / EN01-H000-H030-P175,谱系特异基因丢失的祖先推断限制,KP-CN01-0921,RB-CN01-0136,A1,是,R1,covered
01_绪论/整合教材.md:815 / EN01-H000-H030-P174；01_绪论/整合教材.md:817 / EN01-H000-H030-P175,远缘水平转移的祖先推断限制,KP-CN01-0922,RB-CN01-0136,A1,是,R1,covered
01_绪论/整合教材.md:815 / EN01-H000-H030-P174；01_绪论/整合教材.md:817 / EN01-H000-H030-P175,20至30亿年变异可使同源难识别,KP-CN01-0923,RB-CN01-0136,A1,是,R1,covered
01_绪论/整合教材.md:815 / EN01-H000-H030-P174；01_绪论/整合教材.md:817 / EN01-H000-H030-P175,细菌古菌丢失和水平转移重要性,KP-CN01-0924,RB-CN01-0136,A1,是,R1,covered
01_绪论/整合教材.md:819 / EN01-H000-H030-P176；01_绪论/整合教材.md:825 / EN01-H000-H030-P179；01_绪论/整合教材.md:827 / EN01-H000-H030-P180,重建祖先基因集难度,KP-CN01-0925,RB-CN01-0136,A2,是,R2,covered
01_绪论/整合教材.md:819 / EN01-H000-H030-P176；01_绪论/整合教材.md:825 / EN01-H000-H030-P179；01_绪论/整合教材.md:827 / EN01-H000-H030-P180,多个但不必所有物种的家族统计,KP-CN01-0926,RB-CN01-0136,A2,是,R2,covered
01_绪论/整合教材.md:819 / EN01-H000-H030-P176；01_绪论/整合教材.md:825 / EN01-H000-H030-P179；01_绪论/整合教材.md:827 / EN01-H000-H030-P180,264保守家族及最佳成员赋功能,KP-CN01-0927,RB-CN01-0136,A2,是,R2,covered
01_绪论/整合教材.md:819 / EN01-H000-H030-P176；01_绪论/整合教材.md:825 / EN01-H000-H030-P179；01_绪论/整合教材.md:827 / EN01-H000-H030-P180,翻译与氨基酸代谢运输最多,KP-CN01-0928,RB-CN01-0136,A2,是,R2,covered
01_绪论/整合教材.md:819 / EN01-H000-H030-P176；01_绪论/整合教材.md:825 / EN01-H000-H030-P179；01_绪论/整合教材.md:827 / EN01-H000-H030-P180,264不是完整祖先基因数,KP-CN01-0929,RB-CN01-0136,A2,是,R2,covered
01_绪论/整合教材.md:819 / EN01-H000-H030-P176；01_绪论/整合教材.md:825 / EN01-H000-H030-P179；01_绪论/整合教材.md:827 / EN01-H000-H030-P180,每个家族并非必须存在每个物种,KP-CN01-0930,RB-CN01-0136,A2,是,R2,covered
01_绪论/整合教材.md:825 / EN01-H000-H030-P179,表1-1至少两古菌取样定义,KP-CN01-0931,RB-CN01-0137,A1,是,R1,covered
01_绪论/整合教材.md:825 / EN01-H000-H030-P179,Archaeoglobus fulgidus古菌代表,KP-CN01-0932,RB-CN01-0137,A1,是,R1,covered
01_绪论/整合教材.md:825 / EN01-H000-H030-P179,Aeropyrum pernix古菌代表,KP-CN01-0933,RB-CN01-0137,A1,是,R1,covered
01_绪论/整合教材.md:825 / EN01-H000-H030-P179,E.coli与B.subtilis两细菌代表,KP-CN01-0934,RB-CN01-0137,A1,是,R1,covered
01_绪论/整合教材.md:825 / EN01-H000-H030-P179,S.cerevisiae真核代表,KP-CN01-0935,RB-CN01-0137,A1,是,R1,covered
01_绪论/整合教材.md:825 / EN01-H000-H030-P179,universality取样条件非所有物种绝对条件,KP-CN01-0936,RB-CN01-0137,A1,是,R1,covered
01_绪论/整合教材.md:819 / EN01-H000-H030-P176；01_绪论/整合教材.md:825 / EN01-H000-H030-P179,表1-1历史研究与COGs资料来源,KP-CN01-0937,RB-CN01-0137,A2,是,R2,covered
01_绪论/整合教材.md:819 / EN01-H000-H030-P176；01_绪论/整合教材.md:825 / EN01-H000-H030-P179,家族数不等于基因或物种数,KP-CN01-0938,RB-CN01-0137,A2,是,R2,covered
01_绪论/整合教材.md:819 / EN01-H000-H030-P176；01_绪论/整合教材.md:825 / EN01-H000-H030-P179,表题受表注取样与粗略性限定,KP-CN01-0939,RB-CN01-0137,A2,是,R2,covered
01_绪论/整合教材.md:825 / EN01-H000-H030-P179,信息处理分类维度,KP-CN01-0940,RB-CN01-0138,A1,是,R1,covered
01_绪论/整合教材.md:825 / EN01-H000-H030-P179,翻译63家族,KP-CN01-0941,RB-CN01-0138,A1,是,R1,covered
01_绪论/整合教材.md:825 / EN01-H000-H030-P179,转录7家族,KP-CN01-0942,RB-CN01-0138,A1,是,R1,covered
01_绪论/整合教材.md:825 / EN01-H000-H030-P179,DNA复制重组修复13家族,KP-CN01-0943,RB-CN01-0138,A1,是,R1,covered
01_绪论/整合教材.md:825 / EN01-H000-H030-P179,细胞过程信号分类维度,KP-CN01-0944,RB-CN01-0138,A2,是,R2,covered
01_绪论/整合教材.md:825 / EN01-H000-H030-P179,周期分裂类别2家族,KP-CN01-0945,RB-CN01-0138,A2,是,R2,covered
01_绪论/整合教材.md:825 / EN01-H000-H030-P179,防御3家族,KP-CN01-0946,RB-CN01-0138,A2,是,R2,covered
01_绪论/整合教材.md:825 / EN01-H000-H030-P179,信号转导1家族,KP-CN01-0947,RB-CN01-0138,A2,是,R2,covered
01_绪论/整合教材.md:825 / EN01-H000-H030-P179,壁膜生物发生2家族,KP-CN01-0948,RB-CN01-0138,A2,是,R2,covered
01_绪论/整合教材.md:825 / EN01-H000-H030-P179,胞内运输分泌4家族,KP-CN01-0949,RB-CN01-0138,A2,是,R2,covered
01_绪论/整合教材.md:825 / EN01-H000-H030-P179,翻译后修饰周转伴侣8家族,KP-CN01-0950,RB-CN01-0138,A2,是,R2,covered
01_绪论/整合教材.md:825 / EN01-H000-H030-P179,类别名称的跨域解释限制,KP-CN01-0951,RB-CN01-0138,A2,是,R2,covered
01_绪论/整合教材.md:825 / EN01-H000-H030-P179,能量产生转换19家族,KP-CN01-0952,RB-CN01-0139,A1,是,R1,covered
01_绪论/整合教材.md:825 / EN01-H000-H030-P179,糖运输代谢16家族,KP-CN01-0953,RB-CN01-0139,A1,是,R1,covered
01_绪论/整合教材.md:825 / EN01-H000-H030-P179,氨基酸运输代谢43家族,KP-CN01-0954,RB-CN01-0139,A1,是,R1,covered
01_绪论/整合教材.md:825 / EN01-H000-H030-P179,核苷酸运输代谢15家族,KP-CN01-0955,RB-CN01-0139,A1,是,R1,covered
01_绪论/整合教材.md:825 / EN01-H000-H030-P179,辅酶运输代谢22家族,KP-CN01-0956,RB-CN01-0139,A1,是,R1,covered
01_绪论/整合教材.md:819 / EN01-H000-H030-P176；01_绪论/整合教材.md:825 / EN01-H000-H030-P179,脂质运输代谢9家族,KP-CN01-0957,RB-CN01-0139,A2,是,R2,covered
01_绪论/整合教材.md:819 / EN01-H000-H030-P176；01_绪论/整合教材.md:825 / EN01-H000-H030-P179,无机离子运输代谢8家族,KP-CN01-0958,RB-CN01-0139,A2,是,R2,covered
01_绪论/整合教材.md:819 / EN01-H000-H030-P176；01_绪论/整合教材.md:825 / EN01-H000-H030-P179,次级代谢合成运输分解5家族,KP-CN01-0959,RB-CN01-0139,A2,是,R2,covered
01_绪论/整合教材.md:819 / EN01-H000-H030-P176；01_绪论/整合教材.md:825 / EN01-H000-H030-P179,24一般功能预测具体角色未知,KP-CN01-0960,RB-CN01-0139,A2,是,R2,covered
01_绪论/整合教材.md:819 / EN01-H000-H030-P176；01_绪论/整合教材.md:825 / EN01-H000-H030-P179,翻译63和氨基酸43为最大两类,KP-CN01-0961,RB-CN01-0139,A2,是,R2,covered
01_绪论/整合教材.md:829 / EN01-H000-H030-P181；01_绪论/整合教材.md:831 / EN01-H000-H030-P182；01_绪论/整合教材.md:833 / EN01-H000-H030-P183；01_绪论/整合教材.md:839 / EN01-H000-H030-P186,真核典型线性尺寸10至30倍,KP-CN01-0962,RB-CN01-0140,A1,是,R1,covered
01_绪论/整合教材.md:829 / EN01-H000-H030-P181；01_绪论/整合教材.md:831 / EN01-H000-H030-P182；01_绪论/整合教材.md:833 / EN01-H000-H030-P183；01_绪论/整合教材.md:839 / EN01-H000-H030-P186,真核典型体积1000至10000倍,KP-CN01-0963,RB-CN01-0140,A1,是,R1,covered
01_绪论/整合教材.md:829 / EN01-H000-H030-P181；01_绪论/整合教材.md:831 / EN01-H000-H030-P182；01_绪论/整合教材.md:833 / EN01-H000-H030-P183；01_绪论/整合教材.md:839 / EN01-H000-H030-P186,真核基因组通常更大复杂,KP-CN01-0964,RB-CN01-0140,A1,是,R1,covered
01_绪论/整合教材.md:829 / EN01-H000-H030-P181；01_绪论/整合教材.md:831 / EN01-H000-H030-P182；01_绪论/整合教材.md:833 / EN01-H000-H030-P183；01_绪论/整合教材.md:839 / EN01-H000-H030-P186,细胞器包括膜区室和无膜大分子集合,KP-CN01-0965,RB-CN01-0140,A1,是,R1,covered
01_绪论/整合教材.md:831 / EN01-H000-H030-P182；01_绪论/整合教材.md:833 / EN01-H000-H030-P183；01_绪论/整合教材.md:839 / EN01-H000-H030-P186；01_绪论/整合教材.md:939 / EN01-H034-H038-P032,细胞骨架丝及结合蛋白的力学网络,KP-CN01-0966,RB-CN01-0140,A2,是,R2,covered
01_绪论/整合教材.md:831 / EN01-H000-H030-P182；01_绪论/整合教材.md:833 / EN01-H000-H030-P183；01_绪论/整合教材.md:839 / EN01-H000-H030-P186；01_绪论/整合教材.md:939 / EN01-H034-H038-P032,分裂时骨架重排分配染色体,KP-CN01-0967,RB-CN01-0140,A2,是,R2,covered
01_绪论/整合教材.md:831 / EN01-H000-H030-P182；01_绪论/整合教材.md:833 / EN01-H000-H030-P183；01_绪论/整合教材.md:839 / EN01-H000-H030-P186；01_绪论/整合教材.md:939 / EN01-H034-H038-P032,真核单细胞独立生活,KP-CN01-0968,RB-CN01-0140,A2,是,R2,covered
01_绪论/整合教材.md:831 / EN01-H000-H030-P182；01_绪论/整合教材.md:833 / EN01-H000-H030-P183；01_绪论/整合教材.md:839 / EN01-H000-H030-P186；01_绪论/整合教材.md:939 / EN01-H034-H038-P032,植物动物真菌复杂多细胞组织,KP-CN01-0969,RB-CN01-0140,A2,是,R2,covered
01_绪论/整合教材.md:837 / EN01-H000-H030-P185；01_绪论/整合教材.md:841 / EN01-H000-H030-P187；01_绪论/整合教材.md:843 / EN01-H000-H030-P188；01_绪论/整合教材.md:939 / EN01-H034-H038-P032,真核绝大部分DNA核内,KP-CN01-0970,RB-CN01-0141,A1,是,R1,covered
01_绪论/整合教材.md:837 / EN01-H000-H030-P185；01_绪论/整合教材.md:841 / EN01-H000-H030-P187；01_绪论/整合教材.md:843 / EN01-H000-H030-P188；01_绪论/整合教材.md:939 / EN01-H034-H038-P032,核内DNA与蛋白形成染色体,KP-CN01-0971,RB-CN01-0141,A1,是,R1,covered
01_绪论/整合教材.md:837 / EN01-H000-H030-P185；01_绪论/整合教材.md:841 / EN01-H000-H030-P187；01_绪论/整合教材.md:843 / EN01-H000-H030-P188；01_绪论/整合教材.md:939 / EN01-H034-H038-P032,凝缩染色体光镜可见条件,KP-CN01-0972,RB-CN01-0141,A1,是,R1,covered
01_绪论/整合教材.md:837 / EN01-H000-H030-P185；01_绪论/整合教材.md:841 / EN01-H000-H030-P187；01_绪论/整合教材.md:843 / EN01-H000-H030-P188；01_绪论/整合教材.md:939 / EN01-H034-H038-P032,双层核膜分隔核与细胞质,KP-CN01-0973,RB-CN01-0141,A1,是,R1,covered
01_绪论/整合教材.md:837 / EN01-H000-H030-P185；01_绪论/整合教材.md:841 / EN01-H000-H030-P187；01_绪论/整合教材.md:843 / EN01-H000-H030-P188；01_绪论/整合教材.md:939 / EN01-H034-H038-P032,真核细胞质为质膜与核之间所有部分,KP-CN01-0974,RB-CN01-0141,A1,是,R1,covered
01_绪论/整合教材.md:837 / EN01-H000-H030-P185；01_绪论/整合教材.md:841 / EN01-H000-H030-P187；01_绪论/整合教材.md:843 / EN01-H000-H030-P188；01_绪论/整合教材.md:855 / EN01-H000-H030-P194；01_绪论/整合教材.md:865 / EN01-H000-H030-P199,核孔蛋白复合物通道,KP-CN01-0975,RB-CN01-0141,A2,是,R2,covered
01_绪论/整合教材.md:837 / EN01-H000-H030-P185；01_绪论/整合教材.md:841 / EN01-H000-H030-P187；01_绪论/整合教材.md:843 / EN01-H000-H030-P188；01_绪论/整合教材.md:855 / EN01-H000-H030-P194；01_绪论/整合教材.md:865 / EN01-H000-H030-P199,核孔核质双向大分子运输,KP-CN01-0976,RB-CN01-0141,A2,是,R2,covered
01_绪论/整合教材.md:837 / EN01-H000-H030-P185；01_绪论/整合教材.md:841 / EN01-H000-H030-P187；01_绪论/整合教材.md:843 / EN01-H000-H030-P188；01_绪论/整合教材.md:855 / EN01-H000-H030-P194；01_绪论/整合教材.md:865 / EN01-H000-H030-P199,图示染色质DNA与核仁位置,KP-CN01-0977,RB-CN01-0141,A2,是,R2,covered
01_绪论/整合教材.md:837 / EN01-H000-H030-P185；01_绪论/整合教材.md:841 / EN01-H000-H030-P187；01_绪论/整合教材.md:843 / EN01-H000-H030-P188；01_绪论/整合教材.md:855 / EN01-H000-H030-P194；01_绪论/整合教材.md:865 / EN01-H000-H030-P199,核仁核糖体装配,KP-CN01-0978,RB-CN01-0141,A2,是,R2,covered
01_绪论/整合教材.md:837 / EN01-H000-H030-P185；01_绪论/整合教材.md:841 / EN01-H000-H030-P187；01_绪论/整合教材.md:843 / EN01-H000-H030-P188；01_绪论/整合教材.md:855 / EN01-H000-H030-P194；01_绪论/整合教材.md:865 / EN01-H000-H030-P199,核仁无膜凝聚体与有膜核的层级区别,KP-CN01-0979,RB-CN01-0141,A2,是,R2,covered
01_绪论/整合教材.md:839 / EN01-H000-H030-P186；01_绪论/整合教材.md:841 / EN01-H000-H030-P187；01_绪论/整合教材.md:843 / EN01-H000-H030-P188,图示actin红色编码,KP-CN01-0980,RB-CN01-0142,A1,是,R1,covered
01_绪论/整合教材.md:839 / EN01-H000-H030-P186；01_绪论/整合教材.md:841 / EN01-H000-H030-P187；01_绪论/整合教材.md:843 / EN01-H000-H030-P188,图示microtubules绿色编码,KP-CN01-0981,RB-CN01-0142,A1,是,R1,covered
01_绪论/整合教材.md:839 / EN01-H000-H030-P186；01_绪论/整合教材.md:841 / EN01-H000-H030-P187；01_绪论/整合教材.md:843 / EN01-H000-H030-P188,图示intermediate filaments蓝色编码,KP-CN01-0982,RB-CN01-0142,A1,是,R1,covered
01_绪论/整合教材.md:839 / EN01-H000-H030-P186；01_绪论/整合教材.md:841 / EN01-H000-H030-P187；01_绪论/整合教材.md:843 / EN01-H000-H030-P188,中心体与一对中心粒,KP-CN01-0983,RB-CN01-0142,A1,是,R1,covered
01_绪论/整合教材.md:839 / EN01-H000-H030-P186；01_绪论/整合教材.md:841 / EN01-H000-H030-P187；01_绪论/整合教材.md:843 / EN01-H000-H030-P188,微管在中心体附近放射,KP-CN01-0984,RB-CN01-0142,A1,是,R1,covered
01_绪论/整合教材.md:841 / EN01-H000-H030-P187；01_绪论/整合教材.md:843 / EN01-H000-H030-P188,质膜与胞外基质空间边界,KP-CN01-0985,RB-CN01-0142,A2,是,R2,covered
01_绪论/整合教材.md:841 / EN01-H000-H030-P187；01_绪论/整合教材.md:843 / EN01-H000-H030-P188,典型动物截面图的5微米尺度,KP-CN01-0986,RB-CN01-0142,A2,是,R2,covered
01_绪论/整合教材.md:841 / EN01-H000-H030-P187；01_绪论/整合教材.md:843 / EN01-H000-H030-P188,真实细胞比简图更拥挤,KP-CN01-0987,RB-CN01-0142,A2,是,R2,covered
01_绪论/整合教材.md:841 / EN01-H000-H030-P187；01_绪论/整合教材.md:843 / EN01-H000-H030-P188,植物另有叶绿体与纤维素外壁,KP-CN01-0988,RB-CN01-0142,A2,是,R2,covered
01_绪论/整合教材.md:841 / EN01-H000-H030-P187；01_绪论/整合教材.md:843 / EN01-H000-H030-P188,植物刚性壁与快速运动限制,KP-CN01-0989,RB-CN01-0142,A2,是,R2,covered
01_绪论/整合教材.md:839 / EN01-H000-H030-P186；01_绪论/整合教材.md:845 / EN01-H000-H030-P189；01_绪论/整合教材.md:847 / EN01-H000-H030-P190,部分动物及单细胞真核缺刚壁,KP-CN01-0990,RB-CN01-0143,A1,是,R1,covered
01_绪论/整合教材.md:839 / EN01-H000-H030-P186；01_绪论/整合教材.md:845 / EN01-H000-H030-P189；01_绪论/整合教材.md:847 / EN01-H000-H030-P190,骨架控制形状运动,KP-CN01-0991,RB-CN01-0143,A1,是,R1,covered
01_绪论/整合教材.md:839 / EN01-H000-H030-P186；01_绪论/整合教材.md:845 / EN01-H000-H030-P189；01_绪论/整合教材.md:847 / EN01-H000-H030-P190,表面突起包围物体的吞噬定义,KP-CN01-0992,RB-CN01-0143,A1,是,R1,covered
01_绪论/整合教材.md:839 / EN01-H000-H030-P186；01_绪论/整合教材.md:845 / EN01-H000-H030-P189；01_绪论/整合教材.md:847 / EN01-H000-H030-P190,吞噬能力对象范围,KP-CN01-0993,RB-CN01-0143,A1,是,R1,covered
01_绪论/整合教材.md:845 / EN01-H000-H030-P189；01_绪论/整合教材.md:847 / EN01-H000-H030-P190,中性粒细胞吞噬电镜局部,KP-CN01-0994,RB-CN01-0143,A2,是,R2,covered
01_绪论/整合教材.md:845 / EN01-H000-H030-P189；01_绪论/整合教材.md:847 / EN01-H000-H030-P190,正在分裂的被吞细菌,KP-CN01-0995,RB-CN01-0143,A2,是,R2,covered
01_绪论/整合教材.md:845 / EN01-H000-H030-P189；01_绪论/整合教材.md:847 / EN01-H000-H030-P190,膜及突起包围目标的证据,KP-CN01-0996,RB-CN01-0143,A2,是,R2,covered
01_绪论/整合教材.md:845 / EN01-H000-H030-P189；01_绪论/整合教材.md:847 / EN01-H000-H030-P190,图1-22的1微米标尺及非全过程限制,KP-CN01-0997,RB-CN01-0143,A2,是,R2,covered
01_绪论/整合教材.md:849 / EN01-H000-H030-P191；01_绪论/整合教材.md:851 / EN01-H000-H030-P192；01_绪论/整合教材.md:861 / EN01-H000-H030-P197；01_绪论/整合教材.md:863 / EN01-H000-H030-P198,ER最广泛膜性细胞器,KP-CN01-0998,RB-CN01-0144,A1,是,R1,covered
01_绪论/整合教材.md:849 / EN01-H000-H030-P191；01_绪论/整合教材.md:851 / EN01-H000-H030-P192；01_绪论/整合教材.md:861 / EN01-H000-H030-P197；01_绪论/整合教材.md:863 / EN01-H000-H030-P198,ER多数膜成分与分泌物制造,KP-CN01-0999,RB-CN01-0144,A1,是,R1,covered
01_绪论/整合教材.md:849 / EN01-H000-H030-P191；01_绪论/整合教材.md:851 / EN01-H000-H030-P192；01_绪论/整合教材.md:861 / EN01-H000-H030-P197；01_绪论/整合教材.md:863 / EN01-H000-H030-P198,Golgi接收ER物质,KP-CN01-1000,RB-CN01-0144,A1,是,R1,covered
01_绪论/整合教材.md:849 / EN01-H000-H030-P191；01_绪论/整合教材.md:851 / EN01-H000-H030-P192；01_绪论/整合教材.md:861 / EN01-H000-H030-P197；01_绪论/整合教材.md:863 / EN01-H000-H030-P198,Golgi修饰包装及分泌或其他区室去向,KP-CN01-1001,RB-CN01-0144,A1,是,R1,covered
01_绪论/整合教材.md:849 / EN01-H000-H030-P191；01_绪论/整合教材.md:861 / EN01-H000-H030-P197；01_绪论/整合教材.md:863 / EN01-H000-H030-P198,溶酶体小不规则与胞内消化,KP-CN01-1002,RB-CN01-0144,A2,是,R2,covered
01_绪论/整合教材.md:849 / EN01-H000-H030-P191；01_绪论/整合教材.md:861 / EN01-H000-H030-P197；01_绪论/整合教材.md:863 / EN01-H000-H030-P198,过氧化物酶体小囊状毒物处理,KP-CN01-1003,RB-CN01-0144,A2,是,R2,covered
01_绪论/整合教材.md:849 / EN01-H000-H030-P191；01_绪论/整合教材.md:861 / EN01-H000-H030-P197；01_绪论/整合教材.md:863 / EN01-H000-H030-P198,本段过氧化氢参与概括的范围,KP-CN01-1004,RB-CN01-0144,A2,是,R2,covered
01_绪论/整合教材.md:851 / EN01-H000-H030-P192；01_绪论/整合教材.md:857 / EN01-H000-H030-P195；01_绪论/整合教材.md:859 / EN01-H000-H030-P196；01_绪论/整合教材.md:861 / EN01-H000-H030-P197；01_绪论/整合教材.md:863 / EN01-H000-H030-P198,单膜细胞器间持续物质交换,KP-CN01-1005,RB-CN01-0145,A1,是,R1,covered
01_绪论/整合教材.md:851 / EN01-H000-H030-P192；01_绪论/整合教材.md:857 / EN01-H000-H030-P195；01_绪论/整合教材.md:859 / EN01-H000-H030-P196；01_绪论/整合教材.md:861 / EN01-H000-H030-P197；01_绪论/整合教材.md:863 / EN01-H000-H030-P198,运输囊泡出芽携带融合机制,KP-CN01-1006,RB-CN01-0145,A1,是,R1,covered
01_绪论/整合教材.md:851 / EN01-H000-H030-P192；01_绪论/整合教材.md:857 / EN01-H000-H030-P195；01_绪论/整合教材.md:859 / EN01-H000-H030-P196,胞吞质膜内陷形成囊泡,KP-CN01-1007,RB-CN01-0145,A2,是,R2,covered
01_绪论/整合教材.md:851 / EN01-H000-H030-P192；01_绪论/整合教材.md:857 / EN01-H000-H030-P195；01_绪论/整合教材.md:859 / EN01-H000-H030-P196,胞吞货物首先送内体,KP-CN01-1008,RB-CN01-0145,A2,是,R2,covered
01_绪论/整合教材.md:851 / EN01-H000-H030-P192；01_绪论/整合教材.md:857 / EN01-H000-H030-P195；01_绪论/整合教材.md:859 / EN01-H000-H030-P196,胞吐囊泡与质膜融合外排,KP-CN01-1009,RB-CN01-0145,A2,是,R2,covered
01_绪论/整合教材.md:851 / EN01-H000-H030-P192；01_绪论/整合教材.md:857 / EN01-H000-H030-P195；01_绪论/整合教材.md:859 / EN01-H000-H030-P196,图1-23上下箭头方向,KP-CN01-1010,RB-CN01-0145,A2,是,R2,covered
01_绪论/整合教材.md:851 / EN01-H000-H030-P192；01_绪论/整合教材.md:857 / EN01-H000-H030-P195；01_绪论/整合教材.md:859 / EN01-H000-H030-P196,图示红点为货物符号,KP-CN01-1011,RB-CN01-0145,A2,是,R2,covered
01_绪论/整合教材.md:853 / EN01-H000-H030-P193；01_绪论/整合教材.md:861 / EN01-H000-H030-P197；01_绪论/整合教材.md:863 / EN01-H000-H030-P198；01_绪论/整合教材.md:939 / EN01-H034-H038-P032,线粒体叶绿体双膜,KP-CN01-1012,RB-CN01-0146,A1,是,R1,covered
01_绪论/整合教材.md:853 / EN01-H000-H030-P193；01_绪论/整合教材.md:861 / EN01-H000-H030-P197；01_绪论/整合教材.md:863 / EN01-H000-H030-P198；01_绪论/整合教材.md:939 / EN01-H034-H038-P032,线粒体利用氧氧化糖脂,KP-CN01-1013,RB-CN01-0146,A1,是,R1,covered
01_绪论/整合教材.md:853 / EN01-H000-H030-P193；01_绪论/整合教材.md:861 / EN01-H000-H030-P197；01_绪论/整合教材.md:863 / EN01-H000-H030-P198；01_绪论/整合教材.md:939 / EN01-H034-H038-P032,线粒体供应多数ATP及条件范围,KP-CN01-1014,RB-CN01-0146,A1,是,R1,covered
01_绪论/整合教材.md:853 / EN01-H000-H030-P193；07_线粒体和叶绿体/整合教材.md:2686 / EN01-H031-H033-P013；07_线粒体和叶绿体/整合教材.md:2688 / EN01-H031-H033-P014；01_绪论/整合教材.md:939 / EN01-H034-H038-P032,叶绿体植物藻类范围,KP-CN01-1015,RB-CN01-0146,A2,是,R2,covered
01_绪论/整合教材.md:853 / EN01-H000-H030-P193；07_线粒体和叶绿体/整合教材.md:2686 / EN01-H031-H033-P013；07_线粒体和叶绿体/整合教材.md:2688 / EN01-H031-H033-P014；01_绪论/整合教材.md:939 / EN01-H034-H038-P032,叶绿体阳光CO2水合成碳水化合物,KP-CN01-1016,RB-CN01-0146,A2,是,R2,covered
01_绪论/整合教材.md:853 / EN01-H000-H030-P193；07_线粒体和叶绿体/整合教材.md:2686 / EN01-H031-H033-P013；07_线粒体和叶绿体/整合教材.md:2688 / EN01-H031-H033-P014；01_绪论/整合教材.md:939 / EN01-H034-H038-P032,富能产物供宿主,KP-CN01-1017,RB-CN01-0146,A2,是,R2,covered
01_绪论/整合教材.md:853 / EN01-H000-H030-P193；07_线粒体和叶绿体/整合教材.md:2686 / EN01-H031-H033-P013；07_线粒体和叶绿体/整合教材.md:2688 / EN01-H031-H033-P014；01_绪论/整合教材.md:939 / EN01-H034-H038-P032,不能把叶绿体存在概括到每一细胞类型,KP-CN01-1018,RB-CN01-0146,A2,是,R2,covered
01_绪论/整合教材.md:837 / EN01-H000-H030-P185；01_绪论/整合教材.md:853 / EN01-H000-H030-P193；01_绪论/整合教材.md:861 / EN01-H000-H030-P197；01_绪论/整合教材.md:863 / EN01-H000-H030-P198,cytoplasm与cytosol边界和包含关系,KP-CN01-1019,RB-CN01-0147,A1,是,R1,covered
01_绪论/整合教材.md:837 / EN01-H000-H030-P185；01_绪论/整合教材.md:853 / EN01-H000-H030-P193；01_绪论/整合教材.md:861 / EN01-H000-H030-P197；01_绪论/整合教材.md:863 / EN01-H000-H030-P198,许多细胞膜性细胞器约占细胞质一半,KP-CN01-1020,RB-CN01-0147,A1,是,R1,covered
01_绪论/整合教材.md:837 / EN01-H000-H030-P185；01_绪论/整合教材.md:853 / EN01-H000-H030-P193；01_绪论/整合教材.md:861 / EN01-H000-H030-P197；01_绪论/整合教材.md:863 / EN01-H000-H030-P198,胞质溶胶核糖体翻译RNA,KP-CN01-1021,RB-CN01-0147,A1,是,R1,covered
01_绪论/整合教材.md:837 / EN01-H000-H030-P185；01_绪论/整合教材.md:853 / EN01-H000-H030-P193；01_绪论/整合教材.md:861 / EN01-H000-H030-P197；01_绪论/整合教材.md:863 / EN01-H000-H030-P198,胞质溶胶多数其他代谢反应,KP-CN01-1022,RB-CN01-0147,A1,是,R1,covered
01_绪论/整合教材.md:855 / EN01-H000-H030-P194；01_绪论/整合教材.md:861 / EN01-H000-H030-P197；01_绪论/整合教材.md:863 / EN01-H000-H030-P198；01_绪论/整合教材.md:865 / EN01-H000-H030-P199,无膜凝聚体保持协作组分近邻,KP-CN01-1023,RB-CN01-0147,A2,是,R2,covered
01_绪论/整合教材.md:855 / EN01-H000-H030-P194；01_绪论/整合教材.md:861 / EN01-H000-H030-P197；01_绪论/整合教材.md:863 / EN01-H000-H030-P198；01_绪论/整合教材.md:865 / EN01-H000-H030-P199,核仁核糖体装配实例,KP-CN01-1024,RB-CN01-0147,A2,是,R2,covered
01_绪论/整合教材.md:855 / EN01-H000-H030-P194；01_绪论/整合教材.md:861 / EN01-H000-H030-P197；01_绪论/整合教材.md:863 / EN01-H000-H030-P198；01_绪论/整合教材.md:865 / EN01-H000-H030-P199,图1-24八类膜结构定位,KP-CN01-1025,RB-CN01-0147,A2,是,R2,covered
01_绪论/整合教材.md:855 / EN01-H000-H030-P194；01_绪论/整合教材.md:861 / EN01-H000-H030-P197；01_绪论/整合教材.md:863 / EN01-H000-H030-P198；01_绪论/整合教材.md:865 / EN01-H000-H030-P199,图1-24周围cytosol定位,KP-CN01-1026,RB-CN01-0147,A2,是,R2,covered
01_绪论/整合教材.md:855 / EN01-H000-H030-P194；01_绪论/整合教材.md:861 / EN01-H000-H030-P197；01_绪论/整合教材.md:863 / EN01-H000-H030-P198；01_绪论/整合教材.md:865 / EN01-H000-H030-P199,有膜与无膜两类组织功能,KP-CN01-1027,RB-CN01-0147,A2,是,R2,covered
07_线粒体和叶绿体/整合教材.md:2662 / EN01-H031-H033-P001；07_线粒体和叶绿体/整合教材.md:2664 / EN01-H031-H033-P002；07_线粒体和叶绿体/整合教材.md:2666 / EN01-H031-H033-P003；01_绪论/整合教材.md:939 / EN01-H034-H038-P032,首个真核约20亿年前古菌细菌合并,KP-CN01-1028,RB-CN01-0148,A1,是,R1,covered
07_线粒体和叶绿体/整合教材.md:2662 / EN01-H031-H033-P001；07_线粒体和叶绿体/整合教材.md:2664 / EN01-H031-H033-P002；07_线粒体和叶绿体/整合教材.md:2666 / EN01-H031-H033-P003；01_绪论/整合教材.md:939 / EN01-H034-H038-P032,此前原核生活超过15亿年,KP-CN01-1029,RB-CN01-0148,A1,是,R1,covered
07_线粒体和叶绿体/整合教材.md:2662 / EN01-H031-H033-P001；07_线粒体和叶绿体/整合教材.md:2664 / EN01-H031-H033-P002；07_线粒体和叶绿体/整合教材.md:2666 / EN01-H031-H033-P003；01_绪论/整合教材.md:939 / EN01-H034-H038-P032,真核线粒体含有或历史曾含限定,KP-CN01-1030,RB-CN01-0148,A1,是,R1,covered
07_线粒体和叶绿体/整合教材.md:2666 / EN01-H031-H033-P003；07_线粒体和叶绿体/整合教材.md:2680 / EN01-H031-H033-P010；01_绪论/整合教材.md:939 / EN01-H034-H038-P032,线粒体小细菌样尺寸与分裂,KP-CN01-1031,RB-CN01-0148,A2,是,R2,covered
07_线粒体和叶绿体/整合教材.md:2666 / EN01-H031-H033-P003；07_线粒体和叶绿体/整合教材.md:2680 / EN01-H031-H033-P010；01_绪论/整合教材.md:939 / EN01-H034-H038-P032,线粒体自有DNA及细菌样基因,KP-CN01-1032,RB-CN01-0148,A2,是,R2,covered
07_线粒体和叶绿体/整合教材.md:2666 / EN01-H031-H033-P003；07_线粒体和叶绿体/整合教材.md:2680 / EN01-H031-H033-P010；01_绪论/整合教材.md:939 / EN01-H034-H038-P032,线粒体核糖体翻译因子细菌相似,KP-CN01-1033,RB-CN01-0148,A2,是,R2,covered
07_线粒体和叶绿体/整合教材.md:2666 / EN01-H031-H033-P003；07_线粒体和叶绿体/整合教材.md:2680 / EN01-H031-H033-P010；01_绪论/整合教材.md:939 / EN01-H034-H038-P032,需氧细菌食物电子与氧供能,KP-CN01-1034,RB-CN01-0148,A2,是,R2,covered
07_线粒体和叶绿体/整合教材.md:2666 / EN01-H031-H033-P003；07_线粒体和叶绿体/整合教材.md:2680 / EN01-H031-H033-P010；01_绪论/整合教材.md:939 / EN01-H034-H038-P032,厌氧宿主捕获与共同胞质代谢支持,KP-CN01-1035,RB-CN01-0148,A2,是,R2,covered
07_线粒体和叶绿体/整合教材.md:2682 / EN01-H031-H033-P011,古菌编码真核特征蛋白的宿主证据,KP-CN01-1036,RB-CN01-0148,A3,是,R3,covered
07_线粒体和叶绿体/整合教材.md:2682 / EN01-H031-H033-P011,Asgard真核样基因较多,KP-CN01-1037,RB-CN01-0148,A3,是,R3,covered
07_线粒体和叶绿体/整合教材.md:2682 / EN01-H031-H033-P011,现生Asgard不等于当年直接祖先,KP-CN01-1038,RB-CN01-0148,A3,是,R3,covered
07_线粒体和叶绿体/整合教材.md:2668 / EN01-H031-H033-P004；07_线粒体和叶绿体/整合教材.md:2670 / EN01-H031-H033-P005；07_线粒体和叶绿体/整合教材.md:2672 / EN01-H031-H033-P006；07_线粒体和叶绿体/整合教材.md:2674 / EN01-H031-H033-P007；07_线粒体和叶绿体/整合教材.md:2676 / EN01-H031-H033-P008,图1-25A电镜与B三维剖面,KP-CN01-1039,RB-CN01-0149,A1,是,R1,covered
07_线粒体和叶绿体/整合教材.md:2668 / EN01-H031-H033-P004；07_线粒体和叶绿体/整合教材.md:2670 / EN01-H031-H033-P005；07_线粒体和叶绿体/整合教材.md:2672 / EN01-H031-H033-P006；07_线粒体和叶绿体/整合教材.md:2674 / EN01-H031-H033-P007；07_线粒体和叶绿体/整合教材.md:2676 / EN01-H031-H033-P008,线粒体光滑外膜与曲折内膜,KP-CN01-1040,RB-CN01-0149,A1,是,R1,covered
07_线粒体和叶绿体/整合教材.md:2668 / EN01-H031-H033-P004；07_线粒体和叶绿体/整合教材.md:2670 / EN01-H031-H033-P005；07_线粒体和叶绿体/整合教材.md:2672 / EN01-H031-H033-P006；07_线粒体和叶绿体/整合教材.md:2674 / EN01-H031-H033-P007；07_线粒体和叶绿体/整合教材.md:2676 / EN01-H031-H033-P008,内膜折叠并非多个独立细胞器,KP-CN01-1041,RB-CN01-0149,A1,是,R1,covered
07_线粒体和叶绿体/整合教材.md:2666 / EN01-H031-H033-P003；07_线粒体和叶绿体/整合教材.md:2670 / EN01-H031-H033-P005；07_线粒体和叶绿体/整合教材.md:2674 / EN01-H031-H033-P007；07_线粒体和叶绿体/整合教材.md:2676 / EN01-H031-H033-P008,线粒体内膜承载氧化供ATP蛋白,KP-CN01-1042,RB-CN01-0149,A2,是,R2,covered
07_线粒体和叶绿体/整合教材.md:2666 / EN01-H031-H033-P003；07_线粒体和叶绿体/整合教材.md:2670 / EN01-H031-H033-P005；07_线粒体和叶绿体/整合教材.md:2674 / EN01-H031-H033-P007；07_线粒体和叶绿体/整合教材.md:2676 / EN01-H031-H033-P008,电镜形态证据与起源多证据的区别,KP-CN01-1043,RB-CN01-0149,A2,是,R2,covered
07_线粒体和叶绿体/整合教材.md:2670 / EN01-H031-H033-P005,图1-25A电镜标尺数值,KP-CN01-1044,,,否,,unresolved
07_线粒体和叶绿体/整合教材.md:2678 / EN01-H031-H033-P009；07_线粒体和叶绿体/整合教材.md:2682 / EN01-H031-H033-P011；07_线粒体和叶绿体/整合教材.md:2692 / EN01-H031-H033-P016,Asgard海底DNA先识别,KP-CN01-1045,RB-CN01-0150,A1,是,R1,covered
07_线粒体和叶绿体/整合教材.md:2678 / EN01-H031-H033-P009；07_线粒体和叶绿体/整合教材.md:2682 / EN01-H031-H033-P011；07_线粒体和叶绿体/整合教材.md:2692 / EN01-H031-H033-P016,深海沉积厌氧模拟生物反应器,KP-CN01-1046,RB-CN01-0150,A1,是,R1,covered
07_线粒体和叶绿体/整合教材.md:2678 / EN01-H031-H033-P009；07_线粒体和叶绿体/整合教材.md:2682 / EN01-H031-H033-P011；07_线粒体和叶绿体/整合教材.md:2692 / EN01-H031-H033-P016,维持超过2000天,KP-CN01-1047,RB-CN01-0150,A1,是,R1,covered
07_线粒体和叶绿体/整合教材.md:2678 / EN01-H031-H033-P009；07_线粒体和叶绿体/整合教材.md:2682 / EN01-H031-H033-P011；07_线粒体和叶绿体/整合教材.md:2692 / EN01-H031-H033-P016,多条件反复传代约12年分离,KP-CN01-1048,RB-CN01-0150,A1,是,R1,covered
07_线粒体和叶绿体/整合教材.md:2678 / EN01-H031-H033-P009；07_线粒体和叶绿体/整合教材.md:2682 / EN01-H031-H033-P011；07_线粒体和叶绿体/整合教材.md:2692 / EN01-H031-H033-P016,Asgard扫描电镜细胞体与膜突起,KP-CN01-1049,RB-CN01-0150,A2,是,R2,covered
07_线粒体和叶绿体/整合教材.md:2678 / EN01-H031-H033-P009；07_线粒体和叶绿体/整合教材.md:2682 / EN01-H031-H033-P011；07_线粒体和叶绿体/整合教材.md:2692 / EN01-H031-H033-P016,分支不分支及泡状突起,KP-CN01-1050,RB-CN01-0150,A2,是,R2,covered
07_线粒体和叶绿体/整合教材.md:2678 / EN01-H031-H033-P009；07_线粒体和叶绿体/整合教材.md:2682 / EN01-H031-H033-P011；07_线粒体和叶绿体/整合教材.md:2692 / EN01-H031-H033-P016,Asgard图1-26的1微米标尺,KP-CN01-1051,RB-CN01-0150,A2,是,R2,covered
07_线粒体和叶绿体/整合教材.md:2678 / EN01-H031-H033-P009；07_线粒体和叶绿体/整合教材.md:2682 / EN01-H031-H033-P011；07_线粒体和叶绿体/整合教材.md:2692 / EN01-H031-H033-P016,一细菌一古菌体外共生伙伴,KP-CN01-1052,RB-CN01-0150,A2,是,R2,covered
07_线粒体和叶绿体/整合教材.md:2678 / EN01-H031-H033-P009；07_线粒体和叶绿体/整合教材.md:2682 / EN01-H031-H033-P011；07_线粒体和叶绿体/整合教材.md:2692 / EN01-H031-H033-P016,Asgard20天与E.coli约半小时倍增对照,KP-CN01-1053,RB-CN01-0150,A2,是,R2,covered
07_线粒体和叶绿体/整合教材.md:2678 / EN01-H031-H033-P009；07_线粒体和叶绿体/整合教材.md:2682 / EN01-H031-H033-P011；07_线粒体和叶绿体/整合教材.md:2694 / EN01-H031-H033-P017,Asgard实际观察与祖先捕获模型的证据强度区别,KP-CN01-1054,RB-CN01-0150,A3,是,R3,covered
07_线粒体和叶绿体/整合教材.md:2682 / EN01-H031-H033-P011；07_线粒体和叶绿体/整合教材.md:2690 / EN01-H031-H033-P015；07_线粒体和叶绿体/整合教材.md:2694 / EN01-H031-H033-P017,模型Asgard样古菌与需氧体外细菌,KP-CN01-1055,RB-CN01-0151,A1,是,R1,covered
07_线粒体和叶绿体/整合教材.md:2682 / EN01-H031-H033-P011；07_线粒体和叶绿体/整合教材.md:2690 / EN01-H031-H033-P015；07_线粒体和叶绿体/整合教材.md:2694 / EN01-H031-H033-P017,突起扩展包围与融合封入胞质,KP-CN01-1056,RB-CN01-0151,A1,是,R1,covered
07_线粒体和叶绿体/整合教材.md:2682 / EN01-H031-H033-P011；07_线粒体和叶绿体/整合教材.md:2690 / EN01-H031-H033-P015；07_线粒体和叶绿体/整合教材.md:2694 / EN01-H031-H033-P017,细菌原有膜与古菌额外包围膜,KP-CN01-1057,RB-CN01-0151,A1,是,R1,covered
07_线粒体和叶绿体/整合教材.md:2690 / EN01-H031-H033-P015；07_线粒体和叶绿体/整合教材.md:2694 / EN01-H031-H033-P017,内共生者逃出古菌包围膜到胞质溶胶,KP-CN01-1058,RB-CN01-0151,A2,是,R2,covered
07_线粒体和叶绿体/整合教材.md:2690 / EN01-H031-H033-P015；07_线粒体和叶绿体/整合教材.md:2694 / EN01-H031-H033-P017,线粒体DNA膜源自捕获细菌,KP-CN01-1059,RB-CN01-0151,A2,是,R2,covered
07_线粒体和叶绿体/整合教材.md:2690 / EN01-H031-H033-P015；07_线粒体和叶绿体/整合教材.md:2694 / EN01-H031-H033-P017,模型内膜形成核与ER,KP-CN01-1060,RB-CN01-0151,A2,是,R2,covered
07_线粒体和叶绿体/整合教材.md:2690 / EN01-H031-H033-P015；07_线粒体和叶绿体/整合教材.md:2694 / EN01-H031-H033-P017,图1-27红古菌DNA与橙细菌DNA编码,KP-CN01-1061,RB-CN01-0151,A2,是,R2,covered
07_线粒体和叶绿体/整合教材.md:2682 / EN01-H031-H033-P011；07_线粒体和叶绿体/整合教材.md:2694 / EN01-H031-H033-P017,图1-27可能模型的全过程限定,KP-CN01-1062,RB-CN01-0151,A3,是,R3,covered
07_线粒体和叶绿体/整合教材.md:2684 / EN01-H031-H033-P012；07_线粒体和叶绿体/整合教材.md:2686 / EN01-H031-H033-P013；07_线粒体和叶绿体/整合教材.md:2696 / EN01-H031-H033-P018；07_线粒体和叶绿体/整合教材.md:2698 / EN01-H031-H033-P019；01_绪论/整合教材.md:939 / EN01-H034-H038-P032,叶绿体光合作用原料产物,KP-CN01-1063,RB-CN01-0152,A1,是,R1,covered
07_线粒体和叶绿体/整合教材.md:2684 / EN01-H031-H033-P012；07_线粒体和叶绿体/整合教材.md:2686 / EN01-H031-H033-P013；07_线粒体和叶绿体/整合教材.md:2696 / EN01-H031-H033-P018；07_线粒体和叶绿体/整合教材.md:2698 / EN01-H031-H033-P019；01_绪论/整合教材.md:939 / EN01-H034-H038-P032,叶绿体双膜自有环状基因组分裂,KP-CN01-1064,RB-CN01-0152,A1,是,R1,covered
07_线粒体和叶绿体/整合教材.md:2684 / EN01-H031-H033-P012；07_线粒体和叶绿体/整合教材.md:2686 / EN01-H031-H033-P013；07_线粒体和叶绿体/整合教材.md:2696 / EN01-H031-H033-P018；07_线粒体和叶绿体/整合教材.md:2698 / EN01-H031-H033-P019；01_绪论/整合教材.md:939 / EN01-H034-H038-P032,光合细菌内共生来源,KP-CN01-1065,RB-CN01-0152,A1,是,R1,covered
07_线粒体和叶绿体/整合教材.md:2684 / EN01-H031-H033-P012；07_线粒体和叶绿体/整合教材.md:2686 / EN01-H031-H033-P013；07_线粒体和叶绿体/整合教材.md:2696 / EN01-H031-H033-P018；07_线粒体和叶绿体/整合教材.md:2698 / EN01-H031-H033-P019；01_绪论/整合教材.md:939 / EN01-H034-H038-P032,叶绿体宿主已含线粒体的先后关系,KP-CN01-1066,RB-CN01-0152,A1,是,R1,covered
07_线粒体和叶绿体/整合教材.md:2684 / EN01-H031-H033-P012；07_线粒体和叶绿体/整合教材.md:2686 / EN01-H031-H033-P013；07_线粒体和叶绿体/整合教材.md:2696 / EN01-H031-H033-P018；07_线粒体和叶绿体/整合教材.md:2698 / EN01-H031-H033-P019；01_绪论/整合教材.md:939 / EN01-H034-H038-P032,吞噬捕获的可能限定,KP-CN01-1067,RB-CN01-0152,A1,是,R1,covered
07_线粒体和叶绿体/整合教材.md:2696 / EN01-H031-H033-P018；07_线粒体和叶绿体/整合教材.md:2698 / EN01-H031-H033-P019；01_绪论/整合教材.md:939 / EN01-H034-H038-P032,图1-28叶细胞光镜绿色叶绿体,KP-CN01-1068,RB-CN01-0152,A2,是,R2,covered
07_线粒体和叶绿体/整合教材.md:2696 / EN01-H031-H033-P018；07_线粒体和叶绿体/整合教材.md:2698 / EN01-H031-H033-P019；01_绪论/整合教材.md:939 / EN01-H034-H038-P032,图1-28A的10微米标尺,KP-CN01-1069,RB-CN01-0152,A2,是,R2,covered
07_线粒体和叶绿体/整合教材.md:2696 / EN01-H031-H033-P018；07_线粒体和叶绿体/整合教材.md:2698 / EN01-H031-H033-P019；01_绪论/整合教材.md:939 / EN01-H034-H038-P032,叶绿体外内包膜与内部折叠膜区别,KP-CN01-1070,RB-CN01-0152,A2,是,R2,covered
07_线粒体和叶绿体/整合教材.md:2696 / EN01-H031-H033-P018；07_线粒体和叶绿体/整合教材.md:2698 / EN01-H031-H033-P019；01_绪论/整合教材.md:939 / EN01-H034-H038-P032,叶绿素在内部膜吸光,KP-CN01-1071,RB-CN01-0152,A2,是,R2,covered
07_线粒体和叶绿体/整合教材.md:2688 / EN01-H031-H033-P014；07_线粒体和叶绿体/整合教材.md:2700 / EN01-H031-H033-P020；01_绪论/整合教材.md:839 / EN01-H000-H030-P186,单细胞真核猎手营养方式,KP-CN01-1072,RB-CN01-0153,A1,是,R1,covered
07_线粒体和叶绿体/整合教材.md:2688 / EN01-H031-H033-P014；07_线粒体和叶绿体/整合教材.md:2700 / EN01-H031-H033-P020；01_绪论/整合教材.md:839 / EN01-H000-H030-P186,植物继承叶绿体供养,KP-CN01-1073,RB-CN01-0153,A1,是,R1,covered
07_线粒体和叶绿体/整合教材.md:2688 / EN01-H031-H033-P014；07_线粒体和叶绿体/整合教材.md:2700 / EN01-H031-H033-P020；01_绪论/整合教材.md:839 / EN01-H000-H030-P186,植物有骨架而刚壁限制快变形吞噬,KP-CN01-1074,RB-CN01-0153,A1,是,R1,covered
07_线粒体和叶绿体/整合教材.md:2688 / EN01-H031-H033-P014；07_线粒体和叶绿体/整合教材.md:2700 / EN01-H031-H033-P020；01_绪论/整合教材.md:839 / EN01-H000-H030-P186,猎手到种植的教材类比,KP-CN01-1075,RB-CN01-0153,A1,是,R1,covered
07_线粒体和叶绿体/整合教材.md:2700 / EN01-H031-H033-P020,真菌有线粒体无叶绿体,KP-CN01-1076,RB-CN01-0153,A2,是,R2,covered
07_线粒体和叶绿体/整合教材.md:2700 / EN01-H031-H033-P020,真菌坚壁限制运动吞噬,KP-CN01-1077,RB-CN01-0153,A2,是,R2,covered
07_线粒体和叶绿体/整合教材.md:2700 / EN01-H031-H033-P020,真菌用分泌或死后释放养分,KP-CN01-1078,RB-CN01-0153,A2,是,R2,covered
07_线粒体和叶绿体/整合教材.md:2700 / EN01-H031-H033-P020,真菌分泌消化酶胞外消化,KP-CN01-1079,RB-CN01-0153,A2,是,R2,covered
07_线粒体和叶绿体/整合教材.md:2700 / EN01-H031-H033-P020,拾食者类比范围,KP-CN01-1080,RB-CN01-0153,A2,是,R2,covered
07_线粒体和叶绿体/整合教材.md:2702 / EN01-H031-H033-P021；07_线粒体和叶绿体/整合教材.md:2704 / EN01-H031-H033-P022；07_线粒体和叶绿体/整合教材.md:2710 / EN01-H031-H033-P025,真核古菌细菌混合遗传来源,KP-CN01-1081,RB-CN01-0154,A1,是,R1,covered
07_线粒体和叶绿体/整合教材.md:2702 / EN01-H031-H033-P021；07_线粒体和叶绿体/整合教材.md:2704 / EN01-H031-H033-P022；07_线粒体和叶绿体/整合教材.md:2710 / EN01-H031-H033-P025,大多数核DNA少量细胞器DNA,KP-CN01-1082,RB-CN01-0154,A1,是,R1,covered
07_线粒体和叶绿体/整合教材.md:2702 / EN01-H031-H033-P021；07_线粒体和叶绿体/整合教材.md:2704 / EN01-H031-H033-P022；07_线粒体和叶绿体/整合教材.md:2710 / EN01-H031-H033-P025,分别测序表明细胞器为细菌基因组缩减版本,KP-CN01-1083,RB-CN01-0154,A1,是,R1,covered
07_线粒体和叶绿体/整合教材.md:2710 / EN01-H031-H033-P025；07_线粒体和叶绿体/整合教材.md:2712 / EN01-H031-H033-P026,人线粒体16569核苷酸对,KP-CN01-1084,RB-CN01-0154,A2,是,R2,covered
07_线粒体和叶绿体/整合教材.md:2710 / EN01-H031-H033-P025；07_线粒体和叶绿体/整合教材.md:2712 / EN01-H031-H033-P026,人线粒体13蛋白基因,KP-CN01-1085,RB-CN01-0154,A2,是,R2,covered
07_线粒体和叶绿体/整合教材.md:2710 / EN01-H031-H033-P025；07_线粒体和叶绿体/整合教材.md:2712 / EN01-H031-H033-P026,人线粒体24参与蛋白合成RNA,KP-CN01-1086,RB-CN01-0154,A2,是,R2,covered
07_线粒体和叶绿体/整合教材.md:2710 / EN01-H031-H033-P025；07_线粒体和叶绿体/整合教材.md:2712 / EN01-H031-H033-P026,细胞器基因转移核而非全部丢失,KP-CN01-1087,RB-CN01-0154,A2,是,R2,covered
07_线粒体和叶绿体/整合教材.md:2710 / EN01-H031-H033-P025；07_线粒体和叶绿体/整合教材.md:2712 / EN01-H031-H033-P026,核编码线粒体叶绿体必需蛋白,KP-CN01-1088,RB-CN01-0154,A2,是,R2,covered
07_线粒体和叶绿体/整合教材.md:2710 / EN01-H031-H033-P025；07_线粒体和叶绿体/整合教材.md:2712 / EN01-H031-H033-P026,核内相关基因细菌来源序列证据,KP-CN01-1089,RB-CN01-0154,A2,是,R2,covered
07_线粒体和叶绿体/整合教材.md:2706 / EN01-H031-H033-P023；07_线粒体和叶绿体/整合教材.md:2708 / EN01-H031-H033-P024,图1-29时间方向,KP-CN01-1090,RB-CN01-0155,A1,是,R1,covered
07_线粒体和叶绿体/整合教材.md:2706 / EN01-H031-H033-P023；07_线粒体和叶绿体/整合教材.md:2708 / EN01-H031-H033-P024,LUCA约35至38亿年前估计,KP-CN01-1091,RB-CN01-0155,A1,是,R1,covered
07_线粒体和叶绿体/整合教材.md:2706 / EN01-H031-H033-P023；07_线粒体和叶绿体/整合教材.md:2708 / EN01-H031-H033-P024,古菌与需氧菌共生形成真核,KP-CN01-1092,RB-CN01-0155,A1,是,R1,covered
07_线粒体和叶绿体/整合教材.md:2706 / EN01-H031-H033-P023；07_线粒体和叶绿体/整合教材.md:2708 / EN01-H031-H033-P024,线粒体跨接为细菌贡献非单一垂直谱系,KP-CN01-1093,RB-CN01-0155,A1,是,R1,covered
07_线粒体和叶绿体/整合教材.md:2706 / EN01-H031-H033-P023；07_线粒体和叶绿体/整合教材.md:2708 / EN01-H031-H033-P024,植物动物真菌线粒体相同支持早期取得,KP-CN01-1094,RB-CN01-0155,A2,是,R2,covered
07_线粒体和叶绿体/整合教材.md:2706 / EN01-H031-H033-P023；07_线粒体和叶绿体/整合教材.md:2708 / EN01-H031-H033-P024,三真核谱系约15亿年前分化,KP-CN01-1095,RB-CN01-0155,A2,是,R2,covered
07_线粒体和叶绿体/整合教材.md:2706 / EN01-H031-H033-P023；07_线粒体和叶绿体/整合教材.md:2708 / EN01-H031-H033-P024,后续光合细菌贡献叶绿体,KP-CN01-1096,RB-CN01-0155,A2,是,R2,covered
07_线粒体和叶绿体/整合教材.md:2706 / EN01-H031-H033-P023；07_线粒体和叶绿体/整合教材.md:2708 / EN01-H031-H033-P024,现生细菌古菌谱系继续存在,KP-CN01-1097,RB-CN01-0155,A2,是,R2,covered
01_绪论/整合教材.md:877 / EN01-H034-H038-P001；01_绪论/整合教材.md:879 / EN01-H034-H038-P002,线粒体小基因组与核基因组扩张对照,KP-CN01-1098,RB-CN01-0156,A1,是,R1,covered
01_绪论/整合教材.md:877 / EN01-H034-H038-P001；01_绪论/整合教材.md:879 / EN01-H034-H038-P002,捕食细胞尺寸优势为可能解释,KP-CN01-1099,RB-CN01-0156,A1,是,R1,covered
01_绪论/整合教材.md:877 / EN01-H034-H038-P001；01_绪论/整合教材.md:879 / EN01-H034-H038-P002,细胞大小与基因组大小一般关联,KP-CN01-1100,RB-CN01-0156,A1,是,R1,covered
01_绪论/整合教材.md:877 / EN01-H034-H038-P001；01_绪论/整合教材.md:879 / EN01-H034-H038-P002,多数真核DNA数百倍及限定,KP-CN01-1101,RB-CN01-0156,A1,是,R1,covered
01_绪论/整合教材.md:881 / EN01-H034-H038-P003；01_绪论/整合教材.md:941 / EN01-H034-H038-P033,人对E.coliDNA约700倍,KP-CN01-1102,RB-CN01-0156,A2,是,R2,covered
01_绪论/整合教材.md:881 / EN01-H034-H038-P003；01_绪论/整合教材.md:941 / EN01-H034-H038-P033,人对E.coli蛋白编码基因约4.5倍,KP-CN01-1103,RB-CN01-0156,A2,是,R2,covered
01_绪论/整合教材.md:881 / EN01-H034-H038-P003；01_绪论/整合教材.md:941 / EN01-H034-H038-P033,人非蛋白编码98.5%,KP-CN01-1104,RB-CN01-0156,A2,是,R2,covered
01_绪论/整合教材.md:881 / EN01-H034-H038-P003；01_绪论/整合教材.md:941 / EN01-H034-H038-P033,E.coli非蛋白编码11%,KP-CN01-1105,RB-CN01-0156,A2,是,R2,covered
01_绪论/整合教材.md:881 / EN01-H034-H038-P003；01_绪论/整合教材.md:941 / EN01-H034-H038-P033,真核通常蛋白编码基因3至8倍,KP-CN01-1106,RB-CN01-0156,A2,是,R2,covered
01_绪论/整合教材.md:881 / EN01-H034-H038-P003；01_绪论/整合教材.md:941 / EN01-H034-H038-P033,真核非编码DNA常约1000倍,KP-CN01-1107,RB-CN01-0156,A2,是,R2,covered
01_绪论/整合教材.md:887 / EN01-H034-H038-P006；01_绪论/整合教材.md:889 / EN01-H034-H038-P007,图1-30单倍体核苷酸对单位,KP-CN01-1108,RB-CN01-0157,A1,是,R1,covered
01_绪论/整合教材.md:887 / EN01-H034-H038-P006；01_绪论/整合教材.md:889 / EN01-H034-H038-P007,10的5次方至10的12次方对数轴,KP-CN01-1109,RB-CN01-0157,A1,是,R1,covered
01_绪论/整合教材.md:887 / EN01-H034-H038-P006；01_绪论/整合教材.md:889 / EN01-H034-H038-P007,单倍体一个副本定义,KP-CN01-1110,RB-CN01-0157,A1,是,R1,covered
01_绪论/整合教材.md:887 / EN01-H034-H038-P006；01_绪论/整合教材.md:889 / EN01-H034-H038-P007,通常二倍体两个亲代副本,KP-CN01-1111,RB-CN01-0157,A1,是,R1,covered
01_绪论/整合教材.md:887 / EN01-H034-H038-P006；01_绪论/整合教材.md:889 / EN01-H034-H038-P007,绿色条类群基因组范围,KP-CN01-1112,RB-CN01-0157,A2,是,R2,covered
01_绪论/整合教材.md:887 / EN01-H034-H038-P006；01_绪论/整合教材.md:889 / EN01-H034-H038-P007,黄色标记代表物种位置,KP-CN01-1113,RB-CN01-0157,A2,是,R2,covered
01_绪论/整合教材.md:887 / EN01-H034-H038-P006；01_绪论/整合教材.md:889 / EN01-H034-H038-P007,近缘生物DNA量多变而基因数可相似,KP-CN01-1114,RB-CN01-0157,A2,是,R2,covered
01_绪论/整合教材.md:887 / EN01-H034-H038-P006；01_绪论/整合教材.md:889 / EN01-H034-H038-P007,宽范围原生生物植物藻类两栖鱼类,KP-CN01-1115,RB-CN01-0157,A2,是,R2,covered
01_绪论/整合教材.md:887 / EN01-H034-H038-P006；01_绪论/整合教材.md:889 / EN01-H034-H038-P007,某些阿米巴DNA量高于人,KP-CN01-1116,RB-CN01-0157,A2,是,R2,covered
01_绪论/整合教材.md:887 / EN01-H034-H038-P006；01_绪论/整合教材.md:889 / EN01-H034-H038-P007,DNA量不直接等于多细胞复杂性,KP-CN01-1117,RB-CN01-0157,A2,是,R2,covered
01_绪论/整合教材.md:887 / EN01-H034-H038-P006；01_绪论/整合教材.md:889 / EN01-H034-H038-P007,细菌E.coli基因组代表,KP-CN01-1118,RB-CN01-0158,A1,是,R1,covered
01_绪论/整合教材.md:887 / EN01-H034-H038-P006；01_绪论/整合教材.md:889 / EN01-H034-H038-P007,古菌Halobacterium代表,KP-CN01-1119,RB-CN01-0158,A1,是,R1,covered
01_绪论/整合教材.md:887 / EN01-H034-H038-P006；01_绪论/整合教材.md:889 / EN01-H034-H038-P007,原生动物疟原虫与amoeba代表,KP-CN01-1120,RB-CN01-0158,A1,是,R1,covered
01_绪论/整合教材.md:887 / EN01-H034-H038-P006；01_绪论/整合教材.md:889 / EN01-H034-H038-P007,真菌酿酒酵母代表,KP-CN01-1121,RB-CN01-0158,A1,是,R1,covered
01_绪论/整合教材.md:887 / EN01-H034-H038-P006；01_绪论/整合教材.md:889 / EN01-H034-H038-P007,植物藻类拟南芥与小麦代表,KP-CN01-1122,RB-CN01-0158,A1,是,R1,covered
01_绪论/整合教材.md:887 / EN01-H034-H038-P006；01_绪论/整合教材.md:889 / EN01-H034-H038-P007,线虫Caenorhabditis代表,KP-CN01-1123,RB-CN01-0158,A2,是,R2,covered
01_绪论/整合教材.md:887 / EN01-H034-H038-P006；01_绪论/整合教材.md:889 / EN01-H034-H038-P007,甲壳昆虫Drosophila和shrimp代表,KP-CN01-1124,RB-CN01-0158,A2,是,R2,covered
01_绪论/整合教材.md:887 / EN01-H034-H038-P006；01_绪论/整合教材.md:889 / EN01-H034-H038-P007,两栖鱼zebrafish frog newt代表,KP-CN01-1125,RB-CN01-0158,A2,是,R2,covered
01_绪论/整合教材.md:887 / EN01-H034-H038-P006；01_绪论/整合教材.md:889 / EN01-H034-H038-P007,哺乳鸟爬行类human代表,KP-CN01-1126,RB-CN01-0158,A2,是,R2,covered
01_绪论/整合教材.md:887 / EN01-H034-H038-P006；01_绪论/整合教材.md:889 / EN01-H034-H038-P007,范围代表与蛋白基因数区别,KP-CN01-1127,RB-CN01-0158,A2,是,R2,covered
01_绪论/整合教材.md:891 / EN01-H034-H038-P008,E.coli460万对与4300蛋白基因,KP-CN01-1128,RB-CN01-0159,A1,是,R1,covered
01_绪论/整合教材.md:891 / EN01-H034-H038-P008,酵母1250万对与6600蛋白基因,KP-CN01-1129,RB-CN01-0159,A1,是,R1,covered
01_绪论/整合教材.md:891 / EN01-H034-H038-P008,线虫1亿对与20000蛋白基因,KP-CN01-1130,RB-CN01-0159,A1,是,R1,covered
01_绪论/整合教材.md:891 / EN01-H034-H038-P008,拟南芥1.35亿对与27000蛋白基因,KP-CN01-1131,RB-CN01-0159,A1,是,R1,covered
01_绪论/整合教材.md:891 / EN01-H034-H038-P008,基因组核苷酸对和蛋白基因数单位区别,KP-CN01-1132,RB-CN01-0159,A1,是,R1,covered
01_绪论/整合教材.md:891 / EN01-H034-H038-P008,表1-2高度重复非编码DNA估计脚注,KP-CN01-1133,RB-CN01-0159,A2,是,R2,covered
01_绪论/整合教材.md:891 / EN01-H034-H038-P008,蛋白基因数不包括功能RNA基因,KP-CN01-1134,RB-CN01-0159,A2,是,R2,covered
01_绪论/整合教材.md:891 / EN01-H034-H038-P008,表1-2版本近似数值限定,KP-CN01-1135,RB-CN01-0159,A2,是,R2,covered
01_绪论/整合教材.md:891 / EN01-H034-H038-P008,果蝇1.8亿对14000蛋白基因,KP-CN01-1136,RB-CN01-0160,A1,是,R1,covered
01_绪论/整合教材.md:891 / EN01-H034-H038-P008,斑马鱼14亿对26000蛋白基因,KP-CN01-1137,RB-CN01-0160,A1,是,R1,covered
01_绪论/整合教材.md:891 / EN01-H034-H038-P008,小鼠28亿对20000蛋白基因,KP-CN01-1138,RB-CN01-0160,A1,是,R1,covered
01_绪论/整合教材.md:891 / EN01-H034-H038-P008,人31亿对20000蛋白基因,KP-CN01-1139,RB-CN01-0160,A1,是,R1,covered
01_绪论/整合教材.md:881 / EN01-H034-H038-P003；01_绪论/整合教材.md:891 / EN01-H034-H038-P008,人鼠相近基因数而DNA不同,KP-CN01-1140,RB-CN01-0160,A2,是,R2,covered
01_绪论/整合教材.md:881 / EN01-H034-H038-P003；01_绪论/整合教材.md:891 / EN01-H034-H038-P008,拟南芥DNA少于人而蛋白基因较多,KP-CN01-1141,RB-CN01-0160,A2,是,R2,covered
01_绪论/整合教材.md:881 / EN01-H034-H038-P003；01_绪论/整合教材.md:891 / EN01-H034-H038-P008,DNA量蛋白基因数复杂性三者区别,KP-CN01-1142,RB-CN01-0160,A2,是,R2,covered
01_绪论/整合教材.md:883 / EN01-H034-H038-P004；01_绪论/整合教材.md:885 / EN01-H034-H038-P005；01_绪论/整合教材.md:893 / EN01-H034-H038-P009；01_绪论/整合教材.md:941 / EN01-H034-H038-P033,部分非蛋白编码DNA可能不必需的限定,KP-CN01-1143,RB-CN01-0161,A1,是,R1,covered
01_绪论/整合教材.md:883 / EN01-H034-H038-P004；01_绪论/整合教材.md:885 / EN01-H034-H038-P005；01_绪论/整合教材.md:893 / EN01-H034-H038-P009；01_绪论/整合教材.md:941 / EN01-H034-H038-P033,保持小基因组压力弱与保留解释,KP-CN01-1144,RB-CN01-0161,A1,是,R1,covered
01_绪论/整合教材.md:883 / EN01-H034-H038-P004；01_绪论/整合教材.md:885 / EN01-H034-H038-P005；01_绪论/整合教材.md:893 / EN01-H034-H038-P009；01_绪论/整合教材.md:941 / EN01-H034-H038-P033,不能泛化全部非编码无功能,KP-CN01-1145,RB-CN01-0161,A1,是,R1,covered
01_绪论/整合教材.md:893 / EN01-H034-H038-P009；01_绪论/整合教材.md:895 / EN01-H034-H038-P010,河豚减少非蛋白DNA而结构行为适合度近似,KP-CN01-1146,RB-CN01-0161,A2,是,R2,covered
01_绪论/整合教材.md:893 / EN01-H034-H038-P009；01_绪论/整合教材.md:895 / EN01-H034-H038-P010,紧凑河豚仍非蛋白编码多于蛋白编码,KP-CN01-1147,RB-CN01-0161,A2,是,R2,covered
01_绪论/整合教材.md:893 / EN01-H034-H038-P009；01_绪论/整合教材.md:895 / EN01-H034-H038-P010,至少部分非编码DNA有重要调控作用,KP-CN01-1148,RB-CN01-0161,A2,是,R2,covered
01_绪论/整合教材.md:893 / EN01-H034-H038-P009；01_绪论/整合教材.md:895 / EN01-H034-H038-P010,基因表达时空调控与多细胞不同功能,KP-CN01-1149,RB-CN01-0161,A2,是,R2,covered
01_绪论/整合教材.md:897 / EN01-H034-H038-P011；01_绪论/整合教材.md:899 / EN01-H034-H038-P012,多细胞不同细胞共同受精卵来源,KP-CN01-1150,RB-CN01-0162,A1,是,R1,covered
01_绪论/整合教材.md:897 / EN01-H034-H038-P011；01_绪论/整合教材.md:899 / EN01-H034-H038-P012,同个体通常相同基因组及少数例外,KP-CN01-1151,RB-CN01-0162,A1,是,R1,covered
01_绪论/整合教材.md:901 / EN01-H034-H038-P013；01_绪论/整合教材.md:913 / EN01-H034-H038-P019,发育经历环境信号选择性用基因,KP-CN01-1152,RB-CN01-0162,A2,是,R2,covered
01_绪论/整合教材.md:901 / EN01-H034-H038-P013；01_绪论/整合教材.md:913 / EN01-H034-H038-P019,基因组整体信息而单细胞局部调用,KP-CN01-1153,RB-CN01-0162,A2,是,R2,covered
01_绪论/整合教材.md:901 / EN01-H034-H038-P013；01_绪论/整合教材.md:913 / EN01-H034-H038-P019,细胞主动交换邻居信号,KP-CN01-1154,RB-CN01-0162,A2,是,R2,covered
01_绪论/整合教材.md:901 / EN01-H034-H038-P013；01_绪论/整合教材.md:913 / EN01-H034-H038-P019,位置消息与内控形成精确细胞类型图式,KP-CN01-1155,RB-CN01-0162,A2,是,R2,covered
01_绪论/整合教材.md:905 / EN01-H034-H038-P015；01_绪论/整合教材.md:907 / EN01-H034-H038-P016,图1-31神经元与中性粒细胞同尺度,KP-CN01-1156,RB-CN01-0163,A1,是,R1,covered
01_绪论/整合教材.md:905 / EN01-H034-H038-P015；01_绪论/整合教材.md:907 / EN01-H034-H038-P016,图1-31的25微米标尺,KP-CN01-1157,RB-CN01-0163,A1,是,R1,covered
01_绪论/整合教材.md:905 / EN01-H034-H038-P015；01_绪论/整合教材.md:907 / EN01-H034-H038-P016,神经元广分支与中性粒细胞紧凑形态,KP-CN01-1158,RB-CN01-0163,A1,是,R1,covered
01_绪论/整合教材.md:899 / EN01-H034-H038-P012；01_绪论/整合教材.md:901 / EN01-H034-H038-P013；01_绪论/整合教材.md:905 / EN01-H034-H038-P015；01_绪论/整合教材.md:907 / EN01-H034-H038-P016,神经元中性粒细胞差异表达而非必然基因组不同,KP-CN01-1159,RB-CN01-0163,A2,是,R2,covered
01_绪论/整合教材.md:899 / EN01-H034-H038-P012；01_绪论/整合教材.md:901 / EN01-H034-H038-P013；01_绪论/整合教材.md:905 / EN01-H034-H038-P015；01_绪论/整合教材.md:907 / EN01-H034-H038-P016,形态图本身不能测定基因组同一,KP-CN01-1160,RB-CN01-0163,A2,是,R2,covered
01_绪论/整合教材.md:895 / EN01-H034-H038-P010；01_绪论/整合教材.md:903 / EN01-H034-H038-P014,真核许多调控基因编码调控蛋白,KP-CN01-1161,RB-CN01-0164,A1,是,R1,covered
01_绪论/整合教材.md:895 / EN01-H034-H038-P010；01_绪论/整合教材.md:903 / EN01-H034-H038-P014,多数转录调节因子直接间接结合调控DNA,KP-CN01-1162,RB-CN01-0164,A1,是,R1,covered
01_绪论/整合教材.md:895 / EN01-H034-H038-P010；01_绪论/整合教材.md:903 / EN01-H034-H038-P014,调控哪些基因和表达水平,KP-CN01-1163,RB-CN01-0164,A1,是,R1,covered
01_绪论/整合教材.md:901 / EN01-H034-H038-P013；01_绪论/整合教材.md:903 / EN01-H034-H038-P014；01_绪论/整合教材.md:913 / EN01-H034-H038-P019；01_绪论/整合教材.md:941 / EN01-H034-H038-P033,noncoding RNA不翻译而调表达,KP-CN01-1164,RB-CN01-0164,A2,是,R2,covered
01_绪论/整合教材.md:901 / EN01-H034-H038-P013；01_绪论/整合教材.md:903 / EN01-H034-H038-P014；01_绪论/整合教材.md:913 / EN01-H034-H038-P019；01_绪论/整合教材.md:941 / EN01-H034-H038-P033,硬件与软件基因组类比,KP-CN01-1165,RB-CN01-0164,A2,是,R2,covered
01_绪论/整合教材.md:901 / EN01-H034-H038-P013；01_绪论/整合教材.md:903 / EN01-H034-H038-P014；01_绪论/整合教材.md:913 / EN01-H034-H038-P019；01_绪论/整合教材.md:941 / EN01-H034-H038-P033,不同细胞并非同时制造全部编码产物,KP-CN01-1166,RB-CN01-0164,A2,是,R2,covered
01_绪论/整合教材.md:909 / EN01-H034-H038-P017；01_绪论/整合教材.md:911 / EN01-H034-H038-P018,金鱼草Antirrhinum发育例子,KP-CN01-1167,RB-CN01-0165,A1,是,R1,covered
01_绪论/整合教材.md:909 / EN01-H034-H038-P017；01_绪论/整合教材.md:911 / EN01-H034-H038-P018,左单调控基因突变与右正常对照,KP-CN01-1168,RB-CN01-0165,A1,是,R1,covered
01_绪论/整合教材.md:909 / EN01-H034-H038-P017；01_绪论/整合教材.md:911 / EN01-H034-H038-P018,原花位置长叶状枝条观察,KP-CN01-1169,RB-CN01-0165,A1,是,R1,covered
01_绪论/整合教材.md:903 / EN01-H034-H038-P014；01_绪论/整合教材.md:911 / EN01-H034-H038-P018；01_绪论/整合教材.md:913 / EN01-H034-H038-P019,调控蛋白变化导致不同位置细胞身份,KP-CN01-1170,RB-CN01-0165,A2,是,R2,covered
01_绪论/整合教材.md:903 / EN01-H034-H038-P014；01_绪论/整合教材.md:911 / EN01-H034-H038-P018；01_绪论/整合教材.md:913 / EN01-H034-H038-P019,单调控基因可影响器官发育程序,KP-CN01-1171,RB-CN01-0165,A2,是,R2,covered
01_绪论/整合教材.md:903 / EN01-H034-H038-P014；01_绪论/整合教材.md:911 / EN01-H034-H038-P018；01_绪论/整合教材.md:913 / EN01-H034-H038-P019,金鱼草例子的未给基因方法限制,KP-CN01-1172,RB-CN01-0165,A2,是,R2,covered
01_绪论/整合教材.md:915 / EN01-H034-H038-P020；01_绪论/整合教材.md:917 / EN01-H034-H038-P021,单细胞真核猎食光合拾食策略,KP-CN01-1173,RB-CN01-0166,A1,是,R1,covered
01_绪论/整合教材.md:915 / EN01-H034-H038-P020；01_绪论/整合教材.md:917 / EN01-H034-H038-P021,感觉刚毛和光感受器,KP-CN01-1174,RB-CN01-0166,A1,是,R1,covered
01_绪论/整合教材.md:915 / EN01-H034-H038-P020；01_绪论/整合教材.md:917 / EN01-H034-H038-P021,摆动纤毛和腿样附属物,KP-CN01-1175,RB-CN01-0166,A1,是,R1,covered
01_绪论/整合教材.md:915 / EN01-H034-H038-P020；01_绪论/整合教材.md:917 / EN01-H034-H038-P021,口部刺射器和肌肉样收缩束,KP-CN01-1176,RB-CN01-0166,A1,是,R1,covered
01_绪论/整合教材.md:915 / EN01-H034-H038-P020；01_绪论/整合教材.md:917 / EN01-H034-H038-P021,单细胞行为复杂性及跨种限定,KP-CN01-1177,RB-CN01-0166,A1,是,R1,covered
01_绪论/整合教材.md:919 / EN01-H034-H038-P022；01_绪论/整合教材.md:921 / EN01-H034-H038-P023,图1-33A C G纤毛虫,KP-CN01-1178,RB-CN01-0166,A2,是,R2,covered
01_绪论/整合教材.md:919 / EN01-H034-H038-P022；01_绪论/整合教材.md:921 / EN01-H034-H038-P023,图1-33B太阳虫,KP-CN01-1179,RB-CN01-0166,A2,是,R2,covered
01_绪论/整合教材.md:919 / EN01-H034-H038-P022；01_绪论/整合教材.md:921 / EN01-H034-H038-P023,图1-33D阿米巴,KP-CN01-1180,RB-CN01-0166,A2,是,R2,covered
01_绪论/整合教材.md:919 / EN01-H034-H038-P022；01_绪论/整合教材.md:921 / EN01-H034-H038-P023,图1-33E甲藻,KP-CN01-1181,RB-CN01-0166,A2,是,R2,covered
01_绪论/整合教材.md:919 / EN01-H034-H038-P022；01_绪论/整合教材.md:921 / EN01-H034-H038-P023,图1-33F裸藻,KP-CN01-1182,RB-CN01-0166,A2,是,R2,covered
01_绪论/整合教材.md:919 / EN01-H034-H038-P022；01_绪论/整合教材.md:921 / EN01-H034-H038-P023,各图比例不同而标尺同为10微米,KP-CN01-1183,RB-CN01-0166,A2,是,R2,covered
01_绪论/整合教材.md:919 / EN01-H034-H038-P022；01_绪论/整合教材.md:921 / EN01-H034-H038-P023,纸上尺寸不直接等于实际尺寸,KP-CN01-1184,RB-CN01-0166,A2,是,R2,covered
01_绪论/整合教材.md:919 / EN01-H034-H038-P024；01_绪论/整合教材.md:925 / EN01-H034-H038-P025；01_绪论/整合教材.md:927 / EN01-H034-H038-P026；01_绪论/整合教材.md:919 / EN01-H034-H038-P027；01_绪论/整合教材.md:931 / EN01-H034-H038-P028；01_绪论/整合教材.md:933 / EN01-H034-H038-P029,Didinium肉食纤毛虫,KP-CN01-1185,RB-CN01-0167,A1,是,R1,covered
01_绪论/整合教材.md:919 / EN01-H034-H038-P024；01_绪论/整合教材.md:925 / EN01-H034-H038-P025；01_绪论/整合教材.md:927 / EN01-H034-H038-P026；01_绪论/整合教材.md:919 / EN01-H034-H038-P027；01_绪论/整合教材.md:931 / EN01-H034-H038-P028；01_绪论/整合教材.md:933 / EN01-H034-H038-P029,本段protist定义范围,KP-CN01-1186,RB-CN01-0167,A1,是,R1,covered
01_绪论/整合教材.md:919 / EN01-H034-H038-P024；01_绪论/整合教材.md:925 / EN01-H034-H038-P025；01_绪论/整合教材.md:927 / EN01-H034-H038-P026；01_绪论/整合教材.md:919 / EN01-H034-H038-P027；01_绪论/整合教材.md:931 / EN01-H034-H038-P028；01_绪论/整合教材.md:933 / EN01-H034-H038-P029,约150微米球状体,KP-CN01-1187,RB-CN01-0167,A1,是,R1,covered
01_绪论/整合教材.md:919 / EN01-H034-H038-P024；01_绪论/整合教材.md:925 / EN01-H034-H038-P025；01_绪论/整合教材.md:927 / EN01-H034-H038-P026；01_绪论/整合教材.md:919 / EN01-H034-H038-P027；01_绪论/整合教材.md:931 / EN01-H034-H038-P028；01_绪论/整合教材.md:933 / EN01-H034-H038-P029,两圈纤毛与鼻样前端,KP-CN01-1188,RB-CN01-0167,A1,是,R1,covered
01_绪论/整合教材.md:919 / EN01-H034-H038-P024；01_绪论/整合教材.md:925 / EN01-H034-H038-P025；01_绪论/整合教材.md:927 / EN01-H034-H038-P026；01_绪论/整合教材.md:919 / EN01-H034-H038-P027；01_绪论/整合教材.md:931 / EN01-H034-H038-P028；01_绪论/整合教材.md:933 / EN01-H034-H038-P029,图1-34A的100微米标尺,KP-CN01-1189,RB-CN01-0167,A1,是,R1,covered
01_绪论/整合教材.md:925 / EN01-H034-H038-P025；01_绪论/整合教材.md:931 / EN01-H034-H038-P028；01_绪论/整合教材.md:933 / EN01-H034-H038-P029,同步纤毛驱动快速游动,KP-CN01-1190,RB-CN01-0167,A2,是,R2,covered
01_绪论/整合教材.md:925 / EN01-H034-H038-P025；01_绪论/整合教材.md:931 / EN01-H034-H038-P028；01_绪论/整合教材.md:933 / EN01-H034-H038-P029,遇合适猎物通常另一原生生物,KP-CN01-1191,RB-CN01-0167,A2,是,R2,covered
01_绪论/整合教材.md:925 / EN01-H034-H038-P025；01_绪论/整合教材.md:931 / EN01-H034-H038-P028；01_绪论/整合教材.md:933 / EN01-H034-H038-P029,鼻端麻痹刺射器,KP-CN01-1192,RB-CN01-0167,A2,是,R2,covered
01_绪论/整合教材.md:925 / EN01-H034-H038-P025；01_绪论/整合教材.md:931 / EN01-H034-H038-P028；01_绪论/整合教材.md:933 / EN01-H034-H038-P029,附着外翻吞噬近同大猎物,KP-CN01-1193,RB-CN01-0167,A2,是,R2,covered
01_绪论/整合教材.md:925 / EN01-H034-H038-P025；01_绪论/整合教材.md:931 / EN01-H034-H038-P028；01_绪论/整合教材.md:933 / EN01-H034-H038-P029,图B黄色为猎物假色,KP-CN01-1194,RB-CN01-0167,A2,是,R2,covered
01_绪论/整合教材.md:935 / EN01-H034-H038-P030；02_细胞生物学研究方法/整合教材.md:2655 / EN01-H039-H053-P003；02_细胞生物学研究方法/整合教材.md:2657 / EN01-H039-H053-P004,图1-35长度与基因组多样性,KP-CN01-1195,RB-CN01-0168,A1,是,R1,covered
01_绪论/整合教材.md:935 / EN01-H034-H038-P030；02_细胞生物学研究方法/整合教材.md:2655 / EN01-H039-H053-P003；02_细胞生物学研究方法/整合教材.md:2657 / EN01-H039-H053-P004,图1-35虚线不确定关系,KP-CN01-1196,RB-CN01-0168,A1,是,R1,covered
01_绪论/整合教材.md:935 / EN01-H034-H038-P030；02_细胞生物学研究方法/整合教材.md:2655 / EN01-H039-H053-P003；02_细胞生物学研究方法/整合教材.md:2657 / EN01-H039-H053-P004,动物植物间多单细胞含Excavates,KP-CN01-1197,RB-CN01-0168,A1,是,R1,covered
01_绪论/整合教材.md:935 / EN01-H034-H038-P030；02_细胞生物学研究方法/整合教材.md:2655 / EN01-H039-H053-P003；02_细胞生物学研究方法/整合教材.md:2657 / EN01-H039-H053-P004,多细胞性多次独立起源推断,KP-CN01-1198,RB-CN01-0168,A1,是,R1,covered
01_绪论/整合教材.md:935 / EN01-H034-H038-P030；02_细胞生物学研究方法/整合教材.md:2655 / EN01-H039-H053-P003；02_细胞生物学研究方法/整合教材.md:2657 / EN01-H039-H053-P004,单细胞真核演化多样性较动植物大,KP-CN01-1199,RB-CN01-0168,A2,是,R2,covered
01_绪论/整合教材.md:935 / EN01-H034-H038-P030；02_细胞生物学研究方法/整合教材.md:2655 / EN01-H039-H053-P003；02_细胞生物学研究方法/整合教材.md:2657 / EN01-H039-H053-P004,动植物较晚的谱系含义,KP-CN01-1200,RB-CN01-0168,A2,是,R2,covered
01_绪论/整合教材.md:935 / EN01-H034-H038-P030；02_细胞生物学研究方法/整合教材.md:2655 / EN01-H039-H053-P003；02_细胞生物学研究方法/整合教材.md:2657 / EN01-H039-H053-P004,DNA定位单细胞近亲研究多细胞起源,KP-CN01-1201,RB-CN01-0168,A2,是,R2,covered
01_绪论/整合教材.md:935 / EN01-H034-H038-P030；02_细胞生物学研究方法/整合教材.md:2655 / EN01-H039-H053-P003；02_细胞生物学研究方法/整合教材.md:2657 / EN01-H039-H053-P004,动物真菌同属图示Opisthokonts,KP-CN01-1202,RB-CN01-0168,A2,是,R2,covered
02_细胞生物学研究方法/整合教材.md:2655 / EN01-H039-H053-P003；02_细胞生物学研究方法/整合教材.md:2657 / EN01-H039-H053-P004,Haptophytes定鞭藻类分支,KP-CN01-1203,RB-CN01-0169,A1,是,R1,covered
02_细胞生物学研究方法/整合教材.md:2655 / EN01-H039-H053-P003；02_细胞生物学研究方法/整合教材.md:2657 / EN01-H039-H053-P004,Alveolates与ciliates,KP-CN01-1204,RB-CN01-0169,A1,是,R1,covered
02_细胞生物学研究方法/整合教材.md:2655 / EN01-H039-H053-P003；02_细胞生物学研究方法/整合教材.md:2657 / EN01-H039-H053-P004,Stramenopiles与diatoms,KP-CN01-1205,RB-CN01-0169,A1,是,R1,covered
02_细胞生物学研究方法/整合教材.md:2655 / EN01-H039-H053-P003；02_细胞生物学研究方法/整合教材.md:2657 / EN01-H039-H053-P004,Stramenopiles与oomycetes,KP-CN01-1206,RB-CN01-0169,A1,是,R1,covered
02_细胞生物学研究方法/整合教材.md:2655 / EN01-H039-H053-P003；02_细胞生物学研究方法/整合教材.md:2657 / EN01-H039-H053-P004,Rhizaria与foraminifera,KP-CN01-1207,RB-CN01-0169,A1,是,R1,covered
02_细胞生物学研究方法/整合教材.md:2655 / EN01-H039-H053-P003；02_细胞生物学研究方法/整合教材.md:2657 / EN01-H039-H053-P004,Amoebozoa与amoeba,KP-CN01-1208,RB-CN01-0169,A1,是,R1,covered
02_细胞生物学研究方法/整合教材.md:2655 / EN01-H039-H053-P003；02_细胞生物学研究方法/整合教材.md:2657 / EN01-H039-H053-P004,Amoebozoa与slime molds,KP-CN01-1209,RB-CN01-0169,A1,是,R1,covered
02_细胞生物学研究方法/整合教材.md:2655 / EN01-H039-H053-P003；02_细胞生物学研究方法/整合教材.md:2657 / EN01-H039-H053-P004,Excavates与Euglena,KP-CN01-1210,RB-CN01-0169,A2,是,R2,covered
02_细胞生物学研究方法/整合教材.md:2655 / EN01-H039-H053-P003；02_细胞生物学研究方法/整合教材.md:2657 / EN01-H039-H053-P004,Excavates与Giardia,KP-CN01-1211,RB-CN01-0169,A2,是,R2,covered
02_细胞生物学研究方法/整合教材.md:2655 / EN01-H039-H053-P003；02_细胞生物学研究方法/整合教材.md:2657 / EN01-H039-H053-P004,Excavates与Trichomonas,KP-CN01-1212,RB-CN01-0169,A2,是,R2,covered
02_细胞生物学研究方法/整合教材.md:2655 / EN01-H039-H053-P003；02_细胞生物学研究方法/整合教材.md:2657 / EN01-H039-H053-P004,Archaeplastida与red algae,KP-CN01-1213,RB-CN01-0169,A2,是,R2,covered
02_细胞生物学研究方法/整合教材.md:2655 / EN01-H039-H053-P003；02_细胞生物学研究方法/整合教材.md:2657 / EN01-H039-H053-P004,Archaeplastida与Chlamydomonas,KP-CN01-1214,RB-CN01-0169,A2,是,R2,covered
02_细胞生物学研究方法/整合教材.md:2655 / EN01-H039-H053-P003；02_细胞生物学研究方法/整合教材.md:2657 / EN01-H039-H053-P004,Archaeplastida与mosses和flowering plants,KP-CN01-1215,RB-CN01-0169,A2,是,R2,covered
02_细胞生物学研究方法/整合教材.md:2655 / EN01-H039-H053-P003；02_细胞生物学研究方法/整合教材.md:2657 / EN01-H039-H053-P004,Opisthokonts真菌动物,KP-CN01-1216,RB-CN01-0169,A2,是,R2,covered
02_细胞生物学研究方法/整合教材.md:2655 / EN01-H039-H053-P003；02_细胞生物学研究方法/整合教材.md:2657 / EN01-H039-H053-P004,动物hydra和humans代表,KP-CN01-1217,RB-CN01-0169,A2,是,R2,covered
02_细胞生物学研究方法/整合教材.md:2651 / EN01-H039-H053-P001；02_细胞生物学研究方法/整合教材.md:2653 / EN01-H039-H053-P002,共同祖先保守性质支持跨物种理解,KP-CN01-1218,RB-CN01-0170,A1,是,R1,covered
02_细胞生物学研究方法/整合教材.md:2651 / EN01-H039-H053-P001；02_细胞生物学研究方法/整合教材.md:2653 / EN01-H039-H053-P002,繁殖快且遗传操作易的模型优势,KP-CN01-1219,RB-CN01-0170,A1,是,R1,covered
02_细胞生物学研究方法/整合教材.md:2651 / EN01-H039-H053-P001；02_细胞生物学研究方法/整合教材.md:2653 / EN01-H039-H053-P002,透明受精卵实验室发育追踪组织器官优势,KP-CN01-1220,RB-CN01-0170,A1,是,R1,covered
02_细胞生物学研究方法/整合教材.md:2659 / EN01-H039-H053-P005,模式生物集中研究共享工具知识的效益,KP-CN01-1221,RB-CN01-0170,A2,是,R2,covered
02_细胞生物学研究方法/整合教材.md:2659 / EN01-H039-H053-P005,模型名单扩展及历史深度,KP-CN01-1222,RB-CN01-0170,A2,是,R2,covered
02_细胞生物学研究方法/整合教材.md:2659 / EN01-H039-H053-P005,模式研究对人类健康意义,KP-CN01-1223,RB-CN01-0170,A2,是,R2,covered
01_绪论/整合教材.md:721 / EN01-H000-H030-P127,英文“recycle energy”是否意指能量循环,KP-CN01-1224,,,否,,unresolved
01_绪论/整合教材.md:933 / EN01-H034-H038-P029,protist定义是否在全书一致,KP-CN01-1225,,,否,,unresolved
02_细胞生物学研究方法/整合教材.md:2661 / EN01-H039-H053-P006；02_细胞生物学研究方法/整合教材.md:2663 / EN01-H039-H053-P007；02_细胞生物学研究方法/整合教材.md:2665 / EN01-H039-H053-P008,序列同源不能独自确定首次功能,KP-CN01-1226,RB-CN01-0171,A1,是,R1,covered
02_细胞生物学研究方法/整合教材.md:2661 / EN01-H039-H053-P006；02_细胞生物学研究方法/整合教材.md:2663 / EN01-H039-H053-P007；02_细胞生物学研究方法/整合教材.md:2665 / EN01-H039-H053-P008,生化纯化特定蛋白RNA测化学活性,KP-CN01-1227,RB-CN01-0171,A1,是,R1,covered
02_细胞生物学研究方法/整合教材.md:2661 / EN01-H039-H053-P006；02_细胞生物学研究方法/整合教材.md:2663 / EN01-H039-H053-P007；02_细胞生物学研究方法/整合教材.md:2665 / EN01-H039-H053-P008,遗传学改变特定基因测结构性能,KP-CN01-1228,RB-CN01-0171,A1,是,R1,covered
02_细胞生物学研究方法/整合教材.md:2661 / EN01-H039-H053-P006；02_细胞生物学研究方法/整合教材.md:2663 / EN01-H039-H053-P007；02_细胞生物学研究方法/整合教材.md:2665 / EN01-H039-H053-P008,生化遗传互补确定生物作用,KP-CN01-1229,RB-CN01-0171,A1,是,R1,covered
02_细胞生物学研究方法/整合教材.md:2667 / EN01-H039-H053-P009；02_细胞生物学研究方法/整合教材.md:2669 / EN01-H039-H053-P010,基因分子细胞整体的功能证据链,KP-CN01-1230,RB-CN01-0171,A2,是,R2,covered
02_细胞生物学研究方法/整合教材.md:2667 / EN01-H039-H053-P009；02_细胞生物学研究方法/整合教材.md:2669 / EN01-H039-H053-P010,酶化学反应与整体生物意义区别,KP-CN01-1231,RB-CN01-0171,A2,是,R2,covered
02_细胞生物学研究方法/整合教材.md:2667 / EN01-H039-H053-P009；02_细胞生物学研究方法/整合教材.md:2669 / EN01-H039-H053-P010,完整功能研究无通用单一方法,KP-CN01-1232,RB-CN01-0171,A2,是,R2,covered
02_细胞生物学研究方法/整合教材.md:2667 / EN01-H039-H053-P009；02_细胞生物学研究方法/整合教材.md:2669 / EN01-H039-H053-P010,整体生物研究必要性,KP-CN01-1233,RB-CN01-0171,A2,是,R2,covered
02_细胞生物学研究方法/整合教材.md:2667 / EN01-H039-H053-P009,保守子区常提示功能重要,KP-CN01-1234,RB-CN01-0172,A1,是,R1,covered
02_细胞生物学研究方法/整合教材.md:2667 / EN01-H039-H053-P009,特定位点突变测试贡献,KP-CN01-1235,RB-CN01-0172,A1,是,R1,covered
02_细胞生物学研究方法/整合教材.md:2667 / EN01-H039-H053-P009,人工杂合基因测试片段贡献,KP-CN01-1236,RB-CN01-0172,A1,是,R1,covered
02_细胞生物学研究方法/整合教材.md:2667 / EN01-H039-H053-P009,工程大量RNA蛋白便利生化分析,KP-CN01-1237,RB-CN01-0172,A2,是,R2,covered
02_细胞生物学研究方法/整合教材.md:2667 / EN01-H039-H053-P009,三维构象原子位置结构信息,KP-CN01-1238,RB-CN01-0172,A2,是,R2,covered
02_细胞生物学研究方法/整合教材.md:2667 / EN01-H039-H053-P009,各分子部分试管化学功能,KP-CN01-1239,RB-CN01-0172,A2,是,R2,covered
02_细胞生物学研究方法/整合教材.md:2667 / EN01-H039-H053-P009,相互作用伙伴及细胞定位,KP-CN01-1240,RB-CN01-0172,A2,是,R2,covered
02_细胞生物学研究方法/整合教材.md:2667 / EN01-H039-H053-P009,突变基因表达后细胞行为分析,KP-CN01-1241,RB-CN01-0172,A2,是,R2,covered
02_细胞生物学研究方法/整合教材.md:2677 / EN01-H039-H053-P014；02_细胞生物学研究方法/整合教材.md:2679 / EN01-H039-H053-P015；02_细胞生物学研究方法/整合教材.md:2681 / EN01-H039-H053-P016；02_细胞生物学研究方法/整合教材.md:2683 / EN01-H039-H053-P017,Schizosaccharomyces pombe形状突变对象,KP-CN01-1242,RB-CN01-0173,A1,是,R1,covered
02_细胞生物学研究方法/整合教材.md:2677 / EN01-H039-H053-P014；02_细胞生物学研究方法/整合教材.md:2679 / EN01-H039-H053-P015；02_细胞生物学研究方法/整合教材.md:2681 / EN01-H039-H053-P016；02_细胞生物学研究方法/整合教材.md:2683 / EN01-H039-H053-P017,左正常雪茄形右单基因突变T形,KP-CN01-1243,RB-CN01-0173,A1,是,R1,covered
02_细胞生物学研究方法/整合教材.md:2677 / EN01-H039-H053-P014；02_细胞生物学研究方法/整合教材.md:2679 / EN01-H039-H053-P015；02_细胞生物学研究方法/整合教材.md:2681 / EN01-H039-H053-P016；02_细胞生物学研究方法/整合教材.md:2683 / EN01-H039-H053-P017,突变正常比较支持形状控制功能,KP-CN01-1244,RB-CN01-0173,A1,是,R1,covered
02_细胞生物学研究方法/整合教材.md:2665 / EN01-H039-H053-P008；02_细胞生物学研究方法/整合教材.md:2667 / EN01-H039-H053-P009；02_细胞生物学研究方法/整合教材.md:2683 / EN01-H039-H053-P017,形状突变不能独自确定分子机制,KP-CN01-1245,RB-CN01-0173,A2,是,R2,covered
02_细胞生物学研究方法/整合教材.md:2665 / EN01-H039-H053-P008；02_细胞生物学研究方法/整合教材.md:2667 / EN01-H039-H053-P009；02_细胞生物学研究方法/整合教材.md:2683 / EN01-H039-H053-P017,裂殖酵母图与酿酒酵母出芽区别,KP-CN01-1246,RB-CN01-0173,A2,是,R2,covered
02_细胞生物学研究方法/整合教材.md:2671 / EN01-H039-H053-P011；02_细胞生物学研究方法/整合教材.md:2673 / EN01-H039-H053-P012；02_细胞生物学研究方法/整合教材.md:2675 / EN01-H039-H053-P013,E.coli人脊椎肠道小杆菌,KP-CN01-1247,RB-CN01-0174,A1,是,R1,covered
02_细胞生物学研究方法/整合教材.md:2671 / EN01-H039-H053-P011；02_细胞生物学研究方法/整合教材.md:2673 / EN01-H039-H053-P012；02_细胞生物学研究方法/整合教材.md:2675 / EN01-H039-H053-P013,简单培养液瓶皿培养,KP-CN01-1248,RB-CN01-0174,A1,是,R1,covered
02_细胞生物学研究方法/整合教材.md:2671 / EN01-H039-H053-P011；02_细胞生物学研究方法/整合教材.md:2673 / EN01-H039-H053-P012；02_细胞生物学研究方法/整合教材.md:2675 / EN01-H039-H053-P013,有利条件约20分钟繁殖,KP-CN01-1249,RB-CN01-0174,A1,是,R1,covered
02_细胞生物学研究方法/整合教材.md:2671 / EN01-H039-H053-P011；02_细胞生物学研究方法/整合教材.md:2673 / EN01-H039-H053-P012；02_细胞生物学研究方法/整合教材.md:2675 / EN01-H039-H053-P013,化学环境适应与快速突变选择演化,KP-CN01-1250,RB-CN01-0174,A1,是,R1,covered
02_细胞生物学研究方法/整合教材.md:2673 / EN01-H039-H053-P012；02_细胞生物学研究方法/整合教材.md:2685 / EN01-H039-H053-P018；02_细胞生物学研究方法/整合教材.md:2689 / EN01-H039-H053-P020；02_细胞生物学研究方法/整合教材.md:2729 / EN01-H039-H053-P040,模型知识工具积累推动进一步研究,KP-CN01-1251,RB-CN01-0174,A2,是,R2,covered
02_细胞生物学研究方法/整合教材.md:2673 / EN01-H039-H053-P012；02_细胞生物学研究方法/整合教材.md:2685 / EN01-H039-H053-P018；02_细胞生物学研究方法/整合教材.md:2689 / EN01-H039-H053-P020；02_细胞生物学研究方法/整合教材.md:2729 / EN01-H039-H053-P040,E.coli噬菌体较小基因组优势,KP-CN01-1252,RB-CN01-0174,A2,是,R2,covered
02_细胞生物学研究方法/整合教材.md:2673 / EN01-H039-H053-P012；02_细胞生物学研究方法/整合教材.md:2685 / EN01-H039-H053-P018；02_细胞生物学研究方法/整合教材.md:2689 / EN01-H039-H053-P020；02_细胞生物学研究方法/整合教材.md:2729 / EN01-H039-H053-P040,E.coli病毒研究与保守基本遗传机制,KP-CN01-1253,RB-CN01-0174,A2,是,R2,covered
02_细胞生物学研究方法/整合教材.md:2687 / EN01-H039-H053-P019；02_细胞生物学研究方法/整合教材.md:2855 / EN01-H039-H053-P103,病毒包装遗传物质与宿主合成繁殖依赖,KP-CN01-1254,RB-CN01-0175,A1,是,R1,covered
02_细胞生物学研究方法/整合教材.md:2687 / EN01-H039-H053-P019；02_细胞生物学研究方法/整合教材.md:2855 / EN01-H039-H053-P103,病毒不能独立繁殖的生命分类依据,KP-CN01-1255,RB-CN01-0175,A1,是,R1,covered
02_细胞生物学研究方法/整合教材.md:2687 / EN01-H039-H053-P019；02_细胞生物学研究方法/整合教材.md:2855 / EN01-H039-H053-P103,病毒数量极丰富,KP-CN01-1256,RB-CN01-0175,A1,是,R1,covered
02_细胞生物学研究方法/整合教材.md:2687 / EN01-H039-H053-P019,19世纪末病毒发现历史,KP-CN01-1257,RB-CN01-0175,A2,是,R2,covered
02_细胞生物学研究方法/整合教材.md:2687 / EN01-H039-H053-P019,通过截菌滤器而被更细滤器截留,KP-CN01-1258,RB-CN01-0175,A2,是,R2,covered
02_细胞生物学研究方法/整合教材.md:2687 / EN01-H039-H053-P019,过滤推断小于细菌但非自由大分子,KP-CN01-1259,RB-CN01-0175,A2,是,R2,covered
02_细胞生物学研究方法/整合教材.md:2687 / EN01-H039-H053-P019,电镜可视病毒颗粒形状尺寸,KP-CN01-1260,RB-CN01-0175,A2,是,R2,covered
02_细胞生物学研究方法/整合教材.md:2687 / EN01-H039-H053-P019,病毒多家族结构复制不同,KP-CN01-1261,RB-CN01-0175,A2,是,R2,covered
02_细胞生物学研究方法/整合教材.md:2689 / EN01-H039-H053-P020；02_细胞生物学研究方法/整合教材.md:2719 / EN01-H039-H053-P035,T4大型双链DNA噬菌体,KP-CN01-1262,RB-CN01-0176,A1,是,R1,covered
02_细胞生物学研究方法/整合教材.md:2689 / EN01-H039-H053-P020；02_细胞生物学研究方法/整合教材.md:2719 / EN01-H039-H053-P035,T4超过100种突变基因分析,KP-CN01-1263,RB-CN01-0176,A1,是,R1,covered
02_细胞生物学研究方法/整合教材.md:2689 / EN01-H039-H053-P020；02_细胞生物学研究方法/整合教材.md:2719 / EN01-H039-H053-P035,头尾基因定位与生化装配机制,KP-CN01-1264,RB-CN01-0176,A1,是,R1,covered
02_细胞生物学研究方法/整合教材.md:2689 / EN01-H039-H053-P020；02_细胞生物学研究方法/整合教材.md:2719 / EN01-H039-H053-P035,复制必需基因识别及蛋白纯化试管机制,KP-CN01-1265,RB-CN01-0176,A1,是,R1,covered
02_细胞生物学研究方法/整合教材.md:2689 / EN01-H039-H053-P020；02_细胞生物学研究方法/整合教材.md:2719 / EN01-H039-H053-P035,lambda噬菌体转录调节因子与网络贡献,KP-CN01-1266,RB-CN01-0176,A2,是,R2,covered
02_细胞生物学研究方法/整合教材.md:2689 / EN01-H039-H053-P020；02_细胞生物学研究方法/整合教材.md:2719 / EN01-H039-H053-P035,突变必要性结合产物生化作用的证据策略,KP-CN01-1267,RB-CN01-0176,A2,是,R2,covered
02_细胞生物学研究方法/整合教材.md:2691 / EN01-H039-H053-P021；02_细胞生物学研究方法/整合教材.md:2693 / EN01-H039-H053-P022；02_细胞生物学研究方法/整合教材.md:2695 / EN01-H039-H053-P023；02_细胞生物学研究方法/整合教材.md:2717 / EN01-H039-H053-P034,T4六角头DNA与尾注射功能,KP-CN01-1268,RB-CN01-0177,A1,是,R1,covered
02_细胞生物学研究方法/整合教材.md:2691 / EN01-H039-H053-P021；02_细胞生物学研究方法/整合教材.md:2693 / EN01-H039-H053-P022；02_细胞生物学研究方法/整合教材.md:2695 / EN01-H039-H053-P023；02_细胞生物学研究方法/整合教材.md:2717 / EN01-H039-H053-P034,感染E.coli表面附着T4,KP-CN01-1269,RB-CN01-0177,A1,是,R1,covered
02_细胞生物学研究方法/整合教材.md:2691 / EN01-H039-H053-P021；02_细胞生物学研究方法/整合教材.md:2693 / EN01-H039-H053-P022；02_细胞生物学研究方法/整合教材.md:2695 / EN01-H039-H053-P023；02_细胞生物学研究方法/整合教材.md:2717 / EN01-H039-H053-P034,胞内深色物为新T4头装配,KP-CN01-1270,RB-CN01-0177,A1,是,R1,covered
02_细胞生物学研究方法/整合教材.md:2691 / EN01-H039-H053-P021；02_细胞生物学研究方法/整合教材.md:2693 / EN01-H039-H053-P022；02_细胞生物学研究方法/整合教材.md:2695 / EN01-H039-H053-P023；02_细胞生物学研究方法/整合教材.md:2717 / EN01-H039-H053-P034,成熟后细菌裂解释放,KP-CN01-1271,RB-CN01-0177,A1,是,R1,covered
02_细胞生物学研究方法/整合教材.md:2697 / EN01-H039-H053-P024；02_细胞生物学研究方法/整合教材.md:2699 / EN01-H039-H053-P025；02_细胞生物学研究方法/整合教材.md:2701 / EN01-H039-H053-P026；02_细胞生物学研究方法/整合教材.md:2703 / EN01-H039-H053-P027；02_细胞生物学研究方法/整合教材.md:2705 / EN01-H039-H053-P028；02_细胞生物学研究方法/整合教材.md:2707 / EN01-H039-H053-P029；02_细胞生物学研究方法/整合教材.md:2697 / EN01-H039-H053-P030；02_细胞生物学研究方法/整合教材.md:2711 / EN01-H039-H053-P031；02_细胞生物学研究方法/整合教材.md:2713 / EN01-H039-H053-P032；02_细胞生物学研究方法/整合教材.md:2697 / EN01-H039-H053-P033；02_细胞生物学研究方法/整合教材.md:2717 / EN01-H039-H053-P034,T4未染色冰冻cryoEM观测,KP-CN01-1272,RB-CN01-0177,A2,是,R2,covered
02_细胞生物学研究方法/整合教材.md:2697 / EN01-H039-H053-P024；02_细胞生物学研究方法/整合教材.md:2699 / EN01-H039-H053-P025；02_细胞生物学研究方法/整合教材.md:2701 / EN01-H039-H053-P026；02_细胞生物学研究方法/整合教材.md:2703 / EN01-H039-H053-P027；02_细胞生物学研究方法/整合教材.md:2705 / EN01-H039-H053-P028；02_细胞生物学研究方法/整合教材.md:2707 / EN01-H039-H053-P029；02_细胞生物学研究方法/整合教材.md:2697 / EN01-H039-H053-P030；02_细胞生物学研究方法/整合教材.md:2711 / EN01-H039-H053-P031；02_细胞生物学研究方法/整合教材.md:2713 / EN01-H039-H053-P032；02_细胞生物学研究方法/整合教材.md:2697 / EN01-H039-H053-P033；02_细胞生物学研究方法/整合教材.md:2717 / EN01-H039-H053-P034,C开始附着,KP-CN01-1273,RB-CN01-0177,A2,是,R2,covered
02_细胞生物学研究方法/整合教材.md:2697 / EN01-H039-H053-P024；02_细胞生物学研究方法/整合教材.md:2699 / EN01-H039-H053-P025；02_细胞生物学研究方法/整合教材.md:2701 / EN01-H039-H053-P026；02_细胞生物学研究方法/整合教材.md:2703 / EN01-H039-H053-P027；02_细胞生物学研究方法/整合教材.md:2705 / EN01-H039-H053-P028；02_细胞生物学研究方法/整合教材.md:2707 / EN01-H039-H053-P029；02_细胞生物学研究方法/整合教材.md:2697 / EN01-H039-H053-P030；02_细胞生物学研究方法/整合教材.md:2711 / EN01-H039-H053-P031；02_细胞生物学研究方法/整合教材.md:2713 / EN01-H039-H053-P032；02_细胞生物学研究方法/整合教材.md:2697 / EN01-H039-H053-P033；02_细胞生物学研究方法/整合教材.md:2717 / EN01-H039-H053-P034,D附着DNA注入,KP-CN01-1274,RB-CN01-0177,A2,是,R2,covered
02_细胞生物学研究方法/整合教材.md:2697 / EN01-H039-H053-P024；02_细胞生物学研究方法/整合教材.md:2699 / EN01-H039-H053-P025；02_细胞生物学研究方法/整合教材.md:2701 / EN01-H039-H053-P026；02_细胞生物学研究方法/整合教材.md:2703 / EN01-H039-H053-P027；02_细胞生物学研究方法/整合教材.md:2705 / EN01-H039-H053-P028；02_细胞生物学研究方法/整合教材.md:2707 / EN01-H039-H053-P029；02_细胞生物学研究方法/整合教材.md:2697 / EN01-H039-H053-P030；02_细胞生物学研究方法/整合教材.md:2711 / EN01-H039-H053-P031；02_细胞生物学研究方法/整合教材.md:2713 / EN01-H039-H053-P032；02_细胞生物学研究方法/整合教材.md:2697 / EN01-H039-H053-P033；02_细胞生物学研究方法/整合教材.md:2717 / EN01-H039-H053-P034,E空头DNA全进入,KP-CN01-1275,RB-CN01-0177,A2,是,R2,covered
02_细胞生物学研究方法/整合教材.md:2697 / EN01-H039-H053-P024；02_细胞生物学研究方法/整合教材.md:2699 / EN01-H039-H053-P025；02_细胞生物学研究方法/整合教材.md:2701 / EN01-H039-H053-P026；02_细胞生物学研究方法/整合教材.md:2703 / EN01-H039-H053-P027；02_细胞生物学研究方法/整合教材.md:2705 / EN01-H039-H053-P028；02_细胞生物学研究方法/整合教材.md:2707 / EN01-H039-H053-P029；02_细胞生物学研究方法/整合教材.md:2697 / EN01-H039-H053-P030；02_细胞生物学研究方法/整合教材.md:2711 / EN01-H039-H053-P031；02_细胞生物学研究方法/整合教材.md:2713 / EN01-H039-H053-P032；02_细胞生物学研究方法/整合教材.md:2697 / EN01-H039-H053-P033；02_细胞生物学研究方法/整合教材.md:2717 / EN01-H039-H053-P034,病毒头外留与DNA注入的区别,KP-CN01-1276,RB-CN01-0177,A2,是,R2,covered
02_细胞生物学研究方法/整合教材.md:2721 / EN01-H039-H053-P036,T4lambda近亲广布生物圈,KP-CN01-1277,RB-CN01-0178,A1,是,R1,covered
02_细胞生物学研究方法/整合教材.md:2721 / EN01-H039-H053-P036,T4近亲感染海洋蓝细菌,KP-CN01-1278,RB-CN01-0178,A1,是,R1,covered
02_细胞生物学研究方法/整合教材.md:2721 / EN01-H039-H053-P036,海洋病毒约10的30次方实体估计,KP-CN01-1279,RB-CN01-0178,A1,是,R1,covered
02_细胞生物学研究方法/整合教材.md:2721 / EN01-H039-H053-P036,首尾相连星系距离的数量类比,KP-CN01-1280,RB-CN01-0178,A1,是,R1,covered
02_细胞生物学研究方法/整合教材.md:2721 / EN01-H039-H053-P036,病毒每天约20%海洋微生物生物量估计,KP-CN01-1281,RB-CN01-0178,A2,是,R2,covered
02_细胞生物学研究方法/整合教材.md:2721 / EN01-H039-H053-P036,病毒裂解对养分回收地球生态影响,KP-CN01-1282,RB-CN01-0178,A2,是,R2,covered
02_细胞生物学研究方法/整合教材.md:2721 / EN01-H039-H053-P036,20%量纲与非恒定局地率,KP-CN01-1283,RB-CN01-0178,A2,是,R2,covered
02_细胞生物学研究方法/整合教材.md:2723 / EN01-H039-H053-P037,病毒包装跨细胞基因载体流程,KP-CN01-1284,RB-CN01-0179,A1,是,R1,covered
02_细胞生物学研究方法/整合教材.md:2723 / EN01-H039-H053-P037,下一宿主同种或不同种,KP-CN01-1285,RB-CN01-0179,A1,是,R1,covered
02_细胞生物学研究方法/整合教材.md:2723 / EN01-H039-H053-P037,病毒大量增殖常致死,KP-CN01-1286,RB-CN01-0179,A1,是,R1,covered
02_细胞生物学研究方法/整合教材.md:2723 / EN01-H039-H053-P037,病毒DNA可长期乘客持续多世代,KP-CN01-1287,RB-CN01-0179,A1,是,R1,covered
02_细胞生物学研究方法/整合教材.md:2723 / EN01-H039-H053-P037,病毒DNA独立胞内片段或插入宿主持续,KP-CN01-1288,RB-CN01-0179,A2,是,R2,covered
02_细胞生物学研究方法/整合教材.md:2723 / EN01-H039-H053-P037,质粒不全等于病毒产物的范围,KP-CN01-1289,RB-CN01-0179,A2,是,R2,covered
02_细胞生物学研究方法/整合教材.md:2723 / EN01-H039-H053-P037,病毒偶然携带宿主DNA送另宿主,KP-CN01-1290,RB-CN01-0179,A2,是,R2,covered
02_细胞生物学研究方法/整合教材.md:2723 / EN01-H039-H053-P037,原核常见病毒介导水平遗传转移,KP-CN01-1291,RB-CN01-0179,A2,是,R2,covered
02_细胞生物学研究方法/整合教材.md:2725 / EN01-H039-H053-P038,细菌古菌摄取环境非病毒DNA,KP-CN01-1292,RB-CN01-0180,A1,是,R1,covered
02_细胞生物学研究方法/整合教材.md:2725 / EN01-H039-H053-P038,病毒和直接摄取获得邻居基因,KP-CN01-1293,RB-CN01-0180,A1,是,R1,covered
02_细胞生物学研究方法/整合教材.md:2725 / EN01-H039-H053-P038,耐药毒素基因跨物种转移,KP-CN01-1294,RB-CN01-0180,A1,是,R1,covered
02_细胞生物学研究方法/整合教材.md:2725 / EN01-H039-H053-P038,受体选择优势与传播,KP-CN01-1295,RB-CN01-0180,A1,是,R1,covered
02_细胞生物学研究方法/整合教材.md:2725 / EN01-H039-H053-P038,医院人体生态位耐药株演化,KP-CN01-1296,RB-CN01-0180,A1,是,R1,covered
02_细胞生物学研究方法/整合教材.md:2725 / EN01-H039-H053-P038；02_细胞生物学研究方法/整合教材.md:2731 / EN01-H039-H053-P041,E.coli至少18%基因过去1亿年水平获得估计,KP-CN01-1297,RB-CN01-0180,A2,是,R2,covered
02_细胞生物学研究方法/整合教材.md:2725 / EN01-H039-H053-P038；02_细胞生物学研究方法/整合教材.md:2731 / EN01-H039-H053-P041,E.coli不同株数百特有基因,KP-CN01-1298,RB-CN01-0180,A2,是,R2,covered
02_细胞生物学研究方法/整合教材.md:2725 / EN01-H039-H053-P038；02_细胞生物学研究方法/整合教材.md:2731 / EN01-H039-H053-P041,某些菌株可仅50%基因共有,KP-CN01-1299,RB-CN01-0180,A2,是,R2,covered
02_细胞生物学研究方法/整合教材.md:2725 / EN01-H039-H053-P038；02_细胞生物学研究方法/整合教材.md:2731 / EN01-H039-H053-P041,同种菌株差异与频繁水平转移关系,KP-CN01-1300,RB-CN01-0180,A2,是,R2,covered
02_细胞生物学研究方法/整合教材.md:2727 / EN01-H039-H053-P039；02_细胞生物学研究方法/整合教材.md:2729 / EN01-H039-H053-P040；02_细胞生物学研究方法/整合教材.md:2733 / EN01-H039-H053-P042；02_细胞生物学研究方法/整合教材.md:2735 / EN01-H039-H053-P043,K12约460万对4300蛋白,KP-CN01-1301,RB-CN01-0181,A1,是,R1,covered
02_细胞生物学研究方法/整合教材.md:2727 / EN01-H039-H053-P039；02_细胞生物学研究方法/整合教材.md:2729 / EN01-H039-H053-P040；02_细胞生物学研究方法/整合教材.md:2733 / EN01-H039-H053-P042；02_细胞生物学研究方法/整合教材.md:2735 / EN01-H039-H053-P043,图指定K12序列4639221对,KP-CN01-1302,RB-CN01-0181,A1,是,R1,covered
02_细胞生物学研究方法/整合教材.md:2727 / EN01-H039-H053-P039；02_细胞生物学研究方法/整合教材.md:2729 / EN01-H039-H053-P040；02_细胞生物学研究方法/整合教材.md:2733 / EN01-H039-H053-P042；02_细胞生物学研究方法/整合教材.md:2735 / EN01-H039-H053-P043,单闭合环结构,KP-CN01-1303,RB-CN01-0181,A1,是,R1,covered
02_细胞生物学研究方法/整合教材.md:2727 / EN01-H039-H053-P039；02_细胞生物学研究方法/整合教材.md:2729 / EN01-H039-H053-P040；02_细胞生物学研究方法/整合教材.md:2733 / EN01-H039-H053-P042；02_细胞生物学研究方法/整合教材.md:2735 / EN01-H039-H053-P043,橙黄蛋白基因两链来源,KP-CN01-1304,RB-CN01-0181,A1,是,R1,covered
02_细胞生物学研究方法/整合教材.md:2727 / EN01-H039-H053-P039；02_细胞生物学研究方法/整合教材.md:2729 / EN01-H039-H053-P040；02_细胞生物学研究方法/整合教材.md:2733 / EN01-H039-H053-P042；02_细胞生物学研究方法/整合教材.md:2735 / EN01-H039-H053-P043,绿色非蛋白RNA基因箭头及方向,KP-CN01-1305,RB-CN01-0181,A1,是,R1,covered
02_细胞生物学研究方法/整合教材.md:2727 / EN01-H039-H053-P039；02_细胞生物学研究方法/整合教材.md:2729 / EN01-H039-H053-P040；02_细胞生物学研究方法/整合教材.md:2733 / EN01-H039-H053-P042；02_细胞生物学研究方法/整合教材.md:2735 / EN01-H039-H053-P043,红三角复制起点终点,KP-CN01-1306,RB-CN01-0181,A1,是,R1,covered
02_细胞生物学研究方法/整合教材.md:2729 / EN01-H039-H053-P040；02_细胞生物学研究方法/整合教材.md:2731 / EN01-H039-H053-P041；02_细胞生物学研究方法/整合教材.md:2733 / EN01-H039-H053-P042；02_细胞生物学研究方法/整合教材.md:2735 / EN01-H039-H053-P043,图1-38A扫描电镜细胞群与1微米标尺,KP-CN01-1307,RB-CN01-0181,A2,是,R2,covered
02_细胞生物学研究方法/整合教材.md:2729 / EN01-H039-H053-P040；02_细胞生物学研究方法/整合教材.md:2731 / EN01-H039-H053-P041；02_细胞生物学研究方法/整合教材.md:2733 / EN01-H039-H053-P042；02_细胞生物学研究方法/整合教材.md:2735 / EN01-H039-H053-P043,细胞照片与基因组抽象图区别,KP-CN01-1308,RB-CN01-0181,A2,是,R2,covered
02_细胞生物学研究方法/整合教材.md:2729 / EN01-H039-H053-P040；02_细胞生物学研究方法/整合教材.md:2731 / EN01-H039-H053-P041；02_细胞生物学研究方法/整合教材.md:2733 / EN01-H039-H053-P042；02_细胞生物学研究方法/整合教材.md:2735 / EN01-H039-H053-P043,K12图谱不能代表所有菌株相同序列,KP-CN01-1309,RB-CN01-0181,A2,是,R2,covered
02_细胞生物学研究方法/整合教材.md:2737 / EN01-H039-H053-P044；02_细胞生物学研究方法/整合教材.md:2739 / EN01-H039-H053-P045；02_细胞生物学研究方法/整合教材.md:2741 / EN01-H039-H053-P046；02_细胞生物学研究方法/整合教材.md:2743 / EN01-H039-H053-P047,酿酒酵母单细胞真菌及啤酒面包用途,KP-CN01-1310,RB-CN01-0182,A1,是,R1,covered
02_细胞生物学研究方法/整合教材.md:2737 / EN01-H039-H053-P044；02_细胞生物学研究方法/整合教材.md:2739 / EN01-H039-H053-P045；02_细胞生物学研究方法/整合教材.md:2741 / EN01-H039-H053-P046；02_细胞生物学研究方法/整合教材.md:2743 / EN01-H039-H053-P047,酵母与动物较植物更近,KP-CN01-1311,RB-CN01-0182,A1,是,R1,covered
02_细胞生物学研究方法/整合教材.md:2737 / EN01-H039-H053-P044；02_细胞生物学研究方法/整合教材.md:2739 / EN01-H039-H053-P045；02_细胞生物学研究方法/整合教材.md:2741 / EN01-H039-H053-P046；02_细胞生物学研究方法/整合教材.md:2743 / EN01-H039-H053-P047,酵母稳健简单培养,KP-CN01-1312,RB-CN01-0182,A1,是,R1,covered
02_细胞生物学研究方法/整合教材.md:2737 / EN01-H039-H053-P044；02_细胞生物学研究方法/整合教材.md:2739 / EN01-H039-H053-P045；02_细胞生物学研究方法/整合教材.md:2741 / EN01-H039-H053-P046；02_细胞生物学研究方法/整合教材.md:2743 / EN01-H039-H053-P047,酵母坚壁相对不动有线粒体无叶绿体,KP-CN01-1313,RB-CN01-0182,A1,是,R1,covered
02_细胞生物学研究方法/整合教材.md:2737 / EN01-H039-H053-P044；02_细胞生物学研究方法/整合教材.md:2739 / EN01-H039-H053-P045；02_细胞生物学研究方法/整合教材.md:2741 / EN01-H039-H053-P046；02_细胞生物学研究方法/整合教材.md:2743 / EN01-H039-H053-P047,充足营养约100分钟分裂,KP-CN01-1314,RB-CN01-0182,A1,是,R1,covered
02_细胞生物学研究方法/整合教材.md:2737 / EN01-H039-H053-P044；02_细胞生物学研究方法/整合教材.md:2739 / EN01-H039-H053-P045；02_细胞生物学研究方法/整合教材.md:2741 / EN01-H039-H053-P046；02_细胞生物学研究方法/整合教材.md:2743 / EN01-H039-H053-P047,单细胞最简真核模型优势,KP-CN01-1315,RB-CN01-0182,A1,是,R1,covered
02_细胞生物学研究方法/整合教材.md:2751 / EN01-H039-H053-P051,酵母小基因组完成基本真核任务,KP-CN01-1316,RB-CN01-0182,A2,是,R2,covered
02_细胞生物学研究方法/整合教材.md:2751 / EN01-H039-H053-P051,逐基因突变与高通量条件分析,KP-CN01-1317,RB-CN01-0182,A2,是,R2,covered
02_细胞生物学研究方法/整合教材.md:2751 / EN01-H039-H053-P051,酵母研究周期减数分裂,KP-CN01-1318,RB-CN01-0182,A2,是,R2,covered
02_细胞生物学研究方法/整合教材.md:2751 / EN01-H039-H053-P051,酵母研究染色体核组织表达,KP-CN01-1319,RB-CN01-0182,A2,是,R2,covered
02_细胞生物学研究方法/整合教材.md:2751 / EN01-H039-H053-P051,酵母研究细胞器形成与分泌,KP-CN01-1320,RB-CN01-0182,A2,是,R2,covered
02_细胞生物学研究方法/整合教材.md:2751 / EN01-H039-H053-P051,50多年酵母研究积累,KP-CN01-1321,RB-CN01-0182,A2,是,R2,covered
02_细胞生物学研究方法/整合教材.md:2751 / EN01-H039-H053-P051,部分人同源蛋白替代酵母功能,KP-CN01-1322,RB-CN01-0182,A2,是,R2,covered
02_细胞生物学研究方法/整合教材.md:2745 / EN01-H039-H053-P048；02_细胞生物学研究方法/整合教材.md:2747 / EN01-H039-H053-P049,酵母出芽形成长大分离方式,KP-CN01-1323,RB-CN01-0182,A3,是,R3,covered
02_细胞生物学研究方法/整合教材.md:2745 / EN01-H039-H053-P048；02_细胞生物学研究方法/整合教材.md:2747 / EN01-H039-H053-P049,图1-39A10微米与B1微米标尺,KP-CN01-1324,RB-CN01-0182,A3,是,R3,covered
02_细胞生物学研究方法/整合教材.md:2745 / EN01-H039-H053-P048；02_细胞生物学研究方法/整合教材.md:2747 / EN01-H039-H053-P049,酵母壁质膜与核定位,KP-CN01-1325,RB-CN01-0182,A3,是,R3,covered
02_细胞生物学研究方法/整合教材.md:2745 / EN01-H039-H053-P048；02_细胞生物学研究方法/整合教材.md:2747 / EN01-H039-H053-P049,酵母高尔基堆线粒体核糖体定位,KP-CN01-1326,RB-CN01-0182,A3,是,R3,covered
02_细胞生物学研究方法/整合教材.md:2743 / EN01-H039-H053-P047；02_细胞生物学研究方法/整合教材.md:2749 / EN01-H039-H053-P050；02_细胞生物学研究方法/整合教材.md:2759 / EN01-H039-H053-P055；02_细胞生物学研究方法/整合教材.md:2761 / EN01-H039-H053-P056,酵母单倍体一份二倍体两份定义,KP-CN01-1327,RB-CN01-0183,A1,是,R1,covered
02_细胞生物学研究方法/整合教材.md:2743 / EN01-H039-H053-P047；02_细胞生物学研究方法/整合教材.md:2749 / EN01-H039-H053-P050；02_细胞生物学研究方法/整合教材.md:2759 / EN01-H039-H053-P055；02_细胞生物学研究方法/整合教材.md:2761 / EN01-H039-H053-P056,环境和基因型影响两状态,KP-CN01-1328,RB-CN01-0183,A1,是,R1,covered
02_细胞生物学研究方法/整合教材.md:2743 / EN01-H039-H053-P047；02_细胞生物学研究方法/整合教材.md:2749 / EN01-H039-H053-P050；02_细胞生物学研究方法/整合教材.md:2759 / EN01-H039-H053-P055；02_细胞生物学研究方法/整合教材.md:2761 / EN01-H039-H053-P056,酵母n与2n均有丝增殖,KP-CN01-1329,RB-CN01-0183,A1,是,R1,covered
02_细胞生物学研究方法/整合教材.md:2743 / EN01-H039-H053-P047；02_细胞生物学研究方法/整合教材.md:2749 / EN01-H039-H053-P050；02_细胞生物学研究方法/整合教材.md:2759 / EN01-H039-H053-P055；02_细胞生物学研究方法/整合教材.md:2761 / EN01-H039-H053-P056,两n融合为2n,KP-CN01-1330,RB-CN01-0183,A1,是,R1,covered
02_细胞生物学研究方法/整合教材.md:2743 / EN01-H039-H053-P047；02_细胞生物学研究方法/整合教材.md:2749 / EN01-H039-H053-P050；02_细胞生物学研究方法/整合教材.md:2759 / EN01-H039-H053-P055；02_细胞生物学研究方法/整合教材.md:2761 / EN01-H039-H053-P056,2n减数生成n,KP-CN01-1331,RB-CN01-0183,A1,是,R1,covered
02_细胞生物学研究方法/整合教材.md:2749 / EN01-H039-H053-P050；02_细胞生物学研究方法/整合教材.md:2759 / EN01-H039-H053-P055；02_细胞生物学研究方法/整合教材.md:2761 / EN01-H039-H053-P056,饥饿触发酵母减数和孢子形成,KP-CN01-1332,RB-CN01-0183,A2,是,R2,covered
02_细胞生物学研究方法/整合教材.md:2749 / EN01-H039-H053-P050；02_细胞生物学研究方法/整合教材.md:2759 / EN01-H039-H053-P055；02_细胞生物学研究方法/整合教材.md:2761 / EN01-H039-H053-P056,图示四个n休眠抗逆孢子,KP-CN01-1333,RB-CN01-0183,A2,是,R2,covered
02_细胞生物学研究方法/整合教材.md:2749 / EN01-H039-H053-P050；02_细胞生物学研究方法/整合教材.md:2759 / EN01-H039-H053-P055；02_细胞生物学研究方法/整合教材.md:2761 / EN01-H039-H053-P056,孢子萌发常立即交配的限定,KP-CN01-1334,RB-CN01-0183,A2,是,R2,covered
02_细胞生物学研究方法/整合教材.md:2749 / EN01-H039-H053-P050；02_细胞生物学研究方法/整合教材.md:2759 / EN01-H039-H053-P055；02_细胞生物学研究方法/整合教材.md:2761 / EN01-H039-H053-P056,单倍体可继续普通增殖,KP-CN01-1335,RB-CN01-0183,A2,是,R2,covered
02_细胞生物学研究方法/整合教材.md:2749 / EN01-H039-H053-P050；02_细胞生物学研究方法/整合教材.md:2759 / EN01-H039-H053-P055；02_细胞生物学研究方法/整合教材.md:2761 / EN01-H039-H053-P056,改变条件选择有性无性路径,KP-CN01-1336,RB-CN01-0183,A2,是,R2,covered
02_细胞生物学研究方法/整合教材.md:2755 / EN01-H039-H053-P053,酵母总1250万对含线粒体78500对,KP-CN01-1337,RB-CN01-0184,A1,是,R1,covered
02_细胞生物学研究方法/整合教材.md:2755 / EN01-H039-H053-P053,酵母DNA为E.coli约2.7倍,KP-CN01-1338,RB-CN01-0184,A1,是,R1,covered
02_细胞生物学研究方法/整合教材.md:2755 / EN01-H039-H053-P053,酵母蛋白种类约1.5倍,KP-CN01-1339,RB-CN01-0184,A1,是,R1,covered
02_细胞生物学研究方法/整合教材.md:2755 / EN01-H039-H053-P053,快速增殖选择与紧凑基因组可能联系,KP-CN01-1340,RB-CN01-0184,A1,是,R1,covered
02_细胞生物学研究方法/整合教材.md:2757 / EN01-H039-H053-P054；02_细胞生物学研究方法/整合教材.md:2763 / EN01-H039-H053-P057,同时监测酵母mRNA表达谱,KP-CN01-1341,RB-CN01-0184,A2,是,R2,covered
02_细胞生物学研究方法/整合教材.md:2757 / EN01-H039-H053-P054；02_细胞生物学研究方法/整合教材.md:2763 / EN01-H039-H053-P057,改变环境追踪基因活动模式,KP-CN01-1342,RB-CN01-0184,A2,是,R2,covered
02_细胞生物学研究方法/整合教材.md:2757 / EN01-H039-H053-P054；02_细胞生物学研究方法/整合教材.md:2763 / EN01-H039-H053-P057,缺失目标基因重复全局表达实验,KP-CN01-1343,RB-CN01-0184,A2,是,R2,covered
02_细胞生物学研究方法/整合教材.md:2757 / EN01-H039-H053-P054；02_细胞生物学研究方法/整合教材.md:2763 / EN01-H039-H053-P057,已知基因组且可遗传操作的推广前提,KP-CN01-1344,RB-CN01-0184,A2,是,R2,covered
02_细胞生物学研究方法/整合教材.md:2757 / EN01-H039-H053-P054；02_细胞生物学研究方法/整合教材.md:2763 / EN01-H039-H053-P057,mRNA指标与蛋白活性及其他RNA不同,KP-CN01-1345,RB-CN01-0184,A2,是,R2,covered
02_细胞生物学研究方法/整合教材.md:2765 / EN01-H039-H053-P058；02_细胞生物学研究方法/整合教材.md:2767 / EN01-H039-H053-P059；02_细胞生物学研究方法/整合教材.md:2769 / EN01-H039-H053-P060,细菌古菌约35亿年对比,KP-CN01-1346,RB-CN01-0185,A1,是,R1,covered
02_细胞生物学研究方法/整合教材.md:2765 / EN01-H039-H053-P058；02_细胞生物学研究方法/整合教材.md:2767 / EN01-H039-H053-P059；02_细胞生物学研究方法/整合教材.md:2769 / EN01-H039-H053-P060,脊椎昆虫约7亿年,KP-CN01-1347,RB-CN01-0185,A1,是,R1,covered
02_细胞生物学研究方法/整合教材.md:2765 / EN01-H039-H053-P058；02_细胞生物学研究方法/整合教材.md:2767 / EN01-H039-H053-P059；02_细胞生物学研究方法/整合教材.md:2769 / EN01-H039-H053-P060,鱼哺乳约4.5亿年,KP-CN01-1348,RB-CN01-0185,A1,是,R1,covered
02_细胞生物学研究方法/整合教材.md:2765 / EN01-H039-H053-P058；02_细胞生物学研究方法/整合教材.md:2767 / EN01-H039-H053-P059；02_细胞生物学研究方法/整合教材.md:2769 / EN01-H039-H053-P060,开花植物约1.5亿年,KP-CN01-1349,RB-CN01-0185,A1,是,R1,covered
02_细胞生物学研究方法/整合教材.md:2765 / EN01-H039-H053-P058；02_细胞生物学研究方法/整合教材.md:2767 / EN01-H039-H053-P059；02_细胞生物学研究方法/整合教材.md:2769 / EN01-H039-H053-P060,近400000已知开花植物,KP-CN01-1350,RB-CN01-0185,A1,是,R1,covered
02_细胞生物学研究方法/整合教材.md:2765 / EN01-H039-H053-P058；02_细胞生物学研究方法/整合教材.md:2767 / EN01-H039-H053-P059；02_细胞生物学研究方法/整合教材.md:2769 / EN01-H039-H053-P060,拟南芥十字花科模型,KP-CN01-1351,RB-CN01-0185,A1,是,R1,covered
02_细胞生物学研究方法/整合教材.md:2769 / EN01-H039-H053-P060；02_细胞生物学研究方法/整合教材.md:2771 / EN01-H039-H053-P061；02_细胞生物学研究方法/整合教材.md:2779 / EN01-H039-H053-P065；02_细胞生物学研究方法/整合教材.md:2781 / EN01-H039-H053-P066；02_细胞生物学研究方法/整合教材.md:2783 / EN01-H039-H053-P067,拟南芥室内大量培养8至10周数千后代,KP-CN01-1352,RB-CN01-0185,A2,是,R2,covered
02_细胞生物学研究方法/整合教材.md:2769 / EN01-H039-H053-P060；02_细胞生物学研究方法/整合教材.md:2771 / EN01-H039-H053-P061；02_细胞生物学研究方法/整合教材.md:2779 / EN01-H039-H053-P065；02_细胞生物学研究方法/整合教材.md:2781 / EN01-H039-H053-P066；02_细胞生物学研究方法/整合教材.md:2783 / EN01-H039-H053-P067,拟南芥1.35亿对约酵母10倍,KP-CN01-1353,RB-CN01-0185,A2,是,R2,covered
02_细胞生物学研究方法/整合教材.md:2769 / EN01-H039-H053-P060；02_细胞生物学研究方法/整合教材.md:2771 / EN01-H039-H053-P061；02_细胞生物学研究方法/整合教材.md:2779 / EN01-H039-H053-P065；02_细胞生物学研究方法/整合教材.md:2781 / EN01-H039-H053-P066；02_细胞生物学研究方法/整合教材.md:2783 / EN01-H039-H053-P067,拟南芥花发育季节协调,KP-CN01-1354,RB-CN01-0185,A2,是,R2,covered
02_细胞生物学研究方法/整合教材.md:2769 / EN01-H039-H053-P060；02_细胞生物学研究方法/整合教材.md:2771 / EN01-H039-H053-P061；02_细胞生物学研究方法/整合教材.md:2779 / EN01-H039-H053-P065；02_细胞生物学研究方法/整合教材.md:2781 / EN01-H039-H053-P066；02_细胞生物学研究方法/整合教材.md:2783 / EN01-H039-H053-P067,拟南芥向光与激素通信,KP-CN01-1355,RB-CN01-0185,A2,是,R2,covered
02_细胞生物学研究方法/整合教材.md:2769 / EN01-H039-H053-P060；02_细胞生物学研究方法/整合教材.md:2771 / EN01-H039-H053-P061；02_细胞生物学研究方法/整合教材.md:2779 / EN01-H039-H053-P065；02_细胞生物学研究方法/整合教材.md:2781 / EN01-H039-H053-P066；02_细胞生物学研究方法/整合教材.md:2783 / EN01-H039-H053-P067,拟南芥先天免疫抗病原,KP-CN01-1356,RB-CN01-0185,A2,是,R2,covered
02_细胞生物学研究方法/整合教材.md:2769 / EN01-H039-H053-P060；02_细胞生物学研究方法/整合教材.md:2771 / EN01-H039-H053-P061；02_细胞生物学研究方法/整合教材.md:2779 / EN01-H039-H053-P065；02_细胞生物学研究方法/整合教材.md:2781 / EN01-H039-H053-P066；02_细胞生物学研究方法/整合教材.md:2783 / EN01-H039-H053-P067,动植物发育程序比较共同逻辑,KP-CN01-1357,RB-CN01-0185,A2,是,R2,covered
02_细胞生物学研究方法/整合教材.md:2769 / EN01-H039-H053-P060；02_细胞生物学研究方法/整合教材.md:2771 / EN01-H039-H053-P061；02_细胞生物学研究方法/整合教材.md:2779 / EN01-H039-H053-P065；02_细胞生物学研究方法/整合教材.md:2781 / EN01-H039-H053-P066；02_细胞生物学研究方法/整合教材.md:2783 / EN01-H039-H053-P067,图1-41全株1厘米标尺,KP-CN01-1358,RB-CN01-0185,A2,是,R2,covered
02_细胞生物学研究方法/整合教材.md:2773 / EN01-H039-H053-P062；02_细胞生物学研究方法/整合教材.md:2775 / EN01-H039-H053-P063,五动物模型体型顺序,KP-CN01-1359,RB-CN01-0186,A1,是,R1,covered
02_细胞生物学研究方法/整合教材.md:2773 / EN01-H039-H053-P062；02_细胞生物学研究方法/整合教材.md:2775 / EN01-H039-H053-P063,Caenorhabditis模型,KP-CN01-1360,RB-CN01-0186,A1,是,R1,covered
02_细胞生物学研究方法/整合教材.md:2773 / EN01-H039-H053-P062；02_细胞生物学研究方法/整合教材.md:2775 / EN01-H039-H053-P063,Drosophila模型,KP-CN01-1361,RB-CN01-0186,A1,是,R1,covered
02_细胞生物学研究方法/整合教材.md:2773 / EN01-H039-H053-P062；02_细胞生物学研究方法/整合教材.md:2775 / EN01-H039-H053-P063,Danio模型,KP-CN01-1362,RB-CN01-0186,A1,是,R1,covered
02_细胞生物学研究方法/整合教材.md:2773 / EN01-H039-H053-P062；02_细胞生物学研究方法/整合教材.md:2775 / EN01-H039-H053-P063,Mus模型,KP-CN01-1363,RB-CN01-0186,A1,是,R1,covered
02_细胞生物学研究方法/整合教材.md:2773 / EN01-H039-H053-P062；02_细胞生物学研究方法/整合教材.md:2775 / EN01-H039-H053-P063,Homo模型,KP-CN01-1364,RB-CN01-0186,A1,是,R1,covered
02_细胞生物学研究方法/整合教材.md:2773 / EN01-H039-H053-P062；02_细胞生物学研究方法/整合教材.md:2775 / EN01-H039-H053-P063,五物种多不同个体基因组序列,KP-CN01-1365,RB-CN01-0186,A1,是,R1,covered
02_细胞生物学研究方法/整合教材.md:2775 / EN01-H039-H053-P063；02_细胞生物学研究方法/整合教材.md:2813 / EN01-H039-H053-P082；01_绪论/整合教材.md:655 / EN01-H000-H030-P094；01_绪论/整合教材.md:665 / EN01-H000-H030-P099；01_绪论/整合教材.md:729 / EN01-H000-H030-P131,动物小生物量但多数已命名种,KP-CN01-1366,RB-CN01-0186,A2,是,R2,covered
02_细胞生物学研究方法/整合教材.md:2775 / EN01-H039-H053-P063；02_细胞生物学研究方法/整合教材.md:2813 / EN01-H039-H053-P082；01_绪论/整合教材.md:655 / EN01-H000-H030-P094；01_绪论/整合教材.md:665 / EN01-H000-H030-P099；01_绪论/整合教材.md:729 / EN01-H000-H030-P131,昆虫多数已命名种的教材描述,KP-CN01-1367,RB-CN01-0186,A2,是,R2,covered
02_细胞生物学研究方法/整合教材.md:2775 / EN01-H039-H053-P063；02_细胞生物学研究方法/整合教材.md:2813 / EN01-H039-H053-P082；01_绪论/整合教材.md:655 / EN01-H000-H030-P094；01_绪论/整合教材.md:665 / EN01-H000-H030-P099；01_绪论/整合教材.md:729 / EN01-H000-H030-P131,质量命名数量研究强度三维度,KP-CN01-1368,RB-CN01-0186,A2,是,R2,covered
02_细胞生物学研究方法/整合教材.md:2775 / EN01-H039-H053-P063；02_细胞生物学研究方法/整合教材.md:2813 / EN01-H039-H053-P082；01_绪论/整合教材.md:655 / EN01-H000-H030-P094；01_绪论/整合教材.md:665 / EN01-H000-H030-P099；01_绪论/整合教材.md:729 / EN01-H000-H030-P131,未培养微生物使命名统计与真实多样性不同,KP-CN01-1369,RB-CN01-0186,A2,是,R2,covered
02_细胞生物学研究方法/整合教材.md:2777 / EN01-H039-H053-P064；02_细胞生物学研究方法/整合教材.md:2779 / EN01-H039-H053-P065；02_细胞生物学研究方法/整合教材.md:2785 / EN01-H039-H053-P068,C.elegans无害土壤约1毫米,KP-CN01-1370,RB-CN01-0187,A1,是,R1,covered
02_细胞生物学研究方法/整合教材.md:2777 / EN01-H039-H053-P064；02_细胞生物学研究方法/整合教材.md:2779 / EN01-H039-H053-P065；02_细胞生物学研究方法/整合教材.md:2785 / EN01-H039-H053-P068,图1-42的0.2毫米标尺,KP-CN01-1371,RB-CN01-0187,A1,是,R1,covered
02_细胞生物学研究方法/整合教材.md:2777 / EN01-H039-H053-P064；02_细胞生物学研究方法/整合教材.md:2779 / EN01-H039-H053-P065；02_细胞生物学研究方法/整合教材.md:2785 / EN01-H039-H053-P068,多数线虫雌雄同体产卵精子,KP-CN01-1372,RB-CN01-0187,A1,是,R1,covered
02_细胞生物学研究方法/整合教材.md:2777 / EN01-H039-H053-P064；02_细胞生物学研究方法/整合教材.md:2779 / EN01-H039-H053-P065；02_细胞生物学研究方法/整合教材.md:2785 / EN01-H039-H053-P068,几天生活史与冻存暂停保存,KP-CN01-1373,RB-CN01-0187,A1,是,R1,covered
02_细胞生物学研究方法/整合教材.md:2777 / EN01-H039-H053-P064；02_细胞生物学研究方法/整合教材.md:2779 / EN01-H039-H053-P065；02_细胞生物学研究方法/整合教材.md:2785 / EN01-H039-H053-P068,首个完整基因组多细胞生物,KP-CN01-1374,RB-CN01-0187,A1,是,R1,covered
02_细胞生物学研究方法/整合教材.md:2785 / EN01-H039-H053-P068；02_细胞生物学研究方法/整合教材.md:2793 / EN01-H039-H053-P072,本段典型成体959体细胞,KP-CN01-1375,RB-CN01-0187,A2,是,R2,covered
02_细胞生物学研究方法/整合教材.md:2785 / EN01-H039-H053-P068；02_细胞生物学研究方法/整合教材.md:2793 / EN01-H039-H053-P072,生殖细胞数量可变不在959中,KP-CN01-1376,RB-CN01-0187,A2,是,R2,covered
02_细胞生物学研究方法/整合教材.md:2785 / EN01-H039-H053-P068；02_细胞生物学研究方法/整合教材.md:2793 / EN01-H039-H053-P072,分裂迁移身份改变可预测谱系,KP-CN01-1377,RB-CN01-0187,A2,是,R2,covered
02_细胞生物学研究方法/整合教材.md:2785 / EN01-H039-H053-P068；02_细胞生物学研究方法/整合教材.md:2793 / EN01-H039-H053-P072,线虫1亿对约20000蛋白,KP-CN01-1378,RB-CN01-0187,A2,是,R2,covered
02_细胞生物学研究方法/整合教材.md:2785 / EN01-H039-H053-P068；02_细胞生物学研究方法/整合教材.md:2793 / EN01-H039-H053-P072,线虫突变遗传工具资源,KP-CN01-1379,RB-CN01-0187,A2,是,R2,covered
02_细胞生物学研究方法/整合教材.md:2793 / EN01-H039-H053-P072,线虫研究凋亡及发育癌细胞数调节,KP-CN01-1380,RB-CN01-0187,A3,是,R3,covered
02_细胞生物学研究方法/整合教材.md:2793 / EN01-H039-H053-P072,线虫发现RNA干扰特征,KP-CN01-1381,RB-CN01-0187,A3,是,R3,covered
02_细胞生物学研究方法/整合教材.md:2793 / EN01-H039-H053-P072,线虫研究神经正确连接,KP-CN01-1382,RB-CN01-0187,A3,是,R3,covered
02_细胞生物学研究方法/整合教材.md:2793 / EN01-H039-H053-P072,形态不同但机制保守支持人体研究,KP-CN01-1383,RB-CN01-0187,A3,是,R3,covered
02_细胞生物学研究方法/整合教材.md:2797 / EN01-H039-H053-P074；02_细胞生物学研究方法/整合教材.md:2799 / EN01-H039-H053-P075；02_细胞生物学研究方法/整合教材.md:2801 / EN01-H039-H053-P076；02_细胞生物学研究方法/整合教材.md:2811 / EN01-H039-H053-P081,果蝇经典遗传与基因染色体证据,KP-CN01-1384,RB-CN01-0188,A1,是,R1,covered
02_细胞生物学研究方法/整合教材.md:2797 / EN01-H039-H053-P074；02_细胞生物学研究方法/整合教材.md:2799 / EN01-H039-H053-P075；02_细胞生物学研究方法/整合教材.md:2801 / EN01-H039-H053-P076；02_细胞生物学研究方法/整合教材.md:2811 / EN01-H039-H053-P081,错位错图式突变找发育基因,KP-CN01-1385,RB-CN01-0188,A1,是,R1,covered
02_细胞生物学研究方法/整合教材.md:2797 / EN01-H039-H053-P074；02_细胞生物学研究方法/整合教材.md:2799 / EN01-H039-H053-P075；02_细胞生物学研究方法/整合教材.md:2801 / EN01-H039-H053-P076；02_细胞生物学研究方法/整合教材.md:2811 / EN01-H039-H053-P081,鼠同源基因突变跨脊椎验证,KP-CN01-1386,RB-CN01-0188,A1,是,R1,covered
02_细胞生物学研究方法/整合教材.md:2797 / EN01-H039-H053-P074；02_细胞生物学研究方法/整合教材.md:2799 / EN01-H039-H053-P075；02_细胞生物学研究方法/整合教材.md:2801 / EN01-H039-H053-P076；02_细胞生物学研究方法/整合教材.md:2811 / EN01-H039-H053-P081,昆虫脊椎发育机制相似,KP-CN01-1387,RB-CN01-0188,A1,是,R1,covered
02_细胞生物学研究方法/整合教材.md:2813 / EN01-H039-H053-P082；02_细胞生物学研究方法/整合教材.md:2815 / EN01-H039-H053-P083,果蝇9天卵到成体,KP-CN01-1388,RB-CN01-0188,A2,是,R2,covered
02_细胞生物学研究方法/整合教材.md:2813 / EN01-H039-H053-P082；02_细胞生物学研究方法/整合教材.md:2815 / EN01-H039-H053-P083,果蝇便宜易繁殖相对脊椎,KP-CN01-1389,RB-CN01-0188,A2,是,R2,covered
02_细胞生物学研究方法/整合教材.md:2813 / EN01-H039-H053-P082；02_细胞生物学研究方法/整合教材.md:2815 / EN01-H039-H053-P083,果蝇1.8亿对14000蛋白,KP-CN01-1390,RB-CN01-0188,A2,是,R2,covered
02_细胞生物学研究方法/整合教材.md:2813 / EN01-H039-H053-P082；02_细胞生物学研究方法/整合教材.md:2815 / EN01-H039-H053-P083,果蝇几乎逐基因突变资源,KP-CN01-1391,RB-CN01-0188,A2,是,R2,covered
02_细胞生物学研究方法/整合教材.md:2813 / EN01-H039-H053-P082；02_细胞生物学研究方法/整合教材.md:2815 / EN01-H039-H053-P083,果蝇抗病原机制与脑刺激处理贡献,KP-CN01-1392,RB-CN01-0188,A2,是,R2,covered
02_细胞生物学研究方法/整合教材.md:2813 / EN01-H039-H053-P082；02_细胞生物学研究方法/整合教材.md:2815 / EN01-H039-H053-P083,昆虫多样性独立模型价值,KP-CN01-1393,RB-CN01-0188,A2,是,R2,covered
02_细胞生物学研究方法/整合教材.md:2785 / EN01-H039-H053-P069；02_细胞生物学研究方法/整合教材.md:2791 / EN01-H039-H053-P071；02_细胞生物学研究方法/整合教材.md:2795 / EN01-H039-H053-P073,图1-43正常触角与突变异位腿,KP-CN01-1394,RB-CN01-0189,A1,是,R1,covered
02_细胞生物学研究方法/整合教材.md:2785 / EN01-H039-H053-P069；02_细胞生物学研究方法/整合教材.md:2791 / EN01-H039-H053-P071；02_细胞生物学研究方法/整合教材.md:2795 / EN01-H039-H053-P073,图1-43的1毫米标尺,KP-CN01-1395,RB-CN01-0189,A1,是,R1,covered
02_细胞生物学研究方法/整合教材.md:2785 / EN01-H039-H053-P069；02_细胞生物学研究方法/整合教材.md:2791 / EN01-H039-H053-P071；02_细胞生物学研究方法/整合教材.md:2795 / EN01-H039-H053-P073,调控DNA改变使腿基因在触角位异常激活,KP-CN01-1396,RB-CN01-0189,A1,是,R1,covered
02_细胞生物学研究方法/整合教材.md:2785 / EN01-H039-H053-P069；02_细胞生物学研究方法/整合教材.md:2791 / EN01-H039-H053-P071；02_细胞生物学研究方法/整合教材.md:2795 / EN01-H039-H053-P073,发育身份与位置调控,KP-CN01-1397,RB-CN01-0189,A1,是,R1,covered
02_细胞生物学研究方法/整合教材.md:2795 / EN01-H039-H053-P073；02_细胞生物学研究方法/整合教材.md:2801 / EN01-H039-H053-P076,果蝇异位表达不等于新增腿基因,KP-CN01-1398,RB-CN01-0189,A2,是,R2,covered
02_细胞生物学研究方法/整合教材.md:2795 / EN01-H039-H053-P073；02_细胞生物学研究方法/整合教材.md:2801 / EN01-H039-H053-P076,表型定位发育程序及未给操作限制,KP-CN01-1399,RB-CN01-0189,A2,是,R2,covered
02_细胞生物学研究方法/整合教材.md:2799 / EN01-H039-H053-P075；02_细胞生物学研究方法/整合教材.md:2803 / EN01-H039-H053-P077；02_细胞生物学研究方法/整合教材.md:2805 / EN01-H039-H053-P078,巨型染色体多轮复制无中间分裂,KP-CN01-1400,RB-CN01-0190,A1,是,R1,covered
02_细胞生物学研究方法/整合教材.md:2799 / EN01-H039-H053-P075；02_细胞生物学研究方法/整合教材.md:2803 / EN01-H039-H053-P077；02_细胞生物学研究方法/整合教材.md:2805 / EN01-H039-H053-P078,超过1000相同双链DNA位置对齐,KP-CN01-1401,RB-CN01-0190,A1,是,R1,covered
02_细胞生物学研究方法/整合教材.md:2799 / EN01-H039-H053-P075；02_细胞生物学研究方法/整合教材.md:2803 / EN01-H039-H053-P077；02_细胞生物学研究方法/整合教材.md:2805 / EN01-H039-H053-P078,光镜可重复条带,KP-CN01-1402,RB-CN01-0190,A1,是,R1,covered
02_细胞生物学研究方法/整合教材.md:2799 / EN01-H039-H053-P075；02_细胞生物学研究方法/整合教材.md:2803 / EN01-H039-H053-P077；02_细胞生物学研究方法/整合教材.md:2805 / EN01-H039-H053-P078,特定条带改变与基因定位表型,KP-CN01-1403,RB-CN01-0190,A1,是,R1,covered
02_细胞生物学研究方法/整合教材.md:2789 / EN01-H039-H053-P070；02_细胞生物学研究方法/整合教材.md:2803 / EN01-H039-H053-P077；02_细胞生物学研究方法/整合教材.md:2805 / EN01-H039-H053-P078,膨泡黑箭头对应高转录,KP-CN01-1404,RB-CN01-0190,A2,是,R2,covered
02_细胞生物学研究方法/整合教材.md:2789 / EN01-H039-H053-P070；02_细胞生物学研究方法/整合教材.md:2803 / EN01-H039-H053-P077；02_细胞生物学研究方法/整合教材.md:2805 / EN01-H039-H053-P078,深棕条带调控蛋白结合,KP-CN01-1405,RB-CN01-0190,A2,是,R2,covered
02_细胞生物学研究方法/整合教材.md:2789 / EN01-H039-H053-P070；02_细胞生物学研究方法/整合教材.md:2803 / EN01-H039-H053-P077；02_细胞生物学研究方法/整合教材.md:2805 / EN01-H039-H053-P078,特异抗体识别该蛋白,KP-CN01-1406,RB-CN01-0190,A2,是,R2,covered
02_细胞生物学研究方法/整合教材.md:2789 / EN01-H039-H053-P070；02_细胞生物学研究方法/整合教材.md:2803 / EN01-H039-H053-P077；02_细胞生物学研究方法/整合教材.md:2805 / EN01-H039-H053-P078,条带定位转录及蛋白结合三指标区别,KP-CN01-1407,RB-CN01-0190,A2,是,R2,covered
02_细胞生物学研究方法/整合教材.md:2817 / EN01-H039-H053-P084；02_细胞生物学研究方法/整合教材.md:2821 / EN01-H039-H053-P086,蛙大卵体外受精易操作观察,KP-CN01-1408,RB-CN01-0191,A1,是,R1,covered
02_细胞生物学研究方法/整合教材.md:2817 / EN01-H039-H053-P084；02_细胞生物学研究方法/整合教材.md:2821 / EN01-H039-H053-P086,Xenopus重要胚胎模型,KP-CN01-1409,RB-CN01-0191,A1,是,R1,covered
02_细胞生物学研究方法/整合教材.md:2817 / EN01-H039-H053-P084；02_细胞生物学研究方法/整合教材.md:2821 / EN01-H039-H053-P086,Xenopus较不适遗传分析,KP-CN01-1410,RB-CN01-0191,A1,是,R1,covered
02_细胞生物学研究方法/整合教材.md:2817 / EN01-H039-H053-P084；02_细胞生物学研究方法/整合教材.md:2821 / EN01-H039-H053-P086,未受精卵胞质试管重构结构细胞器,KP-CN01-1411,RB-CN01-0191,A1,是,R1,covered
02_细胞生物学研究方法/整合教材.md:2817 / EN01-H039-H053-P084；02_细胞生物学研究方法/整合教材.md:2821 / EN01-H039-H053-P086,爪蟾提取物研究周期生化,KP-CN01-1412,RB-CN01-0191,A1,是,R1,covered
02_细胞生物学研究方法/整合教材.md:2823 / EN01-H039-H053-P087；02_细胞生物学研究方法/整合教材.md:2829 / EN01-H039-H053-P090,斑马鱼基因组约鼠人一半,KP-CN01-1413,RB-CN01-0191,A2,是,R2,covered
02_细胞生物学研究方法/整合教材.md:2823 / EN01-H039-H053-P087；02_细胞生物学研究方法/整合教材.md:2829 / EN01-H039-H053-P090,斑马鱼约3个月世代,KP-CN01-1414,RB-CN01-0191,A2,是,R2,covered
02_细胞生物学研究方法/整合教材.md:2823 / EN01-H039-H053-P087；02_细胞生物学研究方法/整合教材.md:2829 / EN01-H039-H053-P090,斑马鱼遗传操作和突变资源,KP-CN01-1415,RB-CN01-0191,A2,是,R2,covered
02_细胞生物学研究方法/整合教材.md:2823 / EN01-H039-H053-P087；02_细胞生物学研究方法/整合教材.md:2829 / EN01-H039-H053-P090,斑马鱼前两周透明活体追踪,KP-CN01-1416,RB-CN01-0191,A2,是,R2,covered
02_细胞生物学研究方法/整合教材.md:2823 / EN01-H039-H053-P087；02_细胞生物学研究方法/整合教材.md:2829 / EN01-H039-H053-P090,鱼心脏循环发育贡献,KP-CN01-1417,RB-CN01-0191,A2,是,R2,covered
02_细胞生物学研究方法/整合教材.md:2823 / EN01-H039-H053-P087；02_细胞生物学研究方法/整合教材.md:2829 / EN01-H039-H053-P090,按遗传活体或生化重构任务选模型,KP-CN01-1418,RB-CN01-0191,A2,是,R2,covered
02_细胞生物学研究方法/整合教材.md:2807 / EN01-H039-H053-P079；02_细胞生物学研究方法/整合教材.md:2809 / EN01-H039-H053-P080；02_细胞生物学研究方法/整合教材.md:2819 / EN01-H039-H053-P085,图1-45受精卵0小时,KP-CN01-1419,RB-CN01-0192,A1,是,R1,covered
02_细胞生物学研究方法/整合教材.md:2807 / EN01-H039-H053-P079；02_细胞生物学研究方法/整合教材.md:2809 / EN01-H039-H053-P080；02_细胞生物学研究方法/整合教材.md:2819 / EN01-H039-H053-P085,16细胞6小时,KP-CN01-1420,RB-CN01-0192,A1,是,R1,covered
02_细胞生物学研究方法/整合教材.md:2807 / EN01-H039-H053-P079；02_细胞生物学研究方法/整合教材.md:2809 / EN01-H039-H053-P080；02_细胞生物学研究方法/整合教材.md:2819 / EN01-H039-H053-P085,囊胚16小时,KP-CN01-1421,RB-CN01-0192,A1,是,R1,covered
02_细胞生物学研究方法/整合教材.md:2807 / EN01-H039-H053-P079；02_细胞生物学研究方法/整合教材.md:2809 / EN01-H039-H053-P080；02_细胞生物学研究方法/整合教材.md:2819 / EN01-H039-H053-P085,原肠胚34小时,KP-CN01-1422,RB-CN01-0192,A1,是,R1,covered
02_细胞生物学研究方法/整合教材.md:2807 / EN01-H039-H053-P079；02_细胞生物学研究方法/整合教材.md:2809 / EN01-H039-H053-P080；02_细胞生物学研究方法/整合教材.md:2819 / EN01-H039-H053-P085,神经胚67小时,KP-CN01-1423,RB-CN01-0192,A1,是,R1,covered
02_细胞生物学研究方法/整合教材.md:2807 / EN01-H039-H053-P079；02_细胞生物学研究方法/整合教材.md:2809 / EN01-H039-H053-P080；02_细胞生物学研究方法/整合教材.md:2819 / EN01-H039-H053-P085,尾芽96小时,KP-CN01-1424,RB-CN01-0192,A1,是,R1,covered
02_细胞生物学研究方法/整合教材.md:2807 / EN01-H039-H053-P079；02_细胞生物学研究方法/整合教材.md:2809 / EN01-H039-H053-P080；02_细胞生物学研究方法/整合教材.md:2819 / EN01-H039-H053-P085,蝌蚪284小时,KP-CN01-1425,RB-CN01-0192,A1,是,R1,covered
02_细胞生物学研究方法/整合教材.md:2807 / EN01-H039-H053-P079；02_细胞生物学研究方法/整合教材.md:2809 / EN01-H039-H053-P080；02_细胞生物学研究方法/整合教材.md:2819 / EN01-H039-H053-P085,两裁片96小时为重复连接,KP-CN01-1426,RB-CN01-0192,A1,是,R1,covered
02_细胞生物学研究方法/整合教材.md:2807 / EN01-H039-H053-P079；02_细胞生物学研究方法/整合教材.md:2809 / EN01-H039-H053-P080；02_细胞生物学研究方法/整合教材.md:2819 / EN01-H039-H053-P085,图1-45的1毫米标尺,KP-CN01-1427,RB-CN01-0192,A1,是,R1,covered
02_细胞生物学研究方法/整合教材.md:2809 / EN01-H039-H053-P080；02_细胞生物学研究方法/整合教材.md:2821 / EN01-H039-H053-P086,蛙母体外发育的实验可接近性,KP-CN01-1428,RB-CN01-0192,A2,是,R2,covered
02_细胞生物学研究方法/整合教材.md:2809 / EN01-H039-H053-P080；02_细胞生物学研究方法/整合教材.md:2821 / EN01-H039-H053-P086,图示Rana时间不等所有蛙恒定时间,KP-CN01-1429,RB-CN01-0192,A2,是,R2,covered
02_细胞生物学研究方法/整合教材.md:2809 / EN01-H039-H053-P080；02_细胞生物学研究方法/整合教材.md:2821 / EN01-H039-H053-P086,Rana图示与Xenopus模型物种区别,KP-CN01-1430,RB-CN01-0192,A2,是,R2,covered
02_细胞生物学研究方法/整合教材.md:2823 / EN01-H039-H053-P087；02_细胞生物学研究方法/整合教材.md:2825 / EN01-H039-H053-P088；02_细胞生物学研究方法/整合教材.md:2827 / EN01-H039-H053-P089；02_细胞生物学研究方法/整合教材.md:2829 / EN01-H039-H053-P090,斑马鱼强健热带水族箱种,KP-CN01-1431,RB-CN01-0193,A1,是,R1,covered
02_细胞生物学研究方法/整合教材.md:2823 / EN01-H039-H053-P087；02_细胞生物学研究方法/整合教材.md:2825 / EN01-H039-H053-P088；02_细胞生物学研究方法/整合教材.md:2827 / EN01-H039-H053-P089；02_细胞生物学研究方法/整合教材.md:2829 / EN01-H039-H053-P090,体外透明胚胎活体观察,KP-CN01-1432,RB-CN01-0193,A1,是,R1,covered
02_细胞生物学研究方法/整合教材.md:2823 / EN01-H039-H053-P087；02_细胞生物学研究方法/整合教材.md:2825 / EN01-H039-H053-P088；02_细胞生物学研究方法/整合教材.md:2827 / EN01-H039-H053-P089；02_细胞生物学研究方法/整合教材.md:2829 / EN01-H039-H053-P090,图1-46B2日胚胎荧光,KP-CN01-1433,RB-CN01-0193,A1,是,R1,covered
02_细胞生物学研究方法/整合教材.md:2823 / EN01-H039-H053-P087；02_细胞生物学研究方法/整合教材.md:2825 / EN01-H039-H053-P088；02_细胞生物学研究方法/整合教材.md:2827 / EN01-H039-H053-P089；02_细胞生物学研究方法/整合教材.md:2829 / EN01-H039-H053-P090,图1-46B的1毫米标尺,KP-CN01-1434,RB-CN01-0193,A1,是,R1,covered
02_细胞生物学研究方法/整合教材.md:2827 / EN01-H039-H053-P089；02_细胞生物学研究方法/整合教材.md:2829 / EN01-H039-H053-P090,红荧光血管标记,KP-CN01-1435,RB-CN01-0193,A2,是,R2,covered
02_细胞生物学研究方法/整合教材.md:2827 / EN01-H039-H053-P089；02_细胞生物学研究方法/整合教材.md:2829 / EN01-H039-H053-P090,绿荧光淋巴管标记,KP-CN01-1436,RB-CN01-0193,A2,是,R2,covered
02_细胞生物学研究方法/整合教材.md:2827 / EN01-H039-H053-P089；02_细胞生物学研究方法/整合教材.md:2829 / EN01-H039-H053-P090,黄为两标记重合,KP-CN01-1437,RB-CN01-0193,A2,是,R2,covered
02_细胞生物学研究方法/整合教材.md:2827 / EN01-H039-H053-P089；02_细胞生物学研究方法/整合教材.md:2829 / EN01-H039-H053-P090,重合信号与同组织结论不同,KP-CN01-1438,RB-CN01-0193,A2,是,R2,covered
02_细胞生物学研究方法/整合教材.md:2827 / EN01-H039-H053-P089；02_细胞生物学研究方法/整合教材.md:2829 / EN01-H039-H053-P090,荧光标记非天然色,KP-CN01-1439,RB-CN01-0193,A2,是,R2,covered
02_细胞生物学研究方法/整合教材.md:2831 / EN01-H039-H053-P091；02_细胞生物学研究方法/整合教材.md:2833 / EN01-H039-H053-P092；02_细胞生物学研究方法/整合教材.md:2835 / EN01-H039-H053-P093,哺乳类细胞分子基本构造保守,KP-CN01-1440,RB-CN01-0194,A1,是,R1,covered
02_细胞生物学研究方法/整合教材.md:2831 / EN01-H039-H053-P091；02_细胞生物学研究方法/整合教材.md:2833 / EN01-H039-H053-P092；02_细胞生物学研究方法/整合教材.md:2835 / EN01-H039-H053-P093,解剖尺度比例与基本逻辑区别,KP-CN01-1441,RB-CN01-0194,A1,是,R1,covered
02_细胞生物学研究方法/整合教材.md:2831 / EN01-H039-H053-P091；02_细胞生物学研究方法/整合教材.md:2833 / EN01-H039-H053-P092；02_细胞生物学研究方法/整合教材.md:2835 / EN01-H039-H053-P093,典型哺乳对果蝇蛋白基因1.5倍,KP-CN01-1442,RB-CN01-0194,A1,是,R1,covered
02_细胞生物学研究方法/整合教材.md:2831 / EN01-H039-H053-P091；02_细胞生物学研究方法/整合教材.md:2833 / EN01-H039-H053-P092；02_细胞生物学研究方法/整合教材.md:2835 / EN01-H039-H053-P093,典型哺乳对果蝇DNA16倍,KP-CN01-1443,RB-CN01-0194,A1,是,R1,covered
02_细胞生物学研究方法/整合教材.md:2831 / EN01-H039-H053-P091；02_细胞生物学研究方法/整合教材.md:2833 / EN01-H039-H053-P092；02_细胞生物学研究方法/整合教材.md:2835 / EN01-H039-H053-P093,哺乳成体细胞百万至十亿倍范围,KP-CN01-1444,RB-CN01-0194,A1,是,R1,covered
02_细胞生物学研究方法/整合教材.md:2849 / EN01-H039-H053-P100；02_细胞生物学研究方法/整合教材.md:2851 / EN01-H039-H053-P101,小鼠小型强健快繁殖实验优势,KP-CN01-1445,RB-CN01-0194,A2,是,R2,covered
02_细胞生物学研究方法/整合教材.md:2849 / EN01-H039-H053-P100；02_细胞生物学研究方法/整合教材.md:2851 / EN01-H039-H053-P101,自然鼠突变常对应人表型,KP-CN01-1446,RB-CN01-0194,A2,是,R2,covered
02_细胞生物学研究方法/整合教材.md:2849 / EN01-H039-H053-P100；02_细胞生物学研究方法/整合教材.md:2851 / EN01-H039-H053-P101,人为编码基因与非编码区域突变,KP-CN01-1447,RB-CN01-0194,A2,是,R2,covered
02_细胞生物学研究方法/整合教材.md:2849 / EN01-H039-H053-P100；02_细胞生物学研究方法/整合教材.md:2851 / EN01-H039-H053-P101,单突变鼠跨全身多细胞背景检验,KP-CN01-1448,RB-CN01-0194,A2,是,R2,covered
02_细胞生物学研究方法/整合教材.md:2835 / EN01-H039-H053-P093,正交基因或蛋白序列比较亲缘,KP-CN01-1449,RB-CN01-0195,A1,是,R1,covered
02_细胞生物学研究方法/整合教材.md:2835 / EN01-H039-H053-P093,典型人象蛋白相同率超过80%,KP-CN01-1450,RB-CN01-0195,A1,是,R1,covered
02_细胞生物学研究方法/整合教材.md:2835 / EN01-H039-H053-P093,典型人鸟约70%,KP-CN01-1451,RB-CN01-0195,A1,是,R1,covered
02_细胞生物学研究方法/整合教材.md:2835 / EN01-H039-H053-P093,分离较久累积更多差异及基因变异,KP-CN01-1452,RB-CN01-0195,A1,是,R1,covered
02_细胞生物学研究方法/整合教材.md:2837 / EN01-H039-H053-P094；02_细胞生物学研究方法/整合教材.md:2839 / EN01-H039-H053-P095；02_细胞生物学研究方法/整合教材.md:2841 / EN01-H039-H053-P096,图1-47百万年时间轴向下更古老,KP-CN01-1453,RB-CN01-0195,A2,是,R2,covered
02_细胞生物学研究方法/整合教材.md:2837 / EN01-H039-H053-P094；02_细胞生物学研究方法/整合教材.md:2839 / EN01-H039-H053-P095；02_细胞生物学研究方法/整合教材.md:2841 / EN01-H039-H053-P096,化石哺乳鸟共同祖先约3.2亿校准,KP-CN01-1454,RB-CN01-0195,A2,是,R2,covered
02_细胞生物学研究方法/整合教材.md:2837 / EN01-H039-H053-P094；02_细胞生物学研究方法/整合教材.md:2839 / EN01-H039-H053-P095；02_细胞生物学研究方法/整合教材.md:2841 / EN01-H039-H053-P096,右列仅血红蛋白alpha链相同率,KP-CN01-1455,RB-CN01-0195,A2,是,R2,covered
02_细胞生物学研究方法/整合教材.md:2841 / EN01-H039-H053-P096,特殊生理需求选择可加速血红蛋白演变,KP-CN01-1456,RB-CN01-0195,A3,是,R3,covered
02_细胞生物学研究方法/整合教材.md:2841 / EN01-H039-H053-P096,强功能约束蛋白演化更慢,KP-CN01-1457,RB-CN01-0195,A3,是,R3,covered
02_细胞生物学研究方法/整合教材.md:2841 / EN01-H039-H053-P096,某些蛋白速率可快五倍,KP-CN01-1458,RB-CN01-0195,A3,是,R3,covered
02_细胞生物学研究方法/整合教材.md:2841 / EN01-H039-H053-P096,分子时间推断需校准与速率条件,KP-CN01-1459,RB-CN01-0195,A3,是,R3,covered
02_细胞生物学研究方法/整合教材.md:2837 / EN01-H039-H053-P094；02_细胞生物学研究方法/整合教材.md:2841 / EN01-H039-H053-P096,human chimp alpha链100%,KP-CN01-1460,RB-CN01-0196,A1,是,R1,covered
02_细胞生物学研究方法/整合教材.md:2837 / EN01-H039-H053-P094；02_细胞生物学研究方法/整合教材.md:2841 / EN01-H039-H053-P096,human orangutan98%,KP-CN01-1461,RB-CN01-0196,A1,是,R1,covered
02_细胞生物学研究方法/整合教材.md:2837 / EN01-H039-H053-P094；02_细胞生物学研究方法/整合教材.md:2841 / EN01-H039-H053-P096,mouse rat84%,KP-CN01-1462,RB-CN01-0196,A1,是,R1,covered
02_细胞生物学研究方法/整合教材.md:2837 / EN01-H039-H053-P094；02_细胞生物学研究方法/整合教材.md:2841 / EN01-H039-H053-P096,cat dog86%,KP-CN01-1463,RB-CN01-0196,A1,是,R1,covered
02_细胞生物学研究方法/整合教材.md:2837 / EN01-H039-H053-P094；02_细胞生物学研究方法/整合教材.md:2841 / EN01-H039-H053-P096,pig whale77%,KP-CN01-1464,RB-CN01-0196,A1,是,R1,covered
02_细胞生物学研究方法/整合教材.md:2837 / EN01-H039-H053-P094；02_细胞生物学研究方法/整合教材.md:2841 / EN01-H039-H053-P096,pig sheep87%,KP-CN01-1465,RB-CN01-0196,A1,是,R1,covered
02_细胞生物学研究方法/整合教材.md:2837 / EN01-H039-H053-P094；02_细胞生物学研究方法/整合教材.md:2841 / EN01-H039-H053-P096,alpha链100%不等于全基因组同一,KP-CN01-1466,RB-CN01-0196,A1,是,R1,covered
02_细胞生物学研究方法/整合教材.md:2837 / EN01-H039-H053-P094；02_细胞生物学研究方法/整合教材.md:2841 / EN01-H039-H053-P096,human rabbit82%,KP-CN01-1467,RB-CN01-0196,A2,是,R2,covered
02_细胞生物学研究方法/整合教材.md:2837 / EN01-H039-H053-P094；02_细胞生物学研究方法/整合教材.md:2841 / EN01-H039-H053-P096,human elephant83%,KP-CN01-1468,RB-CN01-0196,A2,是,R2,covered
02_细胞生物学研究方法/整合教材.md:2837 / EN01-H039-H053-P094；02_细胞生物学研究方法/整合教材.md:2841 / EN01-H039-H053-P096,human mouse89%,KP-CN01-1469,RB-CN01-0196,A2,是,R2,covered
02_细胞生物学研究方法/整合教材.md:2837 / EN01-H039-H053-P094；02_细胞生物学研究方法/整合教材.md:2841 / EN01-H039-H053-P096,human sloth81%,KP-CN01-1470,RB-CN01-0196,A2,是,R2,covered
02_细胞生物学研究方法/整合教材.md:2837 / EN01-H039-H053-P094；02_细胞生物学研究方法/整合教材.md:2841 / EN01-H039-H053-P096,human kangaroo81%,KP-CN01-1471,RB-CN01-0196,A2,是,R2,covered
02_细胞生物学研究方法/整合教材.md:2837 / EN01-H039-H053-P094；02_细胞生物学研究方法/整合教材.md:2841 / EN01-H039-H053-P096,alpha链速率不规则影响直接排序,KP-CN01-1472,RB-CN01-0196,A2,是,R2,covered
02_细胞生物学研究方法/整合教材.md:2837 / EN01-H039-H053-P094；02_细胞生物学研究方法/整合教材.md:2839 / EN01-H039-H053-P095；02_细胞生物学研究方法/整合教材.md:2841 / EN01-H039-H053-P096,bird crocodile76%,KP-CN01-1473,RB-CN01-0197,A1,是,R1,covered
02_细胞生物学研究方法/整合教材.md:2837 / EN01-H039-H053-P094；02_细胞生物学研究方法/整合教材.md:2839 / EN01-H039-H053-P095；02_细胞生物学研究方法/整合教材.md:2841 / EN01-H039-H053-P096,human lizard57%,KP-CN01-1474,RB-CN01-0197,A1,是,R1,covered
02_细胞生物学研究方法/整合教材.md:2837 / EN01-H039-H053-P094；02_细胞生物学研究方法/整合教材.md:2839 / EN01-H039-H053-P095；02_细胞生物学研究方法/整合教材.md:2841 / EN01-H039-H053-P096,human chicken70%,KP-CN01-1475,RB-CN01-0197,A1,是,R1,covered
02_细胞生物学研究方法/整合教材.md:2837 / EN01-H039-H053-P094；02_细胞生物学研究方法/整合教材.md:2839 / EN01-H039-H053-P095；02_细胞生物学研究方法/整合教材.md:2841 / EN01-H039-H053-P096,human frog56%,KP-CN01-1476,RB-CN01-0197,A1,是,R1,covered
02_细胞生物学研究方法/整合教材.md:2837 / EN01-H039-H053-P094；02_细胞生物学研究方法/整合教材.md:2839 / EN01-H039-H053-P095；02_细胞生物学研究方法/整合教材.md:2841 / EN01-H039-H053-P096,human tuna55%,KP-CN01-1477,RB-CN01-0197,A1,是,R1,covered
02_细胞生物学研究方法/整合教材.md:2837 / EN01-H039-H053-P094；02_细胞生物学研究方法/整合教材.md:2839 / EN01-H039-H053-P095；02_细胞生物学研究方法/整合教材.md:2841 / EN01-H039-H053-P096,human shark51%,KP-CN01-1478,RB-CN01-0197,A1,是,R1,covered
02_细胞生物学研究方法/整合教材.md:2837 / EN01-H039-H053-P094；02_细胞生物学研究方法/整合教材.md:2839 / EN01-H039-H053-P095；02_细胞生物学研究方法/整合教材.md:2841 / EN01-H039-H053-P096,human lamprey35%,KP-CN01-1479,RB-CN01-0197,A1,是,R1,covered
02_细胞生物学研究方法/整合教材.md:2837 / EN01-H039-H053-P094；02_细胞生物学研究方法/整合教材.md:2839 / EN01-H039-H053-P095,第三纪白垩纪侏罗纪顺序,KP-CN01-1480,RB-CN01-0197,A2,是,R2,covered
02_细胞生物学研究方法/整合教材.md:2837 / EN01-H039-H053-P094；02_细胞生物学研究方法/整合教材.md:2839 / EN01-H039-H053-P095,三叠纪二叠纪石炭纪顺序,KP-CN01-1481,RB-CN01-0197,A2,是,R2,covered
02_细胞生物学研究方法/整合教材.md:2837 / EN01-H039-H053-P094；02_细胞生物学研究方法/整合教材.md:2839 / EN01-H039-H053-P095,泥盆纪志留纪奥陶纪顺序,KP-CN01-1482,RB-CN01-0197,A2,是,R2,covered
02_细胞生物学研究方法/整合教材.md:2837 / EN01-H039-H053-P094；02_细胞生物学研究方法/整合教材.md:2839 / EN01-H039-H053-P095,寒武纪元古代顺序,KP-CN01-1483,RB-CN01-0197,A2,是,R2,covered
02_细胞生物学研究方法/整合教材.md:2837 / EN01-H039-H053-P094；02_细胞生物学研究方法/整合教材.md:2839 / EN01-H039-H053-P095,时间轴50百万年步长及550以上范围,KP-CN01-1484,RB-CN01-0197,A2,是,R2,covered
02_细胞生物学研究方法/整合教材.md:2837 / EN01-H039-H053-P094；02_细胞生物学研究方法/整合教材.md:2839 / EN01-H039-H053-P095,百分比与年代不是同一量,KP-CN01-1485,RB-CN01-0197,A2,是,R2,covered
02_细胞生物学研究方法/整合教材.md:2843 / EN01-H039-H053-P097；02_细胞生物学研究方法/整合教材.md:2845 / EN01-H039-H053-P098；02_细胞生物学研究方法/整合教材.md:2847 / EN01-H039-H053-P099；02_细胞生物学研究方法/整合教材.md:2849 / EN01-H039-H053-P100,人鼠额部异常白斑对照,KP-CN01-1486,RB-CN01-0198,A1,是,R1,covered
02_细胞生物学研究方法/整合教材.md:2843 / EN01-H039-H053-P097；02_细胞生物学研究方法/整合教材.md:2845 / EN01-H039-H053-P098；02_细胞生物学研究方法/整合教材.md:2847 / EN01-H039-H053-P099；02_细胞生物学研究方法/整合教材.md:2849 / EN01-H039-H053-P100,同一Kit突变图注证据,KP-CN01-1487,RB-CN01-0198,A1,是,R1,covered
02_细胞生物学研究方法/整合教材.md:2843 / EN01-H039-H053-P097；02_细胞生物学研究方法/整合教材.md:2845 / EN01-H039-H053-P098；02_细胞生物学研究方法/整合教材.md:2847 / EN01-H039-H053-P099；02_细胞生物学研究方法/整合教材.md:2849 / EN01-H039-H053-P100,Kit部分皮肤色素细胞发育迁移存活作用,KP-CN01-1488,RB-CN01-0198,A1,是,R1,covered
02_细胞生物学研究方法/整合教材.md:2843 / EN01-H039-H053-P097；02_细胞生物学研究方法/整合教材.md:2845 / EN01-H039-H053-P098；02_细胞生物学研究方法/整合教材.md:2847 / EN01-H039-H053-P099；02_细胞生物学研究方法/整合教材.md:2849 / EN01-H039-H053-P100,照片相似须结合已知基因证据,KP-CN01-1489,RB-CN01-0198,A1,是,R1,covered
02_细胞生物学研究方法/整合教材.md:2847 / EN01-H039-H053-P099；02_细胞生物学研究方法/整合教材.md:2849 / EN01-H039-H053-P100；02_细胞生物学研究方法/整合教材.md:2851 / EN01-H039-H053-P101,Kit对照支持小鼠同源机制模型,KP-CN01-1490,RB-CN01-0198,A2,是,R2,covered
02_细胞生物学研究方法/整合教材.md:2847 / EN01-H039-H053-P099；02_细胞生物学研究方法/整合教材.md:2849 / EN01-H039-H053-P100；02_细胞生物学研究方法/整合教材.md:2851 / EN01-H039-H053-P101,照片证据不能替代完整分子机制,KP-CN01-1491,RB-CN01-0198,A2,是,R2,covered
02_细胞生物学研究方法/整合教材.md:2855 / EN01-H039-H053-P103；02_细胞生物学研究方法/整合教材.md:2859 / EN01-H039-H053-P105,病毒复制核酸与包装传播两核心能力,KP-CN01-1492,RB-CN01-0199,A1,是,R1,covered
02_细胞生物学研究方法/整合教材.md:2855 / EN01-H039-H053-P103；02_细胞生物学研究方法/整合教材.md:2859 / EN01-H039-H053-P105,病毒感染细菌古菌真核三域,KP-CN01-1493,RB-CN01-0199,A1,是,R1,covered
02_细胞生物学研究方法/整合教材.md:2855 / EN01-H039-H053-P103；02_细胞生物学研究方法/整合教材.md:2859 / EN01-H039-H053-P105,宿主依赖与非独立细胞生命,KP-CN01-1494,RB-CN01-0199,A1,是,R1,covered
02_细胞生物学研究方法/整合教材.md:2857 / EN01-H039-H053-P104,RNA世界先于DNA蛋白的教材假说,KP-CN01-1495,RB-CN01-0199,A2,是,R2,covered
02_细胞生物学研究方法/整合教材.md:2857 / EN01-H039-H053-P104,寄生小RNA病毒祖先推测,KP-CN01-1496,RB-CN01-0199,A2,是,R2,covered
02_细胞生物学研究方法/整合教材.md:2857 / EN01-H039-H053-P104,病毒样实体逾30亿年推测,KP-CN01-1497,RB-CN01-0199,A2,是,R2,covered
02_细胞生物学研究方法/整合教材.md:2857 / EN01-H039-H053-P104,3000核苷酸例子不能普遍化下限,KP-CN01-1498,RB-CN01-0199,A2,是,R2,covered
02_细胞生物学研究方法/整合教材.md:2859 / EN01-H039-H053-P105；02_细胞生物学研究方法/整合教材.md:2867 / EN01-H039-H053-P109,宿主防御与病毒突变选择对抗,KP-CN01-1499,RB-CN01-0199,A3,是,R3,covered
02_细胞生物学研究方法/整合教材.md:2859 / EN01-H039-H053-P105；02_细胞生物学研究方法/整合教材.md:2867 / EN01-H039-H053-P109,大量感染循环与病毒基因组扩大,KP-CN01-1500,RB-CN01-0199,A3,是,R3,covered
02_细胞生物学研究方法/整合教材.md:2859 / EN01-H039-H053-P105；02_细胞生物学研究方法/整合教材.md:2867 / EN01-H039-H053-P109,部分新增蛋白逃避宿主防御,KP-CN01-1501,RB-CN01-0199,A3,是,R3,covered
02_细胞生物学研究方法/整合教材.md:2865 / EN01-H039-H053-P108,冠状病毒约30000核苷酸单链RNA,KP-CN01-1502,RB-CN01-0200,A1,是,R1,covered
02_细胞生物学研究方法/整合教材.md:2865 / EN01-H039-H053-P108,蛋白包装脂双层包膜刺突,KP-CN01-1503,RB-CN01-0200,A1,是,R1,covered
02_细胞生物学研究方法/整合教材.md:2865 / EN01-H039-H053-P108,猪鸟蝙蝠冠状病毒株,KP-CN01-1504,RB-CN01-0200,A1,是,R1,covered
02_细胞生物学研究方法/整合教材.md:2865 / EN01-H039-H053-P108,地方性人冠状病毒约四分之一感冒,KP-CN01-1505,RB-CN01-0200,A1,是,R1,covered
02_细胞生物学研究方法/整合教材.md:2853 / EN01-H039-H053-P102；02_细胞生物学研究方法/整合教材.md:2865 / EN01-H039-H053-P108；02_细胞生物学研究方法/整合教材.md:2867 / EN01-H039-H053-P109；02_细胞生物学研究方法/整合教材.md:2869 / EN01-H039-H053-P110,SARS-CoV2002近十分之一死亡教材事件数据,KP-CN01-1506,RB-CN01-0200,A2,是,R2,covered
02_细胞生物学研究方法/整合教材.md:2853 / EN01-H039-H053-P102；02_细胞生物学研究方法/整合教材.md:2865 / EN01-H039-H053-P108；02_细胞生物学研究方法/整合教材.md:2867 / EN01-H039-H053-P109；02_细胞生物学研究方法/整合教材.md:2869 / EN01-H039-H053-P110,COVID19由SARS-CoV2引起,KP-CN01-1507,RB-CN01-0200,A2,是,R2,covered
02_细胞生物学研究方法/整合教材.md:2853 / EN01-H039-H053-P102；02_细胞生物学研究方法/整合教材.md:2865 / EN01-H039-H053-P108；02_细胞生物学研究方法/整合教材.md:2867 / EN01-H039-H053-P109；02_细胞生物学研究方法/整合教材.md:2869 / EN01-H039-H053-P110,轻感冒近亲与严重机制书写时未充分理解,KP-CN01-1508,RB-CN01-0200,A2,是,R2,covered
02_细胞生物学研究方法/整合教材.md:2853 / EN01-H039-H053-P102；02_细胞生物学研究方法/整合教材.md:2865 / EN01-H039-H053-P108；02_细胞生物学研究方法/整合教材.md:2867 / EN01-H039-H053-P109；02_细胞生物学研究方法/整合教材.md:2869 / EN01-H039-H053-P110,病死资料事件时期限定,KP-CN01-1509,RB-CN01-0200,A2,是,R2,covered
02_细胞生物学研究方法/整合教材.md:2855 / EN01-H039-H053-P103；02_细胞生物学研究方法/整合教材.md:2865 / EN01-H039-H053-P108；02_细胞生物学研究方法/整合教材.md:2869 / EN01-H039-H053-P110,教材2020病毒来源推测的证据强度,KP-CN01-1510,RB-CN01-0200,A3,是,R3,covered
02_细胞生物学研究方法/整合教材.md:2855 / EN01-H039-H053-P103；02_细胞生物学研究方法/整合教材.md:2865 / EN01-H039-H053-P108；02_细胞生物学研究方法/整合教材.md:2869 / EN01-H039-H053-P110,SARS-CoV2作为真核病毒研究模型,KP-CN01-1511,RB-CN01-0200,A3,是,R3,covered
02_细胞生物学研究方法/整合教材.md:2855 / EN01-H039-H053-P103；02_细胞生物学研究方法/整合教材.md:2865 / EN01-H039-H053-P108；02_细胞生物学研究方法/整合教材.md:2869 / EN01-H039-H053-P110,病毒研究对未来威胁准备,KP-CN01-1512,RB-CN01-0200,A3,是,R3,covered
02_细胞生物学研究方法/整合教材.md:2861 / EN01-H039-H053-P106；02_细胞生物学研究方法/整合教材.md:2863 / EN01-H039-H053-P107；02_细胞生物学研究方法/整合教材.md:2865 / EN01-H039-H053-P108,图1-49A猴细胞表面电镜100纳米,KP-CN01-1513,RB-CN01-0201,A1,是,R1,covered
02_细胞生物学研究方法/整合教材.md:2861 / EN01-H039-H053-P106；02_细胞生物学研究方法/整合教材.md:2863 / EN01-H039-H053-P107；02_细胞生物学研究方法/整合教材.md:2865 / EN01-H039-H053-P108,图1-49B剖面50纳米,KP-CN01-1514,RB-CN01-0201,A1,是,R1,covered
02_细胞生物学研究方法/整合教材.md:2861 / EN01-H039-H053-P106；02_细胞生物学研究方法/整合教材.md:2863 / EN01-H039-H053-P107；02_细胞生物学研究方法/整合教材.md:2865 / EN01-H039-H053-P108,RNA包膜内不均匀包装,KP-CN01-1515,RB-CN01-0201,A1,是,R1,covered
02_细胞生物学研究方法/整合教材.md:2861 / EN01-H039-H053-P106；02_细胞生物学研究方法/整合教材.md:2863 / EN01-H039-H053-P107；02_细胞生物学研究方法/整合教材.md:2865 / EN01-H039-H053-P108,N核衣壳蛋白RNA关系,KP-CN01-1516,RB-CN01-0201,A1,是,R1,covered
02_细胞生物学研究方法/整合教材.md:2861 / EN01-H039-H053-P106；02_细胞生物学研究方法/整合教材.md:2863 / EN01-H039-H053-P107；02_细胞生物学研究方法/整合教材.md:2865 / EN01-H039-H053-P108,M膜蛋白及E包膜蛋白定位,KP-CN01-1517,RB-CN01-0201,A1,是,R1,covered
02_细胞生物学研究方法/整合教材.md:2861 / EN01-H039-H053-P106；02_细胞生物学研究方法/整合教材.md:2863 / EN01-H039-H053-P107；02_细胞生物学研究方法/整合教材.md:2865 / EN01-H039-H053-P108,S刺突附着与促进基因组入胞,KP-CN01-1518,RB-CN01-0201,A1,是,R1,covered
02_细胞生物学研究方法/整合教材.md:2861 / EN01-H039-H053-P106；02_细胞生物学研究方法/整合教材.md:2863 / EN01-H039-H053-P107；02_细胞生物学研究方法/整合教材.md:2865 / EN01-H039-H053-P108,S疫苗主要靶的机制,KP-CN01-1519,RB-CN01-0201,A1,是,R1,covered
02_细胞生物学研究方法/整合教材.md:2861 / EN01-H039-H053-P106；02_细胞生物学研究方法/整合教材.md:2863 / EN01-H039-H053-P107；02_细胞生物学研究方法/整合教材.md:2867 / EN01-H039-H053-P109,非结构Nsp1至16名单,KP-CN01-1520,RB-CN01-0201,A2,是,R2,covered
02_细胞生物学研究方法/整合教材.md:2861 / EN01-H039-H053-P106；02_细胞生物学研究方法/整合教材.md:2863 / EN01-H039-H053-P107；02_细胞生物学研究方法/整合教材.md:2867 / EN01-H039-H053-P109,结构S E M N四项,KP-CN01-1521,RB-CN01-0201,A2,是,R2,covered
02_细胞生物学研究方法/整合教材.md:2861 / EN01-H039-H053-P106；02_细胞生物学研究方法/整合教材.md:2863 / EN01-H039-H053-P107；02_细胞生物学研究方法/整合教材.md:2867 / EN01-H039-H053-P109,辅助Orf3a3b6名单,KP-CN01-1522,RB-CN01-0201,A2,是,R2,covered
02_细胞生物学研究方法/整合教材.md:2861 / EN01-H039-H053-P106；02_细胞生物学研究方法/整合教材.md:2863 / EN01-H039-H053-P107；02_细胞生物学研究方法/整合教材.md:2867 / EN01-H039-H053-P109,辅助Orf7a7b8名单,KP-CN01-1523,RB-CN01-0201,A2,是,R2,covered
02_细胞生物学研究方法/整合教材.md:2861 / EN01-H039-H053-P106；02_细胞生物学研究方法/整合教材.md:2863 / EN01-H039-H053-P107；02_细胞生物学研究方法/整合教材.md:2867 / EN01-H039-H053-P109,辅助Orf9b9c10名单,KP-CN01-1524,RB-CN01-0201,A2,是,R2,covered
02_细胞生物学研究方法/整合教材.md:2861 / EN01-H039-H053-P106；02_细胞生物学研究方法/整合教材.md:2863 / EN01-H039-H053-P107；02_细胞生物学研究方法/整合教材.md:2867 / EN01-H039-H053-P109,图示29分类总数的版本范围,KP-CN01-1525,RB-CN01-0201,A2,是,R2,covered
02_细胞生物学研究方法/整合教材.md:2861 / EN01-H039-H053-P106；02_细胞生物学研究方法/整合教材.md:2863 / EN01-H039-H053-P107；02_细胞生物学研究方法/整合教材.md:2867 / EN01-H039-H053-P109,条长非表达量,KP-CN01-1526,RB-CN01-0201,A2,是,R2,covered
02_细胞生物学研究方法/整合教材.md:2863 / EN01-H039-H053-P107；02_细胞生物学研究方法/整合教材.md:2867 / EN01-H039-H053-P109,Nsp1核糖体结合阻宿主合成,KP-CN01-1527,RB-CN01-0201,A3,是,R3,covered
02_细胞生物学研究方法/整合教材.md:2863 / EN01-H039-H053-P107；02_细胞生物学研究方法/整合教材.md:2867 / EN01-H039-H053-P109,Nsp3 4 6宿主膜双膜复制区室,KP-CN01-1528,RB-CN01-0201,A3,是,R3,covered
02_细胞生物学研究方法/整合教材.md:2863 / EN01-H039-H053-P107；02_细胞生物学研究方法/整合教材.md:2867 / EN01-H039-H053-P109,Nsp7 8 12RNA依赖RNA聚合酶复合物,KP-CN01-1529,RB-CN01-0201,A3,是,R3,covered
02_细胞生物学研究方法/整合教材.md:2863 / EN01-H039-H053-P107；02_细胞生物学研究方法/整合教材.md:2867 / EN01-H039-H053-P109,辅助组抗宿主反应图注概括及证据范围,KP-CN01-1530,RB-CN01-0201,A3,是,R3,covered
02_细胞生物学研究方法/整合教材.md:2871 / EN01-H039-H053-P111；02_细胞生物学研究方法/整合教材.md:2873 / EN01-H039-H053-P112,人医学自报告遗传表型数据库优势,KP-CN01-1531,RB-CN01-0202,A1,是,R1,covered
02_细胞生物学研究方法/整合教材.md:2871 / EN01-H039-H053-P111；02_细胞生物学研究方法/整合教材.md:2873 / EN01-H039-H053-P112,书写时约80亿人口,KP-CN01-1532,RB-CN01-0202,A1,是,R1,covered
02_细胞生物学研究方法/整合教材.md:2871 / EN01-H039-H053-P111；02_细胞生物学研究方法/整合教材.md:2873 / EN01-H039-H053-P112,数十万人超过30亿对测序资料,KP-CN01-1533,RB-CN01-0202,A1,是,R1,covered
02_细胞生物学研究方法/整合教材.md:2871 / EN01-H039-H053-P111；02_细胞生物学研究方法/整合教材.md:2873 / EN01-H039-H053-P112,大样本助表型分子变化定位,KP-CN01-1534,RB-CN01-0202,A1,是,R1,covered
02_细胞生物学研究方法/整合教材.md:2875 / EN01-H039-H053-P113,随机两人平均400万DNA位点差异,KP-CN01-1535,RB-CN01-0202,A2,是,R2,covered
02_细胞生物学研究方法/整合教材.md:2875 / EN01-H039-H053-P113,人基因组包含群体变异池,KP-CN01-1536,RB-CN01-0202,A2,是,R2,covered
02_细胞生物学研究方法/整合教材.md:2875 / EN01-H039-H053-P113,变异疾病倾向及药物反应,KP-CN01-1537,RB-CN01-0202,A2,是,R2,covered
02_细胞生物学研究方法/整合教材.md:2875 / EN01-H039-H053-P113,变异迁移祖先杂交历史线索,KP-CN01-1538,RB-CN01-0202,A2,是,R2,covered
02_细胞生物学研究方法/整合教材.md:2875 / EN01-H039-H053-P113,变异感染饮食历史线索,KP-CN01-1539,RB-CN01-0202,A2,是,R2,covered
02_细胞生物学研究方法/整合教材.md:2879 / EN01-H039-H053-P115；02_细胞生物学研究方法/整合教材.md:2881 / EN01-H039-H053-P116；02_细胞生物学研究方法/整合教材.md:2883 / EN01-H039-H053-P117；02_细胞生物学研究方法/整合教材.md:2885 / EN01-H039-H053-P118；02_细胞生物学研究方法/整合教材.md:2887 / EN01-H039-H053-P119,自基因mRNA蛋白自身DNA反馈链,KP-CN01-1540,RB-CN01-0203,A1,是,R1,covered
02_细胞生物学研究方法/整合教材.md:2879 / EN01-H039-H053-P115；02_细胞生物学研究方法/整合教材.md:2881 / EN01-H039-H053-P116；02_细胞生物学研究方法/整合教材.md:2883 / EN01-H039-H053-P117；02_细胞生物学研究方法/整合教材.md:2885 / EN01-H039-H053-P118；02_细胞生物学研究方法/整合教材.md:2887 / EN01-H039-H053-P119,图1-50未指明促进或抑制,KP-CN01-1541,RB-CN01-0203,A1,是,R1,covered
02_细胞生物学研究方法/整合教材.md:2879 / EN01-H039-H053-P115；02_细胞生物学研究方法/整合教材.md:2881 / EN01-H039-H053-P116；02_细胞生物学研究方法/整合教材.md:2883 / EN01-H039-H053-P117；02_细胞生物学研究方法/整合教材.md:2885 / EN01-H039-H053-P118；02_细胞生物学研究方法/整合教材.md:2887 / EN01-H039-H053-P119,连接图不能独自确定系统行为,KP-CN01-1542,RB-CN01-0203,A1,是,R1,covered
02_细胞生物学研究方法/整合教材.md:2883 / EN01-H039-H053-P117；02_细胞生物学研究方法/整合教材.md:2887 / EN01-H039-H053-P119,转录对蛋白浓度依赖陡度参数,KP-CN01-1543,RB-CN01-0203,A2,是,R2,covered
02_细胞生物学研究方法/整合教材.md:2883 / EN01-H039-H053-P117；02_细胞生物学研究方法/整合教材.md:2887 / EN01-H039-H053-P119,DNA结合平均停留时间,KP-CN01-1544,RB-CN01-0203,A2,是,R2,covered
02_细胞生物学研究方法/整合教材.md:2883 / EN01-H039-H053-P117；02_细胞生物学研究方法/整合教材.md:2887 / EN01-H039-H053-P119,mRNA蛋白制作时间,KP-CN01-1545,RB-CN01-0203,A2,是,R2,covered
02_细胞生物学研究方法/整合教材.md:2883 / EN01-H039-H053-P117；02_细胞生物学研究方法/整合教材.md:2887 / EN01-H039-H053-P119,mRNA蛋白降解速度,KP-CN01-1546,RB-CN01-0203,A2,是,R2,covered
02_细胞生物学研究方法/整合教材.md:2883 / EN01-H039-H053-P117；02_细胞生物学研究方法/整合教材.md:2887 / EN01-H039-H053-P119,直接实验取定量参数,KP-CN01-1547,RB-CN01-0203,A2,是,R2,covered
02_细胞生物学研究方法/整合教材.md:2883 / EN01-H039-H053-P117；02_细胞生物学研究方法/整合教材.md:2887 / EN01-H039-H053-P119,唯一稳态多态开关振荡随机四动态,KP-CN01-1548,RB-CN01-0203,A2,是,R2,covered
02_细胞生物学研究方法/整合教材.md:2881 / EN01-H039-H053-P116；02_细胞生物学研究方法/整合教材.md:2883 / EN01-H039-H053-P117,基因组分子清单与全细胞动态预测区别,KP-CN01-1549,RB-CN01-0204,A1,是,R1,covered
02_细胞生物学研究方法/整合教材.md:2881 / EN01-H039-H053-P116；02_细胞生物学研究方法/整合教材.md:2883 / EN01-H039-H053-P117,信息过载之外反馈敏感问题,KP-CN01-1550,RB-CN01-0204,A1,是,R1,covered
02_细胞生物学研究方法/整合教材.md:2881 / EN01-H039-H053-P116；02_细胞生物学研究方法/整合教材.md:2883 / EN01-H039-H053-P117,定量参数数学计算必要性,KP-CN01-1551,RB-CN01-0204,A1,是,R1,covered
02_细胞生物学研究方法/整合教材.md:2889 / EN01-H039-H053-P120；02_细胞生物学研究方法/整合教材.md:2891 / EN01-H039-H053-P121,全细胞预测受定性缺口和不确定资料限制,KP-CN01-1552,RB-CN01-0204,A2,是,R2,covered
02_细胞生物学研究方法/整合教材.md:2889 / EN01-H039-H053-P120；02_细胞生物学研究方法/整合教材.md:2891 / EN01-H039-H053-P121,少量蛋白或两三基因简单子系统进展,KP-CN01-1553,RB-CN01-0204,A2,是,R2,covered
02_细胞生物学研究方法/整合教材.md:2889 / EN01-H039-H053-P120；02_细胞生物学研究方法/整合教材.md:2891 / EN01-H039-H053-P121,定量理论与实验紧密验证,KP-CN01-1554,RB-CN01-0204,A2,是,R2,covered
02_细胞生物学研究方法/整合教材.md:2877 / EN01-H039-H053-P114；02_细胞生物学研究方法/整合教材.md:2897 / EN01-H039-H053-P124；02_细胞生物学研究方法/整合教材.md:2663 / EN01-H039-H053-P007；02_细胞生物学研究方法/整合教材.md:2665 / EN01-H039-H053-P008,跨八类模式研究与DNA对应映射,KP-CN01-1555,RB-CN01-0205,A1,是,R1,covered
02_细胞生物学研究方法/整合教材.md:2877 / EN01-H039-H053-P114；02_细胞生物学研究方法/整合教材.md:2897 / EN01-H039-H053-P124；02_细胞生物学研究方法/整合教材.md:2663 / EN01-H039-H053-P007；02_细胞生物学研究方法/整合教材.md:2665 / EN01-H039-H053-P008,保守机制支持跨对象知识互补,KP-CN01-1556,RB-CN01-0205,A1,是,R1,covered
02_细胞生物学研究方法/整合教材.md:2877 / EN01-H039-H053-P114；02_细胞生物学研究方法/整合教材.md:2897 / EN01-H039-H053-P124；02_细胞生物学研究方法/整合教材.md:2663 / EN01-H039-H053-P007；02_细胞生物学研究方法/整合教材.md:2665 / EN01-H039-H053-P008,人测序不能替代模型可控实验,KP-CN01-1557,RB-CN01-0205,A1,是,R1,covered
02_细胞生物学研究方法/整合教材.md:2893 / EN01-H039-H053-P122；02_细胞生物学研究方法/整合教材.md:2897 / EN01-H039-H053-P124,细胞研究疾病预防治疗应用,KP-CN01-1558,RB-CN01-0205,A2,是,R2,covered
02_细胞生物学研究方法/整合教材.md:2893 / EN01-H039-H053-P122；02_细胞生物学研究方法/整合教材.md:2897 / EN01-H039-H053-P124,植物研究作物改良应用,KP-CN01-1559,RB-CN01-0205,A2,是,R2,covered
02_细胞生物学研究方法/整合教材.md:2893 / EN01-H039-H053-P122；02_细胞生物学研究方法/整合教材.md:2897 / EN01-H039-H053-P124,细菌古菌真菌利用应用,KP-CN01-1560,RB-CN01-0205,A2,是,R2,covered
02_细胞生物学研究方法/整合教材.md:2893 / EN01-H039-H053-P122；02_细胞生物学研究方法/整合教材.md:2897 / EN01-H039-H053-P124,基本遗传语言共同与生理差异范围,KP-CN01-1561,RB-CN01-0205,A2,是,R2,covered
02_细胞生物学研究方法/整合教材.md:2681 / EN01-H039-H053-P016,图1-36标尺在原裁片中的完整位置,KP-CN01-1562,,,否,,unresolved
02_细胞生物学研究方法/整合教材.md:2697 / EN01-H039-H053-P024,图1-37孤立100nm标尺面板对应,KP-CN01-1563,,,否,,unresolved
02_细胞生物学研究方法/整合教材.md:2697 / EN01-H039-H053-P030,图1-37第二处100nm标尺面板对应,KP-CN01-1564,,,否,,unresolved
02_细胞生物学研究方法/整合教材.md:2697 / EN01-H039-H053-P033,图1-37第三处100nm标尺面板对应,KP-CN01-1565,,,否,,unresolved
02_细胞生物学研究方法/整合教材.md:2789 / EN01-H039-H053-P070,图1-44的20μm标尺对应,KP-CN01-1566,,,否,,unresolved
02_细胞生物学研究方法/整合教材.md:2793 / EN01-H039-H053-P072,959体细胞的性别阶段范围,KP-CN01-1567,,,否,,unresolved
02_细胞生物学研究方法/整合教材.md:2687 / EN01-H039-H053-P019,病毒全部不能被光镜看见的绝对范围,KP-CN01-1568,,,否,,unresolved
02_细胞生物学研究方法/整合教材.md:2857 / EN01-H039-H053-P104,3000核苷酸是否病毒基因组绝对下限,KP-CN01-1569,,,否,,unresolved
02_细胞生物学研究方法/整合教材.md:2865 / EN01-H039-H053-P108,2020大流行具体来源路径,KP-CN01-1570,,,否,,unresolved
01_绪论/英文习题与参考文献.md:15 / EN01-EX-P003；01_绪论/整合教材.md:529 / EN01-H000-H030-P031；01_绪论/整合教材.md:531 / EN01-H000-H030-P032；01_绪论/整合教材.md:547 / EN01-H000-H030-P040；01_绪论/整合教材.md:549 / EN01-H000-H030-P041,DNA RNA四字母不完全同的判断,KP-CN01-1571,RB-CN01-0206,A1,是,R1,covered
01_绪论/英文习题与参考文献.md:15 / EN01-EX-P003；01_绪论/整合教材.md:529 / EN01-H000-H030-P031；01_绪论/整合教材.md:531 / EN01-H000-H030-P032；01_绪论/整合教材.md:547 / EN01-H000-H030-P040；01_绪论/整合教材.md:549 / EN01-H000-H030-P041,DNA ACGT与RNA ACGU,KP-CN01-1572,RB-CN01-0206,A1,是,R1,covered
01_绪论/英文习题与参考文献.md:15 / EN01-EX-P003；01_绪论/整合教材.md:529 / EN01-H000-H030-P031；01_绪论/整合教材.md:531 / EN01-H000-H030-P032；01_绪论/整合教材.md:547 / EN01-H000-H030-P040；01_绪论/整合教材.md:549 / EN01-H000-H030-P041,DNA脱氧核糖RNA核糖,KP-CN01-1573,RB-CN01-0206,A1,是,R1,covered
01_绪论/英文习题与参考文献.md:15 / EN01-EX-P003；01_绪论/整合教材.md:529 / EN01-H000-H030-P031；01_绪论/整合教材.md:531 / EN01-H000-H030-P032；01_绪论/整合教材.md:547 / EN01-H000-H030-P040；01_绪论/整合教材.md:549 / EN01-H000-H030-P041,共有ACG不等于完全同,KP-CN01-1574,RB-CN01-0206,A1,是,R1,covered
01_绪论/英文习题与参考文献.md:17 / EN01-EX-P004；01_绪论/整合教材.md:803 / EN01-H000-H030-P168；01_绪论/整合教材.md:805 / EN01-H000-H030-P169,同人家族非全部正交同源判断,KP-CN01-1575,RB-CN01-0207,A1,是,R1,covered
01_绪论/英文习题与参考文献.md:17 / EN01-EX-P004；01_绪论/整合教材.md:803 / EN01-H000-H030-P168；01_绪论/整合教材.md:805 / EN01-H000-H030-P169,正交与重复旁系起源区分,KP-CN01-1576,RB-CN01-0207,A1,是,R1,covered
01_绪论/英文习题与参考文献.md:17 / EN01-EX-P004；01_绪论/整合教材.md:803 / EN01-H000-H030-P168；01_绪论/整合教材.md:805 / EN01-H000-H030-P169,染色体位置不能替代起源事件,KP-CN01-1577,RB-CN01-0207,A1,是,R1,covered
01_绪论/英文习题与参考文献.md:17 / EN01-EX-P004；01_绪论/整合教材.md:803 / EN01-H000-H030-P168；01_绪论/整合教材.md:805 / EN01-H000-H030-P169,基于同人重复家族的旁系分类推导,KP-CN01-1578,RB-CN01-0207,A2,是,R2,covered
01_绪论/英文习题与参考文献.md:17 / EN01-EX-P004,血红蛋白家族七基因两簇的计数口径,KP-CN01-1579,,,否,,unresolved
01_绪论/英文习题与参考文献.md:25 / EN01-EX-P008；01_绪论/整合教材.md:501 / EN01-H000-H030-P017；01_绪论/整合教材.md:517 / EN01-H000-H030-P025；01_绪论/整合教材.md:639 / EN01-H000-H030-P086,生命定义四特征,KP-CN01-1580,RB-CN01-0208,A1,是,R1,covered
01_绪论/英文习题与参考文献.md:25 / EN01-EX-P008；01_绪论/整合教材.md:501 / EN01-H000-H030-P017；01_绪论/整合教材.md:517 / EN01-H000-H030-P025；01_绪论/整合教材.md:639 / EN01-H000-H030-P086,仙人掌人有细胞遗传代谢基础,KP-CN01-1581,RB-CN01-0208,A1,是,R1,covered
01_绪论/英文习题与参考文献.md:25 / EN01-EX-P008；01_绪论/整合教材.md:501 / EN01-H000-H030-P017；01_绪论/整合教材.md:517 / EN01-H000-H030-P025；01_绪论/整合教材.md:639 / EN01-H000-H030-P086,瞬时不增长不繁殖不等于非生命,KP-CN01-1582,RB-CN01-0208,A1,是,R1,covered
01_绪论/英文习题与参考文献.md:25 / EN01-EX-P008；01_绪论/整合教材.md:517 / EN01-H000-H030-P025；01_绪论/整合教材.md:639 / EN01-H000-H030-P086,汽车换能响应可模拟个别生命表象,KP-CN01-1583,RB-CN01-0208,A2,是,R2,covered
01_绪论/英文习题与参考文献.md:25 / EN01-EX-P008；01_绪论/整合教材.md:517 / EN01-H000-H030-P025；01_绪论/整合教材.md:639 / EN01-H000-H030-P086,外部汽车制造非自身遗传繁殖,KP-CN01-1584,RB-CN01-0208,A2,是,R2,covered
01_绪论/英文习题与参考文献.md:25 / EN01-EX-P008；01_绪论/整合教材.md:517 / EN01-H000-H030-P025；01_绪论/整合教材.md:639 / EN01-H000-H030-P086,生命特征须整合判断,KP-CN01-1585,RB-CN01-0208,A2,是,R2,covered
01_绪论/英文习题与参考文献.md:27 / EN01-EX-P009；01_绪论/英文习题与参考文献.md:31 / EN01-EX-P011；01_绪论/英文习题与参考文献.md:29 / EN01-EX-P010,抗突变指标是氨基酸性质平均改变,KP-CN01-1586,RB-CN01-0209,A1,是,R1,covered
01_绪论/英文习题与参考文献.md:27 / EN01-EX-P009；01_绪论/英文习题与参考文献.md:31 / EN01-EX-P011；01_绪论/英文习题与参考文献.md:29 / EN01-EX-P010,敏感性越低越抗错误,KP-CN01-1587,RB-CN01-0209,A1,是,R1,covered
01_绪论/英文习题与参考文献.md:27 / EN01-EX-P009；01_绪论/英文习题与参考文献.md:31 / EN01-EX-P011；01_绪论/英文习题与参考文献.md:29 / EN01-EX-P010,纵轴密码数量单位千,KP-CN01-1588,RB-CN01-0209,A1,是,R1,covered
01_绪论/英文习题与参考文献.md:27 / EN01-EX-P009；01_绪论/英文习题与参考文献.md:31 / EN01-EX-P011；01_绪论/英文习题与参考文献.md:29 / EN01-EX-P010,自然密码约5低尾位置,KP-CN01-1589,RB-CN01-0209,A1,是,R1,covered
01_绪论/英文习题与参考文献.md:27 / EN01-EX-P009；01_绪论/英文习题与参考文献.md:31 / EN01-EX-P011；01_绪论/英文习题与参考文献.md:29 / EN01-EX-P010,随机百万方案仅约1更稳,KP-CN01-1590,RB-CN01-0209,A1,是,R1,covered
01_绪论/英文习题与参考文献.md:27 / EN01-EX-P009；01_绪论/英文习题与参考文献.md:31 / EN01-EX-P011；01_绪论/整合教材.md:577 / EN01-H000-H030-P055；01_绪论/整合教材.md:765 / EN01-H000-H030-P149,第三碱基同义或性质相似的缓冲,KP-CN01-1591,RB-CN01-0209,A2,是,R2,covered
01_绪论/英文习题与参考文献.md:27 / EN01-EX-P009；01_绪论/英文习题与参考文献.md:31 / EN01-EX-P011；01_绪论/整合教材.md:577 / EN01-H000-H030-P055；01_绪论/整合教材.md:765 / EN01-H000-H030-P149,低随机概率相对支持选择参与推导,KP-CN01-1592,RB-CN01-0209,A2,是,R2,covered
01_绪论/英文习题与参考文献.md:27 / EN01-EX-P009；01_绪论/英文习题与参考文献.md:31 / EN01-EX-P011；01_绪论/整合教材.md:577 / EN01-H000-H030-P055；01_绪论/整合教材.md:765 / EN01-H000-H030-P149,随机代码模型不能独自证明历史起源,KP-CN01-1593,RB-CN01-0209,A2,是,R2,covered
01_绪论/英文习题与参考文献.md:33 / EN01-EX-P012；01_绪论/整合教材.md:517 / EN01-H000-H030-P025；01_绪论/整合教材.md:639 / EN01-H000-H030-P086,DNA RNA蛋白和培养生长不能独自判木卫二来源,KP-CN01-1594,RB-CN01-0210,A1,是,R1,covered
01_绪论/英文习题与参考文献.md:33 / EN01-EX-P012；01_绪论/整合教材.md:517 / EN01-H000-H030-P025；01_绪论/整合教材.md:639 / EN01-H000-H030-P086,取样培养空白接触对照独立重复设计,KP-CN01-1595,RB-CN01-0210,A1,是,R1,covered
01_绪论/英文习题与参考文献.md:33 / EN01-EX-P012；01_绪论/整合教材.md:517 / EN01-H000-H030-P025；01_绪论/整合教材.md:639 / EN01-H000-H030-P086,木卫二情境为假设,KP-CN01-1596,RB-CN01-0210,A1,是,R1,covered
01_绪论/英文习题与参考文献.md:33 / EN01-EX-P012；01_绪论/整合教材.md:577 / EN01-H000-H030-P055；01_绪论/整合教材.md:657 / EN01-H000-H030-P095；01_绪论/整合教材.md:659 / EN01-H000-H030-P096,基因组rRNA密码鉴别设计,KP-CN01-1597,RB-CN01-0210,A2,是,R2,covered
01_绪论/英文习题与参考文献.md:33 / EN01-EX-P012；01_绪论/整合教材.md:577 / EN01-H000-H030-P055；01_绪论/整合教材.md:657 / EN01-H000-H030-P095；01_绪论/整合教材.md:659 / EN01-H000-H030-P096,贴近地球谱系支持污染,KP-CN01-1598,RB-CN01-0210,A2,是,R2,covered
01_绪论/英文习题与参考文献.md:33 / EN01-EX-P012；01_绪论/整合教材.md:577 / EN01-H000-H030-P055；01_绪论/整合教材.md:657 / EN01-H000-H030-P095；01_绪论/整合教材.md:659 / EN01-H000-H030-P096,稳定多核心差异支持新体系可能,KP-CN01-1599,RB-CN01-0210,A2,是,R2,covered
01_绪论/英文习题与参考文献.md:33 / EN01-EX-P012；01_绪论/整合教材.md:577 / EN01-H000-H030-P055；01_绪论/整合教材.md:657 / EN01-H000-H030-P095；01_绪论/整合教材.md:659 / EN01-H000-H030-P096,未知地球生物混样误差限制,KP-CN01-1600,RB-CN01-0210,A2,是,R2,covered
01_绪论/英文习题与参考文献.md:33 / EN01-EX-P012；01_绪论/整合教材.md:577 / EN01-H000-H030-P055；01_绪论/整合教材.md:657 / EN01-H000-H030-P095；01_绪论/整合教材.md:659 / EN01-H000-H030-P096,独立证据与来源控制联合,KP-CN01-1601,RB-CN01-0210,A2,是,R2,covered
01_绪论/英文习题与参考文献.md:37 / EN01-EX-P014；01_绪论/整合教材.md:661 / EN01-H000-H030-P097；01_绪论/整合教材.md:665 / EN01-H000-H030-P099,严格二分三叶共同根树计数条件,KP-CN01-1602,RB-CN01-0211,A1,是,R1,covered
01_绪论/英文习题与参考文献.md:37 / EN01-EX-P014；01_绪论/整合教材.md:661 / EN01-H000-H030-P097；01_绪论/整合教材.md:665 / EN01-H000-H030-P099,细菌古菌姐妹拓扑,KP-CN01-1603,RB-CN01-0211,A1,是,R1,covered
01_绪论/英文习题与参考文献.md:37 / EN01-EX-P014；01_绪论/整合教材.md:661 / EN01-H000-H030-P097；01_绪论/整合教材.md:665 / EN01-H000-H030-P099,细菌真核姐妹拓扑,KP-CN01-1604,RB-CN01-0211,A1,是,R1,covered
01_绪论/英文习题与参考文献.md:37 / EN01-EX-P014；01_绪论/整合教材.md:661 / EN01-H000-H030-P097；01_绪论/整合教材.md:665 / EN01-H000-H030-P099,古菌真核姐妹拓扑,KP-CN01-1605,RB-CN01-0211,A1,是,R1,covered
01_绪论/英文习题与参考文献.md:37 / EN01-EX-P014；01_绪论/整合教材.md:661 / EN01-H000-H030-P097；01_绪论/整合教材.md:665 / EN01-H000-H030-P099,三个拓扑非实际亲缘结论,KP-CN01-1606,RB-CN01-0211,A1,是,R1,covered
01_绪论/英文习题与参考文献.md:37 / EN01-EX-P014；01_绪论/整合教材.md:789 / EN01-H000-H030-P161；01_绪论/整合教材.md:793 / EN01-H000-H030-P163；07_线粒体和叶绿体/整合教材.md:2708 / EN01-H031-H033-P024,允许未解析三分叉时另加一种,KP-CN01-1607,RB-CN01-0211,A2,是,R2,covered
01_绪论/英文习题与参考文献.md:37 / EN01-EX-P014；01_绪论/整合教材.md:789 / EN01-H000-H030-P161；01_绪论/整合教材.md:793 / EN01-H000-H030-P163；07_线粒体和叶绿体/整合教材.md:2708 / EN01-H031-H033-P024,三分叉未解析与二叉历史区别,KP-CN01-1608,RB-CN01-0211,A2,是,R2,covered
01_绪论/英文习题与参考文献.md:37 / EN01-EX-P014；01_绪论/整合教材.md:789 / EN01-H000-H030-P161；01_绪论/整合教材.md:793 / EN01-H000-H030-P163；07_线粒体和叶绿体/整合教材.md:2708 / EN01-H031-H033-P024,共生水平转移超出纯树计数,KP-CN01-1609,RB-CN01-0211,A2,是,R2,covered
01_绪论/英文习题与参考文献.md:39 / EN01-EX-P015；01_绪论/整合教材.md:767 / EN01-H000-H030-P150；01_绪论/整合教材.md:769 / EN01-H000-H030-P151,高度保守不能证明诞生完美,KP-CN01-1610,RB-CN01-0212,A1,是,R1,covered
01_绪论/英文习题与参考文献.md:39 / EN01-EX-P015；01_绪论/整合教材.md:767 / EN01-H000-H030-P150；01_绪论/整合教材.md:769 / EN01-H000-H030-P151,必需功能有害淘汰造成慢变,KP-CN01-1611,RB-CN01-0212,A1,是,R1,covered
01_绪论/英文习题与参考文献.md:39 / EN01-EX-P015；01_绪论/整合教材.md:767 / EN01-H000-H030-P150；01_绪论/整合教材.md:769 / EN01-H000-H030-P151,当前功能约束与起始历史证据不同,KP-CN01-1612,RB-CN01-0212,A1,是,R1,covered
01_绪论/英文习题与参考文献.md:41 / EN01-EX-P016；01_绪论/整合教材.md:765 / EN01-H000-H030-P149；01_绪论/整合教材.md:767 / EN01-H000-H030-P150；01_绪论/整合教材.md:783 / EN01-H000-H030-P158,编码与非编码两类共同速率差异前提,KP-CN01-1613,RB-CN01-0213,A1,是,R1,covered
01_绪论/英文习题与参考文献.md:41 / EN01-EX-P016；01_绪论/整合教材.md:765 / EN01-H000-H030-P149；01_绪论/整合教材.md:767 / EN01-H000-H030-P150；01_绪论/整合教材.md:783 / EN01-H000-H030-P158,仅蛋白选择不足,KP-CN01-1614,RB-CN01-0213,A1,是,R1,covered
01_绪论/英文习题与参考文献.md:41 / EN01-EX-P016；01_绪论/整合教材.md:765 / EN01-H000-H030-P149；01_绪论/整合教材.md:767 / EN01-H000-H030-P150；01_绪论/整合教材.md:783 / EN01-H000-H030-P158,较短世代更多每年复制的条件推导,KP-CN01-1615,RB-CN01-0213,A1,是,R1,covered
01_绪论/英文习题与参考文献.md:41 / EN01-EX-P016；01_绪论/整合教材.md:765 / EN01-H000-H030-P149；01_绪论/整合教材.md:767 / EN01-H000-H030-P150；01_绪论/整合教材.md:783 / EN01-H000-H030-P158,世代每代错误数据检验,KP-CN01-1616,RB-CN01-0213,A1,是,R1,covered
01_绪论/英文习题与参考文献.md:41 / EN01-EX-P016；01_绪论/整合教材.md:767 / EN01-H000-H030-P150；01_绪论/整合教材.md:783 / EN01-H000-H030-P158,复制修复基础错误率差异候选,KP-CN01-1617,RB-CN01-0213,A2,是,R2,covered
01_绪论/英文习题与参考文献.md:41 / EN01-EX-P016；01_绪论/整合教材.md:767 / EN01-H000-H030-P150；01_绪论/整合教材.md:783 / EN01-H000-H030-P158,每代每年及中性受约束区比较设计,KP-CN01-1618,RB-CN01-0213,A2,是,R2,covered
01_绪论/英文习题与参考文献.md:41 / EN01-EX-P016；01_绪论/整合教材.md:767 / EN01-H000-H030-P150；01_绪论/整合教材.md:783 / EN01-H000-H030-P158,突变供给与选择保留区别,KP-CN01-1619,RB-CN01-0213,A2,是,R2,covered
01_绪论/英文习题与参考文献.md:41 / EN01-EX-P016；01_绪论/整合教材.md:767 / EN01-H000-H030-P150；01_绪论/整合教材.md:783 / EN01-H000-H030-P158,无测量不能定唯一解释,KP-CN01-1620,RB-CN01-0213,A2,是,R2,covered
01_绪论/英文习题与参考文献.md:43 / EN01-EX-P017；01_绪论/整合教材.md:765 / EN01-H000-H030-P149；01_绪论/整合教材.md:789 / EN01-H000-H030-P161,信息大型复合物与代谢单蛋白题干前提,KP-CN01-1621,RB-CN01-0214,A1,是,R1,covered
01_绪论/英文习题与参考文献.md:43 / EN01-EX-P017；01_绪论/整合教材.md:765 / EN01-H000-H030-P149；01_绪论/整合教材.md:789 / EN01-H000-H030-P161,信息基因较少转移观察与原因未明,KP-CN01-1622,RB-CN01-0214,A1,是,R1,covered
01_绪论/英文习题与参考文献.md:43 / EN01-EX-P017；01_绪论/整合教材.md:765 / EN01-H000-H030-P149；01_绪论/整合教材.md:789 / EN01-H000-H030-P161,外来产物伙伴兼容的功能限制推导,KP-CN01-1623,RB-CN01-0214,A1,是,R1,covered
01_绪论/英文习题与参考文献.md:43 / EN01-EX-P017；01_绪论/整合教材.md:765 / EN01-H000-H030-P149；01_绪论/整合教材.md:789 / EN01-H000-H030-P161,功能受损难选择保留,KP-CN01-1624,RB-CN01-0214,A1,是,R1,covered
01_绪论/英文习题与参考文献.md:43 / EN01-EX-P017；01_绪论/整合教材.md:697 / EN01-H000-H030-P115；01_绪论/整合教材.md:765 / EN01-H000-H030-P149；01_绪论/整合教材.md:789 / EN01-H000-H030-P161,单蛋白代谢酶少接口与新能力选择优势,KP-CN01-1625,RB-CN01-0214,A2,是,R2,covered
01_绪论/英文习题与参考文献.md:43 / EN01-EX-P017；01_绪论/整合教材.md:697 / EN01-H000-H030-P115；01_绪论/整合教材.md:765 / EN01-H000-H030-P149；01_绪论/整合教材.md:789 / EN01-H000-H030-P161,复杂性解释为候选而非唯一证实,KP-CN01-1626,RB-CN01-0214,A2,是,R2,covered
01_绪论/英文习题与参考文献.md:43 / EN01-EX-P017；01_绪论/整合教材.md:697 / EN01-H000-H030-P115；01_绪论/整合教材.md:765 / EN01-H000-H030-P149；01_绪论/整合教材.md:789 / EN01-H000-H030-P161,物理进入与成功保留水平转移不同,KP-CN01-1627,RB-CN01-0214,A2,是,R2,covered
01_绪论/英文习题与参考文献.md:45 / EN01-EX-P018；07_线粒体和叶绿体/整合教材.md:2688 / EN01-H031-H033-P014；07_线粒体和叶绿体/整合教材.md:2700 / EN01-H031-H033-P020；01_绪论/整合教材.md:657 / EN01-H000-H030-P095；01_绪论/整合教材.md:659 / EN01-H000-H030-P096,动物植物真菌壁叶绿体典型组合,KP-CN01-1628,RB-CN01-0215,A1,是,R1,covered
01_绪论/英文习题与参考文献.md:45 / EN01-EX-P018；07_线粒体和叶绿体/整合教材.md:2688 / EN01-H031-H033-P014；07_线粒体和叶绿体/整合教材.md:2700 / EN01-H031-H033-P020；01_绪论/整合教材.md:657 / EN01-H000-H030-P095；01_绪论/整合教材.md:659 / EN01-H000-H030-P096,性状获得丢失使形态判亲不足,KP-CN01-1629,RB-CN01-0215,A1,是,R1,covered
01_绪论/英文习题与参考文献.md:45 / EN01-EX-P018；07_线粒体和叶绿体/整合教材.md:2688 / EN01-H031-H033-P014；07_线粒体和叶绿体/整合教材.md:2700 / EN01-H031-H033-P020；01_绪论/整合教材.md:657 / EN01-H000-H030-P095；01_绪论/整合教材.md:659 / EN01-H000-H030-P096,多同源基因序列比较方法,KP-CN01-1630,RB-CN01-0215,A1,是,R1,covered
01_绪论/英文习题与参考文献.md:45 / EN01-EX-P018；02_细胞生物学研究方法/整合教材.md:2657 / EN01-H039-H053-P004；02_细胞生物学研究方法/整合教材.md:2743 / EN01-H039-H053-P047,动物真菌较近基因组亲缘结论,KP-CN01-1631,RB-CN01-0215,A2,是,R2,covered
01_绪论/英文习题与参考文献.md:45 / EN01-EX-P018；02_细胞生物学研究方法/整合教材.md:2657 / EN01-H039-H053-P004；02_细胞生物学研究方法/整合教材.md:2743 / EN01-H039-H053-P047,亲缘不等于現生动物获得壁成真菌,KP-CN01-1632,RB-CN01-0215,A2,是,R2,covered
01_绪论/英文习题与参考文献.md:45 / EN01-EX-P018；02_细胞生物学研究方法/整合教材.md:2657 / EN01-H039-H053-P004；02_细胞生物学研究方法/整合教材.md:2743 / EN01-H039-H053-P047,性状具体演化需额外祖先状态证据,KP-CN01-1633,RB-CN01-0215,A2,是,R2,covered
01_绪论/英文习题与参考文献.md:47 / EN01-EX-P019；01_绪论/整合教材.md:657 / EN01-H000-H030-P095；01_绪论/整合教材.md:659 / EN01-H000-H030-P096；07_线粒体和叶绿体/整合教材.md:2666 / EN01-H031-H033-P003；07_线粒体和叶绿体/整合教材.md:2708 / EN01-H031-H033-P024,寄生真核缺细胞器情景为假设,KP-CN01-1634,RB-CN01-0216,A1,是,R1,covered
01_绪论/英文习题与参考文献.md:47 / EN01-EX-P019；01_绪论/整合教材.md:657 / EN01-H000-H030-P095；01_绪论/整合教材.md:659 / EN01-H000-H030-P096；07_线粒体和叶绿体/整合教材.md:2666 / EN01-H031-H033-P003；07_线粒体和叶绿体/整合教材.md:2708 / EN01-H031-H033-P024,多个保守基因树定位方法,KP-CN01-1635,RB-CN01-0216,A1,是,R1,covered
01_绪论/英文习题与参考文献.md:47 / EN01-EX-P019；01_绪论/整合教材.md:657 / EN01-H000-H030-P095；01_绪论/整合教材.md:659 / EN01-H000-H030-P096；07_线粒体和叶绿体/整合教材.md:2666 / EN01-H031-H033-P003；07_线粒体和叶绿体/整合教材.md:2708 / EN01-H031-H033-P024,早分离与后期内嵌两预测,KP-CN01-1636,RB-CN01-0216,A1,是,R1,covered
01_绪论/英文习题与参考文献.md:47 / EN01-EX-P019；07_线粒体和叶绿体/整合教材.md:2712 / EN01-H031-H033-P026；01_绪论/整合教材.md:817 / EN01-H000-H030-P175,核内细胞器来源基因残迹检验,KP-CN01-1637,RB-CN01-0216,A2,是,R2,covered
01_绪论/英文习题与参考文献.md:47 / EN01-EX-P019；07_线粒体和叶绿体/整合教材.md:2712 / EN01-H031-H033-P026；01_绪论/整合教材.md:817 / EN01-H000-H030-P175,形态缺失不等于祖先从未有,KP-CN01-1638,RB-CN01-0216,A2,是,R2,covered
01_绪论/英文习题与参考文献.md:47 / EN01-EX-P019；07_线粒体和叶绿体/整合教材.md:2712 / EN01-H031-H033-P026；01_绪论/整合教材.md:817 / EN01-H000-H030-P175,基因丢失水平转移变异干扰限制,KP-CN01-1639,RB-CN01-0216,A2,是,R2,covered
01_绪论/英文习题与参考文献.md:47 / EN01-EX-P019,Giardia无典型线粒体且无可见ER/Golgi的整句前提,KP-CN01-1640,,,否,,unresolved
01_绪论/英文习题与参考文献.md:49 / EN01-EX-P020；01_绪论/英文习题与参考文献.md:57 / EN01-EX-P024；01_绪论/英文习题与参考文献.md:55 / EN01-EX-P023,血红蛋白植物含大麦非豆科,KP-CN01-1641,RB-CN01-0217,A1,是,R1,covered
01_绪论/英文习题与参考文献.md:49 / EN01-EX-P020；01_绪论/英文习题与参考文献.md:57 / EN01-EX-P024；01_绪论/英文习题与参考文献.md:55 / EN01-EX-P023,绿色Lotus百脉根Alfalfa苜蓿Bean菜豆,KP-CN01-1642,RB-CN01-0217,A1,是,R1,covered
01_绪论/英文习题与参考文献.md:49 / EN01-EX-P020；01_绪论/英文习题与参考文献.md:57 / EN01-EX-P024；01_绪论/英文习题与参考文献.md:55 / EN01-EX-P023,图列衣藻草履虫血红蛋白,KP-CN01-1643,RB-CN01-0217,A1,是,R1,covered
01_绪论/英文习题与参考文献.md:49 / EN01-EX-P020；01_绪论/英文习题与参考文献.md:57 / EN01-EX-P024；01_绪论/英文习题与参考文献.md:55 / EN01-EX-P023,植物未嵌特定线虫支系,KP-CN01-1644,RB-CN01-0217,A1,是,R1,covered
01_绪论/英文习题与参考文献.md:49 / EN01-EX-P020；01_绪论/英文习题与参考文献.md:57 / EN01-EX-P024；01_绪论/英文习题与参考文献.md:55 / EN01-EX-P023,图不支持简单近期动物转移,KP-CN01-1645,RB-CN01-0217,A1,是,R1,covered
01_绪论/英文习题与参考文献.md:49 / EN01-EX-P020；01_绪论/英文习题与参考文献.md:57 / EN01-EX-P024；01_绪论/整合教材.md:805 / EN01-H000-H030-P169；01_绪论/整合教材.md:817 / EN01-H000-H030-P175,线虫转移应植物供体近支预测,KP-CN01-1646,RB-CN01-0217,A2,是,R2,covered
01_绪论/英文习题与参考文献.md:49 / EN01-EX-P020；01_绪论/英文习题与参考文献.md:57 / EN01-EX-P024；01_绪论/整合教材.md:805 / EN01-H000-H030-P169；01_绪论/整合教材.md:817 / EN01-H000-H030-P175,古老广泛来源后分化相对解释,KP-CN01-1647,RB-CN01-0217,A2,是,R2,covered
01_绪论/英文习题与参考文献.md:49 / EN01-EX-P020；01_绪论/英文习题与参考文献.md:57 / EN01-EX-P024；01_绪论/整合教材.md:805 / EN01-H000-H030-P169；01_绪论/整合教材.md:817 / EN01-H000-H030-P175,单基因树排除全部HGT的限制,KP-CN01-1648,RB-CN01-0217,A2,是,R2,covered
01_绪论/英文习题与参考文献.md:49 / EN01-EX-P020；01_绪论/英文习题与参考文献.md:57 / EN01-EX-P024；01_绪论/整合教材.md:805 / EN01-H000-H030-P169；01_绪论/整合教材.md:817 / EN01-H000-H030-P175,Q1-2线长演化距离非日期,KP-CN01-1649,RB-CN01-0217,A2,是,R2,covered
01_绪论/英文习题与参考文献.md:57 / EN01-EX-P024；01_绪论/英文习题与参考文献.md:55 / EN01-EX-P023,金鱼蛙蝾螈眼镜蛇脊椎代表,KP-CN01-1650,RB-CN01-0218,A1,是,R1,covered
01_绪论/英文习题与参考文献.md:57 / EN01-EX-P024；01_绪论/英文习题与参考文献.md:55 / EN01-EX-P023,鸡兔鲸猫人牛脊椎代表,KP-CN01-1651,RB-CN01-0218,A1,是,R1,covered
01_绪论/英文习题与参考文献.md:57 / EN01-EX-P024；01_绪论/英文习题与参考文献.md:55 / EN01-EX-P023,蚯蚓昆虫蛤线虫无脊椎代表,KP-CN01-1652,RB-CN01-0218,A1,是,R1,covered
01_绪论/英文习题与参考文献.md:57 / EN01-EX-P024；01_绪论/英文习题与参考文献.md:55 / EN01-EX-P023,群组区域非全部内部亲缘解析,KP-CN01-1653,RB-CN01-0218,A1,是,R1,covered
01_绪论/英文习题与参考文献.md:57 / EN01-EX-P024；01_绪论/英文习题与参考文献.md:55 / EN01-EX-P023,群组颜色与演化距离线长不同,KP-CN01-1654,RB-CN01-0218,A1,是,R1,covered
01_绪论/英文习题与参考文献.md:57 / EN01-EX-P024；01_绪论/英文习题与参考文献.md:55 / EN01-EX-P023,植物大麦与三豆科分支,KP-CN01-1655,RB-CN01-0218,A2,是,R2,covered
01_绪论/英文习题与参考文献.md:57 / EN01-EX-P024；01_绪论/英文习题与参考文献.md:55 / EN01-EX-P023,图标Protozoa下Chlamydomonas与Paramecium,KP-CN01-1656,RB-CN01-0218,A2,是,R2,covered
01_绪论/英文习题与参考文献.md:57 / EN01-EX-P024；01_绪论/英文习题与参考文献.md:55 / EN01-EX-P023,基因图版分组不能代替严格现代分类定义,KP-CN01-1657,RB-CN01-0218,A2,是,R2,covered
01_绪论/英文习题与参考文献.md:19 / EN01-EX-P005,细菌大多数DNA编码蛋白而人多数不编码的判断,KP-CN01-1658,RB-CN01-0156,A2,是,R2,covered
01_绪论/英文习题与参考文献.md:21 / EN01-EX-P006,无其他信息仅看序列不能确定未知功能的判断,KP-CN01-1659,RB-CN01-0171,A1,是,R1,covered
01_绪论/英文习题与参考文献.md:35 / EN01-EX-P013,习题热液式Mn+与正文Mn²⁺的原图核对,KP-CN01-1660,,,否,,unresolved
01_绪论/整合教材.md:939 / EN01-H034-H038-P032,叶绿体自有核糖体的章末总结信息,KP-CN01-1661,RB-CN01-0152,A1,是,R1,covered
02_细胞生物学研究方法/整合教材.md:2897 / EN01-H039-H053-P124,真核机制超过10亿年演化中仍保守,KP-CN01-1662,RB-CN01-0182,A2,是,R2,covered
02_细胞生物学研究方法/整合教材.md:2861 / EN01-H039-H053-P106；02_细胞生物学研究方法/整合教材.md:2863 / EN01-H039-H053-P107,图1-49S绿色,KP-CN01-1663,RB-CN01-0201,A1,是,R1,covered
02_细胞生物学研究方法/整合教材.md:2861 / EN01-H039-H053-P106；02_细胞生物学研究方法/整合教材.md:2863 / EN01-H039-H053-P107,图1-49E红色,KP-CN01-1664,RB-CN01-0201,A1,是,R1,covered
02_细胞生物学研究方法/整合教材.md:2861 / EN01-H039-H053-P106；02_细胞生物学研究方法/整合教材.md:2863 / EN01-H039-H053-P107,图1-49M橙色,KP-CN01-1665,RB-CN01-0201,A1,是,R1,covered
02_细胞生物学研究方法/整合教材.md:2861 / EN01-H039-H053-P106；02_细胞生物学研究方法/整合教材.md:2863 / EN01-H039-H053-P107,图1-49N紫色,KP-CN01-1666,RB-CN01-0201,A1,是,R1,covered
02_细胞生物学研究方法/整合教材.md:2861 / EN01-H039-H053-P106；02_细胞生物学研究方法/整合教材.md:2863 / EN01-H039-H053-P107,图1-49RNA蓝色,KP-CN01-1667,RB-CN01-0201,A1,是,R1,covered
02_细胞生物学研究方法/整合教材.md:2885 / EN01-H039-H053-P118；02_细胞生物学研究方法/整合教材.md:2887 / EN01-H039-H053-P119,图1-50橙色调控DNA,KP-CN01-1668,RB-CN01-0203,A1,是,R1,covered
02_细胞生物学研究方法/整合教材.md:2885 / EN01-H039-H053-P118；02_细胞生物学研究方法/整合教材.md:2887 / EN01-H039-H053-P119,图1-50红色蛋白编码区,KP-CN01-1669,RB-CN01-0203,A1,是,R1,covered
02_细胞生物学研究方法/整合教材.md:2885 / EN01-H039-H053-P118；02_细胞生物学研究方法/整合教材.md:2887 / EN01-H039-H053-P119,图1-50蓝色mRNA,KP-CN01-1670,RB-CN01-0203,A1,是,R1,covered
02_细胞生物学研究方法/整合教材.md:2885 / EN01-H039-H053-P118；02_细胞生物学研究方法/整合教材.md:2887 / EN01-H039-H053-P119,图1-50绿色调节蛋白,KP-CN01-1671,RB-CN01-0203,A1,是,R1,covered
01_绪论/整合教材.md:679 / EN01-H000-H030-P106；01_绪论/整合教材.md:689 / EN01-H000-H030-P111,图1-10按形状与尺寸两维展示而非统一形态分类,KP-CN01-1672,RB-CN01-0113,A2,是,R2,covered
